seed,time_s,link_id,utilization
5,0,e001,0.541
5,0,e002,0.5096
5,0,e003,0.494
5,0,e004,0.4797
5,0,e005,0.568
5,0,e006,0.473
5,0,e007,0.4344
5,0,e008,0.4171
5,0,e009,0.3738
5,0,e010,0.3293
5,0,e011,0.3602
5,0,e012,0.3465
5,0,e013,0.3963
5,0,e014,0.4088
5,0,e015,0.3165
5,0,e016,0.3335
5,0,e017,0.3619
5,0,e018,0.3501
5,0,e019,0.369
5,0,e020,0.4214
5,0,e021,0.3839
5,0,e022,0.3494
5,0,e023,0.3853
5,0,e024,0.3541
5,1,e001,0.4685
5,1,e002,0.498
5,1,e003,0.505
5,1,e004,0.5418
5,1,e005,0.5614
5,1,e006,0.5587
5,1,e007,0.3688
5,1,e008,0.3524
5,1,e009,0.4109
5,1,e010,0.4221
5,1,e011,0.3904
5,1,e012,0.3727
5,1,e013,0.3895
5,1,e014,0.4276
5,1,e015,0.4232
5,1,e016,0.4019
5,1,e017,0.372
5,1,e018,0.4048
5,1,e019,0.3746
5,1,e020,0.3411
5,1,e021,0.4309
5,1,e022,0.4212
5,1,e023,0.4435
5,1,e024,0.434
5,2,e001,0.4728
5,2,e002,0.5616
5,2,e003,0.5305
5,2,e004,0.5327
5,2,e005,0.5129
5,2,e006,0.49
5,2,e007,0.3523
5,2,e008,0.3563
5,2,e009,0.4398
5,2,e010,0.3895
5,2,e011,0.4411
5,2,e012,0.3839
5,2,e013,0.3703
5,2,e014,0.4198
5,2,e015,0.4074
5,2,e016,0.3577
5,2,e017,0.3742
5,2,e018,0.3739
5,2,e019,0.3774
5,2,e020,0.4456
5,2,e021,0.3779
5,2,e022,0.4238
5,2,e023,0.4405
5,2,e024,0.4462
5,3,e001,0.5539
5,3,e002,0.5335
5,3,e003,0.5561
5,3,e004,0.5478
5,3,e005,0.5104
5,3,e006,0.5442
5,3,e007,0.3984
5,3,e008,0.4154
5,3,e009,0.455
5,3,e010,0.4271
5,3,e011,0.471
5,3,e012,0.4209
5,3,e013,0.4195
5,3,e014,0.4466
5,3,e015,0.4193
5,3,e016,0.4029
5,3,e017,0.4097
5,3,e018,0.4585
5,3,e019,0.4896
5,3,e020,0.3909
5,3,e021,0.4376
5,3,e022,0.4314
5,3,e023,0.4367
5,3,e024,0.4285
5,4,e001,0.4945
5,4,e002,0.492
5,4,e003,0.5186
5,4,e004,0.5087
5,4,e005,0.5223
5,4,e006,0.5405
5,4,e007,0.4764
5,4,e008,0.4348
5,4,e009,0.3881
5,4,e010,0.399
5,4,e011,0.3932
5,4,e012,0.4531
5,4,e013,0.4559
5,4,e014,0.4063
5,4,e015,0.4229
5,4,e016,0.4617
5,4,e017,0.3808
5,4,e018,0.363
5,4,e019,0.3782
5,4,e020,0.4259
5,4,e021,0.3591
5,4,e022,0.4519
5,4,e023,0.3838
5,4,e024,0.3774
5,5,e001,0.4892
5,5,e002,0.6094
5,5,e003,0.5192
5,5,e004,0.5332
5,5,e005,0.5964
5,5,e006,0.5633
5,5,e007,0.4315
5,5,e008,0.468
5,5,e009,0.4049
5,5,e010,0.4227
5,5,e011,0.4637
5,5,e012,0.4088
5,5,e013,0.4313
5,5,e014,0.4375
5,5,e015,0.4633
5,5,e016,0.4552
5,5,e017,0.41
5,5,e018,0.4397
5,5,e019,0.3864
5,5,e020,0.4429
5,5,e021,0.4659
5,5,e022,0.3927
5,5,e023,0.4535
5,5,e024,0.4562
5,6,e001,0.4864
5,6,e002,0.4833
5,6,e003,0.4919
5,6,e004,0.4703
5,6,e005,0.5451
5,6,e006,0.5589
5,6,e007,0.3434
5,6,e008,0.4537
5,6,e009,0.3629
5,6,e010,0.3667
5,6,e011,0.3898
5,6,e012,0.4351
5,6,e013,0.3844
5,6,e014,0.3362
5,6,e015,0.4766
5,6,e016,0.3634
5,6,e017,0.4404
5,6,e018,0.4138
5,6,e019,0.3765
5,6,e020,0.3434
5,6,e021,0.3648
5,6,e022,0.4502
5,6,e023,0.369
5,6,e024,0.4474
5,7,e001,0.6014
5,7,e002,0.5115
5,7,e003,0.5697
5,7,e004,0.5901
5,7,e005,0.5196
5,7,e006,0.5526
5,7,e007,0.3862
5,7,e008,0.4435
5,7,e009,0.4214
5,7,e010,0.4145
5,7,e011,0.4949
5,7,e012,0.4282
5,7,e013,0.4253
5,7,e014,0.394
5,7,e015,0.4727
5,7,e016,0.4611
5,7,e017,0.4878
5,7,e018,0.3846
5,7,e019,0.4503
5,7,e020,0.4923
5,7,e021,0.4256
5,7,e022,0.4426
5,7,e023,0.4433
5,7,e024,0.4118
5,8,e001,0.6313
5,8,e002,0.5223
5,8,e003,0.5431
5,8,e004,0.5667
5,8,e005,0.6073
5,8,e006,0.6215
5,8,e007,0.4505
5,8,e008,0.415
5,8,e009,0.4833
5,8,e010,0.4265
5,8,e011,0.4443
5,8,e012,0.5035
5,8,e013,0.4824
5,8,e014,0.4716
5,8,e015,0.4631
5,8,e016,0.3923
5,8,e017,0.4259
5,8,e018,0.4326
5,8,e019,0.4775
5,8,e020,0.3716
5,8,e021,0.446
5,8,e022,0.4061
5,8,e023,0.4535
5,8,e024,0.4237
5,9,e001,0.5478
5,9,e002,0.6146
5,9,e003,0.5764
5,9,e004,0.5415
5,9,e005,0.5998
5,9,e006,0.5779
5,9,e007,0.4748
5,9,e008,0.3928
5,9,e009,0.4368
5,9,e010,0.4348
5,9,e011,0.4432
5,9,e012,0.3824
5,9,e013,0.499
5,9,e014,0.4199
5,9,e015,0.4583
5,9,e016,0.4304
5,9,e017,0.4186
5,9,e018,0.4416
5,9,e019,0.4587
5,9,e020,0.4318
5,9,e021,0.426
5,9,e022,0.4152
5,9,e023,0.3856
5,9,e024,0.4101
5,10,e001,0.5317
5,10,e002,0.5889
5,10,e003,0.5012
5,10,e004,0.5858
5,10,e005,0.5581
5,10,e006,0.5711
5,10,e007,0.4102
5,10,e008,0.3879
5,10,e009,0.4134
5,10,e010,0.4333
5,10,e011,0.4366
5,10,e012,0.4703
5,10,e013,0.4219
5,10,e014,0.3842
5,10,e015,0.4384
5,10,e016,0.381
5,10,e017,0.4364
5,10,e018,0.4588
5,10,e019,0.4296
5,10,e020,0.4229
5,10,e021,0.3429
5,10,e022,0.4056
5,10,e023,0.3746
5,10,e024,0.4403
5,11,e001,0.5255
5,11,e002,0.6158
5,11,e003,0.6081
5,11,e004,0.5373
5,11,e005,0.6179
5,11,e006,0.6053
5,11,e007,0.4141
5,11,e008,0.4817
5,11,e009,0.4242
5,11,e010,0.5195
5,11,e011,0.441
5,11,e012,0.479
5,11,e013,0.3872
5,11,e014,0.4652
5,11,e015,0.4708
5,11,e016,0.4443
5,11,e017,0.4052
5,11,e018,0.4837
5,11,e019,0.4222
5,11,e020,0.4046
5,11,e021,0.4257
5,11,e022,0.4663
5,11,e023,0.4676
5,11,e024,0.4704
5,12,e001,0.58
5,12,e002,0.5428
5,12,e003,0.5301
5,12,e004,0.552
5,12,e005,0.5472
5,12,e006,0.5297
5,12,e007,0.4005
5,12,e008,0.384
5,12,e009,0.4584
5,12,e010,0.3761
5,12,e011,0.3613
5,12,e012,0.3883
5,12,e013,0.401
5,12,e014,0.4069
5,12,e015,0.41
5,12,e016,0.4185
5,12,e017,0.4672
5,12,e018,0.3801
5,12,e019,0.3863
5,12,e020,0.3699
5,12,e021,0.3903
5,12,e022,0.409
5,12,e023,0.3811
5,12,e024,0.4644
5,13,e001,0.5481
5,13,e002,0.5442
5,13,e003,0.4998
5,13,e004,0.5735
5,13,e005,0.5331
5,13,e006,0.5325
5,13,e007,0.452
5,13,e008,0.4203
5,13,e009,0.3874
5,13,e010,0.3732
5,13,e011,0.4581
5,13,e012,0.4028
5,13,e013,0.3932
5,13,e014,0.3422
5,13,e015,0.4718
5,13,e016,0.4033
5,13,e017,0.3429
5,13,e018,0.4386
5,13,e019,0.4104
5,13,e020,0.3521
5,13,e021,0.4303
5,13,e022,0.3593
5,13,e023,0.3835
5,13,e024,0.4184
5,14,e001,0.5544
5,14,e002,0.5711
5,14,e003,0.6052
5,14,e004,0.5752
5,14,e005,0.522
5,14,e006,0.6132
5,14,e007,0.4829
5,14,e008,0.4322
5,14,e009,0.471
5,14,e010,0.3948
5,14,e011,0.4565
5,14,e012,0.4643
5,14,e013,0.5134
5,14,e014,0.4388
5,14,e015,0.4
5,14,e016,0.4182
5,14,e017,0.4384
5,14,e018,0.4738
5,14,e019,0.4997
5,14,e020,0.4309
5,14,e021,0.4181
5,14,e022,0.4605
5,14,e023,0.4697
5,14,e024,0.5107
5,15,e001,0.6331
5,15,e002,0.5769
5,15,e003,0.5891
5,15,e004,0.5555
5,15,e005,0.5826
5,15,e006,0.6149
5,15,e007,0.405
5,15,e008,0.4856
5,15,e009,0.4446
5,15,e010,0.4053
5,15,e011,0.501
5,15,e012,0.4785
5,15,e013,0.5292
5,15,e014,0.4435
5,15,e015,0.4124
5,15,e016,0.4045
5,15,e017,0.4348
5,15,e018,0.4633
5,15,e019,0.4755
5,15,e020,0.479
5,15,e021,0.4825
5,15,e022,0.4829
5,15,e023,0.427
5,15,e024,0.4687
5,16,e001,0.4775
5,16,e002,0.5502
5,16,e003,0.523
5,16,e004,0.5076
5,16,e005,0.56
5,16,e006,0.578
5,16,e007,0.3614
5,16,e008,0.3901
5,16,e009,0.4273
5,16,e010,0.3355
5,16,e011,0.3227
5,16,e012,0.432
5,16,e013,0.3895
5,16,e014,0.3819
5,16,e015,0.4245
5,16,e016,0.3745
5,16,e017,0.4083
5,16,e018,0.4095
5,16,e019,0.4183
5,16,e020,0.3813
5,16,e021,0.3501
5,16,e022,0.3908
5,16,e023,0.3975
5,16,e024,0.3526
5,17,e001,0.6312
5,17,e002,0.6211
5,17,e003,0.5385
5,17,e004,0.5861
5,17,e005,0.5767
5,17,e006,0.5501
5,17,e007,0.4745
5,17,e008,0.4498
5,17,e009,0.4863
5,17,e010,0.4567
5,17,e011,0.4554
5,17,e012,0.4775
5,17,e013,0.4644
5,17,e014,0.4997
5,17,e015,0.4542
5,17,e016,0.3896
5,17,e017,0.4777
5,17,e018,0.4808
5,17,e019,0.3902
5,17,e020,0.4368
5,17,e021,0.4303
5,17,e022,0.4897
5,17,e023,0.5164
5,17,e024,0.4659
5,18,e001,0.5607
5,18,e002,0.6256
5,18,e003,0.5739
5,18,e004,0.5874
5,18,e005,0.6268
5,18,e006,0.639
5,18,e007,0.4909
5,18,e008,0.5023
5,18,e009,0.4664
5,18,e010,0.4812
5,18,e011,0.4123
5,18,e012,0.4894
5,18,e013,0.4243
5,18,e014,0.4811
5,18,e015,0.4718
5,18,e016,0.4806
5,18,e017,0.4256
5,18,e018,0.4979
5,18,e019,0.4299
5,18,e020,0.4004
5,18,e021,0.459
5,18,e022,0.4552
5,18,e023,0.4477
5,18,e024,0.4663
5,19,e001,0.5778
5,19,e002,0.5764
5,19,e003,0.5674
5,19,e004,0.6401
5,19,e005,0.6597
5,19,e006,0.5982
5,19,e007,0.4706
5,19,e008,0.4449
5,19,e009,0.5066
5,19,e010,0.4169
5,19,e011,0.4849
5,19,e012,0.5066
5,19,e013,0.462
5,19,e014,0.4696
5,19,e015,0.4211
5,19,e016,0.5235
5,19,e017,0.4361
5,19,e018,0.4073
5,19,e019,0.4959
5,19,e020,0.4425
5,19,e021,0.4217
5,19,e022,0.5129
5,19,e023,0.4284
5,19,e024,0.4983
5,20,e001,0.7773
5,20,e002,0.7961
5,20,e003,0.7849
5,20,e004,0.7879
5,20,e005,0.7372
5,20,e006,0.7483
5,20,e007,0.3999
5,20,e008,0.3796
5,20,e009,0.4004
5,20,e010,0.4319
5,20,e011,0.4414
5,20,e012,0.4479
5,20,e013,0.3898
5,20,e014,0.4276
5,20,e015,0.4537
5,20,e016,0.4133
5,20,e017,0.432
5,20,e018,0.4122
5,20,e019,0.4359
5,20,e020,0.4537
5,20,e021,0.4086
5,20,e022,0.4431
5,20,e023,0.4528
5,20,e024,0.4809
5,21,e001,0.8575
5,21,e002,0.8184
5,21,e003,0.8566
5,21,e004,0.7883
5,21,e005,0.797
5,21,e006,0.774
5,21,e007,0.4953
5,21,e008,0.4799
5,21,e009,0.4233
5,21,e010,0.4981
5,21,e011,0.4438
5,21,e012,0.4851
5,21,e013,0.4211
5,21,e014,0.4506
5,21,e015,0.5092
5,21,e016,0.5148
5,21,e017,0.4027
5,21,e018,0.4359
5,21,e019,0.441
5,21,e020,0.4442
5,21,e021,0.4403
5,21,e022,0.4892
5,21,e023,0.4173
5,21,e024,0.4265
5,22,e001,0.8471
5,22,e002,0.8141
5,22,e003,0.864
5,22,e004,0.8771
5,22,e005,0.8549
5,22,e006,0.8753
5,22,e007,0.5402
5,22,e008,0.4672
5,22,e009,0.5173
5,22,e010,0.4951
5,22,e011,0.4632
5,22,e012,0.5291
5,22,e013,0.4748
5,22,e014,0.5495
5,22,e015,0.5051
5,22,e016,0.4615
5,22,e017,0.4644
5,22,e018,0.5328
5,22,e019,0.5126
5,22,e020,0.4963
5,22,e021,0.466
5,22,e022,0.4592
5,22,e023,0.4679
5,22,e024,0.5684
5,23,e001,0.874
5,23,e002,0.8724
5,23,e003,0.8113
5,23,e004,0.8417
5,23,e005,0.789
5,23,e006,0.788
5,23,e007,0.5057
5,23,e008,0.4718
5,23,e009,0.4582
5,23,e010,0.5279
5,23,e011,0.518
5,23,e012,0.499
5,23,e013,0.4436
5,23,e014,0.4877
5,23,e015,0.4295
5,23,e016,0.4949
5,23,e017,0.5253
5,23,e018,0.5124
5,23,e019,0.461
5,23,e020,0.545
5,23,e021,0.4565
5,23,e022,0.4604
5,23,e023,0.4845
5,23,e024,0.4972
5,24,e001,0.8407
5,24,e002,0.8637
5,24,e003,0.7959
5,24,e004,0.8193
5,24,e005,0.7986
5,24,e006,0.8535
5,24,e007,0.506
5,24,e008,0.471
5,24,e009,0.4675
5,24,e010,0.5496
5,24,e011,0.4512
5,24,e012,0.4487
5,24,e013,0.4978
5,24,e014,0.5574
5,24,e015,0.4893
5,24,e016,0.4638
5,24,e017,0.4883
5,24,e018,0.5161
5,24,e019,0.4855
5,24,e020,0.5141
5,24,e021,0.4976
5,24,e022,0.5245
5,24,e023,0.504
5,24,e024,0.4492
5,25,e001,0.8048
5,25,e002,0.79
5,25,e003,0.8573
5,25,e004,0.8509
5,25,e005,0.7841
5,25,e006,0.8004
5,25,e007,0.5047
5,25,e008,0.4553
5,25,e009,0.4824
5,25,e010,0.4518
5,25,e011,0.4969
5,25,e012,0.5169
5,25,e013,0.4987
5,25,e014,0.4705
5,25,e015,0.5147
5,25,e016,0.5198
5,25,e017,0.5458
5,25,e018,0.4936
5,25,e019,0.4474
5,25,e020,0.5192
5,25,e021,0.4701
5,25,e022,0.4861
5,25,e023,0.4947
5,25,e024,0.4393
5,26,e001,0.8099
5,26,e002,0.7778
5,26,e003,0.8267
5,26,e004,0.8418
5,26,e005,0.7909
5,26,e006,0.8145
5,26,e007,0.462
5,26,e008,0.4821
5,26,e009,0.5082
5,26,e010,0.4624
5,26,e011,0.4756
5,26,e012,0.4473
5,26,e013,0.4343
5,26,e014,0.5027
5,26,e015,0.4898
5,26,e016,0.4719
5,26,e017,0.4725
5,26,e018,0.4745
5,26,e019,0.4392
5,26,e020,0.4547
5,26,e021,0.4556
5,26,e022,0.4544
5,26,e023,0.493
5,26,e024,0.4884
5,27,e001,0.8472
5,27,e002,0.7562
5,27,e003,0.8191
5,27,e004,0.7819
5,27,e005,0.7995
5,27,e006,0.832
5,27,e007,0.4963
5,27,e008,0.4707
5,27,e009,0.4829
5,27,e010,0.5017
5,27,e011,0.4745
5,27,e012,0.4628
5,27,e013,0.5262
5,27,e014,0.5043
5,27,e015,0.4322
5,27,e016,0.475
5,27,e017,0.4743
5,27,e018,0.4974
5,27,e019,0.4976
5,27,e020,0.5149
5,27,e021,0.5319
5,27,e022,0.4663
5,27,e023,0.4588
5,27,e024,0.5336
5,28,e001,0.8057
5,28,e002,0.8401
5,28,e003,0.7775
5,28,e004,0.8244
5,28,e005,0.8441
5,28,e006,0.8108
5,28,e007,0.4884
5,28,e008,0.4775
5,28,e009,0.438
5,28,e010,0.4926
5,28,e011,0.521
5,28,e012,0.3903
5,28,e013,0.4536
5,28,e014,0.4567
5,28,e015,0.4223
5,28,e016,0.4285
5,28,e017,0.4871
5,28,e018,0.4804
5,28,e019,0.4298
5,28,e020,0.4168
5,28,e021,0.49
5,28,e022,0.5193
5,28,e023,0.4752
5,28,e024,0.4191
5,29,e001,0.8465
5,29,e002,0.7968
5,29,e003,0.8472
5,29,e004,0.7824
5,29,e005,0.8026
5,29,e006,0.8331
5,29,e007,0.5397
5,29,e008,0.5011
5,29,e009,0.4472
5,29,e010,0.4928
5,29,e011,0.5338
5,29,e012,0.4841
5,29,e013,0.5216
5,29,e014,0.5002
5,29,e015,0.5329
5,29,e016,0.5286
5,29,e017,0.5208
5,29,e018,0.4848
5,29,e019,0.5363
5,29,e020,0.4553
5,29,e021,0.4598
5,29,e022,0.4542
5,29,e023,0.4706
5,29,e024,0.5462
5,30,e001,0.8039
5,30,e002,0.8427
5,30,e003,0.8106
5,30,e004,0.7698
5,30,e005,0.837
5,30,e006,0.8063
5,30,e007,0.5016
5,30,e008,0.514
5,30,e009,0.4385
5,30,e010,0.4965
5,30,e011,0.4947
5,30,e012,0.4587
5,30,e013,0.5288
5,30,e014,0.4719
5,30,e015,0.4801
5,30,e016,0.4367
5,30,e017,0.5077
5,30,e018,0.4274
5,30,e019,0.423
5,30,e020,0.5143
5,30,e021,0.4368
5,30,e022,0.4838
5,30,e023,0.4312
5,30,e024,0.5263
5,31,e001,0.846
5,31,e002,0.8096
5,31,e003,0.7966
5,31,e004,0.7995
5,31,e005,0.809
5,31,e006,0.8719
5,31,e007,0.414
5,31,e008,0.4631
5,31,e009,0.4407
5,31,e010,0.4365
5,31,e011,0.4777
5,31,e012,0.4265
5,31,e013,0.5217
5,31,e014,0.4126
5,31,e015,0.4803
5,31,e016,0.5579
5,31,e017,0.4584
5,31,e018,0.5302
5,31,e019,0.4662
5,31,e020,0.4894
5,31,e021,0.408
5,31,e022,0.4707
5,31,e023,0.4967
5,31,e024,0.465
5,32,e001,0.7745
5,32,e002,0.7222
5,32,e003,0.8335
5,32,e004,0.8077
5,32,e005,0.8028
5,32,e006,0.7855
5,32,e007,0.4868
5,32,e008,0.4294
5,32,e009,0.4635
5,32,e010,0.4875
5,32,e011,0.46
5,32,e012,0.4698
5,32,e013,0.4458
5,32,e014,0.4744
5,32,e015,0.4318
5,32,e016,0.4138
5,32,e017,0.407
5,32,e018,0.4099
5,32,e019,0.4729
5,32,e020,0.4605
5,32,e021,0.4307
5,32,e022,0.4116
5,32,e023,0.4682
5,32,e024,0.4615
5,33,e001,0.8242
5,33,e002,0.7822
5,33,e003,0.7957
5,33,e004,0.7524
5,33,e005,0.8283
5,33,e006,0.8088
5,33,e007,0.4186
5,33,e008,0.5138
5,33,e009,0.4861
5,33,e010,0.4314
5,33,e011,0.5043
5,33,e012,0.4847
5,33,e013,0.4537
5,33,e014,0.4826
5,33,e015,0.4481
5,33,e016,0.4716
5,33,e017,0.5115
5,33,e018,0.4547
5,33,e019,0.4448
5,33,e020,0.4375
5,33,e021,0.4409
5,33,e022,0.4583
5,33,e023,0.528
5,33,e024,0.4574
5,34,e001,0.7694
5,34,e002,0.7828
5,34,e003,0.8504
5,34,e004,0.8373
5,34,e005,0.84
5,34,e006,0.7864
5,34,e007,0.5003
5,34,e008,0.4519
5,34,e009,0.4785
5,34,e010,0.5089
5,34,e011,0.4742
5,34,e012,0.5256
5,34,e013,0.4603
5,34,e014,0.5108
5,34,e015,0.5025
5,34,e016,0.4987
5,34,e017,0.4381
5,34,e018,0.4847
5,34,e019,0.518
5,34,e020,0.5167
5,34,e021,0.4655
5,34,e022,0.4896
5,34,e023,0.4749
5,34,e024,0.4811
5,35,e001,0.8723
5,35,e002,0.8073
5,35,e003,0.845
5,35,e004,0.7999
5,35,e005,0.827
5,35,e006,0.8901
5,35,e007,0.5197
5,35,e008,0.4665
5,35,e009,0.5498
5,35,e010,0.4948
5,35,e011,0.5536
5,35,e012,0.5163
5,35,e013,0.4876
5,35,e014,0.5046
5,35,e015,0.5469
5,35,e016,0.4886
5,35,e017,0.4931
5,35,e018,0.5195
5,35,e019,0.4589
5,35,e020,0.4824
5,35,e021,0.4828
5,35,e022,0.4923
5,35,e023,0.5216
5,35,e024,0.5245
5,36,e001,0.8653
5,36,e002,0.8618
5,36,e003,0.8297
5,36,e004,0.772
5,36,e005,0.7437
5,36,e006,0.7628
5,36,e007,0.4269
5,36,e008,0.5468
5,36,e009,0.4463
5,36,e010,0.4592
5,36,e011,0.4116
5,36,e012,0.4564
5,36,e013,0.507
5,36,e014,0.4844
5,36,e015,0.4879
5,36,e016,0.5191
5,36,e017,0.4282
5,36,e018,0.4553
5,36,e019,0.5369
5,36,e020,0.4904
5,36,e021,0.501
5,36,e022,0.4992
5,36,e023,0.4649
5,36,e024,0.4576
5,37,e001,0.8698
5,37,e002,0.8083
5,37,e003,0.7961
5,37,e004,0.8407
5,37,e005,0.8815
5,37,e006,0.8283
5,37,e007,0.5076
5,37,e008,0.486
5,37,e009,0.5146
5,37,e010,0.4629
5,37,e011,0.564
5,37,e012,0.5466
5,37,e013,0.4791
5,37,e014,0.5315
5,37,e015,0.5767
5,37,e016,0.4967
5,37,e017,0.4943
5,37,e018,0.5289
5,37,e019,0.5524
5,37,e020,0.5233
5,37,e021,0.5255
5,37,e022,0.5452
5,37,e023,0.4909
5,37,e024,0.5074
5,38,e001,0.5595
5,38,e002,0.6769
5,38,e003,0.6015
5,38,e004,0.6479
5,38,e005,0.5794
5,38,e006,0.5625
5,38,e007,0.4707
5,38,e008,0.4662
5,38,e009,0.4475
5,38,e010,0.5256
5,38,e011,0.524
5,38,e012,0.5218
5,38,e013,0.4969
5,38,e014,0.4973
5,38,e015,0.4778
5,38,e016,0.5775
5,38,e017,0.5076
5,38,e018,0.4911
5,38,e019,0.4562
5,38,e020,0.5196
5,38,e021,0.5457
5,38,e022,0.4893
5,38,e023,0.5086
5,38,e024,0.505
5,39,e001,0.6416
5,39,e002,0.5894
5,39,e003,0.6404
5,39,e004,0.6135
5,39,e005,0.6086
5,39,e006,0.6065
5,39,e007,0.4913
5,39,e008,0.4739
5,39,e009,0.5109
5,39,e010,0.4379
5,39,e011,0.4643
5,39,e012,0.45
5,39,e013,0.4812
5,39,e014,0.4958
5,39,e015,0.4213
5,39,e016,0.4597
5,39,e017,0.5071
5,39,e018,0.4504
5,39,e019,0.4654
5,39,e020,0.4287
5,39,e021,0.4611
5,39,e022,0.4839
5,39,e023,0.48
5,39,e024,0.4652
5,40,e001,0.64
5,40,e002,0.5338
5,40,e003,0.5302
5,40,e004,0.6199
5,40,e005,0.5904
5,40,e006,0.5487
5,40,e007,0.4547
5,40,e008,0.4932
5,40,e009,0.4911
5,40,e010,0.4598
5,40,e011,0.4426
5,40,e012,0.4751
5,40,e013,0.416
5,40,e014,0.453
5,40,e015,0.4066
5,40,e016,0.4566
5,40,e017,0.4544
5,40,e018,0.4309
5,40,e019,0.4883
5,40,e020,0.4927
5,40,e021,0.4301
5,40,e022,0.3745
5,40,e023,0.4387
5,40,e024,0.4877
5,41,e001,0.6121
5,41,e002,0.6461
5,41,e003,0.635
5,41,e004,0.6234
5,41,e005,0.627
5,41,e006,0.552
5,41,e007,0.4857
5,41,e008,0.4641
5,41,e009,0.4762
5,41,e010,0.515
5,41,e011,0.4706
5,41,e012,0.4956
5,41,e013,0.4355
5,41,e014,0.4704
5,41,e015,0.4441
5,41,e016,0.5417
5,41,e017,0.4449
5,41,e018,0.4939
5,41,e019,0.4387
5,41,e020,0.5241
5,41,e021,0.4441
5,41,e022,0.4633
5,41,e023,0.4467
5,41,e024,0.4932
5,42,e001,0.67
5,42,e002,0.6248
5,42,e003,0.6177
5,42,e004,0.646
5,42,e005,0.6554
5,42,e006,0.5933
5,42,e007,0.4871
5,42,e008,0.4422
5,42,e009,0.5464
5,42,e010,0.5314
5,42,e011,0.495
5,42,e012,0.5533
5,42,e013,0.4874
5,42,e014,0.4781
5,42,e015,0.5205
5,42,e016,0.535
5,42,e017,0.454
5,42,e018,0.5384
5,42,e019,0.4422
5,42,e020,0.4646
5,42,e021,0.4791
5,42,e022,0.4836
5,42,e023,0.4804
5,42,e024,0.5335
5,43,e001,0.637
5,43,e002,0.6135
5,43,e003,0.5899
5,43,e004,0.5944
5,43,e005,0.6674
5,43,e006,0.5529
5,43,e007,0.4996
5,43,e008,0.5165
5,43,e009,0.4627
5,43,e010,0.4666
5,43,e011,0.5207
5,43,e012,0.5259
5,43,e013,0.522
5,43,e014,0.5027
5,43,e015,0.4822
5,43,e016,0.4485
5,43,e017,0.5096
5,43,e018,0.5485
5,43,e019,0.4694
5,43,e020,0.5167
5,43,e021,0.467
5,43,e022,0.5675
5,43,e023,0.4987
5,43,e024,0.4491
5,44,e001,0.6393
5,44,e002,0.6225
5,44,e003,0.6395
5,44,e004,0.6589
5,44,e005,0.6309
5,44,e006,0.6257
5,44,e007,0.4712
5,44,e008,0.5853
5,44,e009,0.5072
5,44,e010,0.4689
5,44,e011,0.5159
5,44,e012,0.4617
5,44,e013,0.5027
5,44,e014,0.5664
5,44,e015,0.4998
5,44,e016,0.4907
5,44,e017,0.478
5,44,e018,0.5075
5,44,e019,0.5008
5,44,e020,0.548
5,44,e021,0.5401
5,44,e022,0.4851
5,44,e023,0.5711
5,44,e024,0.5309
5,45,e001,0.5326
5,45,e002,0.5674
5,45,e003,0.5536
5,45,e004,0.5932
5,45,e005,0.5354
5,45,e006,0.5778
5,45,e007,0.4284
5,45,e008,0.4565
5,45,e009,0.441
5,45,e010,0.3894
5,45,e011,0.5062
5,45,e012,0.4991
5,45,e013,0.482
5,45,e014,0.471
5,45,e015,0.4878
5,45,e016,0.4892
5,45,e017,0.418
5,45,e018,0.4474
5,45,e019,0.4772
5,45,e020,0.4009
5,45,e021,0.4656
5,45,e022,0.451
5,45,e023,0.3984
5,45,e024,0.4586
5,46,e001,0.6497
5,46,e002,0.6504
5,46,e003,0.6791
5,46,e004,0.5848
5,46,e005,0.5711
5,46,e006,0.651
5,46,e007,0.4826
5,46,e008,0.4557
5,46,e009,0.4596
5,46,e010,0.5037
5,46,e011,0.4964
5,46,e012,0.4927
5,46,e013,0.5072
5,46,e014,0.4875
5,46,e015,0.4752
5,46,e016,0.4529
5,46,e017,0.489
5,46,e018,0.5117
5,46,e019,0.5014
5,46,e020,0.5487
5,46,e021,0.4454
5,46,e022,0.554
5,46,e023,0.5401
5,46,e024,0.5172
5,47,e001,0.5204
5,47,e002,0.5285
5,47,e003,0.5426
5,47,e004,0.4936
5,47,e005,0.5648
5,47,e006,0.5863
5,47,e007,0.4346
5,47,e008,0.378
5,47,e009,0.4806
5,47,e010,0.4111
5,47,e011,0.4428
5,47,e012,0.4621
5,47,e013,0.3984
5,47,e014,0.4923
5,47,e015,0.4397
5,47,e016,0.4475
5,47,e017,0.4549
5,47,e018,0.4331
5,47,e019,0.4856
5,47,e020,0.4209
5,47,e021,0.404
5,47,e022,0.4739
5,47,e023,0.4657
5,47,e024,0.37
5,48,e001,0.6049
5,48,e002,0.6114
5,48,e003,0.6013
5,48,e004,0.6209
5,48,e005,0.5929
5,48,e006,0.681
5,48,e007,0.5053
5,48,e008,0.5263
5,48,e009,0.467
5,48,e010,0.425
5,48,e011,0.474
5,48,e012,0.4772
5,48,e013,0.4312
5,48,e014,0.4928
5,48,e015,0.4951
5,48,e016,0.4747
5,48,e017,0.4921
5,48,e018,0.4336
5,48,e019,0.5089
5,48,e020,0.5198
5,48,e021,0.4305
5,48,e022,0.5463
5,48,e023,0.4264
5,48,e024,0.5117
5,49,e001,0.5625
5,49,e002,0.577
5,49,e003,0.5729
5,49,e004,0.5617
5,49,e005,0.558
5,49,e006,0.6121
5,49,e007,0.5051
5,49,e008,0.4606
5,49,e009,0.4922
5,49,e010,0.459
5,49,e011,0.4635
5,49,e012,0.4263
5,49,e013,0.4675
5,49,e014,0.4607
5,49,e015,0.4695
5,49,e016,0.4535
5,49,e017,0.5019
5,49,e018,0.4762
5,49,e019,0.5091
5,49,e020,0.4974
5,49,e021,0.4578
5,49,e022,0.4907
5,49,e023,0.4676
5,49,e024,0.5032
5,50,e001,0.6484
5,50,e002,0.5979
5,50,e003,0.5932
5,50,e004,0.6759
5,50,e005,0.6805
5,50,e006,0.6112
5,50,e007,0.51
5,50,e008,0.4735
5,50,e009,0.4949
5,50,e010,0.5234
5,50,e011,0.4515
5,50,e012,0.52
5,50,e013,0.4795
5,50,e014,0.4807
5,50,e015,0.5183
5,50,e016,0.5157
5,50,e017,0.4219
5,50,e018,0.4683
5,50,e019,0.4443
5,50,e020,0.5076
5,50,e021,0.5106
5,50,e022,0.453
5,50,e023,0.4967
5,50,e024,0.5014
5,51,e001,0.578
5,51,e002,0.5921
5,51,e003,0.6061
5,51,e004,0.6592
5,51,e005,0.6571
5,51,e006,0.6421
5,51,e007,0.4544
5,51,e008,0.5023
5,51,e009,0.4626
5,51,e010,0.4695
5,51,e011,0.5384
5,51,e012,0.4353
5,51,e013,0.5261
5,51,e014,0.5054
5,51,e015,0.4489
5,51,e016,0.5222
5,51,e017,0.5039
5,51,e018,0.4904
5,51,e019,0.4832
5,51,e020,0.5461
5,51,e021,0.5197
5,51,e022,0.4906
5,51,e023,0.5129
5,51,e024,0.4739
5,52,e001,0.6058
5,52,e002,0.6716
5,52,e003,0.5873
5,52,e004,0.607
5,52,e005,0.5704
5,52,e006,0.6285
5,52,e007,0.4376
5,52,e008,0.422
5,52,e009,0.4788
5,52,e010,0.4632
5,52,e011,0.4779
5,52,e012,0.4124
5,52,e013,0.4199
5,52,e014,0.4564
5,52,e015,0.4522
5,52,e016,0.4352
5,52,e017,0.4679
5,52,e018,0.4963
5,52,e019,0.4006
5,52,e020,0.4869
5,52,e021,0.4588
5,52,e022,0.4564
5,52,e023,0.4416
5,52,e024,0.4032
5,53,e001,0.5706
5,53,e002,0.5883
5,53,e003,0.5393
5,53,e004,0.6097
5,53,e005,0.5703
5,53,e006,0.6223
5,53,e007,0.4743
5,53,e008,0.4923
5,53,e009,0.4618
5,53,e010,0.5068
5,53,e011,0.4063
5,53,e012,0.5015
5,53,e013,0.4575
5,53,e014,0.5102
5,53,e015,0.422
5,53,e016,0.5143
5,53,e017,0.4438
5,53,e018,0.4492
5,53,e019,0.4522
5,53,e020,0.502
5,53,e021,0.5021
5,53,e022,0.4898
5,53,e023,0.5069
5,53,e024,0.4814
5,54,e001,0.7047
5,54,e002,0.6611
5,54,e003,0.6845
5,54,e004,0.7026
5,54,e005,0.658
5,54,e006,0.6144
5,54,e007,0.497
5,54,e008,0.5251
5,54,e009,0.5235
5,54,e010,0.4867
5,54,e011,0.4726
5,54,e012,0.5131
5,54,e013,0.5769
5,54,e014,0.58
5,54,e015,0.5798
5,54,e016,0.5034
5,54,e017,0.4977
5,54,e018,0.5551
5,54,e019,0.5587
5,54,e020,0.4692
5,54,e021,0.4817
5,54,e022,0.4783
5,54,e023,0.5592
5,54,e024,0.572
5,55,e001,0.6194
5,55,e002,0.6566
5,55,e003,0.6105
5,55,e004,0.624
5,55,e005,0.6243
5,55,e006,0.6338
5,55,e007,0.4621
5,55,e008,0.5352
5,55,e009,0.5355
5,55,e010,0.4325
5,55,e011,0.4365
5,55,e012,0.5046
5,55,e013,0.5453
5,55,e014,0.4928
5,55,e015,0.4915
5,55,e016,0.4825
5,55,e017,0.4779
5,55,e018,0.4917
5,55,e019,0.4582
5,55,e020,0.4899
5,55,e021,0.5051
5,55,e022,0.447
5,55,e023,0.4936
5,55,e024,0.5176
5,56,e001,0.6491
5,56,e002,0.6465
5,56,e003,0.6414
5,56,e004,0.6117
5,56,e005,0.6529
5,56,e006,0.6315
5,56,e007,0.4557
5,56,e008,0.5129
5,56,e009,0.5218
5,56,e010,0.4413
5,56,e011,0.4956
5,56,e012,0.5007
5,56,e013,0.432
5,56,e014,0.4583
5,56,e015,0.5206
5,56,e016,0.5189
5,56,e017,0.5212
5,56,e018,0.5114
5,56,e019,0.5076
5,56,e020,0.4527
5,56,e021,0.5038
5,56,e022,0.4612
5,56,e023,0.4416
5,56,e024,0.4186
5,57,e001,0.6396
5,57,e002,0.6016
5,57,e003,0.5618
5,57,e004,0.551
5,57,e005,0.6187
5,57,e006,0.5849
5,57,e007,0.4673
5,57,e008,0.4612
5,57,e009,0.4435
5,57,e010,0.4947
5,57,e011,0.4969
5,57,e012,0.4402
5,57,e013,0.492
5,57,e014,0.5095
5,57,e015,0.4669
5,57,e016,0.4642
5,57,e017,0.4056
5,57,e018,0.4355
5,57,e019,0.4963
5,57,e020,0.5053
5,57,e021,0.5047
5,57,e022,0.4348
5,57,e023,0.4207
5,57,e024,0.4877
5,58,e001,0.5725
5,58,e002,0.5909
5,58,e003,0.6177
5,58,e004,0.59
5,58,e005,0.565
5,58,e006,0.6711
5,58,e007,0.4683
5,58,e008,0.4712
5,58,e009,0.4378
5,58,e010,0.5148
5,58,e011,0.5394
5,58,e012,0.4824
5,58,e013,0.4656
5,58,e014,0.4105
5,58,e015,0.5298
5,58,e016,0.4813
5,58,e017,0.4915
5,58,e018,0.4603
5,58,e019,0.5002
5,58,e020,0.4604
5,58,e021,0.5291
5,58,e022,0.5102
5,58,e023,0.4736
5,58,e024,0.4531
5,59,e001,0.5188
5,59,e002,0.6148
5,59,e003,0.5619
5,59,e004,0.5374
5,59,e005,0.571
5,59,e006,0.5601
5,59,e007,0.4486
5,59,e008,0.4318
5,59,e009,0.3984
5,59,e010,0.4032
5,59,e011,0.4328
5,59,e012,0.4623
5,59,e013,0.4374
5,59,e014,0.4848
5,59,e015,0.4353
5,59,e016,0.4964
5,59,e017,0.4355
5,59,e018,0.3808
5,59,e019,0.4685
5,59,e020,0.4186
5,59,e021,0.4531
5,59,e022,0.4212
5,59,e023,0.453
5,59,e024,0.4086
5,60,e001,0.594
5,60,e002,0.6463
5,60,e003,0.6669
5,60,e004,0.6445
5,60,e005,0.6169
5,60,e006,0.651
5,60,e007,0.4771
5,60,e008,0.4533
5,60,e009,0.4572
5,60,e010,0.4396
5,60,e011,0.4887
5,60,e012,0.4868
5,60,e013,0.4697
5,60,e014,0.4544
5,60,e015,0.4589
5,60,e016,0.486
5,60,e017,0.5234
5,60,e018,0.4668
5,60,e019,0.5169
5,60,e020,0.544
5,60,e021,0.4984
5,60,e022,0.5117
5,60,e023,0.5269
5,60,e024,0.4456
5,61,e001,0.5692
5,61,e002,0.5595
5,61,e003,0.5616
5,61,e004,0.6305
5,61,e005,0.5519
5,61,e006,0.559
5,61,e007,0.4917
5,61,e008,0.4895
5,61,e009,0.5061
5,61,e010,0.4598
5,61,e011,0.4264
5,61,e012,0.4649
5,61,e013,0.4138
5,61,e014,0.4883
5,61,e015,0.5116
5,61,e016,0.5197
5,61,e017,0.4645
5,61,e018,0.4969
5,61,e019,0.4457
5,61,e020,0.4527
5,61,e021,0.4893
5,61,e022,0.5068
5,61,e023,0.4955
5,61,e024,0.4134
5,62,e001,0.5569
5,62,e002,0.6413
5,62,e003,0.561
5,62,e004,0.5807
5,62,e005,0.5898
5,62,e006,0.5771
5,62,e007,0.4759
5,62,e008,0.4944
5,62,e009,0.4782
5,62,e010,0.5124
5,62,e011,0.513
5,62,e012,0.5178
5,62,e013,0.4849
5,62,e014,0.4631
5,62,e015,0.466
5,62,e016,0.5121
5,62,e017,0.5022
5,62,e018,0.5044
5,62,e019,0.4848
5,62,e020,0.4478
5,62,e021,0.4507
5,62,e022,0.441
5,62,e023,0.4516
5,62,e024,0.4569
5,63,e001,0.6213
5,63,e002,0.567
5,63,e003,0.5788
5,63,e004,0.548
5,63,e005,0.606
5,63,e006,0.5685
5,63,e007,0.4889
5,63,e008,0.4306
5,63,e009,0.4152
5,63,e010,0.4581
5,63,e011,0.4414
5,63,e012,0.4429
5,63,e013,0.5161
5,63,e014,0.4389
5,63,e015,0.4954
5,63,e016,0.4896
5,63,e017,0.4221
5,63,e018,0.4668
5,63,e019,0.4975
5,63,e020,0.4827
5,63,e021,0.4335
5,63,e022,0.4992
5,63,e023,0.4161
5,63,e024,0.4353
5,64,e001,0.5631
5,64,e002,0.6123
5,64,e003,0.5519
5,64,e004,0.5596
5,64,e005,0.5692
5,64,e006,0.5492
5,64,e007,0.4747
5,64,e008,0.3981
5,64,e009,0.4828
5,64,e010,0.4869
5,64,e011,0.4219
5,64,e012,0.4461
5,64,e013,0.4242
5,64,e014,0.3813
5,64,e015,0.3924
5,64,e016,0.4783
5,64,e017,0.4238
5,64,e018,0.397
5,64,e019,0.4431
5,64,e020,0.4242
5,64,e021,0.4416
5,64,e022,0.382
5,64,e023,0.4556
5,64,e024,0.4744
5,65,e001,0.5657
5,65,e002,0.6715
5,65,e003,0.6524
5,65,e004,0.6069
5,65,e005,0.5925
5,65,e006,0.6404
5,65,e007,0.5364
5,65,e008,0.5007
5,65,e009,0.4753
5,65,e010,0.549
5,65,e011,0.4934
5,65,e012,0.5053
5,65,e013,0.456
5,65,e014,0.4359
5,65,e015,0.5435
5,65,e016,0.4589
5,65,e017,0.5154
5,65,e018,0.4788
5,65,e019,0.4922
5,65,e020,0.4922
5,65,e021,0.4326
5,65,e022,0.4665
5,65,e023,0.4782
5,65,e024,0.4356
5,66,e001,0.5815
5,66,e002,0.6475
5,66,e003,0.6231
5,66,e004,0.531
5,66,e005,0.614
5,66,e006,0.5796
5,66,e007,0.5141
5,66,e008,0.4949
5,66,e009,0.42
5,66,e010,0.4168
5,66,e011,0.4545
5,66,e012,0.4721
5,66,e013,0.4144
5,66,e014,0.4498
5,66,e015,0.5429
5,66,e016,0.5226
5,66,e017,0.48
5,66,e018,0.4741
5,66,e019,0.4491
5,66,e020,0.4637
5,66,e021,0.4519
5,66,e022,0.5136
5,66,e023,0.5
5,66,e024,0.4498
5,67,e001,0.5547
5,67,e002,0.581
5,67,e003,0.5509
5,67,e004,0.5576
5,67,e005,0.5666
5,67,e006,0.613
5,67,e007,0.4044
5,67,e008,0.4217
5,67,e009,0.3656
5,67,e010,0.4297
5,67,e011,0.3617
5,67,e012,0.4738
5,67,e013,0.4295
5,67,e014,0.4683
5,67,e015,0.443
5,67,e016,0.4784
5,67,e017,0.3736
5,67,e018,0.4326
5,67,e019,0.4434
5,67,e020,0.456
5,67,e021,0.3985
5,67,e022,0.4066
5,67,e023,0.4532
5,67,e024,0.4372
5,68,e001,0.6065
5,68,e002,0.5811
5,68,e003,0.5836
5,68,e004,0.5911
5,68,e005,0.5559
5,68,e006,0.6166
5,68,e007,0.5085
5,68,e008,0.4918
5,68,e009,0.4449
5,68,e010,0.4128
5,68,e011,0.4368
5,68,e012,0.4795
5,68,e013,0.4076
5,68,e014,0.5228
5,68,e015,0.4433
5,68,e016,0.5115
5,68,e017,0.416
5,68,e018,0.3989
5,68,e019,0.4523
5,68,e020,0.4998
5,68,e021,0.4362
5,68,e022,0.4624
5,68,e023,0.5083
5,68,e024,0.4705
5,69,e001,0.5767
5,69,e002,0.5782
5,69,e003,0.4935
5,69,e004,0.5069
5,69,e005,0.4643
5,69,e006,0.4745
5,69,e007,0.3428
5,69,e008,0.3579
5,69,e009,0.4316
5,69,e010,0.4008
5,69,e011,0.3816
5,69,e012,0.3888
5,69,e013,0.3839
5,69,e014,0.4563
5,69,e015,0.4389
5,69,e016,0.4319
5,69,e017,0.3833
5,69,e018,0.4403
5,69,e019,0.3544
5,69,e020,0.3402
5,69,e021,0.4438
5,69,e022,0.4341
5,69,e023,0.41
5,69,e024,0.3517
5,70,e001,0.5612
5,70,e002,0.5799
5,70,e003,0.5451
5,70,e004,0.6049
5,70,e005,0.5985
5,70,e006,0.5989
5,70,e007,0.386
5,70,e008,0.4534
5,70,e009,0.4425
5,70,e010,0.4123
5,70,e011,0.4893
5,70,e012,0.4648
5,70,e013,0.3843
5,70,e014,0.5241
5,70,e015,0.4106
5,70,e016,0.4285
5,70,e017,0.4984
5,70,e018,0.4063
5,70,e019,0.4728
5,70,e020,0.4593
5,70,e021,0.393
5,70,e022,0.4186
5,70,e023,0.4137
5,70,e024,0.3835
5,71,e001,0.5909
5,71,e002,0.584
5,71,e003,0.5756
5,71,e004,0.5759
5,71,e005,0.6414
5,71,e006,0.6322
5,71,e007,0.4972
5,71,e008,0.4249
5,71,e009,0.4896
5,71,e010,0.5069
5,71,e011,0.4868
5,71,e012,0.4639
5,71,e013,0.4636
5,71,e014,0.4896
5,71,e015,0.4183
5,71,e016,0.4921
5,71,e017,0.503
5,71,e018,0.4113
5,71,e019,0.4886
5,71,e020,0.4265
5,71,e021,0.4308
5,71,e022,0.4575
5,71,e023,0.4344
5,71,e024,0.4531
5,72,e001,0.568
5,72,e002,0.6117
5,72,e003,0.5441
5,72,e004,0.5481
5,72,e005,0.5997
5,72,e006,0.569
5,72,e007,0.4348
5,72,e008,0.4165
5,72,e009,0.4654
5,72,e010,0.475
5,72,e011,0.4766
5,72,e012,0.4844
5,72,e013,0.4843
5,72,e014,0.456
5,72,e015,0.4645
5,72,e016,0.4064
5,72,e017,0.5007
5,72,e018,0.4856
5,72,e019,0.4786
5,72,e020,0.4371
5,72,e021,0.4722
5,72,e022,0.429
5,72,e023,0.4739
5,72,e024,0.4263
5,73,e001,0.585
5,73,e002,0.654
5,73,e003,0.5647
5,73,e004,0.5785
5,73,e005,0.6506
5,73,e006,0.573
5,73,e007,0.4766
5,73,e008,0.4542
5,73,e009,0.4681
5,73,e010,0.4998
5,73,e011,0.477
5,73,e012,0.43
5,73,e013,0.4712
5,73,e014,0.5043
5,73,e015,0.5336
5,73,e016,0.4843
5,73,e017,0.4468
5,73,e018,0.473
5,73,e019,0.4637
5,73,e020,0.4925
5,73,e021,0.4882
5,73,e022,0.4213
5,73,e023,0.4492
5,73,e024,0.5117
5,74,e001,0.5858
5,74,e002,0.6255
5,74,e003,0.6103
5,74,e004,0.5842
5,74,e005,0.5225
5,74,e006,0.5399
5,74,e007,0.4325
5,74,e008,0.4891
5,74,e009,0.4613
5,74,e010,0.4892
5,74,e011,0.4834
5,74,e012,0.4868
5,74,e013,0.4785
5,74,e014,0.4311
5,74,e015,0.4684
5,74,e016,0.4563
5,74,e017,0.4365
5,74,e018,0.4857
5,74,e019,0.4127
5,74,e020,0.4255
5,74,e021,0.4789
5,74,e022,0.4377
5,74,e023,0.4517
5,74,e024,0.4713
5,75,e001,0.5121
5,75,e002,0.5672
5,75,e003,0.5499
5,75,e004,0.4924
5,75,e005,0.5491
5,75,e006,0.5301
5,75,e007,0.4228
5,75,e008,0.4775
5,75,e009,0.4571
5,75,e010,0.457
5,75,e011,0.4459
5,75,e012,0.3972
5,75,e013,0.3821
5,75,e014,0.4048
5,75,e015,0.4487
5,75,e016,0.3763
5,75,e017,0.4238
5,75,e018,0.4251
5,75,e019,0.4462
5,75,e020,0.4769
5,75,e021,0.3649
5,75,e022,0.4122
5,75,e023,0.4117
5,75,e024,0.444
5,76,e001,0.5699
5,76,e002,0.5298
5,76,e003,0.5722
5,76,e004,0.6108
5,76,e005,0.547
5,76,e006,0.5999
5,76,e007,0.3925
5,76,e008,0.4669
5,76,e009,0.3963
5,76,e010,0.4426
5,76,e011,0.398
5,76,e012,0.4007
5,76,e013,0.4533
5,76,e014,0.4336
5,76,e015,0.4522
5,76,e016,0.4539
5,76,e017,0.4903
5,76,e018,0.4933
5,76,e019,0.4232
5,76,e020,0.4373
5,76,e021,0.3866
5,76,e022,0.4156
5,76,e023,0.4242
5,76,e024,0.4065
5,77,e001,0.5904
5,77,e002,0.5547
5,77,e003,0.5767
5,77,e004,0.5166
5,77,e005,0.5178
5,77,e006,0.554
5,77,e007,0.4347
5,77,e008,0.3938
5,77,e009,0.4653
5,77,e010,0.3925
5,77,e011,0.4657
5,77,e012,0.4209
5,77,e013,0.472
5,77,e014,0.4242
5,77,e015,0.4852
5,77,e016,0.418
5,77,e017,0.4788
5,77,e018,0.372
5,77,e019,0.3896
5,77,e020,0.3921
5,77,e021,0.4556
5,77,e022,0.4329
5,77,e023,0.4368
5,77,e024,0.4496
5,78,e001,0.6445
5,78,e002,0.5528
5,78,e003,0.6676
5,78,e004,0.6077
5,78,e005,0.5847
5,78,e006,0.5456
5,78,e007,0.4814
5,78,e008,0.5032
5,78,e009,0.4573
5,78,e010,0.4195
5,78,e011,0.4488
5,78,e012,0.4933
5,78,e013,0.4471
5,78,e014,0.4009
5,78,e015,0.4086
5,78,e016,0.4821
5,78,e017,0.4491
5,78,e018,0.4406
5,78,e019,0.4588
5,78,e020,0.4137
5,78,e021,0.4604
5,78,e022,0.4366
5,78,e023,0.4478
5,78,e024,0.4828
5,79,e001,0.5615
5,79,e002,0.5585
5,79,e003,0.6462
5,79,e004,0.6257
5,79,e005,0.5489
5,79,e006,0.6003
5,79,e007,0.4942
5,79,e008,0.4514
5,79,e009,0.4513
5,79,e010,0.4724
5,79,e011,0.4628
5,79,e012,0.5048
5,79,e013,0.4257
5,79,e014,0.4588
5,79,e015,0.4189
5,79,e016,0.3955
5,79,e017,0.4066
5,79,e018,0.4728
5,79,e019,0.489
5,79,e020,0.4339
5,79,e021,0.4201
5,79,e022,0.4549
5,79,e023,0.4644
5,79,e024,0.4656
5,80,e001,0.5729
5,80,e002,0.5329
5,80,e003,0.4998
5,80,e004,0.5258
5,80,e005,0.5717
5,80,e006,0.5469
5,80,e007,0.4624
5,80,e008,0.3897
5,80,e009,0.3974
5,80,e010,0.3854
5,80,e011,0.391
5,80,e012,0.4407
5,80,e013,0.4352
5,80,e014,0.4663
5,80,e015,0.4208
5,80,e016,0.4143
5,80,e017,0.4127
5,80,e018,0.4372
5,80,e019,0.4419
5,80,e020,0.4329
5,80,e021,0.4467
5,80,e022,0.367
5,80,e023,0.464
5,80,e024,0.4305
5,81,e001,0.5247
5,81,e002,0.5127
5,81,e003,0.4879
5,81,e004,0.5448
5,81,e005,0.4906
5,81,e006,0.4614
5,81,e007,0.4
5,81,e008,0.3655
5,81,e009,0.3635
5,81,e010,0.3818
5,81,e011,0.4338
5,81,e012,0.4248
5,81,e013,0.3795
5,81,e014,0.3716
5,81,e015,0.374
5,81,e016,0.3981
5,81,e017,0.3686
5,81,e018,0.4472
5,81,e019,0.3669
5,81,e020,0.3541
5,81,e021,0.4166
5,81,e022,0.4227
5,81,e023,0.3414
5,81,e024,0.3761
5,82,e001,0.5361
5,82,e002,0.5092
5,82,e003,0.5184
5,82,e004,0.5029
5,82,e005,0.466
5,82,e006,0.537
5,82,e007,0.3659
5,82,e008,0.4137
5,82,e009,0.3599
5,82,e010,0.3785
5,82,e011,0.3944
5,82,e012,0.3998
5,82,e013,0.4571
5,82,e014,0.3705
5,82,e015,0.3587
5,82,e016,0.374
5,82,e017,0.3752
5,82,e018,0.4088
5,82,e019,0.3669
5,82,e020,0.3836
5,82,e021,0.4257
5,82,e022,0.4267
5,82,e023,0.3924
5,82,e024,0.3804
5,83,e001,0.6199
5,83,e002,0.549
5,83,e003,0.5601
5,83,e004,0.5795
5,83,e005,0.561
5,83,e006,0.6258
5,83,e007,0.4252
5,83,e008,0.444
5,83,e009,0.467
5,83,e010,0.4559
5,83,e011,0.5074
5,83,e012,0.4606
5,83,e013,0.4207
5,83,e014,0.4086
5,83,e015,0.4072
5,83,e016,0.4959
5,83,e017,0.4234
5,83,e018,0.372
5,83,e019,0.4881
5,83,e020,0.4754
5,83,e021,0.4336
5,83,e022,0.3782
5,83,e023,0.4447
5,83,e024,0.4239
5,84,e001,0.521
5,84,e002,0.5708
5,84,e003,0.4942
5,84,e004,0.5791
5,84,e005,0.5001
5,84,e006,0.5325
5,84,e007,0.4797
5,84,e008,0.404
5,84,e009,0.3574
5,84,e010,0.4419
5,84,e011,0.417
5,84,e012,0.4536
5,84,e013,0.4189
5,84,e014,0.3447
5,84,e015,0.4307
5,84,e016,0.4255
5,84,e017,0.3844
5,84,e018,0.451
5,84,e019,0.3979
5,84,e020,0.4148
5,84,e021,0.403
5,84,e022,0.4132
5,84,e023,0.4627
5,84,e024,0.4104
5,85,e001,0.527
5,85,e002,0.4826
5,85,e003,0.5748
5,85,e004,0.5639
5,85,e005,0.5531
5,85,e006,0.523
5,85,e007,0.4309
5,85,e008,0.4291
5,85,e009,0.3854
5,85,e010,0.4629
5,85,e011,0.4686
5,85,e012,0.3988
5,85,e013,0.4562
5,85,e014,0.4247
5,85,e015,0.3814
5,85,e016,0.4536
5,85,e017,0.3607
5,85,e018,0.4264
5,85,e019,0.372
5,85,e020,0.3905
5,85,e021,0.3613
5,85,e022,0.4165
5,85,e023,0.3492
5,85,e024,0.4047
5,86,e001,0.502
5,86,e002,0.526
5,86,e003,0.5263
5,86,e004,0.5522
5,86,e005,0.5533
5,86,e006,0.5515
5,86,e007,0.3225
5,86,e008,0.413
5,86,e009,0.3531
5,86,e010,0.3294
5,86,e011,0.4335
5,86,e012,0.3607
5,86,e013,0.3939
5,86,e014,0.4172
5,86,e015,0.3857
5,86,e016,0.3776
5,86,e017,0.3867
5,86,e018,0.366
5,86,e019,0.3736
5,86,e020,0.3831
5,86,e021,0.431
5,86,e022,0.4094
5,86,e023,0.4087
5,86,e024,0.3631
5,87,e001,0.6162
5,87,e002,0.5658
5,87,e003,0.5515
5,87,e004,0.5785
5,87,e005,0.5438
5,87,e006,0.5951
5,87,e007,0.4293
5,87,e008,0.4748
5,87,e009,0.4323
5,87,e010,0.4198
5,87,e011,0.4697
5,87,e012,0.4148
5,87,e013,0.4245
5,87,e014,0.4939
5,87,e015,0.4657
5,87,e016,0.4602
5,87,e017,0.4441
5,87,e018,0.4368
5,87,e019,0.4416
5,87,e020,0.4465
5,87,e021,0.3981
5,87,e022,0.4616
5,87,e023,0.4552
5,87,e024,0.4881
5,88,e001,0.5726
5,88,e002,0.5577
5,88,e003,0.5435
5,88,e004,0.6156
5,88,e005,0.5908
5,88,e006,0.5193
5,88,e007,0.4634
5,88,e008,0.4489
5,88,e009,0.4187
5,88,e010,0.3462
5,88,e011,0.4468
5,88,e012,0.4437
5,88,e013,0.4195
5,88,e014,0.4081
5,88,e015,0.4085
5,88,e016,0.4897
5,88,e017,0.4974
5,88,e018,0.4084
5,88,e019,0.4739
5,88,e020,0.4081
5,88,e021,0.3885
5,88,e022,0.4313
5,88,e023,0.4077
5,88,e024,0.4539
5,89,e001,0.4588
5,89,e002,0.5575
5,89,e003,0.4972
5,89,e004,0.4943
5,89,e005,0.4444
5,89,e006,0.4881
5,89,e007,0.3557
5,89,e008,0.3372
5,89,e009,0.35
5,89,e010,0.4198
5,89,e011,0.3683
5,89,e012,0.3662
5,89,e013,0.3775
5,89,e014,0.3758
5,89,e015,0.4056
5,89,e016,0.2965
5,89,e017,0.4295
5,89,e018,0.3277
5,89,e019,0.4272
5,89,e020,0.363
5,89,e021,0.3584
5,89,e022,0.3714
5,89,e023,0.3463
5,89,e024,0.3442
5,90,e001,0.4587
5,90,e002,0.3804
5,90,e003,0.3648
5,90,e004,0.4556
5,90,e005,0.4063
5,90,e006,0.4226
5,90,e007,0.4699
5,90,e008,0.4836
5,90,e009,0.389
5,90,e010,0.3855
5,90,e011,0.3721
5,90,e012,0.4129
5,90,e013,0.4219
5,90,e014,0.4074
5,90,e015,0.3828
5,90,e016,0.4412
5,90,e017,0.4492
5,90,e018,0.4086
5,90,e019,0.4621
5,90,e020,0.4039
5,90,e021,0.4596
5,90,e022,0.4057
5,90,e023,0.4272
5,90,e024,0.3614
5,91,e001,0.3957
5,91,e002,0.3919
5,91,e003,0.3916
5,91,e004,0.357
5,91,e005,0.3214
5,91,e006,0.3557
5,91,e007,0.3932
5,91,e008,0.395
5,91,e009,0.4127
5,91,e010,0.3906
5,91,e011,0.3717
5,91,e012,0.3913
5,91,e013,0.3056
5,91,e014,0.3831
5,91,e015,0.3882
5,91,e016,0.3423
5,91,e017,0.3234
5,91,e018,0.4022
5,91,e019,0.3853
5,91,e020,0.35
5,91,e021,0.3254
5,91,e022,0.3384
5,91,e023,0.3983
5,91,e024,0.3766
5,92,e001,0.4353
5,92,e002,0.4483
5,92,e003,0.4186
5,92,e004,0.4223
5,92,e005,0.3568
5,92,e006,0.4446
5,92,e007,0.4239
5,92,e008,0.4366
5,92,e009,0.3884
5,92,e010,0.3656
5,92,e011,0.3486
5,92,e012,0.3996
5,92,e013,0.3687
5,92,e014,0.4408
5,92,e015,0.4146
5,92,e016,0.3945
5,92,e017,0.4048
5,92,e018,0.4034
5,92,e019,0.4609
5,92,e020,0.4181
5,92,e021,0.3829
5,92,e022,0.4546
5,92,e023,0.4449
5,92,e024,0.4149
5,93,e001,0.37
5,93,e002,0.4214
5,93,e003,0.4228
5,93,e004,0.4369
5,93,e005,0.455
5,93,e006,0.4025
5,93,e007,0.4686
5,93,e008,0.4384
5,93,e009,0.4223
5,93,e010,0.3817
5,93,e011,0.3524
5,93,e012,0.4328
5,93,e013,0.4473
5,93,e014,0.4057
5,93,e015,0.4162
5,93,e016,0.4323
5,93,e017,0.4522
5,93,e018,0.4415
5,93,e019,0.4307
5,93,e020,0.4163
5,93,e021,0.4604
5,93,e022,0.4436
5,93,e023,0.3446
5,93,e024,0.3979
5,94,e001,0.3911
5,94,e002,0.3551
5,94,e003,0.429
5,94,e004,0.4003
5,94,e005,0.4303
5,94,e006,0.3972
5,94,e007,0.404
5,94,e008,0.3565
5,94,e009,0.3874
5,94,e010,0.3416
5,94,e011,0.4249
5,94,e012,0.3639
5,94,e013,0.3932
5,94,e014,0.3516
5,94,e015,0.4078
5,94,e016,0.3575
5,94,e017,0.3475
5,94,e018,0.3715
5,94,e019,0.4246
5,94,e020,0.3771
5,94,e021,0.3283
5,94,e022,0.4125
5,94,e023,0.409
5,94,e024,0.4126
5,95,e001,0.3748
5,95,e002,0.3531
5,95,e003,0.3556
5,95,e004,0.3814
5,95,e005,0.39
5,95,e006,0.3968
5,95,e007,0.4316
5,95,e008,0.3383
5,95,e009,0.3799
5,95,e010,0.3585
5,95,e011,0.3882
5,95,e012,0.3845
5,95,e013,0.4015
5,95,e014,0.4033
5,95,e015,0.4373
5,95,e016,0.3597
5,95,e017,0.4167
5,95,e018,0.3599
5,95,e019,0.3639
5,95,e020,0.3785
5,95,e021,0.4233
5,95,e022,0.3693
5,95,e023,0.4239
5,95,e024,0.3304
5,96,e001,0.3768
5,96,e002,0.4068
5,96,e003,0.4074
5,96,e004,0.4135
5,96,e005,0.3405
5,96,e006,0.392
5,96,e007,0.4424
5,96,e008,0.4036
5,96,e009,0.3242
5,96,e010,0.3998
5,96,e011,0.3451
5,96,e012,0.3661
5,96,e013,0.326
5,96,e014,0.3563
5,96,e015,0.3437
5,96,e016,0.4023
5,96,e017,0.4503
5,96,e018,0.3858
5,96,e019,0.3255
5,96,e020,0.3718
5,96,e021,0.3339
5,96,e022,0.4097
5,96,e023,0.3595
5,96,e024,0.3298
5,97,e001,0.4404
5,97,e002,0.4097
5,97,e003,0.3429
5,97,e004,0.4364
5,97,e005,0.4114
5,97,e006,0.4649
5,97,e007,0.398
5,97,e008,0.4098
5,97,e009,0.3931
5,97,e010,0.4216
5,97,e011,0.4477
5,97,e012,0.4253
5,97,e013,0.4642
5,97,e014,0.3874
5,97,e015,0.4309
5,97,e016,0.3606
5,97,e017,0.445
5,97,e018,0.3854
5,97,e019,0.3783
5,97,e020,0.4178
5,97,e021,0.4514
5,97,e022,0.4038
5,97,e023,0.4152
5,97,e024,0.411
5,98,e001,0.3541
5,98,e002,0.3635
5,98,e003,0.4173
5,98,e004,0.3418
5,98,e005,0.3602
5,98,e006,0.3839
5,98,e007,0.3377
5,98,e008,0.3604
5,98,e009,0.349
5,98,e010,0.4164
5,98,e011,0.3924
5,98,e012,0.3529
5,98,e013,0.4203
5,98,e014,0.3312
5,98,e015,0.3277
5,98,e016,0.3701
5,98,e017,0.3892
5,98,e018,0.3445
5,98,e019,0.3804
5,98,e020,0.3518
5,98,e021,0.3387
5,98,e022,0.3884
5,98,e023,0.3551
5,98,e024,0.4087
5,99,e001,0.3929
5,99,e002,0.3882
5,99,e003,0.404
5,99,e004,0.3937
5,99,e005,0.39
5,99,e006,0.4243
5,99,e007,0.3867
5,99,e008,0.4142
5,99,e009,0.3965
5,99,e010,0.3796
5,99,e011,0.3964
5,99,e012,0.373
5,99,e013,0.4312
5,99,e014,0.3947
5,99,e015,0.395
5,99,e016,0.431
5,99,e017,0.3788
5,99,e018,0.3706
5,99,e019,0.3602
5,99,e020,0.4399
5,99,e021,0.3393
5,99,e022,0.443
5,99,e023,0.3738
5,99,e024,0.327
5,100,e001,0.4045
5,100,e002,0.328
5,100,e003,0.322
5,100,e004,0.3735
5,100,e005,0.39
5,100,e006,0.3713
5,100,e007,0.4065
5,100,e008,0.3615
5,100,e009,0.4038
5,100,e010,0.3427
5,100,e011,0.3805
5,100,e012,0.3892
5,100,e013,0.3109
5,100,e014,0.3594
5,100,e015,0.312
5,100,e016,0.3738
5,100,e017,0.3806
5,100,e018,0.3874
5,100,e019,0.3531
5,100,e020,0.4442
5,100,e021,0.4263
5,100,e022,0.3799
5,100,e023,0.3726
5,100,e024,0.3552
5,101,e001,0.3832
5,101,e002,0.3789
5,101,e003,0.3493
5,101,e004,0.3949
5,101,e005,0.3981
5,101,e006,0.4106
5,101,e007,0.3395
5,101,e008,0.3534
5,101,e009,0.3321
5,101,e010,0.3176
5,101,e011,0.4105
5,101,e012,0.4323
5,101,e013,0.3033
5,101,e014,0.3705
5,101,e015,0.3456
5,101,e016,0.3321
5,101,e017,0.3711
5,101,e018,0.3323
5,101,e019,0.4455
5,101,e020,0.386
5,101,e021,0.3965
5,101,e022,0.4017
5,101,e023,0.3961
5,101,e024,0.4347
5,102,e001,0.3469
5,102,e002,0.3737
5,102,e003,0.3595
5,102,e004,0.324
5,102,e005,0.3997
5,102,e006,0.3689
5,102,e007,0.3645
5,102,e008,0.3818
5,102,e009,0.4074
5,102,e010,0.4067
5,102,e011,0.376
5,102,e012,0.3244
5,102,e013,0.3774
5,102,e014,0.3303
5,102,e015,0.4004
5,102,e016,0.3387
5,102,e017,0.4102
5,102,e018,0.2932
5,102,e019,0.3917
5,102,e020,0.3631
5,102,e021,0.3538
5,102,e022,0.3838
5,102,e023,0.3854
5,102,e024,0.3635
5,103,e001,0.3317
5,103,e002,0.3896
5,103,e003,0.3311
5,103,e004,0.3683
5,103,e005,0.3622
5,103,e006,0.3747
5,103,e007,0.3534
5,103,e008,0.4152
5,103,e009,0.3688
5,103,e010,0.3987
5,103,e011,0.4205
5,103,e012,0.3506
5,103,e013,0.4106
5,103,e014,0.3668
5,103,e015,0.3256
5,103,e016,0.37
5,103,e017,0.4181
5,103,e018,0.3965
5,103,e019,0.4229
5,103,e020,0.357
5,103,e021,0.4377
5,103,e022,0.3123
5,103,e023,0.3657
5,103,e024,0.3933
5,104,e001,0.3438
5,104,e002,0.39
5,104,e003,0.3415
5,104,e004,0.3927
5,104,e005,0.3637
5,104,e006,0.4149
5,104,e007,0.3874
5,104,e008,0.3523
5,104,e009,0.4091
5,104,e010,0.338
5,104,e011,0.3332
5,104,e012,0.426
5,104,e013,0.3115
5,104,e014,0.3535
5,104,e015,0.3853
5,104,e016,0.395
5,104,e017,0.342
5,104,e018,0.3991
5,104,e019,0.3588
5,104,e020,0.4112
5,104,e021,0.3805
5,104,e022,0.3491
5,104,e023,0.3453
5,104,e024,0.3323
5,105,e001,0.4473
5,105,e002,0.3914
5,105,e003,0.3377
5,105,e004,0.3646
5,105,e005,0.3816
5,105,e006,0.3446
5,105,e007,0.3938
5,105,e008,0.3418
5,105,e009,0.3651
5,105,e010,0.375
5,105,e011,0.3864
5,105,e012,0.3635
5,105,e013,0.3958
5,105,e014,0.3187
5,105,e015,0.3721
5,105,e016,0.3557
5,105,e017,0.3535
5,105,e018,0.3991
5,105,e019,0.3828
5,105,e020,0.3894
5,105,e021,0.3942
5,105,e022,0.3348
5,105,e023,0.3707
5,105,e024,0.3712
5,106,e001,0.3131
5,106,e002,0.3408
5,106,e003,0.3707
5,106,e004,0.3925
5,106,e005,0.3256
5,106,e006,0.3292
5,106,e007,0.3868
5,106,e008,0.3737
5,106,e009,0.3553
5,106,e010,0.3753
5,106,e011,0.3425
5,106,e012,0.3581
5,106,e013,0.2876
5,106,e014,0.3263
5,106,e015,0.3882
5,106,e016,0.3919
5,106,e017,0.3286
5,106,e018,0.3094
5,106,e019,0.3011
5,106,e020,0.3489
5,106,e021,0.2986
5,106,e022,0.3567
5,106,e023,0.3495
5,106,e024,0.3991
5,107,e001,0.3475
5,107,e002,0.2895
5,107,e003,0.3508
5,107,e004,0.3017
5,107,e005,0.3637
5,107,e006,0.3746
5,107,e007,0.3384
5,107,e008,0.3819
5,107,e009,0.3818
5,107,e010,0.322
5,107,e011,0.3199
5,107,e012,0.3949
5,107,e013,0.2758
5,107,e014,0.3972
5,107,e015,0.3552
5,107,e016,0.3175
5,107,e017,0.3286
5,107,e018,0.3466
5,107,e019,0.3538
5,107,e020,0.3647
5,107,e021,0.3212
5,107,e022,0.3388
5,107,e023,0.4032
5,107,e024,0.2767
5,108,e001,0.3629
5,108,e002,0.3623
5,108,e003,0.3519
5,108,e004,0.3541
5,108,e005,0.3396
5,108,e006,0.4151
5,108,e007,0.3207
5,108,e008,0.3675
5,108,e009,0.3769
5,108,e010,0.4131
5,108,e011,0.3848
5,108,e012,0.3903
5,108,e013,0.4099
5,108,e014,0.4112
5,108,e015,0.4183
5,108,e016,0.3715
5,108,e017,0.3628
5,108,e018,0.3706
5,108,e019,0.3113
5,108,e020,0.3408
5,108,e021,0.3323
5,108,e022,0.4319
5,108,e023,0.326
5,108,e024,0.3835
5,109,e001,0.371
5,109,e002,0.3076
5,109,e003,0.3824
5,109,e004,0.3129
5,109,e005,0.3392
5,109,e006,0.3317
5,109,e007,0.3412
5,109,e008,0.2795
5,109,e009,0.3284
5,109,e010,0.344
5,109,e011,0.3639
5,109,e012,0.2999
5,109,e013,0.382
5,109,e014,0.3456
5,109,e015,0.3126
5,109,e016,0.3358
5,109,e017,0.3089
5,109,e018,0.2972
5,109,e019,0.3499
5,109,e020,0.3523
5,109,e021,0.3434
5,109,e022,0.3978
5,109,e023,0.3509
5,109,e024,0.3899
5,110,e001,0.4552
5,110,e002,0.3675
5,110,e003,0.3142
5,110,e004,0.3775
5,110,e005,0.397
5,110,e006,0.3813
5,110,e007,0.4627
5,110,e008,0.4524
5,110,e009,0.4248
5,110,e010,0.3606
5,110,e011,0.383
5,110,e012,0.4114
5,110,e013,0.4121
5,110,e014,0.3508
5,110,e015,0.398
5,110,e016,0.3776
5,110,e017,0.4126
5,110,e018,0.4282
5,110,e019,0.3556
5,110,e020,0.3804
5,110,e021,0.3546
5,110,e022,0.3757
5,110,e023,0.3284
5,110,e024,0.3602
5,111,e001,0.2998
5,111,e002,0.4034
5,111,e003,0.3908
5,111,e004,0.3654
5,111,e005,0.3513
5,111,e006,0.3719
5,111,e007,0.3257
5,111,e008,0.3048
5,111,e009,0.3896
5,111,e010,0.3736
5,111,e011,0.3116
5,111,e012,0.3098
5,111,e013,0.3486
5,111,e014,0.3359
5,111,e015,0.3654
5,111,e016,0.4055
5,111,e017,0.4036
5,111,e018,0.3534
5,111,e019,0.3317
5,111,e020,0.3145
5,111,e021,0.3616
5,111,e022,0.3023
5,111,e023,0.3569
5,111,e024,0.2932
5,112,e001,0.3704
5,112,e002,0.3091
5,112,e003,0.3084
5,112,e004,0.3602
5,112,e005,0.3688
5,112,e006,0.3288
5,112,e007,0.3148
5,112,e008,0.2949
5,112,e009,0.282
5,112,e010,0.3199
5,112,e011,0.3282
5,112,e012,0.3506
5,112,e013,0.3275
5,112,e014,0.3034
5,112,e015,0.2611
5,112,e016,0.3574
5,112,e017,0.3539
5,112,e018,0.3245
5,112,e019,0.3322
5,112,e020,0.2915
5,112,e021,0.3701
5,112,e022,0.3119
5,112,e023,0.3593
5,112,e024,0.3177
5,113,e001,0.4004
5,113,e002,0.3282
5,113,e003,0.331
5,113,e004,0.3762
5,113,e005,0.3498
5,113,e006,0.3173
5,113,e007,0.2914
5,113,e008,0.3133
5,113,e009,0.3225
5,113,e010,0.343
5,113,e011,0.3428
5,113,e012,0.3505
5,113,e013,0.3258
5,113,e014,0.3961
5,113,e015,0.3718
5,113,e016,0.3019
5,113,e017,0.3873
5,113,e018,0.3665
5,113,e019,0.3774
5,113,e020,0.3807
5,113,e021,0.3566
5,113,e022,0.3512
5,113,e023,0.3947
5,113,e024,0.3419
5,114,e001,0.4124
5,114,e002,0.4183
5,114,e003,0.3522
5,114,e004,0.3469
5,114,e005,0.3462
5,114,e006,0.3473
5,114,e007,0.3514
5,114,e008,0.3338
5,114,e009,0.3643
5,114,e010,0.3553
5,114,e011,0.3907
5,114,e012,0.3862
5,114,e013,0.3643
5,114,e014,0.298
5,114,e015,0.3976
5,114,e016,0.3222
5,114,e017,0.3353
5,114,e018,0.2777
5,114,e019,0.3742
5,114,e020,0.3752
5,114,e021,0.386
5,114,e022,0.3534
5,114,e023,0.3766
5,114,e024,0.3525
5,115,e001,0.3256
5,115,e002,0.3399
5,115,e003,0.2978
5,115,e004,0.3379
5,115,e005,0.2716
5,115,e006,0.2893
5,115,e007,0.3055
5,115,e008,0.3572
5,115,e009,0.3258
5,115,e010,0.2959
5,115,e011,0.318
5,115,e012,0.2907
5,115,e013,0.34
5,115,e014,0.3199
5,115,e015,0.345
5,115,e016,0.3097
5,115,e017,0.2961
5,115,e018,0.2773
5,115,e019,0.3141
5,115,e020,0.2921
5,115,e021,0.3742
5,115,e022,0.3758
5,115,e023,0.3414
5,115,e024,0.2686
5,116,e001,0.3557
5,116,e002,0.3379
5,116,e003,0.3452
5,116,e004,0.3335
5,116,e005,0.3491
5,116,e006,0.307
5,116,e007,0.2668
5,116,e008,0.338
5,116,e009,0.3395
5,116,e010,0.3566
5,116,e011,0.3643
5,116,e012,0.3304
5,116,e013,0.3133
5,116,e014,0.3003
5,116,e015,0.3507
5,116,e016,0.3779
5,116,e017,0.2697
5,116,e018,0.36
5,116,e019,0.3472
5,116,e020,0.3219
5,116,e021,0.3988
5,116,e022,0.3382
5,116,e023,0.2873
5,116,e024,0.341
5,117,e001,0.3009
5,117,e002,0.355
5,117,e003,0.3716
5,117,e004,0.2897
5,117,e005,0.3574
5,117,e006,0.33
5,117,e007,0.3172
5,117,e008,0.3199
5,117,e009,0.3505
5,117,e010,0.3632
5,117,e011,0.3702
5,117,e012,0.3727
5,117,e013,0.3907
5,117,e014,0.2912
5,117,e015,0.3909
5,117,e016,0.3178
5,117,e017,0.3248
5,117,e018,0.3466
5,117,e019,0.3989
5,117,e020,0.3091
5,117,e021,0.3482
5,117,e022,0.3433
5,117,e023,0.3113
5,117,e024,0.3517
5,118,e001,0.293
5,118,e002,0.3438
5,118,e003,0.312
5,118,e004,0.2693
5,118,e005,0.2868
5,118,e006,0.2511
5,118,e007,0.315
5,118,e008,0.2933
5,118,e009,0.3325
5,118,e010,0.3083
5,118,e011,0.3083
5,118,e012,0.2752
5,118,e013,0.3294
5,118,e014,0.2932
5,118,e015,0.3253
5,118,e016,0.2947
5,118,e017,0.278
5,118,e018,0.3582
5,118,e019,0.2825
5,118,e020,0.2752
5,118,e021,0.304
5,118,e022,0.3341
5,118,e023,0.2662
5,118,e024,0.3419
5,119,e001,0.3502
5,119,e002,0.355
5,119,e003,0.2748
5,119,e004,0.312
5,119,e005,0.2847
5,119,e006,0.3407
5,119,e007,0.2408
5,119,e008,0.3325
5,119,e009,0.2732
5,119,e010,0.3757
5,119,e011,0.3383
5,119,e012,0.3528
5,119,e013,0.3395
5,119,e014,0.369
5,119,e015,0.322
5,119,e016,0.3595
5,119,e017,0.3025
5,119,e018,0.369
5,119,e019,0.3145
5,119,e020,0.3604
5,119,e021,0.3673
5,119,e022,0.29
5,119,e023,0.3265
5,119,e024,0.2855
5,120,e001,0.3021
5,120,e002,0.28
5,120,e003,0.3031
5,120,e004,0.3054
5,120,e005,0.3045
5,120,e006,0.3699
5,120,e007,0.2765
5,120,e008,0.279
5,120,e009,0.2543
5,120,e010,0.2604
5,120,e011,0.2992
5,120,e012,0.3101
5,120,e013,0.3453
5,120,e014,0.2543
5,120,e015,0.2803
5,120,e016,0.3266
5,120,e017,0.2556
5,120,e018,0.3012
5,120,e019,0.2699
5,120,e020,0.2741
5,120,e021,0.2734
5,120,e022,0.3385
5,120,e023,0.3225
5,120,e024,0.3485
5,121,e001,0.3385
5,121,e002,0.347
5,121,e003,0.3216
5,121,e004,0.3407
5,121,e005,0.2931
5,121,e006,0.3338
5,121,e007,0.2988
5,121,e008,0.3256
5,121,e009,0.2783
5,121,e010,0.2873
5,121,e011,0.2792
5,121,e012,0.2762
5,121,e013,0.3059
5,121,e014,0.3059
5,121,e015,0.3442
5,121,e016,0.3788
5,121,e017,0.3128
5,121,e018,0.3062
5,121,e019,0.3299
5,121,e020,0.2937
5,121,e021,0.3275
5,121,e022,0.3166
5,121,e023,0.2829
5,121,e024,0.2504
5,122,e001,0.3491
5,122,e002,0.2899
5,122,e003,0.2899
5,122,e004,0.3079
5,122,e005,0.3437
5,122,e006,0.3365
5,122,e007,0.2773
5,122,e008,0.3487
5,122,e009,0.3005
5,122,e010,0.3074
5,122,e011,0.293
5,122,e012,0.328
5,122,e013,0.2899
5,122,e014,0.3074
5,122,e015,0.3289
5,122,e016,0.2868
5,122,e017,0.2772
5,122,e018,0.2981
5,122,e019,0.2862
5,122,e020,0.3142
5,122,e021,0.2775
5,122,e022,0.2804
5,122,e023,0.3044
5,122,e024,0.3393
5,123,e001,0.3996
5,123,e002,0.3478
5,123,e003,0.2774
5,123,e004,0.3696
5,123,e005,0.3619
5,123,e006,0.3003
5,123,e007,0.3006
5,123,e008,0.3159
5,123,e009,0.2951
5,123,e010,0.3207
5,123,e011,0.2436
5,123,e012,0.313
5,123,e013,0.2786
5,123,e014,0.2761
5,123,e015,0.3447
5,123,e016,0.3014
5,123,e017,0.3431
5,123,e018,0.3076
5,123,e019,0.2578
5,123,e020,0.3623
5,123,e021,0.2731
5,123,e022,0.314
5,123,e023,0.3008
5,123,e024,0.2887
5,124,e001,0.3117
5,124,e002,0.3498
5,124,e003,0.3543
5,124,e004,0.3564
5,124,e005,0.2855
5,124,e006,0.3186
5,124,e007,0.385
5,124,e008,0.3114
5,124,e009,0.3905
5,124,e010,0.3319
5,124,e011,0.2952
5,124,e012,0.316
5,124,e013,0.2947
5,124,e014,0.3729
5,124,e015,0.3115
5,124,e016,0.3128
5,124,e017,0.3202
5,124,e018,0.3224
5,124,e019,0.3137
5,124,e020,0.302
5,124,e021,0.3412
5,124,e022,0.3104
5,124,e023,0.2875
5,124,e024,0.2757
5,125,e001,0.318
5,125,e002,0.3618
5,125,e003,0.3133
5,125,e004,0.3624
5,125,e005,0.3217
5,125,e006,0.3258
5,125,e007,0.327
5,125,e008,0.3397
5,125,e009,0.3371
5,125,e010,0.3504
5,125,e011,0.3666
5,125,e012,0.3365
5,125,e013,0.3939
5,125,e014,0.2766
5,125,e015,0.3424
5,125,e016,0.2533
5,125,e017,0.3183
5,125,e018,0.3403
5,125,e019,0.3528
5,125,e020,0.3137
5,125,e021,0.2983
5,125,e022,0.3581
5,125,e023,0.3473
5,125,e024,0.3361
5,126,e001,0.3733
5,126,e002,0.3573
5,126,e003,0.3964
5,126,e004,0.3711
5,126,e005,0.3799
5,126,e006,0.3778
5,126,e007,0.3392
5,126,e008,0.3768
5,126,e009,0.3766
5,126,e010,0.3511
5,126,e011,0.4324
5,126,e012,0.3927
5,126,e013,0.3314
5,126,e014,0.3418
5,126,e015,0.3766
5,126,e016,0.3886
5,126,e017,0.3253
5,126,e018,0.403
5,126,e019,0.3784
5,126,e020,0.3799
5,126,e021,0.358
5,126,e022,0.3832
5,126,e023,0.3863
5,126,e024,0.3816
5,127,e001,0.3022
5,127,e002,0.3133
5,127,e003,0.3011
5,127,e004,0.2845
5,127,e005,0.3518
5,127,e006,0.3528
5,127,e007,0.3349
5,127,e008,0.2859
5,127,e009,0.3569
5,127,e010,0.2813
5,127,e011,0.3286
5,127,e012,0.2817
5,127,e013,0.3222
5,127,e014,0.3536
5,127,e015,0.2992
5,127,e016,0.3382
5,127,e017,0.3917
5,127,e018,0.3542
5,127,e019,0.301
5,127,e020,0.2976
5,127,e021,0.3498
5,127,e022,0.2882
5,127,e023,0.3186
5,127,e024,0.3667
5,128,e001,0.2731
5,128,e002,0.2535
5,128,e003,0.3134
5,128,e004,0.3784
5,128,e005,0.3161
5,128,e006,0.3368
5,128,e007,0.3243
5,128,e008,0.2815
5,128,e009,0.2694
5,128,e010,0.3681
5,128,e011,0.2938
5,128,e012,0.3007
5,128,e013,0.2965
5,128,e014,0.3031
5,128,e015,0.3395
5,128,e016,0.3142
5,128,e017,0.3391
5,128,e018,0.296
5,128,e019,0.2569
5,128,e020,0.2858
5,128,e021,0.2867
5,128,e022,0.2679
5,128,e023,0.293
5,128,e024,0.299
5,129,e001,0.296
5,129,e002,0.3447
5,129,e003,0.3327
5,129,e004,0.3413
5,129,e005,0.3253
5,129,e006,0.3708
5,129,e007,0.3057
5,129,e008,0.3161
5,129,e009,0.3414
5,129,e010,0.3995
5,129,e011,0.3917
5,129,e012,0.3813
5,129,e013,0.3095
5,129,e014,0.3153
5,129,e015,0.3826
5,129,e016,0.2748
5,129,e017,0.3773
5,129,e018,0.3152
5,129,e019,0.2868
5,129,e020,0.3664
5,129,e021,0.336
5,129,e022,0.3914
5,129,e023,0.3146
5,129,e024,0.2949
5,130,e001,0.3153
5,130,e002,0.3148
5,130,e003,0.2609
5,130,e004,0.3605
5,130,e005,0.3041
5,130,e006,0.3216
5,130,e007,0.3008
5,130,e008,0.2977
5,130,e009,0.2943
5,130,e010,0.2816
5,130,e011,0.3562
5,130,e012,0.3255
5,130,e013,0.3321
5,130,e014,0.2723
5,130,e015,0.2738
5,130,e016,0.293
5,130,e017,0.33
5,130,e018,0.2303
5,130,e019,0.3856
5,130,e020,0.3288
5,130,e021,0.3126
5,130,e022,0.2933
5,130,e023,0.2736
5,130,e024,0.3616
5,131,e001,0.3233
5,131,e002,0.3743
5,131,e003,0.3723
5,131,e004,0.3481
5,131,e005,0.3434
5,131,e006,0.378
5,131,e007,0.3174
5,131,e008,0.3602
5,131,e009,0.3041
5,131,e010,0.3002
5,131,e011,0.3383
5,131,e012,0.3244
5,131,e013,0.3515
5,131,e014,0.3158
5,131,e015,0.3237
5,131,e016,0.3826
5,131,e017,0.3403
5,131,e018,0.3683
5,131,e019,0.3473
5,131,e020,0.3436
5,131,e021,0.2909
5,131,e022,0.3745
5,131,e023,0.2628
5,131,e024,0.3339
5,132,e001,0.3389
5,132,e002,0.381
5,132,e003,0.3603
5,132,e004,0.3197
5,132,e005,0.3129
5,132,e006,0.3302
5,132,e007,0.3435
5,132,e008,0.2912
5,132,e009,0.3277
5,132,e010,0.3826
5,132,e011,0.3906
5,132,e012,0.3909
5,132,e013,0.3803
5,132,e014,0.3763
5,132,e015,0.4077
5,132,e016,0.3332
5,132,e017,0.312
5,132,e018,0.3678
5,132,e019,0.3661
5,132,e020,0.3607
5,132,e021,0.3162
5,132,e022,0.3246
5,132,e023,0.3184
5,132,e024,0.3579
5,133,e001,0.3362
5,133,e002,0.3516
5,133,e003,0.373
5,133,e004,0.2993
5,133,e005,0.321
5,133,e006,0.2946
5,133,e007,0.3859
5,133,e008,0.294
5,133,e009,0.3742
5,133,e010,0.3122
5,133,e011,0.3503
5,133,e012,0.3775
5,133,e013,0.3474
5,133,e014,0.4047
5,133,e015,0.2779
5,133,e016,0.3565
5,133,e017,0.3218
5,133,e018,0.3686
5,133,e019,0.3292
5,133,e020,0.361
5,133,e021,0.3336
5,133,e022,0.3601
5,133,e023,0.3605
5,133,e024,0.3814
5,134,e001,0.3016
5,134,e002,0.2694
5,134,e003,0.3584
5,134,e004,0.3158
5,134,e005,0.3169
5,134,e006,0.376
5,134,e007,0.3254
5,134,e008,0.2899
5,134,e009,0.3558
5,134,e010,0.3548
5,134,e011,0.3738
5,134,e012,0.3595
5,134,e013,0.2836
5,134,e014,0.3038
5,134,e015,0.4139
5,134,e016,0.3969
5,134,e017,0.3465
5,134,e018,0.3571
5,134,e019,0.3669
5,134,e020,0.3867
5,134,e021,0.35
5,134,e022,0.3327
5,134,e023,0.2695
5,134,e024,0.3756
5,135,e001,0.3318
5,135,e002,0.3123
5,135,e003,0.3006
5,135,e004,0.3652
5,135,e005,0.3566
5,135,e006,0.3704
5,135,e007,0.2956
5,135,e008,0.2906
5,135,e009,0.2781
5,135,e010,0.2957
5,135,e011,0.3315
5,135,e012,0.3011
5,135,e013,0.2945
5,135,e014,0.3642
5,135,e015,0.339
5,135,e016,0.3225
5,135,e017,0.3685
5,135,e018,0.3635
5,135,e019,0.3765
5,135,e020,0.3298
5,135,e021,0.3079
5,135,e022,0.3479
5,135,e023,0.3304
5,135,e024,0.3474
5,136,e001,0.3322
5,136,e002,0.282
5,136,e003,0.255
5,136,e004,0.3197
5,136,e005,0.3299
5,136,e006,0.3597
5,136,e007,0.2774
5,136,e008,0.3011
5,136,e009,0.2649
5,136,e010,0.3277
5,136,e011,0.36
5,136,e012,0.3695
5,136,e013,0.3492
5,136,e014,0.3143
5,136,e015,0.3553
5,136,e016,0.2495
5,136,e017,0.372
5,136,e018,0.3059
5,136,e019,0.2784
5,136,e020,0.3008
5,136,e021,0.3093
5,136,e022,0.3123
5,136,e023,0.2951
5,136,e024,0.2834
5,137,e001,0.353
5,137,e002,0.3169
5,137,e003,0.3355
5,137,e004,0.3087
5,137,e005,0.2947
5,137,e006,0.3071
5,137,e007,0.2841
5,137,e008,0.3662
5,137,e009,0.3012
5,137,e010,0.3052
5,137,e011,0.286
5,137,e012,0.3431
5,137,e013,0.3323
5,137,e014,0.3055
5,137,e015,0.3092
5,137,e016,0.3431
5,137,e017,0.3501
5,137,e018,0.2859
5,137,e019,0.3769
5,137,e020,0.266
5,137,e021,0.3469
5,137,e022,0.3264
5,137,e023,0.2849
5,137,e024,0.3233
5,138,e001,0.3096
5,138,e002,0.2791
5,138,e003,0.3565
5,138,e004,0.2963
5,138,e005,0.3674
5,138,e006,0.3663
5,138,e007,0.3001
5,138,e008,0.3744
5,138,e009,0.3484
5,138,e010,0.3824
5,138,e011,0.3149
5,138,e012,0.3655
5,138,e013,0.3599
5,138,e014,0.3802
5,138,e015,0.3053
5,138,e016,0.3817
5,138,e017,0.3598
5,138,e018,0.3453
5,138,e019,0.3825
5,138,e020,0.332
5,138,e021,0.4185
5,138,e022,0.335
5,138,e023,0.3233
5,138,e024,0.3691
5,139,e001,0.279
5,139,e002,0.3467
5,139,e003,0.3021
5,139,e004,0.3596
5,139,e005,0.3775
5,139,e006,0.355
5,139,e007,0.3383
5,139,e008,0.4062
5,139,e009,0.2622
5,139,e010,0.3201
5,139,e011,0.3246
5,139,e012,0.3243
5,139,e013,0.3768
5,139,e014,0.3587
5,139,e015,0.3553
5,139,e016,0.3586
5,139,e017,0.3507
5,139,e018,0.3736
5,139,e019,0.3998
5,139,e020,0.3046
5,139,e021,0.354
5,139,e022,0.2882
5,139,e023,0.3919
5,139,e024,0.3638
5,140,e001,0.3254
5,140,e002,0.3365
5,140,e003,0.3375
5,140,e004,0.318
5,140,e005,0.2796
5,140,e006,0.3019
5,140,e007,0.3697
5,140,e008,0.3531
5,140,e009,0.3277
5,140,e010,0.3263
5,140,e011,0.3502
5,140,e012,0.343
5,140,e013,0.3332
5,140,e014,0.3829
5,140,e015,0.3569
5,140,e016,0.3176
5,140,e017,0.2742
5,140,e018,0.2966
5,140,e019,0.3062
5,140,e020,0.3299
5,140,e021,0.3044
5,140,e022,0.385
5,140,e023,0.2975
5,140,e024,0.3756
5,141,e001,0.2276
5,141,e002,0.3262
5,141,e003,0.3228
5,141,e004,0.2986
5,141,e005,0.2864
5,141,e006,0.284
5,141,e007,0.2424
5,141,e008,0.3147
5,141,e009,0.3113
5,141,e010,0.2927
5,141,e011,0.3093
5,141,e012,0.265
5,141,e013,0.2917
5,141,e014,0.2212
5,141,e015,0.2935
5,141,e016,0.235
5,141,e017,0.3226
5,141,e018,0.2282
5,141,e019,0.2855
5,141,e020,0.3309
5,141,e021,0.2084
5,141,e022,0.2855
5,141,e023,0.2435
5,141,e024,0.2078
5,142,e001,0.2893
5,142,e002,0.3016
5,142,e003,0.2328
5,142,e004,0.3054
5,142,e005,0.3278
5,142,e006,0.2892
5,142,e007,0.2702
5,142,e008,0.2424
5,142,e009,0.325
5,142,e010,0.2363
5,142,e011,0.3259
5,142,e012,0.2511
5,142,e013,0.3112
5,142,e014,0.2705
5,142,e015,0.2614
5,142,e016,0.2988
5,142,e017,0.2476
5,142,e018,0.2305
5,142,e019,0.2454
5,142,e020,0.2734
5,142,e021,0.3111
5,142,e022,0.2701
5,142,e023,0.3171
5,142,e024,0.3262
5,143,e001,0.2758
5,143,e002,0.3199
5,143,e003,0.2773
5,143,e004,0.2413
5,143,e005,0.2577
5,143,e006,0.2686
5,143,e007,0.2641
5,143,e008,0.2484
5,143,e009,0.249
5,143,e010,0.222
5,143,e011,0.2606
5,143,e012,0.2124
5,143,e013,0.2227
5,143,e014,0.3067
5,143,e015,0.256
5,143,e016,0.2554
5,143,e017,0.2849
5,143,e018,0.3144
5,143,e019,0.2788
5,143,e020,0.2999
5,143,e021,0.206
5,143,e022,0.2941
5,143,e023,0.2942
5,143,e024,0.2436
5,144,e001,0.332
5,144,e002,0.3444
5,144,e003,0.2865
5,144,e004,0.3145
5,144,e005,0.3203
5,144,e006,0.2768
5,144,e007,0.3332
5,144,e008,0.2863
5,144,e009,0.3771
5,144,e010,0.3527
5,144,e011,0.2959
5,144,e012,0.3357
5,144,e013,0.3103
5,144,e014,0.3107
5,144,e015,0.2911
5,144,e016,0.2815
5,144,e017,0.3664
5,144,e018,0.3124
5,144,e019,0.3574
5,144,e020,0.3158
5,144,e021,0.3132
5,144,e022,0.2843
5,144,e023,0.2965
5,144,e024,0.3007
5,145,e001,0.3896
5,145,e002,0.3199
5,145,e003,0.2949
5,145,e004,0.3795
5,145,e005,0.3562
5,145,e006,0.3396
5,145,e007,0.3841
5,145,e008,0.3122
5,145,e009,0.3772
5,145,e010,0.3086
5,145,e011,0.3603
5,145,e012,0.3054
5,145,e013,0.3757
5,145,e014,0.3524
5,145,e015,0.3057
5,145,e016,0.3462
5,145,e017,0.3599
5,145,e018,0.3226
5,145,e019,0.2951
5,145,e020,0.3632
5,145,e021,0.3894
5,145,e022,0.3247
5,145,e023,0.3627
5,145,e024,0.3775
5,146,e001,0.2898
5,146,e002,0.3766
5,146,e003,0.3864
5,146,e004,0.3347
5,146,e005,0.4334
5,146,e006,0.359
5,146,e007,0.3526
5,146,e008,0.2944
5,146,e009,0.3604
5,146,e010,0.377
5,146,e011,0.3755
5,146,e012,0.3254
5,146,e013,0.3493
5,146,e014,0.3631
5,146,e015,0.3443
5,146,e016,0.3278
5,146,e017,0.3389
5,146,e018,0.3564
5,146,e019,0.2983
5,146,e020,0.3739
5,146,e021,0.32
5,146,e022,0.2989
5,146,e023,0.3663
5,146,e024,0.3211
5,147,e001,0.2466
5,147,e002,0.3926
5,147,e003,0.3606
5,147,e004,0.2697
5,147,e005,0.365
5,147,e006,0.3557
5,147,e007,0.304
5,147,e008,0.3168
5,147,e009,0.3347
5,147,e010,0.3044
5,147,e011,0.2871
5,147,e012,0.3079
5,147,e013,0.314
5,147,e014,0.2996
5,147,e015,0.2848
5,147,e016,0.3765
5,147,e017,0.3351
5,147,e018,0.3444
5,147,e019,0.3287
5,147,e020,0.3433
5,147,e021,0.3486
5,147,e022,0.2855
5,147,e023,0.3506
5,147,e024,0.2919
5,148,e001,0.3302
5,148,e002,0.3713
5,148,e003,0.3538
5,148,e004,0.3311
5,148,e005,0.312
5,148,e006,0.3337
5,148,e007,0.3199
5,148,e008,0.2898
5,148,e009,0.3567
5,148,e010,0.2545
5,148,e011,0.2874
5,148,e012,0.3149
5,148,e013,0.3035
5,148,e014,0.2815
5,148,e015,0.3146
5,148,e016,0.3048
5,148,e017,0.3136
5,148,e018,0.3072
5,148,e019,0.2865
5,148,e020,0.3135
5,148,e021,0.3223
5,148,e022,0.2775
5,148,e023,0.376
5,148,e024,0.2998
5,149,e001,0.3445
5,149,e002,0.3429
5,149,e003,0.339
5,149,e004,0.3666
5,149,e005,0.349
5,149,e006,0.4096
5,149,e007,0.412
5,149,e008,0.32
5,149,e009,0.3068
5,149,e010,0.3408
5,149,e011,0.3847
5,149,e012,0.3326
5,149,e013,0.3649
5,149,e014,0.3309
5,149,e015,0.3418
5,149,e016,0.3514
5,149,e017,0.3581
5,149,e018,0.3277
5,149,e019,0.3356
5,149,e020,0.3372
5,149,e021,0.3588
5,149,e022,0.339
5,149,e023,0.3302
5,149,e024,0.3451
5,150,e001,0.3055
5,150,e002,0.3208
5,150,e003,0.2946
5,150,e004,0.3035
5,150,e005,0.3071
5,150,e006,0.3076
5,150,e007,0.3434
5,150,e008,0.2987
5,150,e009,0.3375
5,150,e010,0.2808
5,150,e011,0.3223
5,150,e012,0.3195
5,150,e013,0.3252
5,150,e014,0.378
5,150,e015,0.3251
5,150,e016,0.3516
5,150,e017,0.357
5,150,e018,0.3222
5,150,e019,0.3422
5,150,e020,0.3442
5,150,e021,0.3743
5,150,e022,0.314
5,150,e023,0.3526
5,150,e024,0.2831
5,151,e001,0.2663
5,151,e002,0.3323
5,151,e003,0.3432
5,151,e004,0.3073
5,151,e005,0.2721
5,151,e006,0.3551
5,151,e007,0.329
5,151,e008,0.3562
5,151,e009,0.3739
5,151,e010,0.3357
5,151,e011,0.2997
5,151,e012,0.3641
5,151,e013,0.3199
5,151,e014,0.2904
5,151,e015,0.3143
5,151,e016,0.2713
5,151,e017,0.3331
5,151,e018,0.3368
5,151,e019,0.3046
5,151,e020,0.2931
5,151,e021,0.3763
5,151,e022,0.3243
5,151,e023,0.3537
5,151,e024,0.3404
5,152,e001,0.3115
5,152,e002,0.2799
5,152,e003,0.3346
5,152,e004,0.3369
5,152,e005,0.2879
5,152,e006,0.3668
5,152,e007,0.3381
5,152,e008,0.3233
5,152,e009,0.3575
5,152,e010,0.332
5,152,e011,0.3639
5,152,e012,0.3316
5,152,e013,0.3222
5,152,e014,0.2808
5,152,e015,0.3064
5,152,e016,0.3622
5,152,e017,0.3078
5,152,e018,0.3027
5,152,e019,0.3245
5,152,e020,0.3098
5,152,e021,0.3509
5,152,e022,0.3066
5,152,e023,0.357
5,152,e024,0.3592
5,153,e001,0.3512
5,153,e002,0.3325
5,153,e003,0.3534
5,153,e004,0.3742
5,153,e005,0.345
5,153,e006,0.2857
5,153,e007,0.3522
5,153,e008,0.3372
5,153,e009,0.358
5,153,e010,0.3
5,153,e011,0.3102
5,153,e012,0.3228
5,153,e013,0.3785
5,153,e014,0.3626
5,153,e015,0.3655
5,153,e016,0.3371
5,153,e017,0.3268
5,153,e018,0.3053
5,153,e019,0.3288
5,153,e020,0.3717
5,153,e021,0.3712
5,153,e022,0.333
5,153,e023,0.3196
5,153,e024,0.3483
5,154,e001,0.3221
5,154,e002,0.3291
5,154,e003,0.3333
5,154,e004,0.3741
5,154,e005,0.3086
5,154,e006,0.3809
5,154,e007,0.3816
5,154,e008,0.3399
5,154,e009,0.4135
5,154,e010,0.3647
5,154,e011,0.3876
5,154,e012,0.3538
5,154,e013,0.3174
5,154,e014,0.323
5,154,e015,0.3603
5,154,e016,0.3758
5,154,e017,0.3523
5,154,e018,0.3951
5,154,e019,0.3278
5,154,e020,0.266
5,154,e021,0.3157
5,154,e022,0.3324
5,154,e023,0.3296
5,154,e024,0.382
5,155,e001,0.3632
5,155,e002,0.3277
5,155,e003,0.3371
5,155,e004,0.3452
5,155,e005,0.3434
5,155,e006,0.3357
5,155,e007,0.2862
5,155,e008,0.3046
5,155,e009,0.331
5,155,e010,0.3658
5,155,e011,0.3247
5,155,e012,0.3508
5,155,e013,0.3118
5,155,e014,0.2555
5,155,e015,0.3263
5,155,e016,0.3186
5,155,e017,0.369
5,155,e018,0.3467
5,155,e019,0.3043
5,155,e020,0.363
5,155,e021,0.2964
5,155,e022,0.4008
5,155,e023,0.3899
5,155,e024,0.2673
5,156,e001,0.3683
5,156,e002,0.3669
5,156,e003,0.3826
5,156,e004,0.3302
5,156,e005,0.3223
5,156,e006,0.3677
5,156,e007,0.3851
5,156,e008,0.3458
5,156,e009,0.389
5,156,e010,0.3251
5,156,e011,0.3786
5,156,e012,0.3485
5,156,e013,0.3095
5,156,e014,0.3988
5,156,e015,0.3774
5,156,e016,0.388
5,156,e017,0.3564
5,156,e018,0.2935
5,156,e019,0.2979
5,156,e020,0.3813
5,156,e021,0.3634
5,156,e022,0.3417
5,156,e023,0.3575
5,156,e024,0.3727
5,157,e001,0.3524
5,157,e002,0.4225
5,157,e003,0.3558
5,157,e004,0.3888
5,157,e005,0.3527
5,157,e006,0.3556
5,157,e007,0.3405
5,157,e008,0.416
5,157,e009,0.3611
5,157,e010,0.4237
5,157,e011,0.3396
5,157,e012,0.3943
5,157,e013,0.3729
5,157,e014,0.3813
5,157,e015,0.3256
5,157,e016,0.3142
5,157,e017,0.3494
5,157,e018,0.3956
5,157,e019,0.4039
5,157,e020,0.3649
5,157,e021,0.3738
5,157,e022,0.4515
5,157,e023,0.3233
5,157,e024,0.3105
5,158,e001,0.423
5,158,e002,0.3842
5,158,e003,0.4349
5,158,e004,0.3459
5,158,e005,0.3909
5,158,e006,0.3362
5,158,e007,0.3151
5,158,e008,0.3874
5,158,e009,0.4222
5,158,e010,0.369
5,158,e011,0.3274
5,158,e012,0.3468
5,158,e013,0.2858
5,158,e014,0.3295
5,158,e015,0.2962
5,158,e016,0.3783
5,158,e017,0.4333
5,158,e018,0.3666
5,158,e019,0.44
5,158,e020,0.3817
5,158,e021,0.3411
5,158,e022,0.3653
5,158,e023,0.3335
5,158,e024,0.3755
5,159,e001,0.405
5,159,e002,0.4037
5,159,e003,0.3895
5,159,e004,0.3239
5,159,e005,0.3844
5,159,e006,0.3982
5,159,e007,0.3567
5,159,e008,0.4264
5,159,e009,0.3922
5,159,e010,0.3372
5,159,e011,0.3537
5,159,e012,0.4276
5,159,e013,0.3429
5,159,e014,0.3927
5,159,e015,0.4285
5,159,e016,0.3617
5,159,e017,0.3358
5,159,e018,0.4171
5,159,e019,0.4186
5,159,e020,0.4012
5,159,e021,0.3943
5,159,e022,0.3735
5,159,e023,0.4281
5,159,e024,0.4355
5,160,e001,0.3967
5,160,e002,0.3391
5,160,e003,0.3472
5,160,e004,0.3558
5,160,e005,0.3824
5,160,e006,0.3875
5,160,e007,0.3196
5,160,e008,0.3413
5,160,e009,0.3612
5,160,e010,0.3485
5,160,e011,0.3922
5,160,e012,0.3381
5,160,e013,0.4003
5,160,e014,0.4017
5,160,e015,0.4002
5,160,e016,0.3742
5,160,e017,0.4414
5,160,e018,0.3788
5,160,e019,0.3341
5,160,e020,0.3838
5,160,e021,0.402
5,160,e022,0.3208
5,160,e023,0.4008
5,160,e024,0.3881
5,161,e001,0.3744
5,161,e002,0.3257
5,161,e003,0.3889
5,161,e004,0.3937
5,161,e005,0.3188
5,161,e006,0.3944
5,161,e007,0.3365
5,161,e008,0.3482
5,161,e009,0.3681
5,161,e010,0.4577
5,161,e011,0.392
5,161,e012,0.3337
5,161,e013,0.3443
5,161,e014,0.387
5,161,e015,0.3373
5,161,e016,0.3378
5,161,e017,0.3233
5,161,e018,0.3386
5,161,e019,0.3817
5,161,e020,0.3912
5,161,e021,0.3083
5,161,e022,0.4035
5,161,e023,0.3708
5,161,e024,0.4101
5,162,e001,0.3972
5,162,e002,0.3244
5,162,e003,0.4059
5,162,e004,0.3193
5,162,e005,0.3246
5,162,e006,0.3503
5,162,e007,0.3522
5,162,e008,0.321
5,162,e009,0.3427
5,162,e010,0.3184
5,162,e011,0.3533
5,162,e012,0.2971
5,162,e013,0.3326
5,162,e014,0.3545
5,162,e015,0.3397
5,162,e016,0.3371
5,162,e017,0.3671
5,162,e018,0.3081
5,162,e019,0.3542
5,162,e020,0.3498
5,162,e021,0.3384
5,162,e022,0.3396
5,162,e023,0.2992
5,162,e024,0.2661
5,163,e001,0.3878
5,163,e002,0.328
5,163,e003,0.3336
5,163,e004,0.319
5,163,e005,0.3746
5,163,e006,0.3439
5,163,e007,0.3766
5,163,e008,0.3199
5,163,e009,0.2997
5,163,e010,0.3283
5,163,e011,0.3494
5,163,e012,0.347
5,163,e013,0.3804
5,163,e014,0.3508
5,163,e015,0.3137
5,163,e016,0.3516
5,163,e017,0.3235
5,163,e018,0.3284
5,163,e019,0.3329
5,163,e020,0.3201
5,163,e021,0.3974
5,163,e022,0.313
5,163,e023,0.3306
5,163,e024,0.3739
5,164,e001,0.3918
5,164,e002,0.3501
5,164,e003,0.3626
5,164,e004,0.3771
5,164,e005,0.3828
5,164,e006,0.3224
5,164,e007,0.3922
5,164,e008,0.3261
5,164,e009,0.3455
5,164,e010,0.3889
5,164,e011,0.4199
5,164,e012,0.4052
5,164,e013,0.3923
5,164,e014,0.3424
5,164,e015,0.3083
5,164,e016,0.369
5,164,e017,0.3822
5,164,e018,0.3229
5,164,e019,0.3264
5,164,e020,0.3662
5,164,e021,0.3439
5,164,e022,0.2977
5,164,e023,0.3443
5,164,e024,0.3748
5,165,e001,0.4447
5,165,e002,0.3566
5,165,e003,0.3718
5,165,e004,0.3971
5,165,e005,0.3182
5,165,e006,0.3627
5,165,e007,0.3618
5,165,e008,0.3558
5,165,e009,0.3504
5,165,e010,0.3321
5,165,e011,0.3836
5,165,e012,0.3726
5,165,e013,0.4176
5,165,e014,0.3491
5,165,e015,0.3142
5,165,e016,0.3882
5,165,e017,0.3829
5,165,e018,0.3744
5,165,e019,0.3812
5,165,e020,0.4002
5,165,e021,0.3538
5,165,e022,0.368
5,165,e023,0.3629
5,165,e024,0.3528
5,166,e001,0.3528
5,166,e002,0.3683
5,166,e003,0.3486
5,166,e004,0.4034
5,166,e005,0.3603
5,166,e006,0.3274
5,166,e007,0.3967
5,166,e008,0.4287
5,166,e009,0.3857
5,166,e010,0.4231
5,166,e011,0.4053
5,166,e012,0.4416
5,166,e013,0.414
5,166,e014,0.3425
5,166,e015,0.3992
5,166,e016,0.4386
5,166,e017,0.4223
5,166,e018,0.3941
5,166,e019,0.4052
5,166,e020,0.3255
5,166,e021,0.3592
5,166,e022,0.3955
5,166,e023,0.4175
5,166,e024,0.4059
5,167,e001,0.4238
5,167,e002,0.3373
5,167,e003,0.4164
5,167,e004,0.4329
5,167,e005,0.3901
5,167,e006,0.3876
5,167,e007,0.3427
5,167,e008,0.371
5,167,e009,0.3501
5,167,e010,0.4241
5,167,e011,0.4362
5,167,e012,0.4096
5,167,e013,0.3713
5,167,e014,0.3494
5,167,e015,0.3958
5,167,e016,0.3773
5,167,e017,0.4013
5,167,e018,0.3823
5,167,e019,0.3773
5,167,e020,0.3541
5,167,e021,0.3019
5,167,e022,0.3385
5,167,e023,0.3941
5,167,e024,0.3934
5,168,e001,0.4015
5,168,e002,0.3313
5,168,e003,0.4093
5,168,e004,0.4099
5,168,e005,0.3961
5,168,e006,0.3463
5,168,e007,0.4111
5,168,e008,0.3174
5,168,e009,0.381
5,168,e010,0.309
5,168,e011,0.3494
5,168,e012,0.4243
5,168,e013,0.3833
5,168,e014,0.3461
5,168,e015,0.4255
5,168,e016,0.3653
5,168,e017,0.3732
5,168,e018,0.3522
5,168,e019,0.3741
5,168,e020,0.2714
5,168,e021,0.3909
5,168,e022,0.2956
5,168,e023,0.3598
5,168,e024,0.3534
5,169,e001,0.3138
5,169,e002,0.4183
5,169,e003,0.3027
5,169,e004,0.3191
5,169,e005,0.4142
5,169,e006,0.3815
5,169,e007,0.4108
5,169,e008,0.363
5,169,e009,0.3209
5,169,e010,0.3248
5,169,e011,0.3199
5,169,e012,0.3605
5,169,e013,0.2857
5,169,e014,0.3847
5,169,e015,0.3347
5,169,e016,0.3336
5,169,e017,0.3205
5,169,e018,0.3297
5,169,e019,0.3863
5,169,e020,0.3665
5,169,e021,0.3548
5,169,e022,0.3289
5,169,e023,0.3483
5,169,e024,0.3245
5,170,e001,0.4006
5,170,e002,0.3337
5,170,e003,0.3235
5,170,e004,0.4289
5,170,e005,0.3255
5,170,e006,0.3384
5,170,e007,0.3477
5,170,e008,0.4079
5,170,e009,0.3285
5,170,e010,0.3899
5,170,e011,0.3928
5,170,e012,0.4181
5,170,e013,0.3498
5,170,e014,0.3631
5,170,e015,0.411
5,170,e016,0.4394
5,170,e017,0.3884
5,170,e018,0.3444
5,170,e019,0.3491
5,170,e020,0.3513
5,170,e021,0.4544
5,170,e022,0.3739
5,170,e023,0.3473
5,170,e024,0.4051
5,171,e001,0.3606
5,171,e002,0.341
5,171,e003,0.3054
5,171,e004,0.3633
5,171,e005,0.3847
5,171,e006,0.3667
5,171,e007,0.359
5,171,e008,0.3451
5,171,e009,0.342
5,171,e010,0.3433
5,171,e011,0.361
5,171,e012,0.3813
5,171,e013,0.3809
5,171,e014,0.3399
5,171,e015,0.3752
5,171,e016,0.3619
5,171,e017,0.3679
5,171,e018,0.3606
5,171,e019,0.3661
5,171,e020,0.3813
5,171,e021,0.3055
5,171,e022,0.3799
5,171,e023,0.3937
5,171,e024,0.3581
5,172,e001,0.4225
5,172,e002,0.4659
5,172,e003,0.3493
5,172,e004,0.3965
5,172,e005,0.3959
5,172,e006,0.342
5,172,e007,0.4332
5,172,e008,0.3714
5,172,e009,0.3629
5,172,e010,0.3794
5,172,e011,0.3885
5,172,e012,0.3817
5,172,e013,0.4167
5,172,e014,0.3843
5,172,e015,0.357
5,172,e016,0.3813
5,172,e017,0.3859
5,172,e018,0.3671
5,172,e019,0.3635
5,172,e020,0.3786
5,172,e021,0.3601
5,172,e022,0.3842
5,172,e023,0.3846
5,172,e024,0.3867
5,173,e001,0.3782
5,173,e002,0.3453
5,173,e003,0.3686
5,173,e004,0.3938
5,173,e005,0.3966
5,173,e006,0.3391
5,173,e007,0.316
5,173,e008,0.3704
5,173,e009,0.3517
5,173,e010,0.3002
5,173,e011,0.3908
5,173,e012,0.4111
5,173,e013,0.3216
5,173,e014,0.3044
5,173,e015,0.3033
5,173,e016,0.305
5,173,e017,0.3662
5,173,e018,0.3695
5,173,e019,0.3466
5,173,e020,0.3384
5,173,e021,0.3206
5,173,e022,0.3592
5,173,e023,0.3051
5,173,e024,0.3099
5,174,e001,0.3578
5,174,e002,0.3483
5,174,e003,0.3422
5,174,e004,0.3971
5,174,e005,0.4135
5,174,e006,0.4063
5,174,e007,0.3573
5,174,e008,0.4077
5,174,e009,0.3982
5,174,e010,0.4087
5,174,e011,0.415
5,174,e012,0.4103
5,174,e013,0.3412
5,174,e014,0.3842
5,174,e015,0.3316
5,174,e016,0.419
5,174,e017,0.351
5,174,e018,0.4536
5,174,e019,0.322
5,174,e020,0.4385
5,174,e021,0.4149
5,174,e022,0.3917
5,174,e023,0.4006
5,174,e024,0.3635
5,175,e001,0.3978
5,175,e002,0.4072
5,175,e003,0.4096
5,175,e004,0.4528
5,175,e005,0.4497
5,175,e006,0.395
5,175,e007,0.3929
5,175,e008,0.3613
5,175,e009,0.4321
5,175,e010,0.4376
5,175,e011,0.4473
5,175,e012,0.4213
5,175,e013,0.4183
5,175,e014,0.3592
5,175,e015,0.3922
5,175,e016,0.4503
5,175,e017,0.4546
5,175,e018,0.4476
5,175,e019,0.3997
5,175,e020,0.4647
5,175,e021,0.3774
5,175,e022,0.3831
5,175,e023,0.414
5,175,e024,0.4303
5,176,e001,0.3265
5,176,e002,0.3397
5,176,e003,0.3799
5,176,e004,0.3638
5,176,e005,0.3111
5,176,e006,0.3341
5,176,e007,0.2677
5,176,e008,0.3673
5,176,e009,0.3897
5,176,e010,0.3284
5,176,e011,0.3167
5,176,e012,0.3303
5,176,e013,0.3442
5,176,e014,0.3239
5,176,e015,0.3274
5,176,e016,0.3425
5,176,e017,0.3472
5,176,e018,0.291
5,176,e019,0.3109
5,176,e020,0.3893
5,176,e021,0.3601
5,176,e022,0.3143
5,176,e023,0.3437
5,176,e024,0.3823
5,177,e001,0.4006
5,177,e002,0.4637
5,177,e003,0.3705
5,177,e004,0.456
5,177,e005,0.4719
5,177,e006,0.4349
5,177,e007,0.4623
5,177,e008,0.3808
5,177,e009,0.3791
5,177,e010,0.4504
5,177,e011,0.4157
5,177,e012,0.441
5,177,e013,0.4778
5,177,e014,0.4624
5,177,e015,0.3944
5,177,e016,0.4136
5,177,e017,0.4299
5,177,e018,0.3682
5,177,e019,0.452
5,177,e020,0.4718
5,177,e021,0.411
5,177,e022,0.3912
5,177,e023,0.4405
5,177,e024,0.4895
5,178,e001,0.3566
5,178,e002,0.3268
5,178,e003,0.3325
5,178,e004,0.3493
5,178,e005,0.3485
5,178,e006,0.3833
5,178,e007,0.3879
5,178,e008,0.3983
5,178,e009,0.4073
5,178,e010,0.3718
5,178,e011,0.4179
5,178,e012,0.3454
5,178,e013,0.4066
5,178,e014,0.4185
5,178,e015,0.4052
5,178,e016,0.3406
5,178,e017,0.3769
5,178,e018,0.3649
5,178,e019,0.3682
5,178,e020,0.3838
5,178,e021,0.4103
5,178,e022,0.3708
5,178,e023,0.3784
5,178,e024,0.3557
5,179,e001,0.3507
5,179,e002,0.3673
5,179,e003,0.4335
5,179,e004,0.3664
5,179,e005,0.3956
5,179,e006,0.385
5,179,e007,0.3619
5,179,e008,0.3826
5,179,e009,0.3994
5,179,e010,0.4097
5,179,e011,0.4136
5,179,e012,0.3731
5,179,e013,0.436
5,179,e014,0.3528
5,179,e015,0.4079
5,179,e016,0.4245
5,179,e017,0.4321
5,179,e018,0.3639
5,179,e019,0.366
5,179,e020,0.4358
5,179,e021,0.35
5,179,e022,0.4436
5,179,e023,0.4405
5,179,e024,0.3912
5,180,e001,0.4144
5,180,e002,0.3484
5,180,e003,0.4377
5,180,e004,0.3774
5,180,e005,0.3417
5,180,e006,0.4262
5,180,e007,0.4447
5,180,e008,0.5485
5,180,e009,0.4944
5,180,e010,0.5534
5,180,e011,0.5619
5,180,e012,0.4963
5,180,e013,0.3413
5,180,e014,0.4281
5,180,e015,0.4045
5,180,e016,0.3729
5,180,e017,0.3754
5,180,e018,0.3799
5,180,e019,0.3666
5,180,e020,0.4318
5,180,e021,0.4238
5,180,e022,0.3257
5,180,e023,0.394
5,180,e024,0.3692
5,181,e001,0.4178
5,181,e002,0.4108
5,181,e003,0.3689
5,181,e004,0.357
5,181,e005,0.4218
5,181,e006,0.4083
5,181,e007,0.4738
5,181,e008,0.529
5,181,e009,0.4699
5,181,e010,0.4977
5,181,e011,0.5619
5,181,e012,0.5312
5,181,e013,0.373
5,181,e014,0.4231
5,181,e015,0.4487
5,181,e016,0.3584
5,181,e017,0.4089
5,181,e018,0.4252
5,181,e019,0.4495
5,181,e020,0.3988
5,181,e021,0.424
5,181,e022,0.3993
5,181,e023,0.3655
5,181,e024,0.4125
5,182,e001,0.3825
5,182,e002,0.3708
5,182,e003,0.4536
5,182,e004,0.3984
5,182,e005,0.411
5,182,e006,0.4117
5,182,e007,0.5177
5,182,e008,0.5308
5,182,e009,0.5778
5,182,e010,0.563
5,182,e011,0.5408
5,182,e012,0.509
5,182,e013,0.4309
5,182,e014,0.4876
5,182,e015,0.3776
5,182,e016,0.3603
5,182,e017,0.403
5,182,e018,0.3796
5,182,e019,0.4462
5,182,e020,0.4095
5,182,e021,0.3871
5,182,e022,0.3552
5,182,e023,0.3899
5,182,e024,0.3684
5,183,e001,0.4328
5,183,e002,0.4299
5,183,e003,0.419
5,183,e004,0.4091
5,183,e005,0.4547
5,183,e006,0.4404
5,183,e007,0.4827
5,183,e008,0.6022
5,183,e009,0.5923
5,183,e010,0.5293
5,183,e011,0.505
5,183,e012,0.5482
5,183,e013,0.3931
5,183,e014,0.3644
5,183,e015,0.3846
5,183,e016,0.4145
5,183,e017,0.4101
5,183,e018,0.4541
5,183,e019,0.4231
5,183,e020,0.4055
5,183,e021,0.4584
5,183,e022,0.443
5,183,e023,0.4244
5,183,e024,0.4045
5,184,e001,0.3788
5,184,e002,0.4293
5,184,e003,0.3892
5,184,e004,0.4238
5,184,e005,0.4943
5,184,e006,0.4123
5,184,e007,0.5671
5,184,e008,0.4931
5,184,e009,0.5615
5,184,e010,0.4725
5,184,e011,0.5474
5,184,e012,0.555
5,184,e013,0.4357
5,184,e014,0.4142
5,184,e015,0.4268
5,184,e016,0.3747
5,184,e017,0.3857
5,184,e018,0.3827
5,184,e019,0.3891
5,184,e020,0.4435
5,184,e021,0.4009
5,184,e022,0.3818
5,184,e023,0.4494
5,184,e024,0.4066
5,185,e001,0.4811
5,185,e002,0.4221
5,185,e003,0.4022
5,185,e004,0.4165
5,185,e005,0.4307
5,185,e006,0.4604
5,185,e007,0.537
5,185,e008,0.4924
5,185,e009,0.6032
5,185,e010,0.6279
5,185,e011,0.5847
5,185,e012,0.5852
5,185,e013,0.4237
5,185,e014,0.4156
5,185,e015,0.4338
5,185,e016,0.4339
5,185,e017,0.4599
5,185,e018,0.4636
5,185,e019,0.4866
5,185,e020,0.3965
5,185,e021,0.4722
5,185,e022,0.4451
5,185,e023,0.4163
5,185,e024,0.4217
5,186,e001,0.3477
5,186,e002,0.3116
5,186,e003,0.3926
5,186,e004,0.3431
5,186,e005,0.3872
5,186,e006,0.3517
5,186,e007,0.5176
5,186,e008,0.5033
5,186,e009,0.5573
5,186,e010,0.5178
5,186,e011,0.5144
5,186,e012,0.4554
5,186,e013,0.414
5,186,e014,0.3762
5,186,e015,0.4418
5,186,e016,0.4001
5,186,e017,0.3819
5,186,e018,0.3557
5,186,e019,0.3869
5,186,e020,0.3842
5,186,e021,0.4173
5,186,e022,0.3374
5,186,e023,0.4182
5,186,e024,0.4307
5,187,e001,0.4505
5,187,e002,0.4256
5,187,e003,0.4207
5,187,e004,0.3841
5,187,e005,0.4062
5,187,e006,0.3567
5,187,e007,0.5002
5,187,e008,0.5521
5,187,e009,0.5411
5,187,e010,0.601
5,187,e011,0.5383
5,187,e012,0.5253
5,187,e013,0.4241
5,187,e014,0.3848
5,187,e015,0.3827
5,187,e016,0.3652
5,187,e017,0.4227
5,187,e018,0.4387
5,187,e019,0.3934
5,187,e020,0.3681
5,187,e021,0.3812
5,187,e022,0.4199
5,187,e023,0.3904
5,187,e024,0.3983
5,188,e001,0.4151
5,188,e002,0.4252
5,188,e003,0.44
5,188,e004,0.4197
5,188,e005,0.457
5,188,e006,0.403
5,188,e007,0.4829
5,188,e008,0.5143
5,188,e009,0.5293
5,188,e010,0.5709
5,188,e011,0.5117
5,188,e012,0.5824
5,188,e013,0.442
5,188,e014,0.416
5,188,e015,0.4419
5,188,e016,0.426
5,188,e017,0.3854
5,188,e018,0.4605
5,188,e019,0.3981
5,188,e020,0.3826
5,188,e021,0.3973
5,188,e022,0.3632
5,188,e023,0.4412
5,188,e024,0.3921
5,189,e001,0.4729
5,189,e002,0.468
5,189,e003,0.4654
5,189,e004,0.4175
5,189,e005,0.4381
5,189,e006,0.4152
5,189,e007,0.5174
5,189,e008,0.56
5,189,e009,0.5236
5,189,e010,0.5486
5,189,e011,0.5592
5,189,e012,0.5677
5,189,e013,0.4771
5,189,e014,0.4901
5,189,e015,0.4015
5,189,e016,0.4012
5,189,e017,0.3946
5,189,e018,0.4489
5,189,e019,0.4273
5,189,e020,0.4372
5,189,e021,0.3818
5,189,e022,0.4465
5,189,e023,0.48
5,189,e024,0.4438
5,190,e001,0.4337
5,190,e002,0.3805
5,190,e003,0.4337
5,190,e004,0.4112
5,190,e005,0.36
5,190,e006,0.3771
5,190,e007,0.5015
5,190,e008,0.5768
5,190,e009,0.4806
5,190,e010,0.5629
5,190,e011,0.5499
5,190,e012,0.5771
5,190,e013,0.3934
5,190,e014,0.4081
5,190,e015,0.3922
5,190,e016,0.4319
5,190,e017,0.4368
5,190,e018,0.413
5,190,e019,0.3834
5,190,e020,0.4009
5,190,e021,0.4317
5,190,e022,0.372
5,190,e023,0.4208
5,190,e024,0.362
5,191,e001,0.4627
5,191,e002,0.4314
5,191,e003,0.4121
5,191,e004,0.4401
5,191,e005,0.4738
5,191,e006,0.463
5,191,e007,0.5132
5,191,e008,0.4704
5,191,e009,0.5772
5,191,e010,0.567
5,191,e011,0.5489
5,191,e012,0.523
5,191,e013,0.4234
5,191,e014,0.407
5,191,e015,0.3779
5,191,e016,0.3693
5,191,e017,0.3779
5,191,e018,0.3854
5,191,e019,0.4441
5,191,e020,0.4181
5,191,e021,0.3687
5,191,e022,0.4315
5,191,e023,0.4646
5,191,e024,0.408
5,192,e001,0.4531
5,192,e002,0.4437
5,192,e003,0.4366
5,192,e004,0.4487
5,192,e005,0.447
5,192,e006,0.4613
5,192,e007,0.5356
5,192,e008,0.5278
5,192,e009,0.5128
5,192,e010,0.5559
5,192,e011,0.5966
5,192,e012,0.5522
5,192,e013,0.4495
5,192,e014,0.4767
5,192,e015,0.4333
5,192,e016,0.4792
5,192,e017,0.4332
5,192,e018,0.4848
5,192,e019,0.4382
5,192,e020,0.4561
5,192,e021,0.3956
5,192,e022,0.4568
5,192,e023,0.4983
5,192,e024,0.4833
5,193,e001,0.4692
5,193,e002,0.4421
5,193,e003,0.4024
5,193,e004,0.44
5,193,e005,0.4406
5,193,e006,0.5169
5,193,e007,0.6376
5,193,e008,0.573
5,193,e009,0.5741
5,193,e010,0.5609
5,193,e011,0.6094
5,193,e012,0.5399
5,193,e013,0.4952
5,193,e014,0.4798
5,193,e015,0.4242
5,193,e016,0.4461
5,193,e017,0.436
5,193,e018,0.4196
5,193,e019,0.4351
5,193,e020,0.4056
5,193,e021,0.4215
5,193,e022,0.4486
5,193,e023,0.3958
5,193,e024,0.4571
5,194,e001,0.4644
5,194,e002,0.4494
5,194,e003,0.4157
5,194,e004,0.4441
5,194,e005,0.4234
5,194,e006,0.469
5,194,e007,0.5264
5,194,e008,0.6151
5,194,e009,0.5963
5,194,e010,0.5863
5,194,e011,0.5994
5,194,e012,0.6086
5,194,e013,0.3743
5,194,e014,0.4793
5,194,e015,0.4795
5,194,e016,0.4191
5,194,e017,0.4341
5,194,e018,0.4005
5,194,e019,0.4484
5,194,e020,0.4609
5,194,e021,0.4038
5,194,e022,0.4359
5,194,e023,0.395
5,194,e024,0.4624
5,195,e001,0.3912
5,195,e002,0.4167
5,195,e003,0.3921
5,195,e004,0.4185
5,195,e005,0.4392
5,195,e006,0.4447
5,195,e007,0.5013
5,195,e008,0.518
5,195,e009,0.5051
5,195,e010,0.4882
5,195,e011,0.561
5,195,e012,0.6089
5,195,e013,0.381
5,195,e014,0.4125
5,195,e015,0.4388
5,195,e016,0.454
5,195,e017,0.4336
5,195,e018,0.4609
5,195,e019,0.4851
5,195,e020,0.4379
5,195,e021,0.4416
5,195,e022,0.4363
5,195,e023,0.4235
5,195,e024,0.4218
5,196,e001,0.3797
5,196,e002,0.3791
5,196,e003,0.392
5,196,e004,0.4519
5,196,e005,0.4701
5,196,e006,0.4275
5,196,e007,0.5688
5,196,e008,0.5994
5,196,e009,0.5938
5,196,e010,0.5316
5,196,e011,0.5782
5,196,e012,0.6093
5,196,e013,0.4229
5,196,e014,0.448
5,196,e015,0.4205
5,196,e016,0.3985
5,196,e017,0.4375
5,196,e018,0.4809
5,196,e019,0.4153
5,196,e020,0.3988
5,196,e021,0.4147
5,196,e022,0.4148
5,196,e023,0.4985
5,196,e024,0.4875
5,197,e001,0.4452
5,197,e002,0.497
5,197,e003,0.5302
5,197,e004,0.464
5,197,e005,0.474
5,197,e006,0.4627
5,197,e007,0.5864
5,197,e008,0.6458
5,197,e009,0.5823
5,197,e010,0.5729
5,197,e011,0.5518
5,197,e012,0.5595
5,197,e013,0.4423
5,197,e014,0.4464
5,197,e015,0.4683
5,197,e016,0.4294
5,197,e017,0.4903
5,197,e018,0.3985
5,197,e019,0.4399
5,197,e020,0.5103
5,197,e021,0.4887
5,197,e022,0.4613
5,197,e023,0.4129
5,197,e024,0.5225
5,198,e001,0.416
5,198,e002,0.4129
5,198,e003,0.414
5,198,e004,0.4217
5,198,e005,0.4893
5,198,e006,0.3899
5,198,e007,0.6106
5,198,e008,0.5404
5,198,e009,0.581
5,198,e010,0.5629
5,198,e011,0.5332
5,198,e012,0.5387
5,198,e013,0.4836
5,198,e014,0.4662
5,198,e015,0.4944
5,198,e016,0.4977
5,198,e017,0.3936
5,198,e018,0.493
5,198,e019,0.4238
5,198,e020,0.3979
5,198,e021,0.4828
5,198,e022,0.4855
5,198,e023,0.4785
5,198,e024,0.4128
5,199,e001,0.4525
5,199,e002,0.4284
5,199,e003,0.4104
5,199,e004,0.4372
5,199,e005,0.4309
5,199,e006,0.4164
5,199,e007,0.556
5,199,e008,0.6157
5,199,e009,0.5715
5,199,e010,0.6193
5,199,e011,0.6482
5,199,e012,0.6173
5,199,e013,0.4834
5,199,e014,0.424
5,199,e015,0.4597
5,199,e016,0.4889
5,199,e017,0.4816
5,199,e018,0.4621
5,199,e019,0.4955
5,199,e020,0.4847
5,199,e021,0.4035
5,199,e022,0.4588
5,199,e023,0.5044
5,199,e024,0.4346
5,200,e001,0.4773
5,200,e002,0.4797
5,200,e003,0.433
5,200,e004,0.4607
5,200,e005,0.4588
5,200,e006,0.4681
5,200,e007,0.8159
5,200,e008,0.7444
5,200,e009,0.8089
5,200,e010,0.8196
5,200,e011,0.7781
5,200,e012,0.7819
5,200,e013,0.453
5,200,e014,0.4175
5,200,e015,0.489
5,200,e016,0.4353
5,200,e017,0.4571
5,200,e018,0.4578
5,200,e019,0.469
5,200,e020,0.4362
5,200,e021,0.5222
5,200,e022,0.4592
5,200,e023,0.4761
5,200,e024,0.4341
5,201,e001,0.4791
5,201,e002,0.4607
5,201,e003,0.4738
5,201,e004,0.4652
5,201,e005,0.5018
5,201,e006,0.5423
5,201,e007,0.8562
5,201,e008,0.7988
5,201,e009,0.7937
5,201,e010,0.865
5,201,e011,0.7723
5,201,e012,0.8259
5,201,e013,0.5038
5,201,e014,0.4494
5,201,e015,0.5096
5,201,e016,0.5286
5,201,e017,0.4668
5,201,e018,0.5067
5,201,e019,0.4219
5,201,e020,0.4561
5,201,e021,0.5044
5,201,e022,0.4266
5,201,e023,0.4846
5,201,e024,0.5239
5,202,e001,0.442
5,202,e002,0.4548
5,202,e003,0.4643
5,202,e004,0.4855
5,202,e005,0.4283
5,202,e006,0.4413
5,202,e007,0.7722
5,202,e008,0.7395
5,202,e009,0.7306
5,202,e010,0.7321
5,202,e011,0.8075
5,202,e012,0.7947
5,202,e013,0.4722
5,202,e014,0.4352
5,202,e015,0.4974
5,202,e016,0.4529
5,202,e017,0.4136
5,202,e018,0.4183
5,202,e019,0.478
5,202,e020,0.4934
5,202,e021,0.4329
5,202,e022,0.4206
5,202,e023,0.411
5,202,e024,0.4813
5,203,e001,0.4284
5,203,e002,0.4364
5,203,e003,0.5069
5,203,e004,0.4219
5,203,e005,0.4763
5,203,e006,0.4461
5,203,e007,0.8135
5,203,e008,0.7263
5,203,e009,0.7332
5,203,e010,0.8051
5,203,e011,0.7532
5,203,e012,0.7377
5,203,e013,0.4111
5,203,e014,0.4708
5,203,e015,0.5031
5,203,e016,0.3722
5,203,e017,0.4342
5,203,e018,0.5028
5,203,e019,0.4145
5,203,e020,0.4001
5,203,e021,0.4736
5,203,e022,0.5021
5,203,e023,0.4502
5,203,e024,0.4887
5,204,e001,0.3978
5,204,e002,0.4296
5,204,e003,0.4927
5,204,e004,0.4715
5,204,e005,0.4263
5,204,e006,0.4446
5,204,e007,0.7368
5,204,e008,0.7939
5,204,e009,0.7896
5,204,e010,0.813
5,204,e011,0.7475
5,204,e012,0.7422
5,204,e013,0.4827
5,204,e014,0.4411
5,204,e015,0.4309
5,204,e016,0.4621
5,204,e017,0.5064
5,204,e018,0.3981
5,204,e019,0.4304
5,204,e020,0.4513
5,204,e021,0.4129
5,204,e022,0.48
5,204,e023,0.4287
5,204,e024,0.435
5,205,e001,0.4269
5,205,e002,0.4479
5,205,e003,0.5048
5,205,e004,0.4001
5,205,e005,0.4708
5,205,e006,0.4617
5,205,e007,0.802
5,205,e008,0.7147
5,205,e009,0.758
5,205,e010,0.7758
5,205,e011,0.7873
5,205,e012,0.7568
5,205,e013,0.4348
5,205,e014,0.4955
5,205,e015,0.4668
5,205,e016,0.3902
5,205,e017,0.4162
5,205,e018,0.483
5,205,e019,0.4394
5,205,e020,0.4798
5,205,e021,0.5093
5,205,e022,0.427
5,205,e023,0.4615
5,205,e024,0.4903
5,206,e001,0.5069
5,206,e002,0.4317
5,206,e003,0.4622
5,206,e004,0.4496
5,206,e005,0.4538
5,206,e006,0.4144
5,206,e007,0.7442
5,206,e008,0.8003
5,206,e009,0.8125
5,206,e010,0.8016
5,206,e011,0.7737
5,206,e012,0.7742
5,206,e013,0.4898
5,206,e014,0.4411
5,206,e015,0.4501
5,206,e016,0.4605
5,206,e017,0.3879
5,206,e018,0.4407
5,206,e019,0.4582
5,206,e020,0.3774
5,206,e021,0.4806
5,206,e022,0.4715
5,206,e023,0.4571
5,206,e024,0.4179
5,207,e001,0.444
5,207,e002,0.5289
5,207,e003,0.5323
5,207,e004,0.4202
5,207,e005,0.5241
5,207,e006,0.5231
5,207,e007,0.8146
5,207,e008,0.7894
5,207,e009,0.8192
5,207,e010,0.7723
5,207,e011,0.8988
5,207,e012,0.7909
5,207,e013,0.533
5,207,e014,0.4978
5,207,e015,0.4977
5,207,e016,0.512
5,207,e017,0.5107
5,207,e018,0.5115
5,207,e019,0.4507
5,207,e020,0.4641
5,207,e021,0.5567
5,207,e022,0.471
5,207,e023,0.4785
5,207,e024,0.4696
5,208,e001,0.4259
5,208,e002,0.4053
5,208,e003,0.4544
5,208,e004,0.4562
5,208,e005,0.4748
5,208,e006,0.4199
5,208,e007,0.7568
5,208,e008,0.7964
5,208,e009,0.7373
5,208,e010,0.7192
5,208,e011,0.7767
5,208,e012,0.7897
5,208,e013,0.424
5,208,e014,0.4331
5,208,e015,0.3677
5,208,e016,0.4514
5,208,e017,0.3559
5,208,e018,0.4779
5,208,e019,0.4123
5,208,e020,0.3965
5,208,e021,0.3697
5,208,e022,0.431
5,208,e023,0.3836
5,208,e024,0.3999
5,209,e001,0.4629
5,209,e002,0.4776
5,209,e003,0.5285
5,209,e004,0.4549
5,209,e005,0.4407
5,209,e006,0.4926
5,209,e007,0.8104
5,209,e008,0.7825
5,209,e009,0.7849
5,209,e010,0.7961
5,209,e011,0.7979
5,209,e012,0.8048
5,209,e013,0.4444
5,209,e014,0.4771
5,209,e015,0.5062
5,209,e016,0.4911
5,209,e017,0.4559
5,209,e018,0.4206
5,209,e019,0.435
5,209,e020,0.4513
5,209,e021,0.4448
5,209,e022,0.472
5,209,e023,0.3982
5,209,e024,0.4379
5,210,e001,0.4577
5,210,e002,0.4371
5,210,e003,0.5369
5,210,e004,0.4335
5,210,e005,0.4307
5,210,e006,0.4983
5,210,e007,0.8146
5,210,e008,0.7408
5,210,e009,0.7613
5,210,e010,0.8195
5,210,e011,0.8367
5,210,e012,0.7957
5,210,e013,0.4471
5,210,e014,0.5238
5,210,e015,0.4554
5,210,e016,0.4896
5,210,e017,0.4352
5,210,e018,0.4494
5,210,e019,0.4677
5,210,e020,0.4304
5,210,e021,0.4937
5,210,e022,0.4585
5,210,e023,0.4752
5,210,e024,0.5133
5,211,e001,0.4254
5,211,e002,0.4604
5,211,e003,0.4433
5,211,e004,0.4792
5,211,e005,0.414
5,211,e006,0.5061
5,211,e007,0.8067
5,211,e008,0.7387
5,211,e009,0.7998
5,211,e010,0.7696
5,211,e011,0.7174
5,211,e012,0.7979
5,211,e013,0.4912
5,211,e014,0.4685
5,211,e015,0.4863
5,211,e016,0.3942
5,211,e017,0.5072
5,211,e018,0.4367
5,211,e019,0.3987
5,211,e020,0.4393
5,211,e021,0.4369
5,211,e022,0.4548
5,211,e023,0.4158
5,211,e024,0.4227
5,212,e001,0.4917
5,212,e002,0.4754
5,212,e003,0.4894
5,212,e004,0.4455
5,212,e005,0.5114
5,212,e006,0.4746
5,212,e007,0.7769
5,212,e008,0.7895
5,212,e009,0.7833
5,212,e010,0.7724
5,212,e011,0.7737
5,212,e012,0.8177
5,212,e013,0.526
5,212,e014,0.4559
5,212,e015,0.4815
5,212,e016,0.4805
5,212,e017,0.5137
5,212,e018,0.4386
5,212,e019,0.4619
5,212,e020,0.4762
5,212,e021,0.4815
5,212,e022,0.5051
5,212,e023,0.471
5,212,e024,0.4782
5,213,e001,0.445
5,213,e002,0.4403
5,213,e003,0.4859
5,213,e004,0.4462
5,213,e005,0.4254
5,213,e006,0.4526
5,213,e007,0.788
5,213,e008,0.8057
5,213,e009,0.7704
5,213,e010,0.7155
5,213,e011,0.7535
5,213,e012,0.8248
5,213,e013,0.4182
5,213,e014,0.4683
5,213,e015,0.525
5,213,e016,0.4853
5,213,e017,0.49
5,213,e018,0.5103
5,213,e019,0.4282
5,213,e020,0.4667
5,213,e021,0.4464
5,213,e022,0.4384
5,213,e023,0.3772
5,213,e024,0.483
5,214,e001,0.427
5,214,e002,0.5272
5,214,e003,0.4938
5,214,e004,0.4613
5,214,e005,0.518
5,214,e006,0.5339
5,214,e007,0.8426
5,214,e008,0.8294
5,214,e009,0.8307
5,214,e010,0.8039
5,214,e011,0.7918
5,214,e012,0.7937
5,214,e013,0.5093
5,214,e014,0.4591
5,214,e015,0.4349
5,214,e016,0.4732
5,214,e017,0.4871
5,214,e018,0.4469
5,214,e019,0.4488
5,214,e020,0.4373
5,214,e021,0.5096
5,214,e022,0.4635
5,214,e023,0.5376
5,214,e024,0.4755
5,215,e001,0.5198
5,215,e002,0.546
5,215,e003,0.5578
5,215,e004,0.5224
5,215,e005,0.4991
5,215,e006,0.4767
5,215,e007,0.8485
5,215,e008,0.8289
5,215,e009,0.7953
5,215,e010,0.7968
5,215,e011,0.8739
5,215,e012,0.8017
5,215,e013,0.5112
5,215,e014,0.5127
5,215,e015,0.4719
5,215,e016,0.514
5,215,e017,0.5297
5,215,e018,0.4559
5,215,e019,0.5107
5,215,e020,0.4865
5,215,e021,0.5212
5,215,e022,0.4538
5,215,e023,0.526
5,215,e024,0.4974
5,216,e001,0.5141
5,216,e002,0.5325
5,216,e003,0.4249
5,216,e004,0.4937
5,216,e005,0.4394
5,216,e006,0.4094
5,216,e007,0.8586
5,216,e008,0.8576
5,216,e009,0.7785
5,216,e010,0.8196
5,216,e011,0.8444
5,216,e012,0.767
5,216,e013,0.5177
5,216,e014,0.4732
5,216,e015,0.4441
5,216,e016,0.4839
5,216,e017,0.5106
5,216,e018,0.4514
5,216,e019,0.4313
5,216,e020,0.5028
5,216,e021,0.4606
5,216,e022,0.4886
5,216,e023,0.4522
5,216,e024,0.4439
5,217,e001,0.4764
5,217,e002,0.4369
5,217,e003,0.4685
5,217,e004,0.4204
5,217,e005,0.4184
5,217,e006,0.4364
5,217,e007,0.7434
5,217,e008,0.7434
5,217,e009,0.786
5,217,e010,0.7555
5,217,e011,0.7973
5,217,e012,0.8038
5,217,e013,0.402
5,217,e014,0.4878
5,217,e015,0.4736
5,217,e016,0.4336
5,217,e017,0.453
5,217,e018,0.4917
5,217,e019,0.4827
5,217,e020,0.4458
5,217,e021,0.4206
5,217,e022,0.4044
5,217,e023,0.4661
5,217,e024,0.4734
5,218,e001,0.5047
5,218,e002,0.5256
5,218,e003,0.512
5,218,e004,0.501
5,218,e005,0.4579
5,218,e006,0.4946
5,218,e007,0.6535
5,218,e008,0.6733
5,218,e009,0.6481
5,218,e010,0.6147
5,218,e011,0.6264
5,218,e012,0.6071
5,218,e013,0.5529
5,218,e014,0.4866
5,218,e015,0.4305
5,218,e016,0.4539
5,218,e017,0.4847
5,218,e018,0.5393
5,218,e019,0.4723
5,218,e020,0.5191
5,218,e021,0.4645
5,218,e022,0.5269
5,218,e023,0.5597
5,218,e024,0.4293
5,219,e001,0.5266
5,219,e002,0.5771
5,219,e003,0.4964
5,219,e004,0.5262
5,219,e005,0.5514
5,219,e006,0.5744
5,219,e007,0.6179
5,219,e008,0.6605
5,219,e009,0.5905
5,219,e010,0.6008
5,219,e011,0.6534
5,219,e012,0.618
5,219,e013,0.4988
5,219,e014,0.5063
5,219,e015,0.473
5,219,e016,0.5408
5,219,e017,0.4763
5,219,e018,0.4846
5,219,e019,0.5007
5,219,e020,0.4862
5,219,e021,0.4567
5,219,e022,0.4652
5,219,e023,0.4932
5,219,e024,0.4827
5,220,e001,0.4272
5,220,e002,0.5088
5,220,e003,0.4935
5,220,e004,0.4509
5,220,e005,0.5172
5,220,e006,0.4641
5,220,e007,0.6064
5,220,e008,0.6548
5,220,e009,0.5808
5,220,e010,0.6428
5,220,e011,0.5656
5,220,e012,0.5769
5,220,e013,0.5065
5,220,e014,0.4976
5,220,e015,0.4307
5,220,e016,0.4501
5,220,e017,0.4205
5,220,e018,0.536
5,220,e019,0.4597
5,220,e020,0.5083
5,220,e021,0.4424
5,220,e022,0.4411
5,220,e023,0.5136
5,220,e024,0.5127
5,221,e001,0.4897
5,221,e002,0.4616
5,221,e003,0.5058
5,221,e004,0.4351
5,221,e005,0.4609
5,221,e006,0.4702
5,221,e007,0.6497
5,221,e008,0.6616
5,221,e009,0.6029
5,221,e010,0.6631
5,221,e011,0.6586
5,221,e012,0.6391
5,221,e013,0.4968
5,221,e014,0.4679
5,221,e015,0.4888
5,221,e016,0.5352
5,221,e017,0.4942
5,221,e018,0.4598
5,221,e019,0.4385
5,221,e020,0.4728
5,221,e021,0.4466
5,221,e022,0.5349
5,221,e023,0.5627
5,221,e024,0.5014
5,222,e001,0.4383
5,222,e002,0.44
5,222,e003,0.4211
5,222,e004,0.4626
5,222,e005,0.5068
5,222,e006,0.4454
5,222,e007,0.5991
5,222,e008,0.6089
5,222,e009,0.5548
5,222,e010,0.6062
5,222,e011,0.5921
5,222,e012,0.6573
5,222,e013,0.4972
5,222,e014,0.4814
5,222,e015,0.5009
5,222,e016,0.4864
5,222,e017,0.4407
5,222,e018,0.4775
5,222,e019,0.4462
5,222,e020,0.4397
5,222,e021,0.5071
5,222,e022,0.4635
5,222,e023,0.4672
5,222,e024,0.5062
5,223,e001,0.4188
5,223,e002,0.5381
5,223,e003,0.473
5,223,e004,0.4631
5,223,e005,0.4765
5,223,e006,0.4986
5,223,e007,0.646
5,223,e008,0.6098
5,223,e009,0.638
5,223,e010,0.5798
5,223,e011,0.5727
5,223,e012,0.6534
5,223,e013,0.4884
5,223,e014,0.4843
5,223,e015,0.4922
5,223,e016,0.4406
5,223,e017,0.4952
5,223,e018,0.447
5,223,e019,0.5101
5,223,e020,0.4687
5,223,e021,0.4793
5,223,e022,0.4869
5,223,e023,0.5103
5,223,e024,0.4575
5,224,e001,0.4238
5,224,e002,0.4888
5,224,e003,0.4653
5,224,e004,0.4899
5,224,e005,0.4533
5,224,e006,0.4936
5,224,e007,0.6294
5,224,e008,0.565
5,224,e009,0.6027
5,224,e010,0.6662
5,224,e011,0.5745
5,224,e012,0.534
5,224,e013,0.4814
5,224,e014,0.4516
5,224,e015,0.4478
5,224,e016,0.5169
5,224,e017,0.4709
5,224,e018,0.5105
5,224,e019,0.4244
5,224,e020,0.4895
5,224,e021,0.435
5,224,e022,0.4927
5,224,e023,0.5065
5,224,e024,0.4597
5,225,e001,0.5092
5,225,e002,0.4939
5,225,e003,0.5592
5,225,e004,0.5158
5,225,e005,0.4947
5,225,e006,0.4935
5,225,e007,0.6815
5,225,e008,0.6059
5,225,e009,0.5878
5,225,e010,0.6814
5,225,e011,0.6609
5,225,e012,0.6354
5,225,e013,0.5332
5,225,e014,0.56
5,225,e015,0.4908
5,225,e016,0.4909
5,225,e017,0.4762
5,225,e018,0.479
5,225,e019,0.4776
5,225,e020,0.5586
5,225,e021,0.5337
5,225,e022,0.5025
5,225,e023,0.5403
5,225,e024,0.5131
5,226,e001,0.5055
5,226,e002,0.4617
5,226,e003,0.5024
5,226,e004,0.5249
5,226,e005,0.4492
5,226,e006,0.5352
5,226,e007,0.6254
5,226,e008,0.6076
5,226,e009,0.6605
5,226,e010,0.5878
5,226,e011,0.6259
5,226,e012,0.5612
5,226,e013,0.4741
5,226,e014,0.5278
5,226,e015,0.4908
5,226,e016,0.5107
5,226,e017,0.506
5,226,e018,0.4829
5,226,e019,0.483
5,226,e020,0.4736
5,226,e021,0.5365
5,226,e022,0.4809
5,226,e023,0.542
5,226,e024,0.5072
5,227,e001,0.4344
5,227,e002,0.4737
5,227,e003,0.4588
5,227,e004,0.4098
5,227,e005,0.4482
5,227,e006,0.5398
5,227,e007,0.5663
5,227,e008,0.6292
5,227,e009,0.6852
5,227,e010,0.6284
5,227,e011,0.59
5,227,e012,0.6419
5,227,e013,0.5221
5,227,e014,0.4525
5,227,e015,0.4811
5,227,e016,0.5207
5,227,e017,0.4734
5,227,e018,0.4685
5,227,e019,0.4537
5,227,e020,0.4632
5,227,e021,0.5048
5,227,e022,0.4943
5,227,e023,0.49
5,227,e024,0.5051
5,228,e001,0.443
5,228,e002,0.4785
5,228,e003,0.4896
5,228,e004,0.4723
5,228,e005,0.512
5,228,e006,0.456
5,228,e007,0.6071
5,228,e008,0.6438
5,228,e009,0.596
5,228,e010,0.5507
5,228,e011,0.6144
5,228,e012,0.6046
5,228,e013,0.418
5,228,e014,0.461
5,228,e015,0.4814
5,228,e016,0.4399
5,228,e017,0.4698
5,228,e018,0.4953
5,228,e019,0.4633
5,228,e020,0.4597
5,228,e021,0.5016
5,228,e022,0.4931
5,228,e023,0.5108
5,228,e024,0.441
5,229,e001,0.4911
5,229,e002,0.4377
5,229,e003,0.4754
5,229,e004,0.4607
5,229,e005,0.4352
5,229,e006,0.4628
5,229,e007,0.5829
5,229,e008,0.5634
5,229,e009,0.577
5,229,e010,0.6145
5,229,e011,0.5776
5,229,e012,0.613
5,229,e013,0.4814
5,229,e014,0.4142
5,229,e015,0.4059
5,229,e016,0.5085
5,229,e017,0.4382
5,229,e018,0.4705
5,229,e019,0.4665
5,229,e020,0.4632
5,229,e021,0.471
5,229,e022,0.4894
5,229,e023,0.495
5,229,e024,0.4009
5,230,e001,0.4894
5,230,e002,0.4516
5,230,e003,0.4554
5,230,e004,0.4186
5,230,e005,0.5198
5,230,e006,0.4628
5,230,e007,0.6262
5,230,e008,0.6442
5,230,e009,0.5852
5,230,e010,0.6
5,230,e011,0.5913
5,230,e012,0.5937
5,230,e013,0.4953
5,230,e014,0.5316
5,230,e015,0.4346
5,230,e016,0.4774
5,230,e017,0.4334
5,230,e018,0.412
5,230,e019,0.4854
5,230,e020,0.4723
5,230,e021,0.4536
5,230,e022,0.5014
5,230,e023,0.4183
5,230,e024,0.4179
5,231,e001,0.4629
5,231,e002,0.4837
5,231,e003,0.5178
5,231,e004,0.455
5,231,e005,0.4477
5,231,e006,0.4989
5,231,e007,0.614
5,231,e008,0.6528
5,231,e009,0.5615
5,231,e010,0.5534
5,231,e011,0.635
5,231,e012,0.646
5,231,e013,0.4413
5,231,e014,0.5071
5,231,e015,0.4634
5,231,e016,0.4911
5,231,e017,0.5218
5,231,e018,0.4828
5,231,e019,0.521
5,231,e020,0.5098
5,231,e021,0.4993
5,231,e022,0.5235
5,231,e023,0.4429
5,231,e024,0.5073
5,232,e001,0.4757
5,232,e002,0.491
5,232,e003,0.4051
5,232,e004,0.3831
5,232,e005,0.3895
5,232,e006,0.49
5,232,e007,0.634
5,232,e008,0.5526
5,232,e009,0.5338
5,232,e010,0.5525
5,232,e011,0.6053
5,232,e012,0.5593
5,232,e013,0.5033
5,232,e014,0.4335
5,232,e015,0.4535
5,232,e016,0.3961
5,232,e017,0.4879
5,232,e018,0.4768
5,232,e019,0.4152
5,232,e020,0.4597
5,232,e021,0.3925
5,232,e022,0.4537
5,232,e023,0.4093
5,232,e024,0.4612
5,233,e001,0.5192
5,233,e002,0.5377
5,233,e003,0.5276
5,233,e004,0.4956
5,233,e005,0.522
5,233,e006,0.4496
5,233,e007,0.6202
5,233,e008,0.6365
5,233,e009,0.662
5,233,e010,0.6696
5,233,e011,0.651
5,233,e012,0.6644
5,233,e013,0.4829
5,233,e014,0.4924
5,233,e015,0.5036
5,233,e016,0.4571
5,233,e017,0.4507
5,233,e018,0.4674
5,233,e019,0.4935
5,233,e020,0.4894
5,233,e021,0.5041
5,233,e022,0.496
5,233,e023,0.5469
5,233,e024,0.5334
5,234,e001,0.4647
5,234,e002,0.4865
5,234,e003,0.4812
5,234,e004,0.5197
5,234,e005,0.4975
5,234,e006,0.4884
5,234,e007,0.5692
5,234,e008,0.5974
5,234,e009,0.6206
5,234,e010,0.6407
5,234,e011,0.6066
5,234,e012,0.6307
5,234,e013,0.5101
5,234,e014,0.5116
5,234,e015,0.5155
5,234,e016,0.5079
5,234,e017,0.4887
5,234,e018,0.4526
5,234,e019,0.4725
5,234,e020,0.4989
5,234,e021,0.4695
5,234,e022,0.4094
5,234,e023,0.4375
5,234,e024,0.5055
5,235,e001,0.515
5,235,e002,0.4535
5,235,e003,0.4762
5,235,e004,0.4296
5,235,e005,0.5013
5,235,e006,0.4607
5,235,e007,0.6651
5,235,e008,0.624
5,235,e009,0.5943
5,235,e010,0.6268
5,235,e011,0.6499
5,235,e012,0.5931
5,235,e013,0.4896
5,235,e014,0.5302
5,235,e015,0.5131
5,235,e016,0.4421
5,235,e017,0.5455
5,235,e018,0.4625
5,235,e019,0.5441
5,235,e020,0.4629
5,235,e021,0.4836
5,235,e022,0.4771
5,235,e023,0.492
5,235,e024,0.4956
5,236,e001,0.5091
5,236,e002,0.4803
5,236,e003,0.5246
5,236,e004,0.4464
5,236,e005,0.5424
5,236,e006,0.5336
5,236,e007,0.6543
5,236,e008,0.6567
5,236,e009,0.6253
5,236,e010,0.587
5,236,e011,0.6088
5,236,e012,0.5796
5,236,e013,0.4743
5,236,e014,0.5054
5,236,e015,0.539
5,236,e016,0.4875
5,236,e017,0.5114
5,236,e018,0.442
5,236,e019,0.4448
5,236,e020,0.4458
5,236,e021,0.4511
5,236,e022,0.505
5,236,e023,0.4954
5,236,e024,0.4758
5,237,e001,0.4612
5,237,e002,0.4448
5,237,e003,0.4654
5,237,e004,0.5114
5,237,e005,0.4538
5,237,e006,0.5019
5,237,e007,0.5735
5,237,e008,0.6165
5,237,e009,0.5488
5,237,e010,0.5325
5,237,e011,0.6328
5,237,e012,0.6235
5,237,e013,0.4421
5,237,e014,0.4776
5,237,e015,0.4199
5,237,e016,0.4907
5,237,e017,0.4676
5,237,e018,0.49
5,237,e019,0.4885
5,237,e020,0.4344
5,237,e021,0.4471
5,237,e022,0.4367
5,237,e023,0.4458
5,237,e024,0.4902
5,238,e001,0.4733
5,238,e002,0.3912
5,238,e003,0.4512
5,238,e004,0.363
5,238,e005,0.4551
5,238,e006,0.4385
5,238,e007,0.576
5,238,e008,0.5812
5,238,e009,0.5473
5,238,e010,0.5694
5,238,e011,0.5915
5,238,e012,0.5236
5,238,e013,0.4337
5,238,e014,0.434
5,238,e015,0.4105
5,238,e016,0.4942
5,238,e017,0.4964
5,238,e018,0.3834
5,238,e019,0.4262
5,238,e020,0.4385
5,238,e021,0.4663
5,238,e022,0.4065
5,238,e023,0.4682
5,238,e024,0.4682
5,239,e001,0.4953
5,239,e002,0.423
5,239,e003,0.5051
5,239,e004,0.4471
5,239,e005,0.5222
5,239,e006,0.4417
5,239,e007,0.5936
5,239,e008,0.5251
5,239,e009,0.6191
5,239,e010,0.5552
5,239,e011,0.6055
5,239,e012,0.6572
5,239,e013,0.4265
5,239,e014,0.4303
5,239,e015,0.5088
5,239,e016,0.4664
5,239,e017,0.4963
5,239,e018,0.4353
5,239,e019,0.4733
5,239,e020,0.459
5,239,e021,0.4586
5,239,e022,0.4742
5,239,e023,0.4991
5,239,e024,0.5157
5,240,e001,0.3589
5,240,e002,0.4128
5,240,e003,0.385
5,240,e004,0.4168
5,240,e005,0.4585
5,240,e006,0.4725
5,240,e007,0.5614
5,240,e008,0.5714
5,240,e009,0.617
5,240,e010,0.5596
5,240,e011,0.5773
5,240,e012,0.5882
5,240,e013,0.4505
5,240,e014,0.4158
5,240,e015,0.4748
5,240,e016,0.4052
5,240,e017,0.402
5,240,e018,0.4765
5,240,e019,0.4453
5,240,e020,0.4372
5,240,e021,0.4012
5,240,e022,0.3948
5,240,e023,0.4421
5,240,e024,0.3988
5,241,e001,0.4281
5,241,e002,0.4014
5,241,e003,0.5197
5,241,e004,0.4904
5,241,e005,0.4889
5,241,e006,0.4659
5,241,e007,0.5614
5,241,e008,0.625
5,241,e009,0.6316
5,241,e010,0.6414
5,241,e011,0.6065
5,241,e012,0.5768
5,241,e013,0.4461
5,241,e014,0.4936
5,241,e015,0.4013
5,241,e016,0.4607
5,241,e017,0.4291
5,241,e018,0.432
5,241,e019,0.4676
5,241,e020,0.4891
5,241,e021,0.4179
5,241,e022,0.4768
5,241,e023,0.4284
5,241,e024,0.428
5,242,e001,0.4679
5,242,e002,0.4759
5,242,e003,0.5071
5,242,e004,0.5021
5,242,e005,0.4315
5,242,e006,0.5187
5,242,e007,0.6493
5,242,e008,0.5783
5,242,e009,0.6026
5,242,e010,0.6062
5,242,e011,0.5647
5,242,e012,0.6375
5,242,e013,0.4654
5,242,e014,0.4885
5,242,e015,0.4085
5,242,e016,0.4605
5,242,e017,0.4646
5,242,e018,0.4468
5,242,e019,0.435
5,242,e020,0.4928
5,242,e021,0.4375
5,242,e022,0.5204
5,242,e023,0.4827
5,242,e024,0.4741
5,243,e001,0.5184
5,243,e002,0.5031
5,243,e003,0.5327
5,243,e004,0.4883
5,243,e005,0.5055
5,243,e006,0.4917
5,243,e007,0.6266
5,243,e008,0.5998
5,243,e009,0.6612
5,243,e010,0.6631
5,243,e011,0.6287
5,243,e012,0.5714
5,243,e013,0.5681
5,243,e014,0.5239
5,243,e015,0.464
5,243,e016,0.5303
5,243,e017,0.5326
5,243,e018,0.4943
5,243,e019,0.5585
5,243,e020,0.4963
5,243,e021,0.5098
5,243,e022,0.5357
5,243,e023,0.4738
5,243,e024,0.5337
5,244,e001,0.4777
5,244,e002,0.4655
5,244,e003,0.4547
5,244,e004,0.4621
5,244,e005,0.4382
5,244,e006,0.5181
5,244,e007,0.6306
5,244,e008,0.5788
5,244,e009,0.6293
5,244,e010,0.5956
5,244,e011,0.6131
5,244,e012,0.5831
5,244,e013,0.4869
5,244,e014,0.5021
5,244,e015,0.4718
5,244,e016,0.5186
5,244,e017,0.4964
5,244,e018,0.452
5,244,e019,0.4441
5,244,e020,0.5203
5,244,e021,0.4606
5,244,e022,0.4355
5,244,e023,0.506
5,244,e024,0.4378
5,245,e001,0.4584
5,245,e002,0.4509
5,245,e003,0.4087
5,245,e004,0.5233
5,245,e005,0.4688
5,245,e006,0.4683
5,245,e007,0.5805
5,245,e008,0.5778
5,245,e009,0.5592
5,245,e010,0.5662
5,245,e011,0.6064
5,245,e012,0.5101
5,245,e013,0.3967
5,245,e014,0.3888
5,245,e015,0.4813
5,245,e016,0.4679
5,245,e017,0.4007
5,245,e018,0.4583
5,245,e019,0.4212
5,245,e020,0.4363
5,245,e021,0.4414
5,245,e022,0.4291
5,245,e023,0.4677
5,245,e024,0.4572
5,246,e001,0.425
5,246,e002,0.5205
5,246,e003,0.4275
5,246,e004,0.4921
5,246,e005,0.4867
5,246,e006,0.4534
5,246,e007,0.6447
5,246,e008,0.5586
5,246,e009,0.5509
5,246,e010,0.5374
5,246,e011,0.5788
5,246,e012,0.6012
5,246,e013,0.4246
5,246,e014,0.4242
5,246,e015,0.5181
5,246,e016,0.4347
5,246,e017,0.423
5,246,e018,0.4537
5,246,e019,0.5
5,246,e020,0.4596
5,246,e021,0.481
5,246,e022,0.4687
5,246,e023,0.4275
5,246,e024,0.4482
5,247,e001,0.4765
5,247,e002,0.5649
5,247,e003,0.5524
5,247,e004,0.4289
5,247,e005,0.4756
5,247,e006,0.5514
5,247,e007,0.6873
5,247,e008,0.64
5,247,e009,0.6541
5,247,e010,0.6402
5,247,e011,0.5797
5,247,e012,0.6143
5,247,e013,0.409
5,247,e014,0.4578
5,247,e015,0.464
5,247,e016,0.4408
5,247,e017,0.5189
5,247,e018,0.4498
5,247,e019,0.5292
5,247,e020,0.4765
5,247,e021,0.5315
5,247,e022,0.4635
5,247,e023,0.4393
5,247,e024,0.4346
5,248,e001,0.4541
5,248,e002,0.5233
5,248,e003,0.5142
5,248,e004,0.3965
5,248,e005,0.4644
5,248,e006,0.4707
5,248,e007,0.5913
5,248,e008,0.6002
5,248,e009,0.6214
5,248,e010,0.627
5,248,e011,0.555
5,248,e012,0.6543
5,248,e013,0.491
5,248,e014,0.4534
5,248,e015,0.4545
5,248,e016,0.5265
5,248,e017,0.4587
5,248,e018,0.451
5,248,e019,0.3994
5,248,e020,0.4578
5,248,e021,0.4797
5,248,e022,0.4376
5,248,e023,0.5225
5,248,e024,0.4452
5,249,e001,0.4236
5,249,e002,0.4921
5,249,e003,0.466
5,249,e004,0.4638
5,249,e005,0.4544
5,249,e006,0.4837
5,249,e007,0.5452
5,249,e008,0.5907
5,249,e009,0.586
5,249,e010,0.5994
5,249,e011,0.6104
5,249,e012,0.6353
5,249,e013,0.4883
5,249,e014,0.5258
5,249,e015,0.4913
5,249,e016,0.4832
5,249,e017,0.4542
5,249,e018,0.4794
5,249,e019,0.4839
5,249,e020,0.4251
5,249,e021,0.4702
5,249,e022,0.4244
5,249,e023,0.5038
5,249,e024,0.4613
5,250,e001,0.4224
5,250,e002,0.4379
5,250,e003,0.403
5,250,e004,0.3678
5,250,e005,0.4292
5,250,e006,0.4198
5,250,e007,0.5801
5,250,e008,0.6021
5,250,e009,0.5654
5,250,e010,0.5512
5,250,e011,0.4784
5,250,e012,0.5091
5,250,e013,0.3806
5,250,e014,0.4423
5,250,e015,0.4447
5,250,e016,0.4416
5,250,e017,0.4151
5,250,e018,0.3589
5,250,e019,0.3906
5,250,e020,0.4621
5,250,e021,0.4602
5,250,e022,0.394
5,250,e023,0.3956
5,250,e024,0.4345
5,251,e001,0.4094
5,251,e002,0.4985
5,251,e003,0.4902
5,251,e004,0.4945
5,251,e005,0.4731
5,251,e006,0.4787
5,251,e007,0.5327
5,251,e008,0.5644
5,251,e009,0.5678
5,251,e010,0.5275
5,251,e011,0.5305
5,251,e012,0.5956
5,251,e013,0.4076
5,251,e014,0.4765
5,251,e015,0.4053
5,251,e016,0.4655
5,251,e017,0.4427
5,251,e018,0.495
5,251,e019,0.4546
5,251,e020,0.5165
5,251,e021,0.4266
5,251,e022,0.4513
5,251,e023,0.4874
5,251,e024,0.4281
5,252,e001,0.4461
5,252,e002,0.4754
5,252,e003,0.4656
5,252,e004,0.4263
5,252,e005,0.4312
5,252,e006,0.4572
5,252,e007,0.5304
5,252,e008,0.5604
5,252,e009,0.6223
5,252,e010,0.5491
5,252,e011,0.6464
5,252,e012,0.6315
5,252,e013,0.5218
5,252,e014,0.513
5,252,e015,0.4652
5,252,e016,0.4812
5,252,e017,0.4655
5,252,e018,0.4343
5,252,e019,0.4549
5,252,e020,0.4329
5,252,e021,0.478
5,252,e022,0.4199
5,252,e023,0.4658
5,252,e024,0.3884
5,253,e001,0.3749
5,253,e002,0.3946
5,253,e003,0.4163
5,253,e004,0.497
5,253,e005,0.4488
5,253,e006,0.4313
5,253,e007,0.5582
5,253,e008,0.5633
5,253,e009,0.5814
5,253,e010,0.5491
5,253,e011,0.6058
5,253,e012,0.623
5,253,e013,0.4691
5,253,e014,0.3985
5,253,e015,0.4424
5,253,e016,0.4467
5,253,e017,0.4423
5,253,e018,0.4353
5,253,e019,0.4168
5,253,e020,0.4188
5,253,e021,0.4809
5,253,e022,0.3973
5,253,e023,0.4432
5,253,e024,0.3784
5,254,e001,0.4296
5,254,e002,0.4284
5,254,e003,0.4187
5,254,e004,0.4343
5,254,e005,0.3775
5,254,e006,0.4767
5,254,e007,0.6152
5,254,e008,0.6035
5,254,e009,0.5892
5,254,e010,0.5962
5,254,e011,0.5612
5,254,e012,0.5349
5,254,e013,0.4191
5,254,e014,0.4093
5,254,e015,0.4535
5,254,e016,0.4421
5,254,e017,0.4266
5,254,e018,0.4602
5,254,e019,0.4034
5,254,e020,0.4747
5,254,e021,0.4794
5,254,e022,0.4271
5,254,e023,0.4154
5,254,e024,0.4146
5,255,e001,0.4389
5,255,e002,0.405
5,255,e003,0.461
5,255,e004,0.497
5,255,e005,0.4128
5,255,e006,0.4593
5,255,e007,0.5944
5,255,e008,0.5406
5,255,e009,0.5975
5,255,e010,0.6051
5,255,e011,0.5888
5,255,e012,0.5353
5,255,e013,0.424
5,255,e014,0.4889
5,255,e015,0.4986
5,255,e016,0.3978
5,255,e017,0.4608
5,255,e018,0.479
5,255,e019,0.4268
5,255,e020,0.4433
5,255,e021,0.4065
5,255,e022,0.4237
5,255,e023,0.4848
5,255,e024,0.4178
5,256,e001,0.4228
5,256,e002,0.4575
5,256,e003,0.4336
5,256,e004,0.4088
5,256,e005,0.4294
5,256,e006,0.4564
5,256,e007,0.587
5,256,e008,0.5887
5,256,e009,0.5741
5,256,e010,0.5549
5,256,e011,0.5687
5,256,e012,0.6049
5,256,e013,0.4081
5,256,e014,0.3866
5,256,e015,0.4545
5,256,e016,0.4535
5,256,e017,0.4145
5,256,e018,0.4697
5,256,e019,0.4231
5,256,e020,0.4483
5,256,e021,0.4413
5,256,e022,0.4307
5,256,e023,0.3978
5,256,e024,0.4442
5,257,e001,0.3661
5,257,e002,0.4075
5,257,e003,0.382
5,257,e004,0.4543
5,257,e005,0.4373
5,257,e006,0.3665
5,257,e007,0.4773
5,257,e008,0.5035
5,257,e009,0.4958
5,257,e010,0.5453
5,257,e011,0.6082
5,257,e012,0.515
5,257,e013,0.4207
5,257,e014,0.3922
5,257,e015,0.3757
5,257,e016,0.4026
5,257,e017,0.35
5,257,e018,0.3425
5,257,e019,0.4216
5,257,e020,0.3912
5,257,e021,0.3585
5,257,e022,0.3901
5,257,e023,0.4026
5,257,e024,0.389
5,258,e001,0.3902
5,258,e002,0.4425
5,258,e003,0.4611
5,258,e004,0.4595
5,258,e005,0.4026
5,258,e006,0.4644
5,258,e007,0.6219
5,258,e008,0.55
5,258,e009,0.5493
5,258,e010,0.6109
5,258,e011,0.5224
5,258,e012,0.5681
5,258,e013,0.4838
5,258,e014,0.3953
5,258,e015,0.3923
5,258,e016,0.4689
5,258,e017,0.4104
5,258,e018,0.3959
5,258,e019,0.3846
5,258,e020,0.4571
5,258,e021,0.3974
5,258,e022,0.3726
5,258,e023,0.3862
5,258,e024,0.4624
5,259,e001,0.3958
5,259,e002,0.3824
5,259,e003,0.3917
5,259,e004,0.4975
5,259,e005,0.3826
5,259,e006,0.4356
5,259,e007,0.5722
5,259,e008,0.549
5,259,e009,0.567
5,259,e010,0.5713
5,259,e011,0.5965
5,259,e012,0.5791
5,259,e013,0.4552
5,259,e014,0.4809
5,259,e015,0.4777
5,259,e016,0.4156
5,259,e017,0.4626
5,259,e018,0.4049
5,259,e019,0.4188
5,259,e020,0.4951
5,259,e021,0.4013
5,259,e022,0.4189
5,259,e023,0.4665
5,259,e024,0.4362
5,260,e001,0.4149
5,260,e002,0.4119
5,260,e003,0.4014
5,260,e004,0.443
5,260,e005,0.4862
5,260,e006,0.469
5,260,e007,0.5544
5,260,e008,0.6018
5,260,e009,0.5273
5,260,e010,0.5901
5,260,e011,0.5644
5,260,e012,0.5746
5,260,e013,0.4473
5,260,e014,0.4596
5,260,e015,0.4648
5,260,e016,0.5148
5,260,e017,0.4083
5,260,e018,0.4827
5,260,e019,0.4672
5,260,e020,0.414
5,260,e021,0.4283
5,260,e022,0.4255
5,260,e023,0.4089
5,260,e024,0.452
5,261,e001,0.455
5,261,e002,0.4069
5,261,e003,0.4399
5,261,e004,0.3864
5,261,e005,0.4034
5,261,e006,0.4108
5,261,e007,0.5935
5,261,e008,0.5697
5,261,e009,0.5762
5,261,e010,0.5512
5,261,e011,0.5186
5,261,e012,0.5193
5,261,e013,0.4384
5,261,e014,0.395
5,261,e015,0.4222
5,261,e016,0.3782
5,261,e017,0.4766
5,261,e018,0.4354
5,261,e019,0.403
5,261,e020,0.4053
5,261,e021,0.4677
5,261,e022,0.4192
5,261,e023,0.3752
5,261,e024,0.4136
5,262,e001,0.43
5,262,e002,0.4428
5,262,e003,0.4394
5,262,e004,0.4586
5,262,e005,0.4021
5,262,e006,0.4351
5,262,e007,0.536
5,262,e008,0.5378
5,262,e009,0.5379
5,262,e010,0.5457
5,262,e011,0.5651
5,262,e012,0.5467
5,262,e013,0.4176
5,262,e014,0.4082
5,262,e015,0.4358
5,262,e016,0.3983
5,262,e017,0.3525
5,262,e018,0.4467
5,262,e019,0.399
5,262,e020,0.4355
5,262,e021,0.3767
5,262,e022,0.3834
5,262,e023,0.413
5,262,e024,0.3581
5,263,e001,0.4795
5,263,e002,0.3979
5,263,e003,0.4259
5,263,e004,0.4594
5,263,e005,0.447
5,263,e006,0.3874
5,263,e007,0.5075
5,263,e008,0.6409
5,263,e009,0.5478
5,263,e010,0.5967
5,263,e011,0.6072
5,263,e012,0.5131
5,263,e013,0.499
5,263,e014,0.4094
5,263,e015,0.3985
5,263,e016,0.4347
5,263,e017,0.4141
5,263,e018,0.4878
5,263,e019,0.4719
5,263,e020,0.4887
5,263,e021,0.4889
5,263,e022,0.4522
5,263,e023,0.436
5,263,e024,0.4098
5,264,e001,0.3699
5,264,e002,0.4465
5,264,e003,0.3505
5,264,e004,0.413
5,264,e005,0.4216
5,264,e006,0.3484
5,264,e007,0.522
5,264,e008,0.4937
5,264,e009,0.4736
5,264,e010,0.5112
5,264,e011,0.5323
5,264,e012,0.5897
5,264,e013,0.3633
5,264,e014,0.4126
5,264,e015,0.4172
5,264,e016,0.3509
5,264,e017,0.3583
5,264,e018,0.379
5,264,e019,0.3775
5,264,e020,0.3948
5,264,e021,0.396
5,264,e022,0.451
5,264,e023,0.3803
5,264,e024,0.3682
5,265,e001,0.4552
5,265,e002,0.3812
5,265,e003,0.4507
5,265,e004,0.3736
5,265,e005,0.4753
5,265,e006,0.3868
5,265,e007,0.5347
5,265,e008,0.5893
5,265,e009,0.5215
5,265,e010,0.5588
5,265,e011,0.4945
5,265,e012,0.5124
5,265,e013,0.42
5,265,e014,0.4155
5,265,e015,0.4003
5,265,e016,0.4116
5,265,e017,0.4105
5,265,e018,0.3904
5,265,e019,0.4221
5,265,e020,0.4328
5,265,e021,0.4447
5,265,e022,0.391
5,265,e023,0.395
5,265,e024,0.4085
5,266,e001,0.4649
5,266,e002,0.4663
5,266,e003,0.4775
5,266,e004,0.4655
5,266,e005,0.3888
5,266,e006,0.4961
5,266,e007,0.5147
5,266,e008,0.5801
5,266,e009,0.5741
5,266,e010,0.5341
5,266,e011,0.599
5,266,e012,0.5926
5,266,e013,0.413
5,266,e014,0.4707
5,266,e015,0.419
5,266,e016,0.4151
5,266,e017,0.4874
5,266,e018,0.4803
5,266,e019,0.4829
5,266,e020,0.3778
5,266,e021,0.4666
5,266,e022,0.4948
5,266,e023,0.4017
5,266,e024,0.4376
5,267,e001,0.4395
5,267,e002,0.3765
5,267,e003,0.3611
5,267,e004,0.4382
5,267,e005,0.4091
5,267,e006,0.3566
5,267,e007,0.5048
5,267,e008,0.5282
5,267,e009,0.5495
5,267,e010,0.5033
5,267,e011,0.5614
5,267,e012,0.5918
5,267,e013,0.3884
5,267,e014,0.3644
5,267,e015,0.4169
5,267,e016,0.3751
5,267,e017,0.4155
5,267,e018,0.4371
5,267,e019,0.3738
5,267,e020,0.4164
5,267,e021,0.3521
5,267,e022,0.4298
5,267,e023,0.3799
5,267,e024,0.3888
5,268,e001,0.3646
5,268,e002,0.37
5,268,e003,0.4023
5,268,e004,0.4612
5,268,e005,0.4369
5,268,e006,0.4424
5,268,e007,0.5947
5,268,e008,0.4895
5,268,e009,0.5364
5,268,e010,0.529
5,268,e011,0.514
5,268,e012,0.5092
5,268,e013,0.4244
5,268,e014,0.4299
5,268,e015,0.465
5,268,e016,0.3717
5,268,e017,0.4608
5,268,e018,0.4622
5,268,e019,0.4307
5,268,e020,0.4511
5,268,e021,0.4596
5,268,e022,0.4338
5,268,e023,0.4283
5,268,e024,0.3851
5,269,e001,0.4331
5,269,e002,0.4315
5,269,e003,0.45
5,269,e004,0.4404
5,269,e005,0.3671
5,269,e006,0.3834
5,269,e007,0.5432
5,269,e008,0.5138
5,269,e009,0.5009
5,269,e010,0.5958
5,269,e011,0.5059
5,269,e012,0.5191
5,269,e013,0.4006
5,269,e014,0.4234
5,269,e015,0.3407
5,269,e016,0.4169
5,269,e017,0.4103
5,269,e018,0.4235
5,269,e019,0.4435
5,269,e020,0.4103
5,269,e021,0.4023
5,269,e022,0.4293
5,269,e023,0.423
5,269,e024,0.3561
5,270,e001,0.3754
5,270,e002,0.342
5,270,e003,0.4175
5,270,e004,0.4336
5,270,e005,0.4124
5,270,e006,0.4349
5,270,e007,0.3409
5,270,e008,0.3501
5,270,e009,0.4229
5,270,e010,0.3646
5,270,e011,0.4315
5,270,e012,0.4315
5,270,e013,0.4133
5,270,e014,0.4307
5,270,e015,0.4081
5,270,e016,0.4141
5,270,e017,0.367
5,270,e018,0.379
5,270,e019,0.4467
5,270,e020,0.3513
5,270,e021,0.4226
5,270,e022,0.4015
5,270,e023,0.4461
5,270,e024,0.4477
5,271,e001,0.407
5,271,e002,0.4362
5,271,e003,0.4434
5,271,e004,0.3923
5,271,e005,0.4189
5,271,e006,0.3981
5,271,e007,0.4486
5,271,e008,0.3649
5,271,e009,0.3741
5,271,e010,0.3883
5,271,e011,0.3774
5,271,e012,0.4191
5,271,e013,0.4107
5,271,e014,0.4345
5,271,e015,0.3565
5,271,e016,0.4199
5,271,e017,0.3903
5,271,e018,0.436
5,271,e019,0.4372
5,271,e020,0.4476
5,271,e021,0.3606
5,271,e022,0.3728
5,271,e023,0.4311
5,271,e024,0.3704
5,272,e001,0.3819
5,272,e002,0.3797
5,272,e003,0.4048
5,272,e004,0.3814
5,272,e005,0.4091
5,272,e006,0.4149
5,272,e007,0.3856
5,272,e008,0.3605
5,272,e009,0.4242
5,272,e010,0.3736
5,272,e011,0.378
5,272,e012,0.3606
5,272,e013,0.4118
5,272,e014,0.4606
5,272,e015,0.3958
5,272,e016,0.3475
5,272,e017,0.4124
5,272,e018,0.4238
5,272,e019,0.4413
5,272,e020,0.3878
5,272,e021,0.4322
5,272,e022,0.3833
5,272,e023,0.3597
5,272,e024,0.3565
5,273,e001,0.4531
5,273,e002,0.4203
5,273,e003,0.4006
5,273,e004,0.4302
5,273,e005,0.4819
5,273,e006,0.3946
5,273,e007,0.4123
5,273,e008,0.4821
5,273,e009,0.4056
5,273,e010,0.3892
5,273,e011,0.4421
5,273,e012,0.4432
5,273,e013,0.4422
5,273,e014,0.4493
5,273,e015,0.4513
5,273,e016,0.4463
5,273,e017,0.4774
5,273,e018,0.4168
5,273,e019,0.4182
5,273,e020,0.4938
5,273,e021,0.3986
5,273,e022,0.4241
5,273,e023,0.3966
5,273,e024,0.437
5,274,e001,0.3809
5,274,e002,0.4229
5,274,e003,0.3845
5,274,e004,0.3806
5,274,e005,0.4522
5,274,e006,0.4409
5,274,e007,0.4175
5,274,e008,0.4071
5,274,e009,0.3953
5,274,e010,0.3841
5,274,e011,0.4442
5,274,e012,0.4257
5,274,e013,0.426
5,274,e014,0.3712
5,274,e015,0.425
5,274,e016,0.4216
5,274,e017,0.423
5,274,e018,0.3936
5,274,e019,0.3894
5,274,e020,0.4371
5,274,e021,0.4387
5,274,e022,0.4
5,274,e023,0.4093
5,274,e024,0.3581
5,275,e001,0.4084
5,275,e002,0.3523
5,275,e003,0.3483
5,275,e004,0.4351
5,275,e005,0.3143
5,275,e006,0.3634
5,275,e007,0.3341
5,275,e008,0.4037
5,275,e009,0.4102
5,275,e010,0.3933
5,275,e011,0.4274
5,275,e012,0.3872
5,275,e013,0.3631
5,275,e014,0.4337
5,275,e015,0.372
5,275,e016,0.3406
5,275,e017,0.3929
5,275,e018,0.3785
5,275,e019,0.4034
5,275,e020,0.4347
5,275,e021,0.3555
5,275,e022,0.3575
5,275,e023,0.3656
5,275,e024,0.4201
5,276,e001,0.3974
5,276,e002,0.3705
5,276,e003,0.3979
5,276,e004,0.3865
5,276,e005,0.4295
5,276,e006,0.4874
5,276,e007,0.4155
5,276,e008,0.3408
5,276,e009,0.3936
5,276,e010,0.4347
5,276,e011,0.4204
5,276,e012,0.4344
5,276,e013,0.3756
5,276,e014,0.3612
5,276,e015,0.4274
5,276,e016,0.3467
5,276,e017,0.3924
5,276,e018,0.4168
5,276,e019,0.4566
5,276,e020,0.4031
5,276,e021,0.4357
5,276,e022,0.4081
5,276,e023,0.4613
5,276,e024,0.3638
5,277,e001,0.4289
5,277,e002,0.4227
5,277,e003,0.3802
5,277,e004,0.3677
5,277,e005,0.4171
5,277,e006,0.3479
5,277,e007,0.4325
5,277,e008,0.4031
5,277,e009,0.3645
5,277,e010,0.3567
5,277,e011,0.3982
5,277,e012,0.4081
5,277,e013,0.3806
5,277,e014,0.3657
5,277,e015,0.3814
5,277,e016,0.3706
5,277,e017,0.3988
5,277,e018,0.3243
5,277,e019,0.3515
5,277,e020,0.3966
5,277,e021,0.4034
5,277,e022,0.3594
5,277,e023,0.4123
5,277,e024,0.4174
5,278,e001,0.4593
5,278,e002,0.3752
5,278,e003,0.3939
5,278,e004,0.4102
5,278,e005,0.3953
5,278,e006,0.3891
5,278,e007,0.4313
5,278,e008,0.4043
5,278,e009,0.3793
5,278,e010,0.3858
5,278,e011,0.4376
5,278,e012,0.3999
5,278,e013,0.379
5,278,e014,0.4469
5,278,e015,0.4198
5,278,e016,0.4447
5,278,e017,0.3666
5,278,e018,0.4458
5,278,e019,0.4403
5,278,e020,0.3874
5,278,e021,0.4173
5,278,e022,0.4079
5,278,e023,0.3733
5,278,e024,0.4518
5,279,e001,0.3531
5,279,e002,0.4331
5,279,e003,0.39
5,279,e004,0.4094
5,279,e005,0.4188
5,279,e006,0.4385
5,279,e007,0.3231
5,279,e008,0.3836
5,279,e009,0.3396
5,279,e010,0.3422
5,279,e011,0.4214
5,279,e012,0.3501
5,279,e013,0.3826
5,279,e014,0.3825
5,279,e015,0.4048
5,279,e016,0.3683
5,279,e017,0.3662
5,279,e018,0.3418
5,279,e019,0.3694
5,279,e020,0.4023
5,279,e021,0.3661
5,279,e022,0.4418
5,279,e023,0.3839
5,279,e024,0.3536
5,280,e001,0.3158
5,280,e002,0.3699
5,280,e003,0.3736
5,280,e004,0.3214
5,280,e005,0.3771
5,280,e006,0.3289
5,280,e007,0.3805
5,280,e008,0.354
5,280,e009,0.3468
5,280,e010,0.3351
5,280,e011,0.3624
5,280,e012,0.316
5,280,e013,0.3358
5,280,e014,0.3651
5,280,e015,0.2992
5,280,e016,0.3152
5,280,e017,0.2982
5,280,e018,0.3593
5,280,e019,0.2904
5,280,e020,0.3083
5,280,e021,0.3663
5,280,e022,0.3128
5,280,e023,0.3767
5,280,e024,0.3423
5,281,e001,0.396
5,281,e002,0.3613
5,281,e003,0.3486
5,281,e004,0.3611
5,281,e005,0.3886
5,281,e006,0.414
5,281,e007,0.3407
5,281,e008,0.3609
5,281,e009,0.3779
5,281,e010,0.4235
5,281,e011,0.3277
5,281,e012,0.3481
5,281,e013,0.3799
5,281,e014,0.3365
5,281,e015,0.3262
5,281,e016,0.3664
5,281,e017,0.3329
5,281,e018,0.3389
5,281,e019,0.3814
5,281,e020,0.3762
5,281,e021,0.4049
5,281,e022,0.3493
5,281,e023,0.3349
5,281,e024,0.3674
5,282,e001,0.4299
5,282,e002,0.3428
5,282,e003,0.3928
5,282,e004,0.3327
5,282,e005,0.3492
5,282,e006,0.3623
5,282,e007,0.3495
5,282,e008,0.4217
5,282,e009,0.4616
5,282,e010,0.347
5,282,e011,0.4059
5,282,e012,0.3851
5,282,e013,0.4085
5,282,e014,0.4046
5,282,e015,0.3905
5,282,e016,0.3847
5,282,e017,0.4226
5,282,e018,0.3216
5,282,e019,0.3829
5,282,e020,0.3847
5,282,e021,0.3921
5,282,e022,0.3201
5,282,e023,0.3738
5,282,e024,0.4094
5,283,e001,0.4317
5,283,e002,0.3908
5,283,e003,0.4152
5,283,e004,0.429
5,283,e005,0.3701
5,283,e006,0.4794
5,283,e007,0.4104
5,283,e008,0.3879
5,283,e009,0.3815
5,283,e010,0.4223
5,283,e011,0.387
5,283,e012,0.4551
5,283,e013,0.3785
5,283,e014,0.4304
5,283,e015,0.3796
5,283,e016,0.3842
5,283,e017,0.3707
5,283,e018,0.3757
5,283,e019,0.4302
5,283,e020,0.4674
5,283,e021,0.4346
5,283,e022,0.3611
5,283,e023,0.4022
5,283,e024,0.3671
5,284,e001,0.3832
5,284,e002,0.3503
5,284,e003,0.3742
5,284,e004,0.3323
5,284,e005,0.3265
5,284,e006,0.3876
5,284,e007,0.3574
5,284,e008,0.3727
5,284,e009,0.3816
5,284,e010,0.405
5,284,e011,0.3629
5,284,e012,0.3915
5,284,e013,0.4029
5,284,e014,0.3925
5,284,e015,0.3322
5,284,e016,0.4058
5,284,e017,0.3539
5,284,e018,0.3789
5,284,e019,0.3724
5,284,e020,0.4256
5,284,e021,0.4107
5,284,e022,0.3634
5,284,e023,0.3867
5,284,e024,0.3381
5,285,e001,0.3281
5,285,e002,0.384
5,285,e003,0.3629
5,285,e004,0.429
5,285,e005,0.3229
5,285,e006,0.3689
5,285,e007,0.3709
5,285,e008,0.3444
5,285,e009,0.383
5,285,e010,0.441
5,285,e011,0.3561
5,285,e012,0.4317
5,285,e013,0.4387
5,285,e014,0.3319
5,285,e015,0.3327
5,285,e016,0.3581
5,285,e017,0.3932
5,285,e018,0.4063
5,285,e019,0.3744
5,285,e020,0.4023
5,285,e021,0.4176
5,285,e022,0.3404
5,285,e023,0.3964
5,285,e024,0.3615
5,286,e001,0.3936
5,286,e002,0.2918
5,286,e003,0.3414
5,286,e004,0.3802
5,286,e005,0.3068
5,286,e006,0.3479
5,286,e007,0.3202
5,286,e008,0.4197
5,286,e009,0.3457
5,286,e010,0.413
5,286,e011,0.4065
5,286,e012,0.3706
5,286,e013,0.3516
5,286,e014,0.3379
5,286,e015,0.3999
5,286,e016,0.3239
5,286,e017,0.3479
5,286,e018,0.3185
5,286,e019,0.4081
5,286,e020,0.3831
5,286,e021,0.3692
5,286,e022,0.3705
5,286,e023,0.3083
5,286,e024,0.3763
5,287,e001,0.3665
5,287,e002,0.3431
5,287,e003,0.3337
5,287,e004,0.3852
5,287,e005,0.3152
5,287,e006,0.2979
5,287,e007,0.2994
5,287,e008,0.3493
5,287,e009,0.3764
5,287,e010,0.3597
5,287,e011,0.3425
5,287,e012,0.3517
5,287,e013,0.3659
5,287,e014,0.3234
5,287,e015,0.2985
5,287,e016,0.3191
5,287,e017,0.352
5,287,e018,0.3512
5,287,e019,0.3544
5,287,e020,0.3019
5,287,e021,0.2897
5,287,e022,0.2914
5,287,e023,0.2938
5,287,e024,0.412
5,288,e001,0.3365
5,288,e002,0.3085
5,288,e003,0.3291
5,288,e004,0.3291
5,288,e005,0.2953
5,288,e006,0.3425
5,288,e007,0.3746
5,288,e008,0.3203
5,288,e009,0.3213
5,288,e010,0.3719
5,288,e011,0.3074
5,288,e012,0.3282
5,288,e013,0.3606
5,288,e014,0.3411
5,288,e015,0.3624
5,288,e016,0.2732
5,288,e017,0.3508
5,288,e018,0.2876
5,288,e019,0.3894
5,288,e020,0.3365
5,288,e021,0.3907
5,288,e022,0.347
5,288,e023,0.3022
5,288,e024,0.31
5,289,e001,0.3814
5,289,e002,0.3576
5,289,e003,0.3872
5,289,e004,0.3706
5,289,e005,0.4138
5,289,e006,0.4112
5,289,e007,0.339
5,289,e008,0.3621
5,289,e009,0.3819
5,289,e010,0.3108
5,289,e011,0.3825
5,289,e012,0.3409
5,289,e013,0.3496
5,289,e014,0.3406
5,289,e015,0.359
5,289,e016,0.3324
5,289,e017,0.3139
5,289,e018,0.3475
5,289,e019,0.3773
5,289,e020,0.3943
5,289,e021,0.3287
5,289,e022,0.3373
5,289,e023,0.3769
5,289,e024,0.3923
5,290,e001,0.3361
5,290,e002,0.3367
5,290,e003,0.3128
5,290,e004,0.2983
5,290,e005,0.2933
5,290,e006,0.3207
5,290,e007,0.2752
5,290,e008,0.2724
5,290,e009,0.3732
5,290,e010,0.3752
5,290,e011,0.2772
5,290,e012,0.2491
5,290,e013,0.2749
5,290,e014,0.2569
5,290,e015,0.3455
5,290,e016,0.3257
5,290,e017,0.3594
5,290,e018,0.3513
5,290,e019,0.3495
5,290,e020,0.2756
5,290,e021,0.3584
5,290,e022,0.2538
5,290,e023,0.2484
5,290,e024,0.28
5,291,e001,0.3633
5,291,e002,0.3379
5,291,e003,0.3582
5,291,e004,0.2949
5,291,e005,0.3443
5,291,e006,0.3737
5,291,e007,0.3624
5,291,e008,0.3161
5,291,e009,0.3986
5,291,e010,0.3084
5,291,e011,0.3446
5,291,e012,0.3737
5,291,e013,0.3488
5,291,e014,0.3772
5,291,e015,0.3359
5,291,e016,0.4135
5,291,e017,0.314
5,291,e018,0.3617
5,291,e019,0.3411
5,291,e020,0.4106
5,291,e021,0.3266
5,291,e022,0.346
5,291,e023,0.3284
5,291,e024,0.3691
5,292,e001,0.3524
5,292,e002,0.3291
5,292,e003,0.4195
5,292,e004,0.3599
5,292,e005,0.3486
5,292,e006,0.3233
5,292,e007,0.2981
5,292,e008,0.3045
5,292,e009,0.405
5,292,e010,0.3124
5,292,e011,0.3279
5,292,e012,0.3709
5,292,e013,0.3952
5,292,e014,0.348
5,292,e015,0.4021
5,292,e016,0.4076
5,292,e017,0.2974
5,292,e018,0.3163
5,292,e019,0.3784
5,292,e020,0.3878
5,292,e021,0.3673
5,292,e022,0.3003
5,292,e023,0.3508
5,292,e024,0.3739
5,293,e001,0.3435
5,293,e002,0.3035
5,293,e003,0.3616
5,293,e004,0.3771
5,293,e005,0.3688
5,293,e006,0.3125
5,293,e007,0.3169
5,293,e008,0.308
5,293,e009,0.3004
5,293,e010,0.281
5,293,e011,0.3679
5,293,e012,0.2909
5,293,e013,0.3188
5,293,e014,0.3857
5,293,e015,0.363
5,293,e016,0.3155
5,293,e017,0.366
5,293,e018,0.3747
5,293,e019,0.3605
5,293,e020,0.4059
5,293,e021,0.3761
5,293,e022,0.3423
5,293,e023,0.2666
5,293,e024,0.3138
5,294,e001,0.3955
5,294,e002,0.3639
5,294,e003,0.4051
5,294,e004,0.3831
5,294,e005,0.3888
5,294,e006,0.4154
5,294,e007,0.3403
5,294,e008,0.3833
5,294,e009,0.4118
5,294,e010,0.3813
5,294,e011,0.4305
5,294,e012,0.4055
5,294,e013,0.403
5,294,e014,0.4196
5,294,e015,0.3485
5,294,e016,0.3414
5,294,e017,0.4067
5,294,e018,0.3875
5,294,e019,0.4402
5,294,e020,0.374
5,294,e021,0.3128
5,294,e022,0.3388
5,294,e023,0.3879
5,294,e024,0.3739
5,295,e001,0.3133
5,295,e002,0.2773
5,295,e003,0.3292
5,295,e004,0.3289
5,295,e005,0.3209
5,295,e006,0.3391
5,295,e007,0.3977
5,295,e008,0.3124
5,295,e009,0.2899
5,295,e010,0.3691
5,295,e011,0.3504
5,295,e012,0.3291
5,295,e013,0.31
5,295,e014,0.3034
5,295,e015,0.3268
5,295,e016,0.3492
5,295,e017,0.3073
5,295,e018,0.3474
5,295,e019,0.3472
5,295,e020,0.3774
5,295,e021,0.3783
5,295,e022,0.3493
5,295,e023,0.3557
5,295,e024,0.3209
5,296,e001,0.3299
5,296,e002,0.3874
5,296,e003,0.3799
5,296,e004,0.3263
5,296,e005,0.301
5,296,e006,0.4119
5,296,e007,0.4005
5,296,e008,0.3311
5,296,e009,0.34
5,296,e010,0.3678
5,296,e011,0.359
5,296,e012,0.3666
5,296,e013,0.3107
5,296,e014,0.3805
5,296,e015,0.3264
5,296,e016,0.3454
5,296,e017,0.3569
5,296,e018,0.3551
5,296,e019,0.375
5,296,e020,0.3383
5,296,e021,0.3749
5,296,e022,0.3186
5,296,e023,0.3159
5,296,e024,0.3975
5,297,e001,0.2729
5,297,e002,0.2729
5,297,e003,0.2928
5,297,e004,0.3159
5,297,e005,0.3327
5,297,e006,0.2802
5,297,e007,0.36
5,297,e008,0.363
5,297,e009,0.3657
5,297,e010,0.3114
5,297,e011,0.2881
5,297,e012,0.2991
5,297,e013,0.3845
5,297,e014,0.3357
5,297,e015,0.3369
5,297,e016,0.3645
5,297,e017,0.2863
5,297,e018,0.353
5,297,e019,0.288
5,297,e020,0.3705
5,297,e021,0.3207
5,297,e022,0.2737
5,297,e023,0.2981
5,297,e024,0.3818
5,298,e001,0.3692
5,298,e002,0.4033
5,298,e003,0.3124
5,298,e004,0.3383
5,298,e005,0.3501
5,298,e006,0.3016
5,298,e007,0.3598
5,298,e008,0.3459
5,298,e009,0.387
5,298,e010,0.3612
5,298,e011,0.3904
5,298,e012,0.3236
5,298,e013,0.3296
5,298,e014,0.3677
5,298,e015,0.3808
5,298,e016,0.3447
5,298,e017,0.3732
5,298,e018,0.3955
5,298,e019,0.3429
5,298,e020,0.3295
5,298,e021,0.3109
5,298,e022,0.3957
5,298,e023,0.3337
5,298,e024,0.3924
5,299,e001,0.3176
5,299,e002,0.3569
5,299,e003,0.2746
5,299,e004,0.3691
5,299,e005,0.3057
5,299,e006,0.3573
5,299,e007,0.355
5,299,e008,0.3698
5,299,e009,0.3121
5,299,e010,0.347
5,299,e011,0.3447
5,299,e012,0.3297
5,299,e013,0.3426
5,299,e014,0.3286
5,299,e015,0.3676
5,299,e016,0.3245
5,299,e017,0.3001
5,299,e018,0.3746
5,299,e019,0.3346
5,299,e020,0.2789
5,299,e021,0.3297
5,299,e022,0.3532
5,299,e023,0.3106
5,299,e024,0.3221
5,300,e001,0.3007
5,300,e002,0.3426
5,300,e003,0.3452
5,300,e004,0.296
5,300,e005,0.2908
5,300,e006,0.3177
5,300,e007,0.3346
5,300,e008,0.3718
5,300,e009,0.3471
5,300,e010,0.2827
5,300,e011,0.3422
5,300,e012,0.3663
5,300,e013,0.2946
5,300,e014,0.3619
5,300,e015,0.3444
5,300,e016,0.2979
5,300,e017,0.3193
5,300,e018,0.3208
5,300,e019,0.3607
5,300,e020,0.2625
5,300,e021,0.2559
5,300,e022,0.3396
5,300,e023,0.3409
5,300,e024,0.3103
5,301,e001,0.308
5,301,e002,0.3596
5,301,e003,0.3261
5,301,e004,0.2746
5,301,e005,0.3132
5,301,e006,0.2881
5,301,e007,0.2593
5,301,e008,0.2969
5,301,e009,0.3809
5,301,e010,0.2794
5,301,e011,0.3098
5,301,e012,0.3332
5,301,e013,0.3589
5,301,e014,0.2992
5,301,e015,0.2847
5,301,e016,0.3327
5,301,e017,0.3423
5,301,e018,0.3452
5,301,e019,0.2919
5,301,e020,0.3052
5,301,e021,0.2766
5,301,e022,0.3326
5,301,e023,0.3366
5,301,e024,0.3342
5,302,e001,0.2967
5,302,e002,0.3428
5,302,e003,0.2478
5,302,e004,0.2693
5,302,e005,0.3389
5,302,e006,0.3344
5,302,e007,0.33
5,302,e008,0.2683
5,302,e009,0.2804
5,302,e010,0.3258
5,302,e011,0.3406
5,302,e012,0.2763
5,302,e013,0.3306
5,302,e014,0.2726
5,302,e015,0.3104
5,302,e016,0.2951
5,302,e017,0.3029
5,302,e018,0.229
5,302,e019,0.3588
5,302,e020,0.3107
5,302,e021,0.2712
5,302,e022,0.3394
5,302,e023,0.275
5,302,e024,0.3341
5,303,e001,0.3044
5,303,e002,0.3182
5,303,e003,0.2816
5,303,e004,0.2672
5,303,e005,0.2815
5,303,e006,0.2553
5,303,e007,0.3166
5,303,e008,0.266
5,303,e009,0.308
5,303,e010,0.3019
5,303,e011,0.3074
5,303,e012,0.3119
5,303,e013,0.2649
5,303,e014,0.3021
5,303,e015,0.3232
5,303,e016,0.3029
5,303,e017,0.3092
5,303,e018,0.2488
5,303,e019,0.2876
5,303,e020,0.2602
5,303,e021,0.2773
5,303,e022,0.3045
5,303,e023,0.2616
5,303,e024,0.291
5,304,e001,0.3541
5,304,e002,0.3847
5,304,e003,0.3627
5,304,e004,0.3866
5,304,e005,0.3511
5,304,e006,0.3228
5,304,e007,0.3504
5,304,e008,0.3928
5,304,e009,0.3697
5,304,e010,0.2957
5,304,e011,0.4119
5,304,e012,0.3726
5,304,e013,0.3252
5,304,e014,0.2966
5,304,e015,0.2997
5,304,e016,0.3273
5,304,e017,0.3789
5,304,e018,0.399
5,304,e019,0.3881
5,304,e020,0.3524
5,304,e021,0.3777
5,304,e022,0.3264
5,304,e023,0.3396
5,304,e024,0.3077
5,305,e001,0.2698
5,305,e002,0.2662
5,305,e003,0.2746
5,305,e004,0.2891
5,305,e005,0.2651
5,305,e006,0.3077
5,305,e007,0.2439
5,305,e008,0.2637
5,305,e009,0.2898
5,305,e010,0.2637
5,305,e011,0.3489
5,305,e012,0.2719
5,305,e013,0.3035
5,305,e014,0.3351
5,305,e015,0.2481
5,305,e016,0.2712
5,305,e017,0.3111
5,305,e018,0.3004
5,305,e019,0.2937
5,305,e020,0.3315
5,305,e021,0.2545
5,305,e022,0.3298
5,305,e023,0.2837
5,305,e024,0.3205
5,306,e001,0.219
5,306,e002,0.2907
5,306,e003,0.2982
5,306,e004,0.3155
5,306,e005,0.3013
5,306,e006,0.2958
5,306,e007,0.3274
5,306,e008,0.3168
5,306,e009,0.2956
5,306,e010,0.2775
5,306,e011,0.3089
5,306,e012,0.2609
5,306,e013,0.3164
5,306,e014,0.2523
5,306,e015,0.2932
5,306,e016,0.278
5,306,e017,0.2803
5,306,e018,0.2941
5,306,e019,0.2382
5,306,e020,0.2674
5,306,e021,0.2836
5,306,e022,0.2326
5,306,e023,0.2444
5,306,e024,0.2926
5,307,e001,0.3385
5,307,e002,0.2639
5,307,e003,0.2697
5,307,e004,0.3637
5,307,e005,0.3574
5,307,e006,0.3833
5,307,e007,0.3243
5,307,e008,0.3335
5,307,e009,0.3183
5,307,e010,0.2615
5,307,e011,0.3765
5,307,e012,0.3566
5,307,e013,0.3318
5,307,e014,0.2846
5,307,e015,0.315
5,307,e016,0.3396
5,307,e017,0.3163
5,307,e018,0.3442
5,307,e019,0.3273
5,307,e020,0.3216
5,307,e021,0.327
5,307,e022,0.3498
5,307,e023,0.3621
5,307,e024,0.3084
5,308,e001,0.2672
5,308,e002,0.2742
5,308,e003,0.3067
5,308,e004,0.2633
5,308,e005,0.2574
5,308,e006,0.283
5,308,e007,0.3331
5,308,e008,0.3136
5,308,e009,0.2903
5,308,e010,0.2507
5,308,e011,0.2899
5,308,e012,0.2823
5,308,e013,0.277
5,308,e014,0.3231
5,308,e015,0.3142
5,308,e016,0.2727
5,308,e017,0.2485
5,308,e018,0.2927
5,308,e019,0.2848
5,308,e020,0.2981
5,308,e021,0.3194
5,308,e022,0.2331
5,308,e023,0.2948
5,308,e024,0.322
5,309,e001,0.3028
5,309,e002,0.3663
5,309,e003,0.3312
5,309,e004,0.371
5,309,e005,0.3288
5,309,e006,0.2959
5,309,e007,0.3528
5,309,e008,0.3866
5,309,e009,0.3886
5,309,e010,0.3383
5,309,e011,0.3662
5,309,e012,0.3782
5,309,e013,0.3727
5,309,e014,0.3126
5,309,e015,0.391
5,309,e016,0.3369
5,309,e017,0.3677
5,309,e018,0.3135
5,309,e019,0.3821
5,309,e020,0.3608
5,309,e021,0.3411
5,309,e022,0.2911
5,309,e023,0.2952
5,309,e024,0.3163
5,310,e001,0.3269
5,310,e002,0.3526
5,310,e003,0.314
5,310,e004,0.2966
5,310,e005,0.3889
5,310,e006,0.3678
5,310,e007,0.416
5,310,e008,0.3344
5,310,e009,0.3166
5,310,e010,0.3883
5,310,e011,0.3696
5,310,e012,0.3359
5,310,e013,0.3954
5,310,e014,0.3987
5,310,e015,0.3927
5,310,e016,0.3378
5,310,e017,0.3997
5,310,e018,0.3589
5,310,e019,0.3474
5,310,e020,0.3438
5,310,e021,0.3497
5,310,e022,0.3173
5,310,e023,0.2845
5,310,e024,0.3184
5,311,e001,0.3078
5,311,e002,0.3185
5,311,e003,0.2829
5,311,e004,0.2836
5,311,e005,0.2629
5,311,e006,0.2676
5,311,e007,0.3016
5,311,e008,0.2787
5,311,e009,0.283
5,311,e010,0.2928
5,311,e011,0.3318
5,311,e012,0.2894
5,311,e013,0.3096
5,311,e014,0.3667
5,311,e015,0.2564
5,311,e016,0.3334
5,311,e017,0.2588
5,311,e018,0.3592
5,311,e019,0.2754
5,311,e020,0.3395
5,311,e021,0.2411
5,311,e022,0.3272
5,311,e023,0.2381
5,311,e024,0.2392
5,312,e001,0.3681
5,312,e002,0.3043
5,312,e003,0.3251
5,312,e004,0.2664
5,312,e005,0.3487
5,312,e006,0.2709
5,312,e007,0.3549
5,312,e008,0.3412
5,312,e009,0.3153
5,312,e010,0.293
5,312,e011,0.3175
5,312,e012,0.3039
5,312,e013,0.2469
5,312,e014,0.2762
5,312,e015,0.2911
5,312,e016,0.3218
5,312,e017,0.3401
5,312,e018,0.3012
5,312,e019,0.2691
5,312,e020,0.2693
5,312,e021,0.325
5,312,e022,0.2594
5,312,e023,0.3198
5,312,e024,0.2926
5,313,e001,0.3765
5,313,e002,0.272
5,313,e003,0.3673
5,313,e004,0.3249
5,313,e005,0.388
5,313,e006,0.2863
5,313,e007,0.2971
5,313,e008,0.3582
5,313,e009,0.3009
5,313,e010,0.3177
5,313,e011,0.3316
5,313,e012,0.3197
5,313,e013,0.3344
5,313,e014,0.3216
5,313,e015,0.3079
5,313,e016,0.3557
5,313,e017,0.3693
5,313,e018,0.3362
5,313,e019,0.3548
5,313,e020,0.3672
5,313,e021,0.3372
5,313,e022,0.3484
5,313,e023,0.3688
5,313,e024,0.3508
5,314,e001,0.3543
5,314,e002,0.3271
5,314,e003,0.2656
5,314,e004,0.2945
5,314,e005,0.3263
5,314,e006,0.357
5,314,e007,0.2627
5,314,e008,0.3251
5,314,e009,0.3239
5,314,e010,0.2863
5,314,e011,0.3486
5,314,e012,0.3077
5,314,e013,0.3141
5,314,e014,0.3186
5,314,e015,0.2241
5,314,e016,0.2944
5,314,e017,0.3855
5,314,e018,0.2999
5,314,e019,0.319
5,314,e020,0.2887
5,314,e021,0.2623
5,314,e022,0.2552
5,314,e023,0.3237
5,314,e024,0.2719
5,315,e001,0.2592
5,315,e002,0.2522
5,315,e003,0.2752
5,315,e004,0.2641
5,315,e005,0.3382
5,315,e006,0.263
5,315,e007,0.3181
5,315,e008,0.3384
5,315,e009,0.2978
5,315,e010,0.2557
5,315,e011,0.2874
5,315,e012,0.2821
5,315,e013,0.3251
5,315,e014,0.3087
5,315,e015,0.3611
5,315,e016,0.2349
5,315,e017,0.2436
5,315,e018,0.297
5,315,e019,0.3046
5,315,e020,0.3214
5,315,e021,0.263
5,315,e022,0.3398
5,315,e023,0.2833
5,315,e024,0.2664
5,316,e001,0.381
5,316,e002,0.3818
5,316,e003,0.3186
5,316,e004,0.3937
5,316,e005,0.3115
5,316,e006,0.4184
5,316,e007,0.3717
5,316,e008,0.3775
5,316,e009,0.328
5,316,e010,0.3494
5,316,e011,0.3132
5,316,e012,0.3028
5,316,e013,0.3915
5,316,e014,0.3052
5,316,e015,0.3083
5,316,e016,0.3496
5,316,e017,0.375
5,316,e018,0.3027
5,316,e019,0.3234
5,316,e020,0.3558
5,316,e021,0.3232
5,316,e022,0.3411
5,316,e023,0.3144
5,316,e024,0.3951
5,317,e001,0.3363
5,317,e002,0.271
5,317,e003,0.3018
5,317,e004,0.3222
5,317,e005,0.3251
5,317,e006,0.3464
5,317,e007,0.2807
5,317,e008,0.3739
5,317,e009,0.3782
5,317,e010,0.2876
5,317,e011,0.3157
5,317,e012,0.3455
5,317,e013,0.3357
5,317,e014,0.3237
5,317,e015,0.2901
5,317,e016,0.3553
5,317,e017,0.3699
5,317,e018,0.2701
5,317,e019,0.3364
5,317,e020,0.358
5,317,e021,0.3369
5,317,e022,0.2533
5,317,e023,0.287
5,317,e024,0.3158
5,318,e001,0.35
5,318,e002,0.2999
5,318,e003,0.3231
5,318,e004,0.3686
5,318,e005,0.3792
5,318,e006,0.3551
5,318,e007,0.3176
5,318,e008,0.3002
5,318,e009,0.3517
5,318,e010,0.3512
5,318,e011,0.337
5,318,e012,0.385
5,318,e013,0.3111
5,318,e014,0.3933
5,318,e015,0.3882
5,318,e016,0.306
5,318,e017,0.3045
5,318,e018,0.3592
5,318,e019,0.339
5,318,e020,0.3681
5,318,e021,0.3214
5,318,e022,0.3547
5,318,e023,0.2905
5,318,e024,0.3062
5,319,e001,0.3232
5,319,e002,0.2757
5,319,e003,0.2822
5,319,e004,0.2911
5,319,e005,0.318
5,319,e006,0.2815
5,319,e007,0.2927
5,319,e008,0.2539
5,319,e009,0.2752
5,319,e010,0.3104
5,319,e011,0.3522
5,319,e012,0.3309
5,319,e013,0.2596
5,319,e014,0.2341
5,319,e015,0.3256
5,319,e016,0.2908
5,319,e017,0.3518
5,319,e018,0.2849
5,319,e019,0.2928
5,319,e020,0.2485
5,319,e021,0.2452
5,319,e022,0.3327
5,319,e023,0.2622
5,319,e024,0.3434
5,320,e001,0.2475
5,320,e002,0.3411
5,320,e003,0.2404
5,320,e004,0.2579
5,320,e005,0.2567
5,320,e006,0.251
5,320,e007,0.2853
5,320,e008,0.2779
5,320,e009,0.2348
5,320,e010,0.3044
5,320,e011,0.2887
5,320,e012,0.3149
5,320,e013,0.2877
5,320,e014,0.2908
5,320,e015,0.2881
5,320,e016,0.3363
5,320,e017,0.2536
5,320,e018,0.2992
5,320,e019,0.3538
5,320,e020,0.2487
5,320,e021,0.2846
5,320,e022,0.2486
5,320,e023,0.2874
5,320,e024,0.3366
5,321,e001,0.332
5,321,e002,0.3383
5,321,e003,0.2928
5,321,e004,0.3315
5,321,e005,0.3358
5,321,e006,0.3573
5,321,e007,0.2984
5,321,e008,0.3555
5,321,e009,0.3863
5,321,e010,0.3059
5,321,e011,0.293
5,321,e012,0.309
5,321,e013,0.302
5,321,e014,0.3809
5,321,e015,0.2796
5,321,e016,0.3794
5,321,e017,0.3034
5,321,e018,0.3288
5,321,e019,0.3125
5,321,e020,0.2517
5,321,e021,0.2903
5,321,e022,0.3134
5,321,e023,0.3403
5,321,e024,0.3605
5,322,e001,0.3296
5,322,e002,0.3142
5,322,e003,0.333
5,322,e004,0.3327
5,322,e005,0.3207
5,322,e006,0.3252
5,322,e007,0.2616
5,322,e008,0.283
5,322,e009,0.304
5,322,e010,0.2841
5,322,e011,0.3424
5,322,e012,0.327
5,322,e013,0.2821
5,322,e014,0.3575
5,322,e015,0.2979
5,322,e016,0.2418
5,322,e017,0.2983
5,322,e018,0.2776
5,322,e019,0.2977
5,322,e020,0.2403
5,322,e021,0.2637
5,322,e022,0.3239
5,322,e023,0.2803
5,322,e024,0.3221
5,323,e001,0.3907
5,323,e002,0.3534
5,323,e003,0.3846
5,323,e004,0.28
5,323,e005,0.3012
5,323,e006,0.2997
5,323,e007,0.3255
5,323,e008,0.3468
5,323,e009,0.3406
5,323,e010,0.2877
5,323,e011,0.32
5,323,e012,0.331
5,323,e013,0.3329
5,323,e014,0.389
5,323,e015,0.3262
5,323,e016,0.3539
5,323,e017,0.3005
5,323,e018,0.2884
5,323,e019,0.3583
5,323,e020,0.3041
5,323,e021,0.3245
5,323,e022,0.3306
5,323,e023,0.3042
5,323,e024,0.3065
5,324,e001,0.3715
5,324,e002,0.2514
5,324,e003,0.3182
5,324,e004,0.3133
5,324,e005,0.353
5,324,e006,0.3004
5,324,e007,0.3528
5,324,e008,0.2873
5,324,e009,0.3144
5,324,e010,0.2759
5,324,e011,0.3474
5,324,e012,0.2866
5,324,e013,0.2917
5,324,e014,0.2808
5,324,e015,0.2864
5,324,e016,0.295
5,324,e017,0.2957
5,324,e018,0.2618
5,324,e019,0.3421
5,324,e020,0.3137
5,324,e021,0.3135
5,324,e022,0.3408
5,324,e023,0.3434
5,324,e024,0.377
5,325,e001,0.3116
5,325,e002,0.3406
5,325,e003,0.3944
5,325,e004,0.2757
5,325,e005,0.3752
5,325,e006,0.301
5,325,e007,0.3318
5,325,e008,0.3533
5,325,e009,0.3045
5,325,e010,0.299
5,325,e011,0.3061
5,325,e012,0.3741
5,325,e013,0.3587
5,325,e014,0.3292
5,325,e015,0.2814
5,325,e016,0.3608
5,325,e017,0.3595
5,325,e018,0.3591
5,325,e019,0.373
5,325,e020,0.3465
5,325,e021,0.3686
5,325,e022,0.3184
5,325,e023,0.3618
5,325,e024,0.3737
5,326,e001,0.2935
5,326,e002,0.2854
5,326,e003,0.2866
5,326,e004,0.2639
5,326,e005,0.3063
5,326,e006,0.3443
5,326,e007,0.3392
5,326,e008,0.3519
5,326,e009,0.3217
5,326,e010,0.3054
5,326,e011,0.2943
5,326,e012,0.2803
5,326,e013,0.298
5,326,e014,0.2526
5,326,e015,0.3188
5,326,e016,0.3014
5,326,e017,0.3177
5,326,e018,0.267
5,326,e019,0.3569
5,326,e020,0.3596
5,326,e021,0.2905
5,326,e022,0.3491
5,326,e023,0.3185
5,326,e024,0.3278
5,327,e001,0.331
5,327,e002,0.3309
5,327,e003,0.3692
5,327,e004,0.3374
5,327,e005,0.3558
5,327,e006,0.2955
5,327,e007,0.3835
5,327,e008,0.3778
5,327,e009,0.3595
5,327,e010,0.3404
5,327,e011,0.3231
5,327,e012,0.3563
5,327,e013,0.3034
5,327,e014,0.345
5,327,e015,0.3172
5,327,e016,0.3688
5,327,e017,0.348
5,327,e018,0.3374
5,327,e019,0.3505
5,327,e020,0.2822
5,327,e021,0.353
5,327,e022,0.3225
5,327,e023,0.3299
5,327,e024,0.2893
5,328,e001,0.3981
5,328,e002,0.299
5,328,e003,0.3166
5,328,e004,0.3795
5,328,e005,0.3322
5,328,e006,0.386
5,328,e007,0.3413
5,328,e008,0.3575
5,328,e009,0.3179
5,328,e010,0.3808
5,328,e011,0.2809
5,328,e012,0.3168
5,328,e013,0.3317
5,328,e014,0.32
5,328,e015,0.3336
5,328,e016,0.2858
5,328,e017,0.3077
5,328,e018,0.3433
5,328,e019,0.3086
5,328,e020,0.369
5,328,e021,0.3107
5,328,e022,0.3463
5,328,e023,0.2884
5,328,e024,0.3205
5,329,e001,0.343
5,329,e002,0.3562
5,329,e003,0.3535
5,329,e004,0.3115
5,329,e005,0.3052
5,329,e006,0.3067
5,329,e007,0.3642
5,329,e008,0.2759
5,329,e009,0.2969
5,329,e010,0.2892
5,329,e011,0.2936
5,329,e012,0.3456
5,329,e013,0.3423
5,329,e014,0.2541
5,329,e015,0.2818
5,329,e016,0.3466
5,329,e017,0.3309
5,329,e018,0.2639
5,329,e019,0.3168
5,329,e020,0.2877
5,329,e021,0.3015
5,329,e022,0.3224
5,329,e023,0.2536
5,329,e024,0.3156
5,330,e001,0.3541
5,330,e002,0.3416
5,330,e003,0.3598
5,330,e004,0.3239
5,330,e005,0.3053
5,330,e006,0.3099
5,330,e007,0.3207
5,330,e008,0.3102
5,330,e009,0.3353
5,330,e010,0.3055
5,330,e011,0.2903
5,330,e012,0.3147
5,330,e013,0.3741
5,330,e014,0.3925
5,330,e015,0.2905
5,330,e016,0.3762
5,330,e017,0.3362
5,330,e018,0.2688
5,330,e019,0.3359
5,330,e020,0.3131
5,330,e021,0.3158
5,330,e022,0.3576
5,330,e023,0.352
5,330,e024,0.315
5,331,e001,0.3213
5,331,e002,0.3372
5,331,e003,0.3248
5,331,e004,0.3238
5,331,e005,0.3343
5,331,e006,0.3212
5,331,e007,0.3077
5,331,e008,0.2959
5,331,e009,0.3205
5,331,e010,0.3677
5,331,e011,0.3454
5,331,e012,0.3376
5,331,e013,0.4017
5,331,e014,0.3007
5,331,e015,0.3494
5,331,e016,0.3313
5,331,e017,0.3022
5,331,e018,0.3471
5,331,e019,0.3813
5,331,e020,0.3562
5,331,e021,0.3186
5,331,e022,0.3002
5,331,e023,0.2937
5,331,e024,0.3418
5,332,e001,0.323
5,332,e002,0.272
5,332,e003,0.341
5,332,e004,0.3048
5,332,e005,0.3189
5,332,e006,0.3277
5,332,e007,0.3509
5,332,e008,0.3396
5,332,e009,0.2901
5,332,e010,0.384
5,332,e011,0.3458
5,332,e012,0.314
5,332,e013,0.3941
5,332,e014,0.3859
5,332,e015,0.3474
5,332,e016,0.3666
5,332,e017,0.3444
5,332,e018,0.3169
5,332,e019,0.3175
5,332,e020,0.3084
5,332,e021,0.329
5,332,e022,0.373
5,332,e023,0.3152
5,332,e024,0.3486
5,333,e001,0.3262
5,333,e002,0.3206
5,333,e003,0.3565
5,333,e004,0.3091
5,333,e005,0.3224
5,333,e006,0.2897
5,333,e007,0.33
5,333,e008,0.343
5,333,e009,0.2913
5,333,e010,0.4075
5,333,e011,0.3284
5,333,e012,0.3369
5,333,e013,0.3692
5,333,e014,0.2888
5,333,e015,0.388
5,333,e016,0.3156
5,333,e017,0.3426
5,333,e018,0.3048
5,333,e019,0.3614
5,333,e020,0.2853
5,333,e021,0.3656
5,333,e022,0.3812
5,333,e023,0.3586
5,333,e024,0.3664
5,334,e001,0.3039
5,334,e002,0.3372
5,334,e003,0.3035
5,334,e004,0.2733
5,334,e005,0.338
5,334,e006,0.298
5,334,e007,0.2784
5,334,e008,0.2644
5,334,e009,0.2861
5,334,e010,0.3521
5,334,e011,0.3313
5,334,e012,0.2554
5,334,e013,0.3046
5,334,e014,0.3129
5,334,e015,0.3136
5,334,e016,0.3372
5,334,e017,0.2481
5,334,e018,0.2789
5,334,e019,0.2919
5,334,e020,0.2663
5,334,e021,0.3268
5,334,e022,0.2848
5,334,e023,0.2971
5,334,e024,0.2953
5,335,e001,0.3869
5,335,e002,0.3993
5,335,e003,0.3602
5,335,e004,0.3437
5,335,e005,0.3471
5,335,e006,0.354
5,335,e007,0.4359
5,335,e008,0.3928
5,335,e009,0.376
5,335,e010,0.3763
5,335,e011,0.3551
5,335,e012,0.3812
5,335,e013,0.3804
5,335,e014,0.3464
5,335,e015,0.357
5,335,e016,0.3498
5,335,e017,0.3283
5,335,e018,0.3329
5,335,e019,0.33
5,335,e020,0.4154
5,335,e021,0.4411
5,335,e022,0.3599
5,335,e023,0.4165
5,335,e024,0.4443
5,336,e001,0.3491
5,336,e002,0.3197
5,336,e003,0.3824
5,336,e004,0.3414
5,336,e005,0.3937
5,336,e006,0.366
5,336,e007,0.3544
5,336,e008,0.3914
5,336,e009,0.3399
5,336,e010,0.3891
5,336,e011,0.3902
5,336,e012,0.3751
5,336,e013,0.3508
5,336,e014,0.4124
5,336,e015,0.3191
5,336,e016,0.4123
5,336,e017,0.3304
5,336,e018,0.3968
5,336,e019,0.3295
5,336,e020,0.3414
5,336,e021,0.3081
5,336,e022,0.4204
5,336,e023,0.3023
5,336,e024,0.358
5,337,e001,0.3742
5,337,e002,0.3381
5,337,e003,0.4245
5,337,e004,0.4489
5,337,e005,0.35
5,337,e006,0.4152
5,337,e007,0.4227
5,337,e008,0.3764
5,337,e009,0.3577
5,337,e010,0.3813
5,337,e011,0.3574
5,337,e012,0.3906
5,337,e013,0.4228
5,337,e014,0.4136
5,337,e015,0.4069
5,337,e016,0.3979
5,337,e017,0.364
5,337,e018,0.319
5,337,e019,0.3305
5,337,e020,0.4022
5,337,e021,0.3801
5,337,e022,0.3298
5,337,e023,0.3574
5,337,e024,0.3585
5,338,e001,0.3862
5,338,e002,0.3284
5,338,e003,0.3271
5,338,e004,0.4268
5,338,e005,0.3022
5,338,e006,0.3614
5,338,e007,0.3865
5,338,e008,0.3479
5,338,e009,0.408
5,338,e010,0.3668
5,338,e011,0.3679
5,338,e012,0.4399
5,338,e013,0.3405
5,338,e014,0.4368
5,338,e015,0.3843
5,338,e016,0.4167
5,338,e017,0.3512
5,338,e018,0.3653
5,338,e019,0.3987
5,338,e020,0.4187
5,338,e021,0.3899
5,338,e022,0.3501
5,338,e023,0.4173
5,338,e024,0.358
5,339,e001,0.369
5,339,e002,0.3376
5,339,e003,0.3627
5,339,e004,0.4
5,339,e005,0.3364
5,339,e006,0.3965
5,339,e007,0.4042
5,339,e008,0.3706
5,339,e009,0.4147
5,339,e010,0.3867
5,339,e011,0.3954
5,339,e012,0.3224
5,339,e013,0.4047
5,339,e014,0.3246
5,339,e015,0.3839
5,339,e016,0.3734
5,339,e017,0.4072
5,339,e018,0.4172
5,339,e019,0.3121
5,339,e020,0.3638
5,339,e021,0.3976
5,339,e022,0.3976
5,339,e023,0.3976
5,339,e024,0.3173
5,340,e001,0.3917
5,340,e002,0.3813
5,340,e003,0.3264
5,340,e004,0.3207
5,340,e005,0.3743
5,340,e006,0.3518
5,340,e007,0.3829
5,340,e008,0.3876
5,340,e009,0.4071
5,340,e010,0.3934
5,340,e011,0.3951
5,340,e012,0.3973
5,340,e013,0.3624
5,340,e014,0.4095
5,340,e015,0.3489
5,340,e016,0.3324
5,340,e017,0.3525
5,340,e018,0.3731
5,340,e019,0.3974
5,340,e020,0.434
5,340,e021,0.375
5,340,e022,0.3726
5,340,e023,0.3487
5,340,e024,0.3855
5,341,e001,0.2902
5,341,e002,0.3395
5,341,e003,0.343
5,341,e004,0.3703
5,341,e005,0.3505
5,341,e006,0.3162
5,341,e007,0.3359
5,341,e008,0.3019
5,341,e009,0.3418
5,341,e010,0.315
5,341,e011,0.3664
5,341,e012,0.3367
5,341,e013,0.3761
5,341,e014,0.3148
5,341,e015,0.3512
5,341,e016,0.3308
5,341,e017,0.3599
5,341,e018,0.3971
5,341,e019,0.2961
5,341,e020,0.2898
5,341,e021,0.3418
5,341,e022,0.4108
5,341,e023,0.3482
5,341,e024,0.3981
5,342,e001,0.3693
5,342,e002,0.4153
5,342,e003,0.3645
5,342,e004,0.3151
5,342,e005,0.3728
5,342,e006,0.4199
5,342,e007,0.3522
5,342,e008,0.3216
5,342,e009,0.4015
5,342,e010,0.353
5,342,e011,0.3685
5,342,e012,0.3602
5,342,e013,0.354
5,342,e014,0.4102
5,342,e015,0.4178
5,342,e016,0.3716
5,342,e017,0.3844
5,342,e018,0.3392
5,342,e019,0.3458
5,342,e020,0.2931
5,342,e021,0.4228
5,342,e022,0.3794
5,342,e023,0.3223
5,342,e024,0.3279
5,343,e001,0.3209
5,343,e002,0.3307
5,343,e003,0.3069
5,343,e004,0.2913
5,343,e005,0.3751
5,343,e006,0.2753
5,343,e007,0.335
5,343,e008,0.3047
5,343,e009,0.3388
5,343,e010,0.378
5,343,e011,0.3265
5,343,e012,0.3073
5,343,e013,0.2993
5,343,e014,0.3318
5,343,e015,0.3188
5,343,e016,0.359
5,343,e017,0.3729
5,343,e018,0.3747
5,343,e019,0.3125
5,343,e020,0.3341
5,343,e021,0.2967
5,343,e022,0.3462
5,343,e023,0.3491
5,343,e024,0.3174
5,344,e001,0.3246
5,344,e002,0.3133
5,344,e003,0.3738
5,344,e004,0.3512
5,344,e005,0.4004
5,344,e006,0.3405
5,344,e007,0.326
5,344,e008,0.3417
5,344,e009,0.3254
5,344,e010,0.3287
5,344,e011,0.373
5,344,e012,0.3418
5,344,e013,0.3456
5,344,e014,0.3383
5,344,e015,0.3161
5,344,e016,0.3293
5,344,e017,0.331
5,344,e018,0.3441
5,344,e019,0.3334
5,344,e020,0.4027
5,344,e021,0.3653
5,344,e022,0.3779
5,344,e023,0.3699
5,344,e024,0.4152
5,345,e001,0.3944
5,345,e002,0.3712
5,345,e003,0.3565
5,345,e004,0.3907
5,345,e005,0.3755
5,345,e006,0.388
5,345,e007,0.3865
5,345,e008,0.37
5,345,e009,0.3846
5,345,e010,0.3847
5,345,e011,0.3299
5,345,e012,0.3783
5,345,e013,0.347
5,345,e014,0.2953
5,345,e015,0.3505
5,345,e016,0.3067
5,345,e017,0.3649
5,345,e018,0.3696
5,345,e019,0.326
5,345,e020,0.3879
5,345,e021,0.3342
5,345,e022,0.3242
5,345,e023,0.3178
5,345,e024,0.3335
5,346,e001,0.3807
5,346,e002,0.3701
5,346,e003,0.3824
5,346,e004,0.3487
5,346,e005,0.3503
5,346,e006,0.4196
5,346,e007,0.3571
5,346,e008,0.3995
5,346,e009,0.4244
5,346,e010,0.4412
5,346,e011,0.4021
5,346,e012,0.3615
5,346,e013,0.3925
5,346,e014,0.4348
5,346,e015,0.4033
5,346,e016,0.4656
5,346,e017,0.412
5,346,e018,0.3701
5,346,e019,0.4191
5,346,e020,0.3765
5,346,e021,0.3995
5,346,e022,0.3544
5,346,e023,0.4379
5,346,e024,0.3486
5,347,e001,0.3143
5,347,e002,0.2996
5,347,e003,0.3212
5,347,e004,0.3533
5,347,e005,0.4027
5,347,e006,0.3841
5,347,e007,0.363
5,347,e008,0.3584
5,347,e009,0.367
5,347,e010,0.347
5,347,e011,0.3439
5,347,e012,0.3541
5,347,e013,0.4092
5,347,e014,0.3517
5,347,e015,0.3256
5,347,e016,0.3623
5,347,e017,0.327
5,347,e018,0.4212
5,347,e019,0.3391
5,347,e020,0.3328
5,347,e021,0.3297
5,347,e022,0.3881
5,347,e023,0.3161
5,347,e024,0.3707
5,348,e001,0.3382
5,348,e002,0.4182
5,348,e003,0.3783
5,348,e004,0.3979
5,348,e005,0.3649
5,348,e006,0.4031
5,348,e007,0.3521
5,348,e008,0.4363
5,348,e009,0.3464
5,348,e010,0.388
5,348,e011,0.3974
5,348,e012,0.3161
5,348,e013,0.3785
5,348,e014,0.3688
5,348,e015,0.3411
5,348,e016,0.3164
5,348,e017,0.4022
5,348,e018,0.3808
5,348,e019,0.365
5,348,e020,0.3699
5,348,e021,0.3376
5,348,e022,0.3899
5,348,e023,0.3858
5,348,e024,0.3871
5,349,e001,0.3512
5,349,e002,0.4117
5,349,e003,0.3701
5,349,e004,0.3422
5,349,e005,0.3854
5,349,e006,0.3805
5,349,e007,0.3446
5,349,e008,0.3781
5,349,e009,0.4508
5,349,e010,0.3848
5,349,e011,0.4147
5,349,e012,0.3803
5,349,e013,0.4057
5,349,e014,0.3657
5,349,e015,0.353
5,349,e016,0.419
5,349,e017,0.3606
5,349,e018,0.44
5,349,e019,0.4039
5,349,e020,0.4098
5,349,e021,0.4327
5,349,e022,0.3792
5,349,e023,0.3319
5,349,e024,0.3735
5,350,e001,0.3484
5,350,e002,0.4612
5,350,e003,0.4229
5,350,e004,0.4075
5,350,e005,0.4242
5,350,e006,0.3731
5,350,e007,0.4632
5,350,e008,0.3779
5,350,e009,0.4037
5,350,e010,0.4226
5,350,e011,0.3493
5,350,e012,0.3686
5,350,e013,0.4075
5,350,e014,0.4316
5,350,e015,0.4486
5,350,e016,0.3833
5,350,e017,0.3557
5,350,e018,0.3607
5,350,e019,0.3767
5,350,e020,0.4084
5,350,e021,0.4321
5,350,e022,0.4138
5,350,e023,0.3831
5,350,e024,0.4011
5,351,e001,0.43
5,351,e002,0.3991
5,351,e003,0.3886
5,351,e004,0.3771
5,351,e005,0.3821
5,351,e006,0.3543
5,351,e007,0.3693
5,351,e008,0.3991
5,351,e009,0.4153
5,351,e010,0.3388
5,351,e011,0.4102
5,351,e012,0.3841
5,351,e013,0.3769
5,351,e014,0.3789
5,351,e015,0.3425
5,351,e016,0.3652
5,351,e017,0.451
5,351,e018,0.3293
5,351,e019,0.3599
5,351,e020,0.3855
5,351,e021,0.3348
5,351,e022,0.3402
5,351,e023,0.3659
5,351,e024,0.4237
5,352,e001,0.4189
5,352,e002,0.3399
5,352,e003,0.4153
5,352,e004,0.4054
5,352,e005,0.412
5,352,e006,0.3513
5,352,e007,0.2918
5,352,e008,0.3619
5,352,e009,0.3929
5,352,e010,0.346
5,352,e011,0.3683
5,352,e012,0.4106
5,352,e013,0.3829
5,352,e014,0.4125
5,352,e015,0.3807
5,352,e016,0.4127
5,352,e017,0.3899
5,352,e018,0.3669
5,352,e019,0.3292
5,352,e020,0.3551
5,352,e021,0.3403
5,352,e022,0.3835
5,352,e023,0.3653
5,352,e024,0.3645
5,353,e001,0.3941
5,353,e002,0.3865
5,353,e003,0.3396
5,353,e004,0.3279
5,353,e005,0.3093
5,353,e006,0.4208
5,353,e007,0.3326
5,353,e008,0.3369
5,353,e009,0.3326
5,353,e010,0.3943
5,353,e011,0.3669
5,353,e012,0.3263
5,353,e013,0.3487
5,353,e014,0.3081
5,353,e015,0.4259
5,353,e016,0.3569
5,353,e017,0.419
5,353,e018,0.3119
5,353,e019,0.3848
5,353,e020,0.3657
5,353,e021,0.3218
5,353,e022,0.3183
5,353,e023,0.3082
5,353,e024,0.3499
5,354,e001,0.4105
5,354,e002,0.4391
5,354,e003,0.4183
5,354,e004,0.4189
5,354,e005,0.4698
5,354,e006,0.4259
5,354,e007,0.4475
5,354,e008,0.4392
5,354,e009,0.4578
5,354,e010,0.383
5,354,e011,0.3989
5,354,e012,0.3892
5,354,e013,0.4318
5,354,e014,0.3689
5,354,e015,0.3774
5,354,e016,0.4315
5,354,e017,0.4442
5,354,e018,0.469
5,354,e019,0.4318
5,354,e020,0.4152
5,354,e021,0.3986
5,354,e022,0.4719
5,354,e023,0.3972
5,354,e024,0.3791
5,355,e001,0.4276
5,355,e002,0.3645
5,355,e003,0.3831
5,355,e004,0.4071
5,355,e005,0.4073
5,355,e006,0.3887
5,355,e007,0.3687
5,355,e008,0.3595
5,355,e009,0.3529
5,355,e010,0.373
5,355,e011,0.4089
5,355,e012,0.366
5,355,e013,0.3628
5,355,e014,0.3228
5,355,e015,0.396
5,355,e016,0.3451
5,355,e017,0.3163
5,355,e018,0.3555
5,355,e019,0.3369
5,355,e020,0.3424
5,355,e021,0.3732
5,355,e022,0.3902
5,355,e023,0.4021
5,355,e024,0.4087
5,356,e001,0.3368
5,356,e002,0.4382
5,356,e003,0.4531
5,356,e004,0.4176
5,356,e005,0.3887
5,356,e006,0.3821
5,356,e007,0.3594
5,356,e008,0.4269
5,356,e009,0.376
5,356,e010,0.4374
5,356,e011,0.4103
5,356,e012,0.3324
5,356,e013,0.362
5,356,e014,0.3684
5,356,e015,0.3678
5,356,e016,0.3336
5,356,e017,0.3647
5,356,e018,0.3437
5,356,e019,0.351
5,356,e020,0.4051
5,356,e021,0.4081
5,356,e022,0.3771
5,356,e023,0.3336
5,356,e024,0.4074
5,357,e001,0.3125
5,357,e002,0.3611
5,357,e003,0.3881
5,357,e004,0.321
5,357,e005,0.3757
5,357,e006,0.3909
5,357,e007,0.3905
5,357,e008,0.3184
5,357,e009,0.3405
5,357,e010,0.3999
5,357,e011,0.3593
5,357,e012,0.3498
5,357,e013,0.3886
5,357,e014,0.3863
5,357,e015,0.4155
5,357,e016,0.3943
5,357,e017,0.3687
5,357,e018,0.4011
5,357,e019,0.3789
5,357,e020,0.3873
5,357,e021,0.3148
5,357,e022,0.4226
5,357,e023,0.3578
5,357,e024,0.3712
5,358,e001,0.4075
5,358,e002,0.3945
5,358,e003,0.4213
5,358,e004,0.3524
5,358,e005,0.3997
5,358,e006,0.3861
5,358,e007,0.4355
5,358,e008,0.3969
5,358,e009,0.4112
5,358,e010,0.4401
5,358,e011,0.4515
5,358,e012,0.3776
5,358,e013,0.4189
5,358,e014,0.4355
5,358,e015,0.4118
5,358,e016,0.4411
5,358,e017,0.3807
5,358,e018,0.4604
5,358,e019,0.4332
5,358,e020,0.4027
5,358,e021,0.4275
5,358,e022,0.3933
5,358,e023,0.4413
5,358,e024,0.3935
5,359,e001,0.4017
5,359,e002,0.38
5,359,e003,0.3635
5,359,e004,0.4124
5,359,e005,0.4038
5,359,e006,0.3534
5,359,e007,0.3857
5,359,e008,0.3909
5,359,e009,0.4366
5,359,e010,0.3968
5,359,e011,0.3904
5,359,e012,0.4242
5,359,e013,0.4242
5,359,e014,0.4187
5,359,e015,0.4312
5,359,e016,0.4201
5,359,e017,0.3581
5,359,e018,0.353
5,359,e019,0.3886
5,359,e020,0.4002
5,359,e021,0.4311
5,359,e022,0.4565
5,359,e023,0.3745
5,359,e024,0.4564
5,360,e001,0.3663
5,360,e002,0.4026
5,360,e003,0.3691
5,360,e004,0.3919
5,360,e005,0.3511
5,360,e006,0.3931
5,360,e007,0.4242
5,360,e008,0.4155
5,360,e009,0.4038
5,360,e010,0.3687
5,360,e011,0.3775
5,360,e012,0.4185
5,360,e013,0.5197
5,360,e014,0.5498
5,360,e015,0.4831
5,360,e016,0.4792
5,360,e017,0.5403
5,360,e018,0.4627
5,360,e019,0.3377
5,360,e020,0.4264
5,360,e021,0.3749
5,360,e022,0.3759
5,360,e023,0.4165
5,360,e024,0.4328
5,361,e001,0.4432
5,361,e002,0.372
5,361,e003,0.3664
5,361,e004,0.4251
5,361,e005,0.3385
5,361,e006,0.391
5,361,e007,0.3925
5,361,e008,0.4186
5,361,e009,0.4332
5,361,e010,0.4389
5,361,e011,0.3902
5,361,e012,0.4426
5,361,e013,0.5145
5,361,e014,0.5941
5,361,e015,0.565
5,361,e016,0.5346
5,361,e017,0.5523
5,361,e018,0.5276
5,361,e019,0.4175
5,361,e020,0.419
5,361,e021,0.4106
5,361,e022,0.4538
5,361,e023,0.3645
5,361,e024,0.449
5,362,e001,0.3841
5,362,e002,0.4351
5,362,e003,0.3696
5,362,e004,0.4654
5,362,e005,0.4711
5,362,e006,0.4375
5,362,e007,0.4208
5,362,e008,0.4023
5,362,e009,0.4076
5,362,e010,0.4391
5,362,e011,0.3641
5,362,e012,0.4218
5,362,e013,0.5513
5,362,e014,0.5817
5,362,e015,0.5112
5,362,e016,0.4977
5,362,e017,0.5782
5,362,e018,0.5065
5,362,e019,0.4272
5,362,e020,0.4272
5,362,e021,0.4689
5,362,e022,0.4374
5,362,e023,0.4678
5,362,e024,0.4162
5,363,e001,0.4524
5,363,e002,0.4083
5,363,e003,0.362
5,363,e004,0.3787
5,363,e005,0.3966
5,363,e006,0.4315
5,363,e007,0.4435
5,363,e008,0.3508
5,363,e009,0.3841
5,363,e010,0.4224
5,363,e011,0.3855
5,363,e012,0.4408
5,363,e013,0.5367
5,363,e014,0.4526
5,363,e015,0.5438
5,363,e016,0.5055
5,363,e017,0.5957
5,363,e018,0.5189
5,363,e019,0.415
5,363,e020,0.345
5,363,e021,0.4094
5,363,e022,0.3686
5,363,e023,0.3858
5,363,e024,0.4145
5,364,e001,0.4558
5,364,e002,0.4344
5,364,e003,0.388
5,364,e004,0.3818
5,364,e005,0.4516
5,364,e006,0.4305
5,364,e007,0.3881
5,364,e008,0.4598
5,364,e009,0.4271
5,364,e010,0.3534
5,364,e011,0.4208
5,364,e012,0.419
5,364,e013,0.5522
5,364,e014,0.565
5,364,e015,0.5209
5,364,e016,0.5146
5,364,e017,0.5333
5,364,e018,0.5993
5,364,e019,0.3807
5,364,e020,0.4598
5,364,e021,0.4178
5,364,e022,0.367
5,364,e023,0.3868
5,364,e024,0.4358
5,365,e001,0.4832
5,365,e002,0.3929
5,365,e003,0.4486
5,365,e004,0.3855
5,365,e005,0.3865
5,365,e006,0.3834
5,365,e007,0.3768
5,365,e008,0.4103
5,365,e009,0.4757
5,365,e010,0.4061
5,365,e011,0.4372
5,365,e012,0.4463
5,365,e013,0.535
5,365,e014,0.5667
5,365,e015,0.5425
5,365,e016,0.5716
5,365,e017,0.5377
5,365,e018,0.5143
5,365,e019,0.4802
5,365,e020,0.3741
5,365,e021,0.3902
5,365,e022,0.4535
5,365,e023,0.3813
5,365,e024,0.3971
5,366,e001,0.4182
5,366,e002,0.3687
5,366,e003,0.4153
5,366,e004,0.3818
5,366,e005,0.3861
5,366,e006,0.4079
5,366,e007,0.3763
5,366,e008,0.3792
5,366,e009,0.379
5,366,e010,0.3702
5,366,e011,0.4274
5,366,e012,0.3905
5,366,e013,0.5434
5,366,e014,0.5784
5,366,e015,0.5442
5,366,e016,0.5822
5,366,e017,0.5234
5,366,e018,0.5262
5,366,e019,0.4353
5,366,e020,0.408
5,366,e021,0.3245
5,366,e022,0.3454
5,366,e023,0.378
5,366,e024,0.4071
5,367,e001,0.3773
5,367,e002,0.42
5,367,e003,0.4025
5,367,e004,0.3935
5,367,e005,0.4323
5,367,e006,0.4278
5,367,e007,0.4649
5,367,e008,0.3842
5,367,e009,0.4753
5,367,e010,0.4546
5,367,e011,0.4415
5,367,e012,0.4268
5,367,e013,0.5328
5,367,e014,0.5776
5,367,e015,0.6003
5,367,e016,0.5261
5,367,e017,0.5286
5,367,e018,0.5921
5,367,e019,0.4544
5,367,e020,0.465
5,367,e021,0.4127
5,367,e022,0.4611
5,367,e023,0.377
5,367,e024,0.4667
5,368,e001,0.4837
5,368,e002,0.4558
5,368,e003,0.3956
5,368,e004,0.4077
5,368,e005,0.4037
5,368,e006,0.4249
5,368,e007,0.4375
5,368,e008,0.4334
5,368,e009,0.4854
5,368,e010,0.3939
5,368,e011,0.5046
5,368,e012,0.3915
5,368,e013,0.6361
5,368,e014,0.5908
5,368,e015,0.6205
5,368,e016,0.5738
5,368,e017,0.5908
5,368,e018,0.5896
5,368,e019,0.4136
5,368,e020,0.4096
5,368,e021,0.4285
5,368,e022,0.3967
5,368,e023,0.4569
5,368,e024,0.3819
5,369,e001,0.4276
5,369,e002,0.4112
5,369,e003,0.3588
5,369,e004,0.3318
5,369,e005,0.3943
5,369,e006,0.3855
5,369,e007,0.3827
5,369,e008,0.3329
5,369,e009,0.4068
5,369,e010,0.3796
5,369,e011,0.3423
5,369,e012,0.4243
5,369,e013,0.5285
5,369,e014,0.4847
5,369,e015,0.5091
5,369,e016,0.5213
5,369,e017,0.5077
5,369,e018,0.5433
5,369,e019,0.39
5,369,e020,0.3508
5,369,e021,0.3914
5,369,e022,0.3578
5,369,e023,0.3435
5,369,e024,0.4362
5,370,e001,0.3933
5,370,e002,0.4652
5,370,e003,0.4838
5,370,e004,0.4276
5,370,e005,0.5022
5,370,e006,0.4498
5,370,e007,0.384
5,370,e008,0.4631
5,370,e009,0.4754
5,370,e010,0.4488
5,370,e011,0.412
5,370,e012,0.4676
5,370,e013,0.61
5,370,e014,0.5549
5,370,e015,0.6219
5,370,e016,0.5649
5,370,e017,0.574
5,370,e018,0.5122
5,370,e019,0.4549
5,370,e020,0.4344
5,370,e021,0.4183
5,370,e022,0.4655
5,370,e023,0.3812
5,370,e024,0.4376
5,371,e001,0.473
5,371,e002,0.438
5,371,e003,0.4422
5,371,e004,0.4806
5,371,e005,0.4849
5,371,e006,0.403
5,371,e007,0.4717
5,371,e008,0.4353
5,371,e009,0.4296
5,371,e010,0.464
5,371,e011,0.4661
5,371,e012,0.4139
5,371,e013,0.5055
5,371,e014,0.5517
5,371,e015,0.6147
5,371,e016,0.5353
5,371,e017,0.6027
5,371,e018,0.5707
5,371,e019,0.417
5,371,e020,0.4493
5,371,e021,0.3912
5,371,e022,0.4329
5,371,e023,0.4551
5,371,e024,0.4241
5,372,e001,0.4019
5,372,e002,0.4093
5,372,e003,0.4128
5,372,e004,0.4275
5,372,e005,0.4104
5,372,e006,0.385
5,372,e007,0.3847
5,372,e008,0.3843
5,372,e009,0.385
5,372,e010,0.3828
5,372,e011,0.384
5,372,e012,0.3731
5,372,e013,0.5254
5,372,e014,0.5188
5,372,e015,0.4732
5,372,e016,0.5788
5,372,e017,0.52
5,372,e018,0.5529
5,372,e019,0.4174
5,372,e020,0.4386
5,372,e021,0.4422
5,372,e022,0.3835
5,372,e023,0.4134
5,372,e024,0.3631
5,373,e001,0.4289
5,373,e002,0.467
5,373,e003,0.3691
5,373,e004,0.3806
5,373,e005,0.4719
5,373,e006,0.4545
5,373,e007,0.4427
5,373,e008,0.4467
5,373,e009,0.4596
5,373,e010,0.4636
5,373,e011,0.4463
5,373,e012,0.3701
5,373,e013,0.5326
5,373,e014,0.554
5,373,e015,0.5244
5,373,e016,0.5073
5,373,e017,0.5502
5,373,e018,0.6092
5,373,e019,0.3939
5,373,e020,0.4496
5,373,e021,0.4067
5,373,e022,0.4217
5,373,e023,0.4104
5,373,e024,0.4825
5,374,e001,0.4352
5,374,e002,0.3909
5,374,e003,0.3931
5,374,e004,0.3905
5,374,e005,0.5039
5,374,e006,0.4836
5,374,e007,0.3999
5,374,e008,0.4019
5,374,e009,0.4672
5,374,e010,0.4056
5,374,e011,0.4497
5,374,e012,0.452
5,374,e013,0.5266
5,374,e014,0.5575
5,374,e015,0.5677
5,374,e016,0.5629
5,374,e017,0.5279
5,374,e018,0.5321
5,374,e019,0.416
5,374,e020,0.4689
5,374,e021,0.4483
5,374,e022,0.4112
5,374,e023,0.4735
5,374,e024,0.4494
5,375,e001,0.4859
5,375,e002,0.4284
5,375,e003,0.3912
5,375,e004,0.4299
5,375,e005,0.4807
5,375,e006,0.405
5,375,e007,0.4623
5,375,e008,0.4207
5,375,e009,0.4679
5,375,e010,0.4817
5,375,e011,0.4265
5,375,e012,0.4498
5,375,e013,0.5301
5,375,e014,0.5228
5,375,e015,0.5329
5,375,e016,0.6217
5,375,e017,0.5917
5,375,e018,0.621
5,375,e019,0.4803
5,375,e020,0.4164
5,375,e021,0.4764
5,375,e022,0.4488
5,375,e023,0.3865
5,375,e024,0.4418
5,376,e001,0.4337
5,376,e002,0.443
5,376,e003,0.4114
5,376,e004,0.4009
5,376,e005,0.4462
5,376,e006,0.381
5,376,e007,0.4169
5,376,e008,0.3655
5,376,e009,0.3665
5,376,e010,0.3947
5,376,e011,0.404
5,376,e012,0.386
5,376,e013,0.4889
5,376,e014,0.5578
5,376,e015,0.5611
5,376,e016,0.4798
5,376,e017,0.5343
5,376,e018,0.5732
5,376,e019,0.4443
5,376,e020,0.4093
5,376,e021,0.4193
5,376,e022,0.3573
5,376,e023,0.4122
5,376,e024,0.3885
5,377,e001,0.4359
5,377,e002,0.442
5,377,e003,0.5196
5,377,e004,0.522
5,377,e005,0.4674
5,377,e006,0.5022
5,377,e007,0.4532
5,377,e008,0.4783
5,377,e009,0.4409
5,377,e010,0.49
5,377,e011,0.457
5,377,e012,0.4852
5,377,e013,0.639
5,377,e014,0.5885
5,377,e015,0.5644
5,377,e016,0.6431
5,377,e017,0.6178
5,377,e018,0.6019
5,377,e019,0.529
5,377,e020,0.4777
5,377,e021,0.4867
5,377,e022,0.4363
5,377,e023,0.4544
5,377,e024,0.4968
5,378,e001,0.5166
5,378,e002,0.4654
5,378,e003,0.5277
5,378,e004,0.4334
5,378,e005,0.5304
5,378,e006,0.4232
5,378,e007,0.4706
5,378,e008,0.516
5,378,e009,0.4411
5,378,e010,0.4904
5,378,e011,0.52
5,378,e012,0.4409
5,378,e013,0.5758
5,378,e014,0.5864
5,378,e015,0.6222
5,378,e016,0.6278
5,378,e017,0.5734
5,378,e018,0.5409
5,378,e019,0.531
5,378,e020,0.4892
5,378,e021,0.4428
5,378,e022,0.4674
5,378,e023,0.4856
5,378,e024,0.4233
5,379,e001,0.4528
5,379,e002,0.4729
5,379,e003,0.4311
5,379,e004,0.4444
5,379,e005,0.4825
5,379,e006,0.4092
5,379,e007,0.4719
5,379,e008,0.4839
5,379,e009,0.4278
5,379,e010,0.4201
5,379,e011,0.378
5,379,e012,0.4614
5,379,e013,0.5626
5,379,e014,0.5527
5,379,e015,0.5661
5,379,e016,0.5609
5,379,e017,0.5526
5,379,e018,0.5945
5,379,e019,0.3973
5,379,e020,0.5105
5,379,e021,0.4034
5,379,e022,0.4908
5,379,e023,0.4246
5,379,e024,0.4133
5,380,e001,0.4079
5,380,e002,0.4255
5,380,e003,0.4494
5,380,e004,0.4349
5,380,e005,0.3855
5,380,e006,0.4514
5,380,e007,0.4383
5,380,e008,0.4694
5,380,e009,0.4738
5,380,e010,0.4554
5,380,e011,0.4859
5,380,e012,0.4644
5,380,e013,0.8766
5,380,e014,0.7636
5,380,e015,0.8502
5,380,e016,0.8299
5,380,e017,0.8418
5,380,e018,0.8443
5,380,e019,0.4463
5,380,e020,0.4776
5,380,e021,0.4823
5,380,e022,0.4871
5,380,e023,0.4981
5,380,e024,0.4387
5,381,e001,0.4221
5,381,e002,0.4218
5,381,e003,0.4015
5,381,e004,0.3945
5,381,e005,0.3799
5,381,e006,0.3795
5,381,e007,0.4282
5,381,e008,0.4769
5,381,e009,0.4073
5,381,e010,0.4452
5,381,e011,0.4517
5,381,e012,0.438
5,381,e013,0.7152
5,381,e014,0.6942
5,381,e015,0.7223
5,381,e016,0.7907
5,381,e017,0.7187
5,381,e018,0.7088
5,381,e019,0.4386
5,381,e020,0.3839
5,381,e021,0.4719
5,381,e022,0.4467
5,381,e023,0.4576
5,381,e024,0.3879
5,382,e001,0.5221
5,382,e002,0.4248
5,382,e003,0.5253
5,382,e004,0.4384
5,382,e005,0.4413
5,382,e006,0.4331
5,382,e007,0.4717
5,382,e008,0.4873
5,382,e009,0.4578
5,382,e010,0.4466
5,382,e011,0.4419
5,382,e012,0.4546
5,382,e013,0.7591
5,382,e014,0.8525
5,382,e015,0.8028
5,382,e016,0.7776
5,382,e017,0.8094
5,382,e018,0.7828
5,382,e019,0.4758
5,382,e020,0.4941
5,382,e021,0.4465
5,382,e022,0.5058
5,382,e023,0.3901
5,382,e024,0.4613
5,383,e001,0.4547
5,383,e002,0.4024
5,383,e003,0.4361
5,383,e004,0.4126
5,383,e005,0.4679
5,383,e006,0.4129
5,383,e007,0.4575
5,383,e008,0.3961
5,383,e009,0.4297
5,383,e010,0.4539
5,383,e011,0.4286
5,383,e012,0.4176
5,383,e013,0.7203
5,383,e014,0.7317
5,383,e015,0.7541
5,383,e016,0.8234
5,383,e017,0.7452
5,383,e018,0.79
5,383,e019,0.4986
5,383,e020,0.4566
5,383,e021,0.429
5,383,e022,0.4619
5,383,e023,0.4592
5,383,e024,0.4272
5,384,e001,0.4759
5,384,e002,0.5202
5,384,e003,0.489
5,384,e004,0.5371
5,384,e005,0.429
5,384,e006,0.4632
5,384,e007,0.5205
5,384,e008,0.5204
5,384,e009,0.439
5,384,e010,0.4475
5,384,e011,0.4235
5,384,e012,0.437
5,384,e013,0.8325
5,384,e014,0.8871
5,384,e015,0.7912
5,384,e016,0.8131
5,384,e017,0.8395
5,384,e018,0.8023
5,384,e019,0.4727
5,384,e020,0.4638
5,384,e021,0.4549
5,384,e022,0.4766
5,384,e023,0.4148
5,384,e024,0.4879
5,385,e001,0.3803
5,385,e002,0.4683
5,385,e003,0.4452
5,385,e004,0.4077
5,385,e005,0.3678
5,385,e006,0.4177
5,385,e007,0.4005
5,385,e008,0.4297
5,385,e009,0.4077
5,385,e010,0.4536
5,385,e011,0.4604
5,385,e012,0.4125
5,385,e013,0.7827
5,385,e014,0.693
5,385,e015,0.7004
5,385,e016,0.7763
5,385,e017,0.7792
5,385,e018,0.7284
5,385,e019,0.45
5,385,e020,0.3773
5,385,e021,0.4762
5,385,e022,0.4131
5,385,e023,0.4279
5,385,e024,0.3777
5,386,e001,0.4857
5,386,e002,0.4777
5,386,e003,0.3912
5,386,e004,0.5249
5,386,e005,0.4124
5,386,e006,0.5107
5,386,e007,0.4297
5,386,e008,0.507
5,386,e009,0.496
5,386,e010,0.4684
5,386,e011,0.4306
5,386,e012,0.4013
5,386,e013,0.8203
5,386,e014,0.8109
5,386,e015,0.7815
5,386,e016,0.8179
5,386,e017,0.8471
5,386,e018,0.781
5,386,e019,0.4476
5,386,e020,0.4224
5,386,e021,0.4414
5,386,e022,0.4995
5,386,e023,0.4504
5,386,e024,0.5013
5,387,e001,0.5182
5,387,e002,0.5301
5,387,e003,0.4376
5,387,e004,0.4647
5,387,e005,0.4172
5,387,e006,0.4409
5,387,e007,0.4919
5,387,e008,0.4879
5,387,e009,0.4903
5,387,e010,0.5205
5,387,e011,0.4538
5,387,e012,0.5076
5,387,e013,0.7992
5,387,e014,0.7595
5,387,e015,0.8003
5,387,e016,0.811
5,387,e017,0.7824
5,387,e018,0.8261
5,387,e019,0.4418
5,387,e020,0.4839
5,387,e021,0.42
5,387,e022,0.444
5,387,e023,0.4712
5,387,e024,0.4209
5,388,e001,0.4057
5,388,e002,0.451
5,388,e003,0.4133
5,388,e004,0.4514
5,388,e005,0.4056
5,388,e006,0.44
5,388,e007,0.4328
5,388,e008,0.4046
5,388,e009,0.427
5,388,e010,0.4007
5,388,e011,0.4038
5,388,e012,0.4898
5,388,e013,0.7521
5,388,e014,0.7857
5,388,e015,0.767
5,388,e016,0.811
5,388,e017,0.7611
5,388,e018,0.8147
5,388,e019,0.4131
5,388,e020,0.4592
5,388,e021,0.487
5,388,e022,0.4162
5,388,e023,0.4557
5,388,e024,0.4012
5,389,e001,0.4669
5,389,e002,0.3935
5,389,e003,0.4752
5,389,e004,0.3979
5,389,e005,0.4908
5,389,e006,0.4945
5,389,e007,0.4527
5,389,e008,0.4092
5,389,e009,0.4098
5,389,e010,0.405
5,389,e011,0.4285
5,389,e012,0.4895
5,389,e013,0.8154
5,389,e014,0.7228
5,389,e015,0.781
5,389,e016,0.733
5,389,e017,0.7357
5,389,e018,0.8042
5,389,e019,0.3999
5,389,e020,0.4413
5,389,e021,0.4148
5,389,e022,0.4092
5,389,e023,0.4538
5,389,e024,0.4055
5,390,e001,0.4795
5,390,e002,0.5065
5,390,e003,0.4441
5,390,e004,0.476
5,390,e005,0.5401
5,390,e006,0.5131
5,390,e007,0.4556
5,390,e008,0.4744
5,390,e009,0.453
5,390,e010,0.4963
5,390,e011,0.4534
5,390,e012,0.5508
5,390,e013,0.858
5,390,e014,0.7786
5,390,e015,0.8421
5,390,e016,0.8293
5,390,e017,0.7699
5,390,e018,0.7915
5,390,e019,0.4957
5,390,e020,0.4577
5,390,e021,0.4893
5,390,e022,0.4891
5,390,e023,0.4878
5,390,e024,0.4743
5,391,e001,0.5089
5,391,e002,0.4362
5,391,e003,0.4742
5,391,e004,0.444
5,391,e005,0.4809
5,391,e006,0.4988
5,391,e007,0.4903
5,391,e008,0.4249
5,391,e009,0.4509
5,391,e010,0.497
5,391,e011,0.454
5,391,e012,0.4334
5,391,e013,0.8532
5,391,e014,0.8201
5,391,e015,0.8308
5,391,e016,0.7856
5,391,e017,0.8383
5,391,e018,0.7543
5,391,e019,0.5263
5,391,e020,0.4585
5,391,e021,0.493
5,391,e022,0.4994
5,391,e023,0.4618
5,391,e024,0.461
5,392,e001,0.4271
5,392,e002,0.4336
5,392,e003,0.4492
5,392,e004,0.3798
5,392,e005,0.4518
5,392,e006,0.3865
5,392,e007,0.3953
5,392,e008,0.4518
5,392,e009,0.4604
5,392,e010,0.4372
5,392,e011,0.4624
5,392,e012,0.4479
5,392,e013,0.7281
5,392,e014,0.7523
5,392,e015,0.7499
5,392,e016,0.7745
5,392,e017,0.7414
5,392,e018,0.7423
5,392,e019,0.434
5,392,e020,0.4038
5,392,e021,0.3673
5,392,e022,0.5048
5,392,e023,0.4164
5,392,e024,0.4113
5,393,e001,0.5407
5,393,e002,0.4131
5,393,e003,0.4814
5,393,e004,0.511
5,393,e005,0.4654
5,393,e006,0.4794
5,393,e007,0.4736
5,393,e008,0.5238
5,393,e009,0.4659
5,393,e010,0.4503
5,393,e011,0.5014
5,393,e012,0.4665
5,393,e013,0.7764
5,393,e014,0.7744
5,393,e015,0.7428
5,393,e016,0.8483
5,393,e017,0.7935
5,393,e018,0.7823
5,393,e019,0.4712
5,393,e020,0.4872
5,393,e021,0.4785
5,393,e022,0.4715
5,393,e023,0.4977
5,393,e024,0.452
5,394,e001,0.4684
5,394,e002,0.4886
5,394,e003,0.4897
5,394,e004,0.4368
5,394,e005,0.4981
5,394,e006,0.4606
5,394,e007,0.4982
5,394,e008,0.4187
5,394,e009,0.4636
5,394,e010,0.4766
5,394,e011,0.5029
5,394,e012,0.4481
5,394,e013,0.835
5,394,e014,0.8124
5,394,e015,0.8514
5,394,e016,0.838
5,394,e017,0.7624
5,394,e018,0.7903
5,394,e019,0.4384
5,394,e020,0.4506
5,394,e021,0.4509
5,394,e022,0.4288
5,394,e023,0.4488
5,394,e024,0.4962
5,395,e001,0.4545
5,395,e002,0.4965
5,395,e003,0.5066
5,395,e004,0.4994
5,395,e005,0.4098
5,395,e006,0.4733
5,395,e007,0.4397
5,395,e008,0.4593
5,395,e009,0.4126
5,395,e010,0.4115
5,395,e011,0.4677
5,395,e012,0.4448
5,395,e013,0.779
5,395,e014,0.7677
5,395,e015,0.8422
5,395,e016,0.821
5,395,e017,0.7668
5,395,e018,0.7742
5,395,e019,0.4285
5,395,e020,0.5231
5,395,e021,0.5022
5,395,e022,0.4126
5,395,e023,0.4944
5,395,e024,0.4669
5,396,e001,0.4411
5,396,e002,0.4638
5,396,e003,0.4166
5,396,e004,0.464
5,396,e005,0.4529
5,396,e006,0.4784
5,396,e007,0.4447
5,396,e008,0.4265
5,396,e009,0.4192
5,396,e010,0.4217
5,396,e011,0.5005
5,396,e012,0.4658
5,396,e013,0.8024
5,396,e014,0.7749
5,396,e015,0.8047
5,396,e016,0.7806
5,396,e017,0.7766
5,396,e018,0.7195
5,396,e019,0.4774
5,396,e020,0.4936
5,396,e021,0.4309
5,396,e022,0.5199
5,396,e023,0.5071
5,396,e024,0.4687
5,397,e001,0.5109
5,397,e002,0.5393
5,397,e003,0.497
5,397,e004,0.4661
5,397,e005,0.4507
5,397,e006,0.469
5,397,e007,0.4957
5,397,e008,0.511
5,397,e009,0.4485
5,397,e010,0.4884
5,397,e011,0.5462
5,397,e012,0.4777
5,397,e013,0.7799
5,397,e014,0.7978
5,397,e015,0.8081
5,397,e016,0.7813
5,397,e017,0.7875
5,397,e018,0.7706
5,397,e019,0.5001
5,397,e020,0.4546
5,397,e021,0.4508
5,397,e022,0.4787
5,397,e023,0.5389
5,397,e024,0.4902
5,398,e001,0.5374
5,398,e002,0.5162
5,398,e003,0.4976
5,398,e004,0.4373
5,398,e005,0.4079
5,398,e006,0.4373
5,398,e007,0.5089
5,398,e008,0.521
5,398,e009,0.4979
5,398,e010,0.5022
5,398,e011,0.4923
5,398,e012,0.482
5,398,e013,0.584
5,398,e014,0.58
5,398,e015,0.6569
5,398,e016,0.6322
5,398,e017,0.6514
5,398,e018,0.5898
5,398,e019,0.5173
5,398,e020,0.4844
5,398,e021,0.4761
5,398,e022,0.5242
5,398,e023,0.4619
5,398,e024,0.436
5,399,e001,0.5472
5,399,e002,0.4769
5,399,e003,0.4155
5,399,e004,0.4654
5,399,e005,0.4799
5,399,e006,0.4763
5,399,e007,0.4556
5,399,e008,0.4705
5,399,e009,0.4885
5,399,e010,0.4996
5,399,e011,0.528
5,399,e012,0.5253
5,399,e013,0.6219
5,399,e014,0.6527
5,399,e015,0.656
5,399,e016,0.6465
5,399,e017,0.6531
5,399,e018,0.6561
5,399,e019,0.4784
5,399,e020,0.4411
5,399,e021,0.4829
5,399,e022,0.454
5,399,e023,0.4875
5,399,e024,0.4722
5,400,e001,0.5447
5,400,e002,0.5194
5,400,e003,0.5183
5,400,e004,0.578
5,400,e005,0.4673
5,400,e006,0.552
5,400,e007,0.4602
5,400,e008,0.5389
5,400,e009,0.5169
5,400,e010,0.4838
5,400,e011,0.51
5,400,e012,0.5406
5,400,e013,0.6607
5,400,e014,0.5936
5,400,e015,0.6375
5,400,e016,0.6761
5,400,e017,0.6852
5,400,e018,0.6696
5,400,e019,0.5771
5,400,e020,0.4811
5,400,e021,0.4667
5,400,e022,0.5503
5,400,e023,0.5527
5,400,e024,0.4884
5,401,e001,0.5266
5,401,e002,0.4657
5,401,e003,0.4887
5,401,e004,0.5104
5,401,e005,0.4894
5,401,e006,0.4542
5,401,e007,0.5033
5,401,e008,0.4558
5,401,e009,0.4673
5,401,e010,0.5252
5,401,e011,0.4473
5,401,e012,0.4519
5,401,e013,0.6117
5,401,e014,0.6383
5,401,e015,0.6033
5,401,e016,0.5863
5,401,e017,0.6098
5,401,e018,0.6135
5,401,e019,0.5125
5,401,e020,0.4602
5,401,e021,0.5273
5,401,e022,0.4616
5,401,e023,0.4817
5,401,e024,0.5123
5,402,e001,0.4413
5,402,e002,0.4551
5,402,e003,0.46
5,402,e004,0.4189
5,402,e005,0.5166
5,402,e006,0.4973
5,402,e007,0.4478
5,402,e008,0.5157
5,402,e009,0.5078
5,402,e010,0.4433
5,402,e011,0.4691
5,402,e012,0.5136
5,402,e013,0.6003
5,402,e014,0.6086
5,402,e015,0.6368
5,402,e016,0.6178
5,402,e017,0.6434
5,402,e018,0.5958
5,402,e019,0.471
5,402,e020,0.5159
5,402,e021,0.4653
5,402,e022,0.5074
5,402,e023,0.4435
5,402,e024,0.4951
5,403,e001,0.4656
5,403,e002,0.459
5,403,e003,0.5181
5,403,e004,0.4504
5,403,e005,0.4254
5,403,e006,0.4573
5,403,e007,0.5009
5,403,e008,0.462
5,403,e009,0.531
5,403,e010,0.5223
5,403,e011,0.4444
5,403,e012,0.4996
5,403,e013,0.585
5,403,e014,0.6601
5,403,e015,0.6194
5,403,e016,0.5923
5,403,e017,0.6146
5,403,e018,0.6301
5,403,e019,0.4466
5,403,e020,0.4671
5,403,e021,0.5087
5,403,e022,0.4395
5,403,e023,0.4535
5,403,e024,0.466
5,404,e001,0.4121
5,404,e002,0.483
5,404,e003,0.5382
5,404,e004,0.4772
5,404,e005,0.4106
5,404,e006,0.3978
5,404,e007,0.4641
5,404,e008,0.4972
5,404,e009,0.4494
5,404,e010,0.5219
5,404,e011,0.447
5,404,e012,0.3861
5,404,e013,0.5816
5,404,e014,0.5456
5,404,e015,0.6114
5,404,e016,0.6194
5,404,e017,0.5874
5,404,e018,0.6177
5,404,e019,0.4913
5,404,e020,0.5119
5,404,e021,0.4455
5,404,e022,0.4354
5,404,e023,0.4472
5,404,e024,0.4775
5,405,e001,0.4686
5,405,e002,0.5095
5,405,e003,0.4993
5,405,e004,0.5063
5,405,e005,0.4898
5,405,e006,0.43
5,405,e007,0.501
5,405,e008,0.4936
5,405,e009,0.505
5,405,e010,0.4071
5,405,e011,0.4491
5,405,e012,0.4334
5,405,e013,0.6232
5,405,e014,0.609
5,405,e015,0.5603
5,405,e016,0.6496
5,405,e017,0.5951
5,405,e018,0.6301
5,405,e019,0.4909
5,405,e020,0.5291
5,405,e021,0.4461
5,405,e022,0.5297
5,405,e023,0.4408
5,405,e024,0.438
5,406,e001,0.5281
5,406,e002,0.5104
5,406,e003,0.505
5,406,e004,0.476
5,406,e005,0.5183
5,406,e006,0.5201
5,406,e007,0.4779
5,406,e008,0.4751
5,406,e009,0.4887
5,406,e010,0.5393
5,406,e011,0.5166
5,406,e012,0.5609
5,406,e013,0.6504
5,406,e014,0.6508
5,406,e015,0.627
5,406,e016,0.6151
5,406,e017,0.5972
5,406,e018,0.5978
5,406,e019,0.5007
5,406,e020,0.5008
5,406,e021,0.4616
5,406,e022,0.4903
5,406,e023,0.5335
5,406,e024,0.5387
5,407,e001,0.5231
5,407,e002,0.5162
5,407,e003,0.4615
5,407,e004,0.3964
5,407,e005,0.4636
5,407,e006,0.5143
5,407,e007,0.4832
5,407,e008,0.4561
5,407,e009,0.451
5,407,e010,0.4729
5,407,e011,0.4335
5,407,e012,0.5165
5,407,e013,0.5446
5,407,e014,0.6153
5,407,e015,0.6595
5,407,e016,0.5712
5,407,e017,0.6187
5,407,e018,0.5951
5,407,e019,0.4639
5,407,e020,0.5296
5,407,e021,0.4401
5,407,e022,0.5156
5,407,e023,0.4424
5,407,e024,0.449
5,408,e001,0.4676
5,408,e002,0.4831
5,408,e003,0.5352
5,408,e004,0.4701
5,408,e005,0.4854
5,408,e006,0.539
5,408,e007,0.4821
5,408,e008,0.5162
5,408,e009,0.5358
5,408,e010,0.4768
5,408,e011,0.4792
5,408,e012,0.5356
5,408,e013,0.5974
5,408,e014,0.5979
5,408,e015,0.655
5,408,e016,0.5699
5,408,e017,0.5804
5,408,e018,0.5553
5,408,e019,0.4631
5,408,e020,0.4483
5,408,e021,0.4733
5,408,e022,0.4368
5,408,e023,0.4229
5,408,e024,0.492
5,409,e001,0.4707
5,409,e002,0.4397
5,409,e003,0.5448
5,409,e004,0.4909
5,409,e005,0.4638
5,409,e006,0.4356
5,409,e007,0.4632
5,409,e008,0.4685
5,409,e009,0.5168
5,409,e010,0.539
5,409,e011,0.5242
5,409,e012,0.4826
5,409,e013,0.6212
5,409,e014,0.6056
5,409,e015,0.6147
5,409,e016,0.627
5,409,e017,0.6647
5,409,e018,0.6283
5,409,e019,0.5396
5,409,e020,0.4754
5,409,e021,0.487
5,409,e022,0.5194
5,409,e023,0.5327
5,409,e024,0.5061
5,410,e001,0.4272
5,410,e002,0.4448
5,410,e003,0.46
5,410,e004,0.4215
5,410,e005,0.4958
5,410,e006,0.4261
5,410,e007,0.4712
5,410,e008,0.436
5,410,e009,0.4709
5,410,e010,0.5051
5,410,e011,0.4533
5,410,e012,0.487
5,410,e013,0.5342
5,410,e014,0.6259
5,410,e015,0.5484
5,410,e016,0.5849
5,410,e017,0.5704
5,410,e018,0.5508
5,410,e019,0.486
5,410,e020,0.4614
5,410,e021,0.4553
5,410,e022,0.449
5,410,e023,0.4366
5,410,e024,0.4381
5,411,e001,0.4412
5,411,e002,0.3907
5,411,e003,0.4389
5,411,e004,0.4475
5,411,e005,0.4783
5,411,e006,0.4675
5,411,e007,0.4335
5,411,e008,0.4886
5,411,e009,0.4744
5,411,e010,0.4302
5,411,e011,0.524
5,411,e012,0.454
5,411,e013,0.5429
5,411,e014,0.6063
5,411,e015,0.6301
5,411,e016,0.5489
5,411,e017,0.5599
5,411,e018,0.591
5,411,e019,0.457
5,411,e020,0.4269
5,411,e021,0.4425
5,411,e022,0.4177
5,411,e023,0.3916
5,411,e024,0.4327
5,412,e001,0.4973
5,412,e002,0.5284
5,412,e003,0.4735
5,412,e004,0.4979
5,412,e005,0.4591
5,412,e006,0.4966
5,412,e007,0.5479
5,412,e008,0.4856
5,412,e009,0.4623
5,412,e010,0.5486
5,412,e011,0.4707
5,412,e012,0.5672
5,412,e013,0.6294
5,412,e014,0.6083
5,412,e015,0.6624
5,412,e016,0.6486
5,412,e017,0.5709
5,412,e018,0.5816
5,412,e019,0.5428
5,412,e020,0.5534
5,412,e021,0.5013
5,412,e022,0.5274
5,412,e023,0.4914
5,412,e024,0.4747
5,413,e001,0.5133
5,413,e002,0.495
5,413,e003,0.4698
5,413,e004,0.5051
5,413,e005,0.4776
5,413,e006,0.4727
5,413,e007,0.4936
5,413,e008,0.4762
5,413,e009,0.4701
5,413,e010,0.5116
5,413,e011,0.4257
5,413,e012,0.5272
5,413,e013,0.6069
5,413,e014,0.643
5,413,e015,0.5699
5,413,e016,0.5599
5,413,e017,0.5576
5,413,e018,0.6458
5,413,e019,0.4378
5,413,e020,0.502
5,413,e021,0.5551
5,413,e022,0.5109
5,413,e023,0.5044
5,413,e024,0.4803
5,414,e001,0.4711
5,414,e002,0.5246
5,414,e003,0.5711
5,414,e004,0.5643
5,414,e005,0.4735
5,414,e006,0.5207
5,414,e007,0.4666
5,414,e008,0.5626
5,414,e009,0.4572
5,414,e010,0.5149
5,414,e011,0.5555
5,414,e012,0.5108
5,414,e013,0.7016
5,414,e014,0.6526
5,414,e015,0.5957
5,414,e016,0.597
5,414,e017,0.6607
5,414,e018,0.7066
5,414,e019,0.4992
5,414,e020,0.497
5,414,e021,0.5168
5,414,e022,0.5258
5,414,e023,0.4767
5,414,e024,0.5062
5,415,e001,0.5191
5,415,e002,0.4825
5,415,e003,0.4414
5,415,e004,0.5061
5,415,e005,0.4718
5,415,e006,0.4242
5,415,e007,0.4754
5,415,e008,0.477
5,415,e009,0.4829
5,415,e010,0.5051
5,415,e011,0.5324
5,415,e012,0.4519
5,415,e013,0.5536
5,415,e014,0.6442
5,415,e015,0.6116
5,415,e016,0.6279
5,415,e017,0.5713
5,415,e018,0.6502
5,415,e019,0.4729
5,415,e020,0.4398
5,415,e021,0.4926
5,415,e022,0.51
5,415,e023,0.4897
5,415,e024,0.4771
5,416,e001,0.4965
5,416,e002,0.505
5,416,e003,0.5104
5,416,e004,0.4881
5,416,e005,0.4417
5,416,e006,0.5241
5,416,e007,0.4823
5,416,e008,0.5122
5,416,e009,0.4403
5,416,e010,0.5308
5,416,e011,0.52
5,416,e012,0.4516
5,416,e013,0.6113
5,416,e014,0.6354
5,416,e015,0.6628
5,416,e016,0.5992
5,416,e017,0.6279
5,416,e018,0.6215
5,416,e019,0.4482
5,416,e020,0.4968
5,416,e021,0.4691
5,416,e022,0.5569
5,416,e023,0.4447
5,416,e024,0.4472
5,417,e001,0.4763
5,417,e002,0.4514
5,417,e003,0.4375
5,417,e004,0.4994
5,417,e005,0.4194
5,417,e006,0.4592
5,417,e007,0.4901
5,417,e008,0.4127
5,417,e009,0.4797
5,417,e010,0.4995
5,417,e011,0.4286
5,417,e012,0.465
5,417,e013,0.6199
5,417,e014,0.6353
5,417,e015,0.6268
5,417,e016,0.5909
5,417,e017,0.5875
5,417,e018,0.6328
5,417,e019,0.4935
5,417,e020,0.4623
5,417,e021,0.465
5,417,e022,0.4619
5,417,e023,0.5026
5,417,e024,0.4314
5,418,e001,0.4239
5,418,e002,0.4069
5,418,e003,0.393
5,418,e004,0.383
5,418,e005,0.4403
5,418,e006,0.4172
5,418,e007,0.4606
5,418,e008,0.4116
5,418,e009,0.4354
5,418,e010,0.449
5,418,e011,0.4402
5,418,e012,0.4851
5,418,e013,0.5391
5,418,e014,0.5319
5,418,e015,0.5695
5,418,e016,0.5043
5,418,e017,0.6156
5,418,e018,0.6037
5,418,e019,0.4275
5,418,e020,0.389
5,418,e021,0.4678
5,418,e022,0.4495
5,418,e023,0.4236
5,418,e024,0.4711
5,419,e001,0.3996
5,419,e002,0.4155
5,419,e003,0.4459
5,419,e004,0.4354
5,419,e005,0.4307
5,419,e006,0.4764
5,419,e007,0.4237
5,419,e008,0.4491
5,419,e009,0.4676
5,419,e010,0.4125
5,419,e011,0.5123
5,419,e012,0.4196
5,419,e013,0.5393
5,419,e014,0.5962
5,419,e015,0.6167
5,419,e016,0.5767
5,419,e017,0.5431
5,419,e018,0.5773
5,419,e019,0.456
5,419,e020,0.4797
5,419,e021,0.445
5,419,e022,0.4788
5,419,e023,0.4805
5,419,e024,0.4495
5,420,e001,0.5157
5,420,e002,0.5377
5,420,e003,0.5135
5,420,e004,0.5309
5,420,e005,0.4837
5,420,e006,0.4737
5,420,e007,0.4587
5,420,e008,0.4399
5,420,e009,0.5097
5,420,e010,0.4526
5,420,e011,0.544
5,420,e012,0.5207
5,420,e013,0.5875
5,420,e014,0.6162
5,420,e015,0.5988
5,420,e016,0.6598
5,420,e017,0.6509
5,420,e018,0.5947
5,420,e019,0.5183
5,420,e020,0.5037
5,420,e021,0.5116
5,420,e022,0.5391
5,420,e023,0.4565
5,420,e024,0.4981
5,421,e001,0.4445
5,421,e002,0.4756
5,421,e003,0.4263
5,421,e004,0.4546
5,421,e005,0.459
5,421,e006,0.4108
5,421,e007,0.4648
5,421,e008,0.4334
5,421,e009,0.498
5,421,e010,0.507
5,421,e011,0.461
5,421,e012,0.4312
5,421,e013,0.5689
5,421,e014,0.5668
5,421,e015,0.6187
5,421,e016,0.553
5,421,e017,0.5354
5,421,e018,0.5792
5,421,e019,0.5031
5,421,e020,0.3859
5,421,e021,0.4963
5,421,e022,0.4554
5,421,e023,0.4221
5,421,e024,0.4182
5,422,e001,0.4507
5,422,e002,0.4318
5,422,e003,0.4789
5,422,e004,0.4856
5,422,e005,0.4789
5,422,e006,0.4839
5,422,e007,0.4934
5,422,e008,0.4485
5,422,e009,0.4845
5,422,e010,0.4591
5,422,e011,0.4822
5,422,e012,0.5086
5,422,e013,0.6119
5,422,e014,0.591
5,422,e015,0.6064
5,422,e016,0.5652
5,422,e017,0.5963
5,422,e018,0.5512
5,422,e019,0.4962
5,422,e020,0.4199
5,422,e021,0.4372
5,422,e022,0.4446
5,422,e023,0.4335
5,422,e024,0.5013
5,423,e001,0.4046
5,423,e002,0.4543
5,423,e003,0.446
5,423,e004,0.5038
5,423,e005,0.4184
5,423,e006,0.4731
5,423,e007,0.4242
5,423,e008,0.4091
5,423,e009,0.4785
5,423,e010,0.4862
5,423,e011,0.4045
5,423,e012,0.5187
5,423,e013,0.6081
5,423,e014,0.5614
5,423,e015,0.5677
5,423,e016,0.5207
5,423,e017,0.5741
5,423,e018,0.619
5,423,e019,0.4413
5,423,e020,0.4684
5,423,e021,0.4373
5,423,e022,0.4176
5,423,e023,0.4416
5,423,e024,0.4822
5,424,e001,0.4705
5,424,e002,0.4745
5,424,e003,0.4029
5,424,e004,0.4579
5,424,e005,0.45
5,424,e006,0.4379
5,424,e007,0.4619
5,424,e008,0.452
5,424,e009,0.4265
5,424,e010,0.4073
5,424,e011,0.443
5,424,e012,0.44
5,424,e013,0.6632
5,424,e014,0.5636
5,424,e015,0.6313
5,424,e016,0.6457
5,424,e017,0.5364
5,424,e018,0.5816
5,424,e019,0.4333
5,424,e020,0.4195
5,424,e021,0.4669
5,424,e022,0.4262
5,424,e023,0.4287
5,424,e024,0.4473
5,425,e001,0.4239
5,425,e002,0.3843
5,425,e003,0.4081
5,425,e004,0.4988
5,425,e005,0.4263
5,425,e006,0.4776
5,425,e007,0.4193
5,425,e008,0.4444
5,425,e009,0.3921
5,425,e010,0.4747
5,425,e011,0.4629
5,425,e012,0.4475
5,425,e013,0.6106
5,425,e014,0.5563
5,425,e015,0.5523
5,425,e016,0.6277
5,425,e017,0.5205
5,425,e018,0.5715
5,425,e019,0.4631
5,425,e020,0.4738
5,425,e021,0.4661
5,425,e022,0.4394
5,425,e023,0.4257
5,425,e024,0.432
5,426,e001,0.4955
5,426,e002,0.4881
5,426,e003,0.4598
5,426,e004,0.4618
5,426,e005,0.4213
5,426,e006,0.493
5,426,e007,0.431
5,426,e008,0.4731
5,426,e009,0.4036
5,426,e010,0.4747
5,426,e011,0.4315
5,426,e012,0.4041
5,426,e013,0.6417
5,426,e014,0.5943
5,426,e015,0.6031
5,426,e016,0.5202
5,426,e017,0.6074
5,426,e018,0.6293
5,426,e019,0.5298
5,426,e020,0.4446
5,426,e021,0.4017
5,426,e022,0.4667
5,426,e023,0.3841
5,426,e024,0.4542
5,427,e001,0.4456
5,427,e002,0.3839
5,427,e003,0.438
5,427,e004,0.4838
5,427,e005,0.4861
5,427,e006,0.4736
5,427,e007,0.4754
5,427,e008,0.4834
5,427,e009,0.4345
5,427,e010,0.435
5,427,e011,0.4445
5,427,e012,0.458
5,427,e013,0.6356
5,427,e014,0.5238
5,427,e015,0.6111
5,427,e016,0.6038
5,427,e017,0.653
5,427,e018,0.591
5,427,e019,0.4672
5,427,e020,0.444
5,427,e021,0.5057
5,427,e022,0.4241
5,427,e023,0.4313
5,427,e024,0.4824
5,428,e001,0.3883
5,428,e002,0.4652
5,428,e003,0.4334
5,428,e004,0.4275
5,428,e005,0.3902
5,428,e006,0.3719
5,428,e007,0.4861
5,428,e008,0.4176
5,428,e009,0.3803
5,428,e010,0.4289
5,428,e011,0.4451
5,428,e012,0.4528
5,428,e013,0.5307
5,428,e014,0.5533
5,428,e015,0.621
5,428,e016,0.5297
5,428,e017,0.5564
5,428,e018,0.6082
5,428,e019,0.426
5,428,e020,0.4363
5,428,e021,0.458
5,428,e022,0.4707
5,428,e023,0.423
5,428,e024,0.4101
5,429,e001,0.4709
5,429,e002,0.4788
5,429,e003,0.4287
5,429,e004,0.4915
5,429,e005,0.4631
5,429,e006,0.5025
5,429,e007,0.4245
5,429,e008,0.4298
5,429,e009,0.4139
5,429,e010,0.4449
5,429,e011,0.4444
5,429,e012,0.4296
5,429,e013,0.5675
5,429,e014,0.6071
5,429,e015,0.567
5,429,e016,0.5886
5,429,e017,0.6111
5,429,e018,0.5932
5,429,e019,0.4864
5,429,e020,0.4593
5,429,e021,0.4589
5,429,e022,0.4483
5,429,e023,0.4626
5,429,e024,0.4421
5,430,e001,0.5277
5,430,e002,0.531
5,430,e003,0.5289
5,430,e004,0.4629
5,430,e005,0.4632
5,430,e006,0.4618
5,430,e007,0.4769
5,430,e008,0.4276
5,430,e009,0.4862
5,430,e010,0.444
5,430,e011,0.4141
5,430,e012,0.4954
5,430,e013,0.5883
5,430,e014,0.5682
5,430,e015,0.6358
5,430,e016,0.6618
5,430,e017,0.6079
5,430,e018,0.6008
5,430,e019,0.5003
5,430,e020,0.4848
5,430,e021,0.4988
5,430,e022,0.4679
5,430,e023,0.5012
5,430,e024,0.5351
5,431,e001,0.4485
5,431,e002,0.4042
5,431,e003,0.4823
5,431,e004,0.503
5,431,e005,0.4365
5,431,e006,0.4708
5,431,e007,0.4938
5,431,e008,0.4327
5,431,e009,0.4566
5,431,e010,0.4987
5,431,e011,0.427
5,431,e012,0.4675
5,431,e013,0.5748
5,431,e014,0.6197
5,431,e015,0.563
5,431,e016,0.6497
5,431,e017,0.5966
5,431,e018,0.5516
5,431,e019,0.4741
5,431,e020,0.4398
5,431,e021,0.4327
5,431,e022,0.4981
5,431,e023,0.5051
5,431,e024,0.471
5,432,e001,0.4269
5,432,e002,0.5252
5,432,e003,0.4229
5,432,e004,0.4718
5,432,e005,0.433
5,432,e006,0.4934
5,432,e007,0.4252
5,432,e008,0.5421
5,432,e009,0.4395
5,432,e010,0.4662
5,432,e011,0.5032
5,432,e012,0.4913
5,432,e013,0.5937
5,432,e014,0.5929
5,432,e015,0.6248
5,432,e016,0.5986
5,432,e017,0.6484
5,432,e018,0.6001
5,432,e019,0.5301
5,432,e020,0.4622
5,432,e021,0.4945
5,432,e022,0.5075
5,432,e023,0.4757
5,432,e024,0.4754
5,433,e001,0.4078
5,433,e002,0.4041
5,433,e003,0.4331
5,433,e004,0.4766
5,433,e005,0.4442
5,433,e006,0.4603
5,433,e007,0.4886
5,433,e008,0.4975
5,433,e009,0.4235
5,433,e010,0.4823
5,433,e011,0.4519
5,433,e012,0.436
5,433,e013,0.5899
5,433,e014,0.5739
5,433,e015,0.5084
5,433,e016,0.5213
5,433,e017,0.6156
5,433,e018,0.5484
5,433,e019,0.4265
5,433,e020,0.4577
5,433,e021,0.4217
5,433,e022,0.4806
5,433,e023,0.4064
5,433,e024,0.4727
5,434,e001,0.4946
5,434,e002,0.4157
5,434,e003,0.4637
5,434,e004,0.405
5,434,e005,0.4805
5,434,e006,0.4095
5,434,e007,0.5006
5,434,e008,0.4538
5,434,e009,0.4563
5,434,e010,0.4419
5,434,e011,0.4759
5,434,e012,0.5039
5,434,e013,0.5482
5,434,e014,0.5559
5,434,e015,0.5732
5,434,e016,0.5123
5,434,e017,0.5892
5,434,e018,0.6008
5,434,e019,0.4466
5,434,e020,0.4791
5,434,e021,0.4553
5,434,e022,0.486
5,434,e023,0.4261
5,434,e024,0.4322
5,435,e001,0.3996
5,435,e002,0.4645
5,435,e003,0.4418
5,435,e004,0.4526
5,435,e005,0.427
5,435,e006,0.4302
5,435,e007,0.4758
5,435,e008,0.4762
5,435,e009,0.389
5,435,e010,0.4812
5,435,e011,0.4274
5,435,e012,0.4667
5,435,e013,0.5264
5,435,e014,0.5831
5,435,e015,0.5115
5,435,e016,0.5082
5,435,e017,0.6378
5,435,e018,0.6032
5,435,e019,0.427
5,435,e020,0.4284
5,435,e021,0.4245
5,435,e022,0.4026
5,435,e023,0.3836
5,435,e024,0.4118
5,436,e001,0.438
5,436,e002,0.4532
5,436,e003,0.4207
5,436,e004,0.4358
5,436,e005,0.4474
5,436,e006,0.4835
5,436,e007,0.3943
5,436,e008,0.4733
5,436,e009,0.4735
5,436,e010,0.4293
5,436,e011,0.4047
5,436,e012,0.4102
5,436,e013,0.5859
5,436,e014,0.5491
5,436,e015,0.6017
5,436,e016,0.4955
5,436,e017,0.6093
5,436,e018,0.5629
5,436,e019,0.4067
5,436,e020,0.4166
5,436,e021,0.4313
5,436,e022,0.4383
5,436,e023,0.4184
5,436,e024,0.3853
5,437,e001,0.4185
5,437,e002,0.3913
5,437,e003,0.4172
5,437,e004,0.3634
5,437,e005,0.3904
5,437,e006,0.3593
5,437,e007,0.3597
5,437,e008,0.3641
5,437,e009,0.4123
5,437,e010,0.3789
5,437,e011,0.4029
5,437,e012,0.3679
5,437,e013,0.4774
5,437,e014,0.4953
5,437,e015,0.5751
5,437,e016,0.5587
5,437,e017,0.5703
5,437,e018,0.5102
5,437,e019,0.3813
5,437,e020,0.3556
5,437,e021,0.3727
5,437,e022,0.4279
5,437,e023,0.3884
5,437,e024,0.4333
5,438,e001,0.4634
5,438,e002,0.4344
5,438,e003,0.4683
5,438,e004,0.4074
5,438,e005,0.4888
5,438,e006,0.4943
5,438,e007,0.4075
5,438,e008,0.3822
5,438,e009,0.3937
5,438,e010,0.4137
5,438,e011,0.3824
5,438,e012,0.4417
5,438,e013,0.5639
5,438,e014,0.5573
5,438,e015,0.5428
5,438,e016,0.5586
5,438,e017,0.5485
5,438,e018,0.4985
5,438,e019,0.4048
5,438,e020,0.3825
5,438,e021,0.4472
5,438,e022,0.431
5,438,e023,0.4364
5,438,e024,0.4047
5,439,e001,0.4092
5,439,e002,0.4902
5,439,e003,0.4438
5,439,e004,0.4657
5,439,e005,0.4294
5,439,e006,0.4528
5,439,e007,0.4497
5,439,e008,0.4601
5,439,e009,0.4648
5,439,e010,0.427
5,439,e011,0.4434
5,439,e012,0.439
5,439,e013,0.6191
5,439,e014,0.5696
5,439,e015,0.5851
5,439,e016,0.5405
5,439,e017,0.5803
5,439,e018,0.5692
5,439,e019,0.4033
5,439,e020,0.443
5,439,e021,0.4668
5,439,e022,0.4497
5,439,e023,0.4303
5,439,e024,0.4207
5,440,e001,0.4668
5,440,e002,0.4919
5,440,e003,0.4678
5,440,e004,0.4813
5,440,e005,0.4509
5,440,e006,0.4026
5,440,e007,0.4718
5,440,e008,0.4512
5,440,e009,0.3987
5,440,e010,0.4461
5,440,e011,0.4899
5,440,e012,0.4106
5,440,e013,0.5407
5,440,e014,0.6187
5,440,e015,0.5821
5,440,e016,0.6234
5,440,e017,0.5513
5,440,e018,0.5319
5,440,e019,0.4223
5,440,e020,0.4109
5,440,e021,0.4359
5,440,e022,0.4807
5,440,e023,0.457
5,440,e024,0.4164
5,441,e001,0.4438
5,441,e002,0.4631
5,441,e003,0.4142
5,441,e004,0.3765
5,441,e005,0.3933
5,441,e006,0.3964
5,441,e007,0.4057
5,441,e008,0.4073
5,441,e009,0.4981
5,441,e010,0.3906
5,441,e011,0.3904
5,441,e012,0.4581
5,441,e013,0.5531
5,441,e014,0.6085
5,441,e015,0.5432
5,441,e016,0.5859
5,441,e017,0.6524
5,441,e018,0.523
5,441,e019,0.4699
5,441,e020,0.4355
5,441,e021,0.3991
5,441,e022,0.4484
5,441,e023,0.4126
5,441,e024,0.4518
5,442,e001,0.4459
5,442,e002,0.4158
5,442,e003,0.4702
5,442,e004,0.4334
5,442,e005,0.3913
5,442,e006,0.4466
5,442,e007,0.4527
5,442,e008,0.459
5,442,e009,0.4083
5,442,e010,0.4679
5,442,e011,0.4299
5,442,e012,0.4689
5,442,e013,0.5905
5,442,e014,0.6027
5,442,e015,0.6177
5,442,e016,0.5833
5,442,e017,0.6396
5,442,e018,0.5546
5,442,e019,0.3961
5,442,e020,0.3921
5,442,e021,0.3982
5,442,e022,0.4698
5,442,e023,0.4726
5,442,e024,0.4672
5,443,e001,0.4103
5,443,e002,0.473
5,443,e003,0.463
5,443,e004,0.3727
5,443,e005,0.4332
5,443,e006,0.4589
5,443,e007,0.388
5,443,e008,0.4667
5,443,e009,0.4213
5,443,e010,0.4301
5,443,e011,0.437
5,443,e012,0.4482
5,443,e013,0.5404
5,443,e014,0.5689
5,443,e015,0.5196
5,443,e016,0.6038
5,443,e017,0.5647
5,443,e018,0.5363
5,443,e019,0.3765
5,443,e020,0.4792
5,443,e021,0.3944
5,443,e022,0.4163
5,443,e023,0.4038
5,443,e024,0.3878
5,444,e001,0.3929
5,444,e002,0.408
5,444,e003,0.3792
5,444,e004,0.3601
5,444,e005,0.3797
5,444,e006,0.414
5,444,e007,0.3768
5,444,e008,0.4033
5,444,e009,0.4209
5,444,e010,0.4309
5,444,e011,0.375
5,444,e012,0.3659
5,444,e013,0.5069
5,444,e014,0.5198
5,444,e015,0.4908
5,444,e016,0.5091
5,444,e017,0.4642
5,444,e018,0.4533
5,444,e019,0.323
5,444,e020,0.3364
5,444,e021,0.3803
5,444,e022,0.3234
5,444,e023,0.398
5,444,e024,0.3285
5,445,e001,0.488
5,445,e002,0.4108
5,445,e003,0.3822
5,445,e004,0.4332
5,445,e005,0.4093
5,445,e006,0.4443
5,445,e007,0.3703
5,445,e008,0.4606
5,445,e009,0.475
5,445,e010,0.3904
5,445,e011,0.3812
5,445,e012,0.4001
5,445,e013,0.5117
5,445,e014,0.5101
5,445,e015,0.5209
5,445,e016,0.5576
5,445,e017,0.5327
5,445,e018,0.5424
5,445,e019,0.4108
5,445,e020,0.4674
5,445,e021,0.3976
5,445,e022,0.4274
5,445,e023,0.3437
5,445,e024,0.4346
5,446,e001,0.344
5,446,e002,0.4242
5,446,e003,0.3927
5,446,e004,0.4307
5,446,e005,0.3838
5,446,e006,0.4348
5,446,e007,0.4121
5,446,e008,0.4278
5,446,e009,0.3319
5,446,e010,0.474
5,446,e011,0.4346
5,446,e012,0.4453
5,446,e013,0.5388
5,446,e014,0.535
5,446,e015,0.5678
5,446,e016,0.4874
5,446,e017,0.588
5,446,e018,0.5617
5,446,e019,0.4395
5,446,e020,0.3948
5,446,e021,0.3335
5,446,e022,0.4203
5,446,e023,0.354
5,446,e024,0.4174
5,447,e001,0.487
5,447,e002,0.4616
5,447,e003,0.4069
5,447,e004,0.4384
5,447,e005,0.3989
5,447,e006,0.3956
5,447,e007,0.3612
5,447,e008,0.447
5,447,e009,0.4347
5,447,e010,0.4048
5,447,e011,0.4131
5,447,e012,0.4002
5,447,e013,0.5278
5,447,e014,0.559
5,447,e015,0.5179
5,447,e016,0.5467
5,447,e017,0.5406
5,447,e018,0.5645
5,447,e019,0.4548
5,447,e020,0.4564
5,447,e021,0.4704
5,447,e022,0.4064
5,447,e023,0.461
5,447,e024,0.4078
5,448,e001,0.3963
5,448,e002,0.4503
5,448,e003,0.383
5,448,e004,0.3566
5,448,e005,0.3578
5,448,e006,0.3667
5,448,e007,0.4196
5,448,e008,0.4376
5,448,e009,0.4121
5,448,e010,0.3862
5,448,e011,0.4141
5,448,e012,0.3834
5,448,e013,0.5447
5,448,e014,0.5471
5,448,e015,0.5428
5,448,e016,0.5816
5,448,e017,0.5153
5,448,e018,0.5452
5,448,e019,0.406
5,448,e020,0.4061
5,448,e021,0.3945
5,448,e022,0.3584
5,448,e023,0.3702
5,448,e024,0.4363
5,449,e001,0.4157
5,449,e002,0.4362
5,449,e003,0.4132
5,449,e004,0.4533
5,449,e005,0.3684
5,449,e006,0.4546
5,449,e007,0.4163
5,449,e008,0.4377
5,449,e009,0.4513
5,449,e010,0.3952
5,449,e011,0.3931
5,449,e012,0.3902
5,449,e013,0.5186
5,449,e014,0.5336
5,449,e015,0.5551
5,449,e016,0.5628
5,449,e017,0.5569
5,449,e018,0.5677
5,449,e019,0.4488
5,449,e020,0.4411
5,449,e021,0.3824
5,449,e022,0.4591
5,449,e023,0.4823
5,449,e024,0.3923
5,450,e001,0.3226
5,450,e002,0.357
5,450,e003,0.3839
5,450,e004,0.3072
5,450,e005,0.4001
5,450,e006,0.3194
5,450,e007,0.4018
5,450,e008,0.3915
5,450,e009,0.4313
5,450,e010,0.4125
5,450,e011,0.3633
5,450,e012,0.301
5,450,e013,0.3912
5,450,e014,0.3142
5,450,e015,0.3941
5,450,e016,0.3926
5,450,e017,0.3281
5,450,e018,0.3448
5,450,e019,0.4078
5,450,e020,0.3916
5,450,e021,0.3858
5,450,e022,0.3154
5,450,e023,0.3372
5,450,e024,0.371
5,451,e001,0.3915
5,451,e002,0.3365
5,451,e003,0.39
5,451,e004,0.4056
5,451,e005,0.3877
5,451,e006,0.3476
5,451,e007,0.352
5,451,e008,0.4219
5,451,e009,0.3548
5,451,e010,0.3907
5,451,e011,0.4373
5,451,e012,0.3366
5,451,e013,0.3313
5,451,e014,0.3789
5,451,e015,0.3426
5,451,e016,0.3484
5,451,e017,0.4476
5,451,e018,0.3701
5,451,e019,0.3471
5,451,e020,0.3916
5,451,e021,0.3435
5,451,e022,0.4301
5,451,e023,0.3616
5,451,e024,0.4385
5,452,e001,0.3997
5,452,e002,0.4879
5,452,e003,0.4471
5,452,e004,0.4299
5,452,e005,0.3361
5,452,e006,0.4316
5,452,e007,0.451
5,452,e008,0.3511
5,452,e009,0.4323
5,452,e010,0.3535
5,452,e011,0.35
5,452,e012,0.3404
5,452,e013,0.3619
5,452,e014,0.3782
5,452,e015,0.3858
5,452,e016,0.4356
5,452,e017,0.4081
5,452,e018,0.4129
5,452,e019,0.3612
5,452,e020,0.4085
5,452,e021,0.3986
5,452,e022,0.3753
5,452,e023,0.4103
5,452,e024,0.4368
5,453,e001,0.3371
5,453,e002,0.4304
5,453,e003,0.4189
5,453,e004,0.4349
5,453,e005,0.4058
5,453,e006,0.3439
5,453,e007,0.3713
5,453,e008,0.381
5,453,e009,0.4199
5,453,e010,0.3435
5,453,e011,0.4123
5,453,e012,0.421
5,453,e013,0.3641
5,453,e014,0.3526
5,453,e015,0.3478
5,453,e016,0.4045
5,453,e017,0.3736
5,453,e018,0.4215
5,453,e019,0.3664
5,453,e020,0.4125
5,453,e021,0.372
5,453,e022,0.3737
5,453,e023,0.3995
5,453,e024,0.3742
5,454,e001,0.4277
5,454,e002,0.4272
5,454,e003,0.4475
5,454,e004,0.4169
5,454,e005,0.4729
5,454,e006,0.3817
5,454,e007,0.42
5,454,e008,0.4017
5,454,e009,0.4297
5,454,e010,0.4559
5,454,e011,0.4377
5,454,e012,0.4304
5,454,e013,0.434
5,454,e014,0.4137
5,454,e015,0.4637
5,454,e016,0.4346
5,454,e017,0.3691
5,454,e018,0.4501
5,454,e019,0.4393
5,454,e020,0.4045
5,454,e021,0.3749
5,454,e022,0.3397
5,454,e023,0.366
5,454,e024,0.3773
5,455,e001,0.4258
5,455,e002,0.4396
5,455,e003,0.3814
5,455,e004,0.4113
5,455,e005,0.4079
5,455,e006,0.4652
5,455,e007,0.4053
5,455,e008,0.3764
5,455,e009,0.3585
5,455,e010,0.4337
5,455,e011,0.4127
5,455,e012,0.3838
5,455,e013,0.4566
5,455,e014,0.3911
5,455,e015,0.3581
5,455,e016,0.4201
5,455,e017,0.3744
5,455,e018,0.4117
5,455,e019,0.4259
5,455,e020,0.3922
5,455,e021,0.4341
5,455,e022,0.4489
5,455,e023,0.4147
5,455,e024,0.3525
5,456,e001,0.3799
5,456,e002,0.4423
5,456,e003,0.4108
5,456,e004,0.3666
5,456,e005,0.4655
5,456,e006,0.4318
5,456,e007,0.4296
5,456,e008,0.4248
5,456,e009,0.3825
5,456,e010,0.3649
5,456,e011,0.3985
5,456,e012,0.4366
5,456,e013,0.4539
5,456,e014,0.3792
5,456,e015,0.3569
5,456,e016,0.3993
5,456,e017,0.3882
5,456,e018,0.4073
5,456,e019,0.3943
5,456,e020,0.4022
5,456,e021,0.4234
5,456,e022,0.3842
5,456,e023,0.3703
5,456,e024,0.3628
5,457,e001,0.3388
5,457,e002,0.4004
5,457,e003,0.3885
5,457,e004,0.3778
5,457,e005,0.3408
5,457,e006,0.4024
5,457,e007,0.375
5,457,e008,0.38
5,457,e009,0.4038
5,457,e010,0.4431
5,457,e011,0.4099
5,457,e012,0.4337
5,457,e013,0.4208
5,457,e014,0.417
5,457,e015,0.3886
5,457,e016,0.3487
5,457,e017,0.3551
5,457,e018,0.3291
5,457,e019,0.3357
5,457,e020,0.345
5,457,e021,0.4339
5,457,e022,0.3734
5,457,e023,0.3364
5,457,e024,0.3664
5,458,e001,0.3428
5,458,e002,0.4139
5,458,e003,0.3358
5,458,e004,0.381
5,458,e005,0.3732
5,458,e006,0.3567
5,458,e007,0.3466
5,458,e008,0.385
5,458,e009,0.3601
5,458,e010,0.3677
5,458,e011,0.3575
5,458,e012,0.4172
5,458,e013,0.3395
5,458,e014,0.3486
5,458,e015,0.4095
5,458,e016,0.3809
5,458,e017,0.3671
5,458,e018,0.3769
5,458,e019,0.3363
5,458,e020,0.4281
5,458,e021,0.3436
5,458,e022,0.4061
5,458,e023,0.3704
5,458,e024,0.357
5,459,e001,0.3972
5,459,e002,0.3412
5,459,e003,0.3787
5,459,e004,0.3347
5,459,e005,0.3523
5,459,e006,0.3067
5,459,e007,0.3151
5,459,e008,0.3306
5,459,e009,0.3599
5,459,e010,0.3522
5,459,e011,0.3083
5,459,e012,0.3861
5,459,e013,0.3734
5,459,e014,0.3273
5,459,e015,0.4023
5,459,e016,0.3144
5,459,e017,0.3775
5,459,e018,0.3062
5,459,e019,0.3576
5,459,e020,0.3221
5,459,e021,0.3562
5,459,e022,0.3697
5,459,e023,0.3259
5,459,e024,0.2999
5,460,e001,0.3854
5,460,e002,0.4341
5,460,e003,0.3606
5,460,e004,0.4175
5,460,e005,0.3864
5,460,e006,0.4343
5,460,e007,0.3906
5,460,e008,0.3937
5,460,e009,0.364
5,460,e010,0.401
5,460,e011,0.424
5,460,e012,0.4249
5,460,e013,0.4205
5,460,e014,0.3675
5,460,e015,0.4378
5,460,e016,0.4087
5,460,e017,0.3811
5,460,e018,0.379
5,460,e019,0.4262
5,460,e020,0.4044
5,460,e021,0.4433
5,460,e022,0.3438
5,460,e023,0.3339
5,460,e024,0.3834
5,461,e001,0.4119
5,461,e002,0.3539
5,461,e003,0.3953
5,461,e004,0.3993
5,461,e005,0.353
5,461,e006,0.4362
5,461,e007,0.3893
5,461,e008,0.3914
5,461,e009,0.4132
5,461,e010,0.3591
5,461,e011,0.4252
5,461,e012,0.3235
5,461,e013,0.4222
5,461,e014,0.457
5,461,e015,0.3601
5,461,e016,0.3696
5,461,e017,0.3688
5,461,e018,0.3331
5,461,e019,0.3735
5,461,e020,0.4026
5,461,e021,0.4317
5,461,e022,0.3925
5,461,e023,0.4143
5,461,e024,0.3659
5,462,e001,0.3964
5,462,e002,0.4235
5,462,e003,0.3297
5,462,e004,0.3434
5,462,e005,0.4142
5,462,e006,0.404
5,462,e007,0.3623
5,462,e008,0.3684
5,462,e009,0.3174
5,462,e010,0.3158
5,462,e011,0.434
5,462,e012,0.3277
5,462,e013,0.3164
5,462,e014,0.3907
5,462,e015,0.3405
5,462,e016,0.3082
5,462,e017,0.3635
5,462,e018,0.3977
5,462,e019,0.3635
5,462,e020,0.4369
5,462,e021,0.3259
5,462,e022,0.3181
5,462,e023,0.3635
5,462,e024,0.3406
5,463,e001,0.3004
5,463,e002,0.3089
5,463,e003,0.31
5,463,e004,0.3559
5,463,e005,0.3315
5,463,e006,0.3806
5,463,e007,0.335
5,463,e008,0.3899
5,463,e009,0.3827
5,463,e010,0.3839
5,463,e011,0.3832
5,463,e012,0.3852
5,463,e013,0.3965
5,463,e014,0.3746
5,463,e015,0.3973
5,463,e016,0.4144
5,463,e017,0.3319
5,463,e018,0.3415
5,463,e019,0.4105
5,463,e020,0.3728
5,463,e021,0.3522
5,463,e022,0.3585
5,463,e023,0.4061
5,463,e024,0.3387
5,464,e001,0.2767
5,464,e002,0.3556
5,464,e003,0.3746
5,464,e004,0.3432
5,464,e005,0.3504
5,464,e006,0.3722
5,464,e007,0.2602
5,464,e008,0.3121
5,464,e009,0.323
5,464,e010,0.3394
5,464,e011,0.2963
5,464,e012,0.3496
5,464,e013,0.2784
5,464,e014,0.3353
5,464,e015,0.3204
5,464,e016,0.3019
5,464,e017,0.294
5,464,e018,0.2526
5,464,e019,0.3411
5,464,e020,0.3744
5,464,e021,0.3065
5,464,e022,0.3156
5,464,e023,0.3947
5,464,e024,0.3601
5,465,e001,0.4161
5,465,e002,0.4231
5,465,e003,0.3921
5,465,e004,0.4153
5,465,e005,0.407
5,465,e006,0.4304
5,465,e007,0.4005
5,465,e008,0.3982
5,465,e009,0.4037
5,465,e010,0.4188
5,465,e011,0.4146
5,465,e012,0.3974
5,465,e013,0.3879
5,465,e014,0.4314
5,465,e015,0.417
5,465,e016,0.4349
5,465,e017,0.3541
5,465,e018,0.407
5,465,e019,0.4558
5,465,e020,0.3841
5,465,e021,0.4413
5,465,e022,0.3992
5,465,e023,0.4657
5,465,e024,0.3828
5,466,e001,0.3323
5,466,e002,0.3713
5,466,e003,0.2963
5,466,e004,0.3325
5,466,e005,0.3922
5,466,e006,0.3738
5,466,e007,0.3865
5,466,e008,0.3167
5,466,e009,0.3544
5,466,e010,0.331
5,466,e011,0.3332
5,466,e012,0.3361
5,466,e013,0.3049
5,466,e014,0.3668
5,466,e015,0.3667
5,466,e016,0.3486
5,466,e017,0.3848
5,466,e018,0.4066
5,466,e019,0.3617
5,466,e020,0.3402
5,466,e021,0.334
5,466,e022,0.3364
5,466,e023,0.3377
5,466,e024,0.4082
5,467,e001,0.4667
5,467,e002,0.4259
5,467,e003,0.4389
5,467,e004,0.4028
5,467,e005,0.465
5,467,e006,0.3732
5,467,e007,0.4178
5,467,e008,0.3743
5,467,e009,0.413
5,467,e010,0.4329
5,467,e011,0.3887
5,467,e012,0.3802
5,467,e013,0.3991
5,467,e014,0.4241
5,467,e015,0.4051
5,467,e016,0.4231
5,467,e017,0.3934
5,467,e018,0.3749
5,467,e019,0.4094
5,467,e020,0.4046
5,467,e021,0.3491
5,467,e022,0.4211
5,467,e023,0.3859
5,467,e024,0.4557
5,468,e001,0.3584
5,468,e002,0.2901
5,468,e003,0.3329
5,468,e004,0.3615
5,468,e005,0.395
5,468,e006,0.3457
5,468,e007,0.3208
5,468,e008,0.3497
5,468,e009,0.3527
5,468,e010,0.3674
5,468,e011,0.3667
5,468,e012,0.328
5,468,e013,0.402
5,468,e014,0.3492
5,468,e015,0.3005
5,468,e016,0.3436
5,468,e017,0.2924
5,468,e018,0.3727
5,468,e019,0.3864
5,468,e020,0.3709
5,468,e021,0.3126
5,468,e022,0.4151
5,468,e023,0.3758
5,468,e024,0.3857
5,469,e001,0.3028
5,469,e002,0.3562
5,469,e003,0.3147
5,469,e004,0.3261
5,469,e005,0.334
5,469,e006,0.3512
5,469,e007,0.3141
5,469,e008,0.2817
5,469,e009,0.3585
5,469,e010,0.3412
5,469,e011,0.3145
5,469,e012,0.379
5,469,e013,0.3565
5,469,e014,0.3536
5,469,e015,0.3495
5,469,e016,0.3046
5,469,e017,0.4051
5,469,e018,0.3193
5,469,e019,0.3435
5,469,e020,0.3759
5,469,e021,0.3594
5,469,e022,0.3771
5,469,e023,0.3396
5,469,e024,0.3391
5,470,e001,0.3912
5,470,e002,0.3015
5,470,e003,0.3143
5,470,e004,0.3736
5,470,e005,0.3292
5,470,e006,0.3528
5,470,e007,0.3577
5,470,e008,0.3024
5,470,e009,0.4308
5,470,e010,0.3392
5,470,e011,0.3386
5,470,e012,0.3835
5,470,e013,0.3808
5,470,e014,0.3586
5,470,e015,0.3849
5,470,e016,0.3654
5,470,e017,0.3344
5,470,e018,0.3089
5,470,e019,0.3368
5,470,e020,0.3814
5,470,e021,0.3891
5,470,e022,0.336
5,470,e023,0.342
5,470,e024,0.3384
5,471,e001,0.3491
5,471,e002,0.3687
5,471,e003,0.3247
5,471,e004,0.2987
5,471,e005,0.3412
5,471,e006,0.3823
5,471,e007,0.383
5,471,e008,0.3855
5,471,e009,0.3185
5,471,e010,0.3553
5,471,e011,0.365
5,471,e012,0.3752
5,471,e013,0.3434
5,471,e014,0.3426
5,471,e015,0.3245
5,471,e016,0.3126
5,471,e017,0.3499
5,471,e018,0.3861
5,471,e019,0.3356
5,471,e020,0.3238
5,471,e021,0.3108
5,471,e022,0.2998
5,471,e023,0.4023
5,471,e024,0.3772
5,472,e001,0.342
5,472,e002,0.3084
5,472,e003,0.402
5,472,e004,0.3102
5,472,e005,0.3705
5,472,e006,0.3417
5,472,e007,0.3956
5,472,e008,0.3094
5,472,e009,0.3802
5,472,e010,0.3317
5,472,e011,0.3489
5,472,e012,0.3285
5,472,e013,0.331
5,472,e014,0.3617
5,472,e015,0.3793
5,472,e016,0.3994
5,472,e017,0.3729
5,472,e018,0.357
5,472,e019,0.3411
5,472,e020,0.3851
5,472,e021,0.3621
5,472,e022,0.3499
5,472,e023,0.3433
5,472,e024,0.2991
5,473,e001,0.3518
5,473,e002,0.367
5,473,e003,0.3405
5,473,e004,0.274
5,473,e005,0.3687
5,473,e006,0.3773
5,473,e007,0.3575
5,473,e008,0.3205
5,473,e009,0.3334
5,473,e010,0.422
5,473,e011,0.3027
5,473,e012,0.388
5,473,e013,0.3663
5,473,e014,0.3459
5,473,e015,0.3187
5,473,e016,0.3388
5,473,e017,0.4082
5,473,e018,0.3701
5,473,e019,0.3893
5,473,e020,0.3692
5,473,e021,0.3752
5,473,e022,0.3416
5,473,e023,0.4063
5,473,e024,0.3703
5,474,e001,0.324
5,474,e002,0.3493
5,474,e003,0.3804
5,474,e004,0.3644
5,474,e005,0.3505
5,474,e006,0.2948
5,474,e007,0.2887
5,474,e008,0.3075
5,474,e009,0.2794
5,474,e010,0.3235
5,474,e011,0.3389
5,474,e012,0.3546
5,474,e013,0.252
5,474,e014,0.3277
5,474,e015,0.3638
5,474,e016,0.3576
5,474,e017,0.2795
5,474,e018,0.2829
5,474,e019,0.2796
5,474,e020,0.3028
5,474,e021,0.3398
5,474,e022,0.2959
5,474,e023,0.2981
5,474,e024,0.3246
5,475,e001,0.3476
5,475,e002,0.3031
5,475,e003,0.2858
5,475,e004,0.3149
5,475,e005,0.3075
5,475,e006,0.289
5,475,e007,0.3007
5,475,e008,0.3097
5,475,e009,0.2867
5,475,e010,0.2882
5,475,e011,0.2564
5,475,e012,0.3166
5,475,e013,0.3024
5,475,e014,0.2985
5,475,e015,0.3016
5,475,e016,0.2511
5,475,e017,0.3259
5,475,e018,0.3139
5,475,e019,0.3318
5,475,e020,0.3457
5,475,e021,0.3458
5,475,e022,0.3074
5,475,e023,0.2928
5,475,e024,0.3065
5,476,e001,0.347
5,476,e002,0.3339
5,476,e003,0.3627
5,476,e004,0.3973
5,476,e005,0.3354
5,476,e006,0.3756
5,476,e007,0.3102
5,476,e008,0.3562
5,476,e009,0.3505
5,476,e010,0.3824
5,476,e011,0.3276
5,476,e012,0.3786
5,476,e013,0.3733
5,476,e014,0.3719
5,476,e015,0.349
5,476,e016,0.3023
5,476,e017,0.3367
5,476,e018,0.3391
5,476,e019,0.3609
5,476,e020,0.3501
5,476,e021,0.3265
5,476,e022,0.3419
5,476,e023,0.311
5,476,e024,0.3424
5,477,e001,0.3176
5,477,e002,0.2988
5,477,e003,0.3417
5,477,e004,0.3509
5,477,e005,0.3356
5,477,e006,0.3436
5,477,e007,0.3065
5,477,e008,0.391
5,477,e009,0.3121
5,477,e010,0.316
5,477,e011,0.3563
5,477,e012,0.4006
5,477,e013,0.3006
5,477,e014,0.3549
5,477,e015,0.3699
5,477,e016,0.3901
5,477,e017,0.3752
5,477,e018,0.3592
5,477,e019,0.3378
5,477,e020,0.406
5,477,e021,0.3056
5,477,e022,0.317
5,477,e023,0.3358
5,477,e024,0.3701
5,478,e001,0.2857
5,478,e002,0.3919
5,478,e003,0.3502
5,478,e004,0.3261
5,478,e005,0.3247
5,478,e006,0.3971
5,478,e007,0.3646
5,478,e008,0.3592
5,478,e009,0.3281
5,478,e010,0.2706
5,478,e011,0.3823
5,478,e012,0.3324
5,478,e013,0.3253
5,478,e014,0.3062
5,478,e015,0.3095
5,478,e016,0.3808
5,478,e017,0.3585
5,478,e018,0.3593
5,478,e019,0.2988
5,478,e020,0.3579
5,478,e021,0.3213
5,478,e022,0.3546
5,478,e023,0.3539
5,478,e024,0.3248
5,479,e001,0.318
5,479,e002,0.274
5,479,e003,0.2943
5,479,e004,0.2907
5,479,e005,0.3546
5,479,e006,0.3714
5,479,e007,0.3599
5,479,e008,0.4035
5,479,e009,0.3749
5,479,e010,0.3252
5,479,e011,0.3476
5,479,e012,0.3104
5,479,e013,0.3089
5,479,e014,0.3855
5,479,e015,0.2987
5,479,e016,0.3219
5,479,e017,0.2737
5,479,e018,0.292
5,479,e019,0.3157
5,479,e020,0.3419
5,479,e021,0.3742
5,479,e022,0.2842
5,479,e023,0.3255
5,479,e024,0.3731
5,480,e001,0.2839
5,480,e002,0.2362
5,480,e003,0.2769
5,480,e004,0.2419
5,480,e005,0.2987
5,480,e006,0.2113
5,480,e007,0.1999
5,480,e008,0.2813
5,480,e009,0.3383
5,480,e010,0.258
5,480,e011,0.3146
5,480,e012,0.3182
5,480,e013,0.3157
5,480,e014,0.3406
5,480,e015,0.2395
5,480,e016,0.3245
5,480,e017,0.2926
5,480,e018,0.258
5,480,e019,0.2676
5,480,e020,0.3409
5,480,e021,0.2647
5,480,e022,0.3296
5,480,e023,0.2848
5,480,e024,0.248
5,481,e001,0.309
5,481,e002,0.3854
5,481,e003,0.3372
5,481,e004,0.3707
5,481,e005,0.3869
5,481,e006,0.3085
5,481,e007,0.3663
5,481,e008,0.3658
5,481,e009,0.4039
5,481,e010,0.351
5,481,e011,0.3064
5,481,e012,0.3518
5,481,e013,0.388
5,481,e014,0.3109
5,481,e015,0.3406
5,481,e016,0.3719
5,481,e017,0.3945
5,481,e018,0.3186
5,481,e019,0.3823
5,481,e020,0.3465
5,481,e021,0.3331
5,481,e022,0.3806
5,481,e023,0.3568
5,481,e024,0.3602
5,482,e001,0.3584
5,482,e002,0.3302
5,482,e003,0.3515
5,482,e004,0.3377
5,482,e005,0.3532
5,482,e006,0.3239
5,482,e007,0.3731
5,482,e008,0.302
5,482,e009,0.4092
5,482,e010,0.3728
5,482,e011,0.3687
5,482,e012,0.357
5,482,e013,0.4087
5,482,e014,0.334
5,482,e015,0.3198
5,482,e016,0.3727
5,482,e017,0.3391
5,482,e018,0.3484
5,482,e019,0.3913
5,482,e020,0.3622
5,482,e021,0.3262
5,482,e022,0.3823
5,482,e023,0.3869
5,482,e024,0.3777
5,483,e001,0.3256
5,483,e002,0.3066
5,483,e003,0.2962
5,483,e004,0.2811
5,483,e005,0.2325
5,483,e006,0.31
5,483,e007,0.2302
5,483,e008,0.3385
5,483,e009,0.2726
5,483,e010,0.3002
5,483,e011,0.3186
5,483,e012,0.303
5,483,e013,0.3073
5,483,e014,0.3328
5,483,e015,0.2719
5,483,e016,0.2915
5,483,e017,0.3177
5,483,e018,0.3328
5,483,e019,0.3019
5,483,e020,0.3536
5,483,e021,0.3178
5,483,e022,0.2976
5,483,e023,0.3307
5,483,e024,0.3021
5,484,e001,0.3116
5,484,e002,0.242
5,484,e003,0.3098
5,484,e004,0.3425
5,484,e005,0.3594
5,484,e006,0.3381
5,484,e007,0.2956
5,484,e008,0.2605
5,484,e009,0.3049
5,484,e010,0.2823
5,484,e011,0.2644
5,484,e012,0.2564
5,484,e013,0.2955
5,484,e014,0.2665
5,484,e015,0.3091
5,484,e016,0.281
5,484,e017,0.298
5,484,e018,0.3521
5,484,e019,0.3065
5,484,e020,0.2621
5,484,e021,0.3011
5,484,e022,0.2902
5,484,e023,0.3352
5,484,e024,0.3231
5,485,e001,0.3834
5,485,e002,0.3005
5,485,e003,0.3617
5,485,e004,0.3606
5,485,e005,0.3484
5,485,e006,0.3677
5,485,e007,0.3137
5,485,e008,0.3589
5,485,e009,0.3027
5,485,e010,0.3148
5,485,e011,0.3145
5,485,e012,0.3507
5,485,e013,0.2759
5,485,e014,0.2869
5,485,e015,0.341
5,485,e016,0.3195
5,485,e017,0.3047
5,485,e018,0.3079
5,485,e019,0.2932
5,485,e020,0.3347
5,485,e021,0.372
5,485,e022,0.3053
5,485,e023,0.3283
5,485,e024,0.3523
5,486,e001,0.3388
5,486,e002,0.384
5,486,e003,0.4077
5,486,e004,0.3649
5,486,e005,0.3884
5,486,e006,0.3718
5,486,e007,0.3993
5,486,e008,0.3847
5,486,e009,0.3491
5,486,e010,0.3598
5,486,e011,0.4043
5,486,e012,0.3652
5,486,e013,0.3717
5,486,e014,0.3833
5,486,e015,0.3811
5,486,e016,0.3267
5,486,e017,0.3946
5,486,e018,0.3784
5,486,e019,0.3521
5,486,e020,0.302
5,486,e021,0.3497
5,486,e022,0.393
5,486,e023,0.3473
5,486,e024,0.3348
5,487,e001,0.3536
5,487,e002,0.3148
5,487,e003,0.26
5,487,e004,0.39
5,487,e005,0.349
5,487,e006,0.2723
5,487,e007,0.2878
5,487,e008,0.3144
5,487,e009,0.3383
5,487,e010,0.3235
5,487,e011,0.3182
5,487,e012,0.3926
5,487,e013,0.3827
5,487,e014,0.3634
5,487,e015,0.3036
5,487,e016,0.3299
5,487,e017,0.3625
5,487,e018,0.3547
5,487,e019,0.355
5,487,e020,0.3101
5,487,e021,0.2971
5,487,e022,0.3293
5,487,e023,0.3008
5,487,e024,0.2797
5,488,e001,0.3439
5,488,e002,0.2967
5,488,e003,0.3558
5,488,e004,0.2659
5,488,e005,0.2868
5,488,e006,0.327
5,488,e007,0.3083
5,488,e008,0.2722
5,488,e009,0.3108
5,488,e010,0.3009
5,488,e011,0.3645
5,488,e012,0.3037
5,488,e013,0.348
5,488,e014,0.3523
5,488,e015,0.3577
5,488,e016,0.3345
5,488,e017,0.331
5,488,e018,0.2955
5,488,e019,0.2959
5,488,e020,0.2906
5,488,e021,0.3415
5,488,e022,0.2868
5,488,e023,0.3423
5,488,e024,0.3247
5,489,e001,0.3491
5,489,e002,0.3634
5,489,e003,0.3528
5,489,e004,0.3797
5,489,e005,0.3733
5,489,e006,0.368
5,489,e007,0.3663
5,489,e008,0.395
5,489,e009,0.315
5,489,e010,0.3577
5,489,e011,0.3582
5,489,e012,0.3163
5,489,e013,0.3793
5,489,e014,0.3663
5,489,e015,0.3682
5,489,e016,0.3715
5,489,e017,0.315
5,489,e018,0.3353
5,489,e019,0.3193
5,489,e020,0.3195
5,489,e021,0.3659
5,489,e022,0.3392
5,489,e023,0.3205
5,489,e024,0.3255
5,490,e001,0.3446
5,490,e002,0.4123
5,490,e003,0.3263
5,490,e004,0.3532
5,490,e005,0.3405
5,490,e006,0.342
5,490,e007,0.3911
5,490,e008,0.3412
5,490,e009,0.3201
5,490,e010,0.3455
5,490,e011,0.3894
5,490,e012,0.293
5,490,e013,0.4144
5,490,e014,0.3872
5,490,e015,0.3442
5,490,e016,0.3612
5,490,e017,0.3511
5,490,e018,0.3749
5,490,e019,0.364
5,490,e020,0.3544
5,490,e021,0.3549
5,490,e022,0.2954
5,490,e023,0.3844
5,490,e024,0.3402
5,491,e001,0.3951
5,491,e002,0.3797
5,491,e003,0.3387
5,491,e004,0.3594
5,491,e005,0.4085
5,491,e006,0.3824
5,491,e007,0.3729
5,491,e008,0.3909
5,491,e009,0.4039
5,491,e010,0.3633
5,491,e011,0.3894
5,491,e012,0.3704
5,491,e013,0.3605
5,491,e014,0.3831
5,491,e015,0.3779
5,491,e016,0.3032
5,491,e017,0.3694
5,491,e018,0.3481
5,491,e019,0.4038
5,491,e020,0.3995
5,491,e021,0.414
5,491,e022,0.3568
5,491,e023,0.3167
5,491,e024,0.3688
5,492,e001,0.3965
5,492,e002,0.3957
5,492,e003,0.3696
5,492,e004,0.3733
5,492,e005,0.2985
5,492,e006,0.4092
5,492,e007,0.3755
5,492,e008,0.3838
5,492,e009,0.409
5,492,e010,0.3598
5,492,e011,0.3955
5,492,e012,0.4076
5,492,e013,0.3589
5,492,e014,0.3834
5,492,e015,0.3352
5,492,e016,0.3531
5,492,e017,0.3539
5,492,e018,0.3843
5,492,e019,0.3176
5,492,e020,0.3976
5,492,e021,0.3845
5,492,e022,0.3564
5,492,e023,0.3253
5,492,e024,0.3885
5,493,e001,0.3153
5,493,e002,0.3228
5,493,e003,0.2895
5,493,e004,0.3767
5,493,e005,0.3109
5,493,e006,0.2976
5,493,e007,0.3425
5,493,e008,0.2805
5,493,e009,0.3467
5,493,e010,0.338
5,493,e011,0.3194
5,493,e012,0.3431
5,493,e013,0.3158
5,493,e014,0.3547
5,493,e015,0.3052
5,493,e016,0.3789
5,493,e017,0.2898
5,493,e018,0.2873
5,493,e019,0.3601
5,493,e020,0.3008
5,493,e021,0.3092
5,493,e022,0.3216
5,493,e023,0.3706
5,493,e024,0.2921
5,494,e001,0.3765
5,494,e002,0.3755
5,494,e003,0.2864
5,494,e004,0.3951
5,494,e005,0.3516
5,494,e006,0.3275
5,494,e007,0.3592
5,494,e008,0.3052
5,494,e009,0.351
5,494,e010,0.3036
5,494,e011,0.3594
5,494,e012,0.3812
5,494,e013,0.3304
5,494,e014,0.3662
5,494,e015,0.3047
5,494,e016,0.335
5,494,e017,0.3328
5,494,e018,0.3054
5,494,e019,0.2938
5,494,e020,0.3482
5,494,e021,0.3367
5,494,e022,0.3172
5,494,e023,0.3885
5,494,e024,0.362
5,495,e001,0.2018
5,495,e002,0.2901
5,495,e003,0.2545
5,495,e004,0.3234
5,495,e005,0.243
5,495,e006,0.3036
5,495,e007,0.3134
5,495,e008,0.2375
5,495,e009,0.23
5,495,e010,0.2397
5,495,e011,0.236
5,495,e012,0.3147
5,495,e013,0.2271
5,495,e014,0.2945
5,495,e015,0.2486
5,495,e016,0.2379
5,495,e017,0.2226
5,495,e018,0.2972
5,495,e019,0.2338
5,495,e020,0.2381
5,495,e021,0.275
5,495,e022,0.2406
5,495,e023,0.3276
5,495,e024,0.2546
5,496,e001,0.3148
5,496,e002,0.362
5,496,e003,0.3402
5,496,e004,0.2726
5,496,e005,0.2681
5,496,e006,0.3528
5,496,e007,0.307
5,496,e008,0.2607
5,496,e009,0.3476
5,496,e010,0.3102
5,496,e011,0.3629
5,496,e012,0.3089
5,496,e013,0.3043
5,496,e014,0.3375
5,496,e015,0.2814
5,496,e016,0.3342
5,496,e017,0.2857
5,496,e018,0.3429
5,496,e019,0.3269
5,496,e020,0.298
5,496,e021,0.292
5,496,e022,0.2997
5,496,e023,0.3163
5,496,e024,0.3598
5,497,e001,0.3872
5,497,e002,0.3847
5,497,e003,0.3571
5,497,e004,0.4041
5,497,e005,0.3207
5,497,e006,0.3701
5,497,e007,0.3115
5,497,e008,0.3328
5,497,e009,0.3701
5,497,e010,0.321
5,497,e011,0.3745
5,497,e012,0.3953
5,497,e013,0.4162
5,497,e014,0.3594
5,497,e015,0.3274
5,497,e016,0.3558
5,497,e017,0.3172
5,497,e018,0.3315
5,497,e019,0.299
5,497,e020,0.2869
5,497,e021,0.3689
5,497,e022,0.3731
5,497,e023,0.3662
5,497,e024,0.4011
5,498,e001,0.3329
5,498,e002,0.4017
5,498,e003,0.3541
5,498,e004,0.3706
5,498,e005,0.3956
5,498,e006,0.3455
5,498,e007,0.3644
5,498,e008,0.3418
5,498,e009,0.3579
5,498,e010,0.3353
5,498,e011,0.3191
5,498,e012,0.3152
5,498,e013,0.2805
5,498,e014,0.378
5,498,e015,0.3311
5,498,e016,0.3735
5,498,e017,0.3655
5,498,e018,0.3739
5,498,e019,0.3929
5,498,e020,0.3694
5,498,e021,0.3775
5,498,e022,0.3788
5,498,e023,0.3277
5,498,e024,0.3674
5,499,e001,0.3119
5,499,e002,0.3164
5,499,e003,0.329
5,499,e004,0.291
5,499,e005,0.3403
5,499,e006,0.2926
5,499,e007,0.2933
5,499,e008,0.3666
5,499,e009,0.338
5,499,e010,0.2693
5,499,e011,0.2908
5,499,e012,0.3468
5,499,e013,0.3442
5,499,e014,0.3277
5,499,e015,0.2981
5,499,e016,0.3064
5,499,e017,0.3216
5,499,e018,0.2822
5,499,e019,0.3074
5,499,e020,0.3548
5,499,e021,0.3566
5,499,e022,0.3153
5,499,e023,0.349
5,499,e024,0.3269
5,500,e001,0.3189
5,500,e002,0.3023
5,500,e003,0.3211
5,500,e004,0.3733
5,500,e005,0.3464
5,500,e006,0.3062
5,500,e007,0.3686
5,500,e008,0.2979
5,500,e009,0.3755
5,500,e010,0.3669
5,500,e011,0.3446
5,500,e012,0.3044
5,500,e013,0.3239
5,500,e014,0.3533
5,500,e015,0.3294
5,500,e016,0.3152
5,500,e017,0.3714
5,500,e018,0.3349
5,500,e019,0.3564
5,500,e020,0.3399
5,500,e021,0.271
5,500,e022,0.2967
5,500,e023,0.3518
5,500,e024,0.3736
5,501,e001,0.2904
5,501,e002,0.249
5,501,e003,0.3287
5,501,e004,0.2242
5,501,e005,0.3076
5,501,e006,0.2863
5,501,e007,0.278
5,501,e008,0.2468
5,501,e009,0.2555
5,501,e010,0.3131
5,501,e011,0.2991
5,501,e012,0.2464
5,501,e013,0.2556
5,501,e014,0.2698
5,501,e015,0.2681
5,501,e016,0.2997
5,501,e017,0.2354
5,501,e018,0.315
5,501,e019,0.2685
5,501,e020,0.2581
5,501,e021,0.3002
5,501,e022,0.3184
5,501,e023,0.2605
5,501,e024,0.2419
5,502,e001,0.3318
5,502,e002,0.3438
5,502,e003,0.3743
5,502,e004,0.2905
5,502,e005,0.2771
5,502,e006,0.3019
5,502,e007,0.3535
5,502,e008,0.3659
5,502,e009,0.2948
5,502,e010,0.3703
5,502,e011,0.3414
5,502,e012,0.3518
5,502,e013,0.3045
5,502,e014,0.2994
5,502,e015,0.3366
5,502,e016,0.3426
5,502,e017,0.3701
5,502,e018,0.3096
5,502,e019,0.2765
5,502,e020,0.3253
5,502,e021,0.3595
5,502,e022,0.2678
5,502,e023,0.2878
5,502,e024,0.3381
5,503,e001,0.2921
5,503,e002,0.3199
5,503,e003,0.3671
5,503,e004,0.3118
5,503,e005,0.3637
5,503,e006,0.2553
5,503,e007,0.3295
5,503,e008,0.324
5,503,e009,0.3164
5,503,e010,0.3652
5,503,e011,0.3023
5,503,e012,0.3398
5,503,e013,0.3901
5,503,e014,0.3255
5,503,e015,0.3863
5,503,e016,0.3322
5,503,e017,0.3747
5,503,e018,0.2879
5,503,e019,0.3687
5,503,e020,0.3323
5,503,e021,0.3137
5,503,e022,0.3058
5,503,e023,0.3277
5,503,e024,0.3582
5,504,e001,0.3277
5,504,e002,0.3787
5,504,e003,0.3714
5,504,e004,0.2887
5,504,e005,0.2911
5,504,e006,0.3433
5,504,e007,0.3339
5,504,e008,0.2658
5,504,e009,0.3665
5,504,e010,0.2874
5,504,e011,0.2932
5,504,e012,0.2945
5,504,e013,0.3149
5,504,e014,0.3394
5,504,e015,0.2674
5,504,e016,0.3643
5,504,e017,0.3382
5,504,e018,0.3252
5,504,e019,0.327
5,504,e020,0.3563
5,504,e021,0.3227
5,504,e022,0.3421
5,504,e023,0.3554
5,504,e024,0.3241
5,505,e001,0.2916
5,505,e002,0.3485
5,505,e003,0.3081
5,505,e004,0.3587
5,505,e005,0.313
5,505,e006,0.3351
5,505,e007,0.3747
5,505,e008,0.3483
5,505,e009,0.3473
5,505,e010,0.3467
5,505,e011,0.3708
5,505,e012,0.3749
5,505,e013,0.3261
5,505,e014,0.3144
5,505,e015,0.3778
5,505,e016,0.3177
5,505,e017,0.3288
5,505,e018,0.2858
5,505,e019,0.3396
5,505,e020,0.3845
5,505,e021,0.3478
5,505,e022,0.3008
5,505,e023,0.3945
5,505,e024,0.3367
5,506,e001,0.3372
5,506,e002,0.2693
5,506,e003,0.3372
5,506,e004,0.2822
5,506,e005,0.2721
5,506,e006,0.2686
5,506,e007,0.3171
5,506,e008,0.2361
5,506,e009,0.3424
5,506,e010,0.3587
5,506,e011,0.2735
5,506,e012,0.3326
5,506,e013,0.2756
5,506,e014,0.2998
5,506,e015,0.26
5,506,e016,0.2571
5,506,e017,0.2848
5,506,e018,0.284
5,506,e019,0.3441
5,506,e020,0.3299
5,506,e021,0.3244
5,506,e022,0.2845
5,506,e023,0.2673
5,506,e024,0.329
5,507,e001,0.3507
5,507,e002,0.3151
5,507,e003,0.3046
5,507,e004,0.31
5,507,e005,0.3021
5,507,e006,0.3439
5,507,e007,0.3093
5,507,e008,0.3123
5,507,e009,0.2745
5,507,e010,0.3417
5,507,e011,0.382
5,507,e012,0.3845
5,507,e013,0.3373
5,507,e014,0.3709
5,507,e015,0.3671
5,507,e016,0.355
5,507,e017,0.2675
5,507,e018,0.3437
5,507,e019,0.297
5,507,e020,0.337
5,507,e021,0.3216
5,507,e022,0.3276
5,507,e023,0.3954
5,507,e024,0.3067
5,508,e001,0.2321
5,508,e002,0.3185
5,508,e003,0.2461
5,508,e004,0.2671
5,508,e005,0.2584
5,508,e006,0.3173
5,508,e007,0.3042
5,508,e008,0.3184
5,508,e009,0.2467
5,508,e010,0.3105
5,508,e011,0.2866
5,508,e012,0.3087
5,508,e013,0.2895
5,508,e014,0.3125
5,508,e015,0.3011
5,508,e016,0.3022
5,508,e017,0.343
5,508,e018,0.3243
5,508,e019,0.2793
5,508,e020,0.3346
5,508,e021,0.2753
5,508,e022,0.2932
5,508,e023,0.307
5,508,e024,0.3087
5,509,e001,0.2716
5,509,e002,0.2549
5,509,e003,0.3087
5,509,e004,0.2679
5,509,e005,0.2779
5,509,e006,0.3179
5,509,e007,0.2822
5,509,e008,0.2626
5,509,e009,0.2838
5,509,e010,0.3139
5,509,e011,0.2871
5,509,e012,0.3088
5,509,e013,0.3255
5,509,e014,0.2714
5,509,e015,0.2903
5,509,e016,0.2695
5,509,e017,0.347
5,509,e018,0.2997
5,509,e019,0.353
5,509,e020,0.3437
5,509,e021,0.3451
5,509,e022,0.3005
5,509,e023,0.3316
5,509,e024,0.3178
5,510,e001,0.3544
5,510,e002,0.26
5,510,e003,0.3065
5,510,e004,0.3148
5,510,e005,0.3102
5,510,e006,0.2822
5,510,e007,0.2952
5,510,e008,0.2722
5,510,e009,0.2995
5,510,e010,0.3394
5,510,e011,0.3129
5,510,e012,0.3106
5,510,e013,0.2778
5,510,e014,0.2926
5,510,e015,0.2604
5,510,e016,0.3399
5,510,e017,0.3499
5,510,e018,0.351
5,510,e019,0.3848
5,510,e020,0.3459
5,510,e021,0.3179
5,510,e022,0.2962
5,510,e023,0.2896
5,510,e024,0.3208
5,511,e001,0.3747
5,511,e002,0.3201
5,511,e003,0.3078
5,511,e004,0.3219
5,511,e005,0.2967
5,511,e006,0.3302
5,511,e007,0.2861
5,511,e008,0.3211
5,511,e009,0.2467
5,511,e010,0.318
5,511,e011,0.3079
5,511,e012,0.2652
5,511,e013,0.2894
5,511,e014,0.3015
5,511,e015,0.3678
5,511,e016,0.2837
5,511,e017,0.2866
5,511,e018,0.362
5,511,e019,0.2976
5,511,e020,0.3108
5,511,e021,0.3204
5,511,e022,0.3203
5,511,e023,0.3571
5,511,e024,0.3118
5,512,e001,0.3668
5,512,e002,0.4
5,512,e003,0.3685
5,512,e004,0.3255
5,512,e005,0.3476
5,512,e006,0.3787
5,512,e007,0.3383
5,512,e008,0.3767
5,512,e009,0.3793
5,512,e010,0.3607
5,512,e011,0.3966
5,512,e012,0.326
5,512,e013,0.3637
5,512,e014,0.3561
5,512,e015,0.3841
5,512,e016,0.3044
5,512,e017,0.3704
5,512,e018,0.3769
5,512,e019,0.3916
5,512,e020,0.3997
5,512,e021,0.3537
5,512,e022,0.3537
5,512,e023,0.3855
5,512,e024,0.3191
5,513,e001,0.326
5,513,e002,0.3124
5,513,e003,0.307
5,513,e004,0.295
5,513,e005,0.323
5,513,e006,0.3289
5,513,e007,0.3053
5,513,e008,0.3079
5,513,e009,0.3235
5,513,e010,0.2693
5,513,e011,0.3844
5,513,e012,0.3654
5,513,e013,0.271
5,513,e014,0.2999
5,513,e015,0.2751
5,513,e016,0.2959
5,513,e017,0.3009
5,513,e018,0.3353
5,513,e019,0.3041
5,513,e020,0.3454
5,513,e021,0.3344
5,513,e022,0.3574
5,513,e023,0.316
5,513,e024,0.3035
5,514,e001,0.3415
5,514,e002,0.3687
5,514,e003,0.3488
5,514,e004,0.2748
5,514,e005,0.3714
5,514,e006,0.3242
5,514,e007,0.2533
5,514,e008,0.2796
5,514,e009,0.3316
5,514,e010,0.2536
5,514,e011,0.3131
5,514,e012,0.3033
5,514,e013,0.333
5,514,e014,0.3465
5,514,e015,0.3568
5,514,e016,0.3437
5,514,e017,0.3135
5,514,e018,0.3028
5,514,e019,0.3091
5,514,e020,0.3481
5,514,e021,0.2484
5,514,e022,0.2809
5,514,e023,0.2823
5,514,e024,0.2933
5,515,e001,0.3537
5,515,e002,0.2862
5,515,e003,0.2882
5,515,e004,0.3591
5,515,e005,0.3211
5,515,e006,0.3064
5,515,e007,0.2743
5,515,e008,0.2676
5,515,e009,0.3358
5,515,e010,0.3146
5,515,e011,0.2909
5,515,e012,0.2765
5,515,e013,0.3407
5,515,e014,0.2797
5,515,e015,0.2985
5,515,e016,0.3067
5,515,e017,0.3307
5,515,e018,0.3585
5,515,e019,0.2713
5,515,e020,0.384
5,515,e021,0.3324
5,515,e022,0.3455
5,515,e023,0.3034
5,515,e024,0.3073
5,516,e001,0.37
5,516,e002,0.3348
5,516,e003,0.3837
5,516,e004,0.3498
5,516,e005,0.3844
5,516,e006,0.3126
5,516,e007,0.3275
5,516,e008,0.3062
5,516,e009,0.3193
5,516,e010,0.3854
5,516,e011,0.3849
5,516,e012,0.2842
5,516,e013,0.3742
5,516,e014,0.424
5,516,e015,0.3288
5,516,e016,0.3323
5,516,e017,0.3119
5,516,e018,0.3257
5,516,e019,0.3253
5,516,e020,0.3211
5,516,e021,0.3596
5,516,e022,0.3073
5,516,e023,0.3546
5,516,e024,0.3834
5,517,e001,0.3335
5,517,e002,0.3045
5,517,e003,0.4299
5,517,e004,0.3716
5,517,e005,0.325
5,517,e006,0.3989
5,517,e007,0.3304
5,517,e008,0.3557
5,517,e009,0.328
5,517,e010,0.3322
5,517,e011,0.3369
5,517,e012,0.3765
5,517,e013,0.3164
5,517,e014,0.385
5,517,e015,0.3302
5,517,e016,0.4072
5,517,e017,0.3003
5,517,e018,0.3996
5,517,e019,0.373
5,517,e020,0.3263
5,517,e021,0.4113
5,517,e022,0.3715
5,517,e023,0.3083
5,517,e024,0.3437
5,518,e001,0.3415
5,518,e002,0.3401
5,518,e003,0.3667
5,518,e004,0.3106
5,518,e005,0.3879
5,518,e006,0.3575
5,518,e007,0.2425
5,518,e008,0.3154
5,518,e009,0.3374
5,518,e010,0.34
5,518,e011,0.2858
5,518,e012,0.3689
5,518,e013,0.264
5,518,e014,0.3319
5,518,e015,0.3375
5,518,e016,0.3608
5,518,e017,0.3547
5,518,e018,0.278
5,518,e019,0.3196
5,518,e020,0.3268
5,518,e021,0.3555
5,518,e022,0.3776
5,518,e023,0.3865
5,518,e024,0.3308
5,519,e001,0.3586
5,519,e002,0.3697
5,519,e003,0.3527
5,519,e004,0.2952
5,519,e005,0.3242
5,519,e006,0.3743
5,519,e007,0.3423
5,519,e008,0.3118
5,519,e009,0.3944
5,519,e010,0.3709
5,519,e011,0.3265
5,519,e012,0.3764
5,519,e013,0.3781
5,519,e014,0.3722
5,519,e015,0.3744
5,519,e016,0.3269
5,519,e017,0.3797
5,519,e018,0.3925
5,519,e019,0.3341
5,519,e020,0.3151
5,519,e021,0.398
5,519,e022,0.413
5,519,e023,0.3207
5,519,e024,0.3685
5,520,e001,0.3393
5,520,e002,0.3174
5,520,e003,0.2675
5,520,e004,0.2991
5,520,e005,0.316
5,520,e006,0.3333
5,520,e007,0.3237
5,520,e008,0.2733
5,520,e009,0.3728
5,520,e010,0.2887
5,520,e011,0.3014
5,520,e012,0.2555
5,520,e013,0.326
5,520,e014,0.2979
5,520,e015,0.3501
5,520,e016,0.3288
5,520,e017,0.3013
5,520,e018,0.3297
5,520,e019,0.3027
5,520,e020,0.2675
5,520,e021,0.3655
5,520,e022,0.2929
5,520,e023,0.3288
5,520,e024,0.3142
5,521,e001,0.4103
5,521,e002,0.3817
5,521,e003,0.3789
5,521,e004,0.3729
5,521,e005,0.3293
5,521,e006,0.3936
5,521,e007,0.3754
5,521,e008,0.344
5,521,e009,0.329
5,521,e010,0.3785
5,521,e011,0.3534
5,521,e012,0.3706
5,521,e013,0.3079
5,521,e014,0.3785
5,521,e015,0.3346
5,521,e016,0.3306
5,521,e017,0.3518
5,521,e018,0.3474
5,521,e019,0.3617
5,521,e020,0.3182
5,521,e021,0.3491
5,521,e022,0.3231
5,521,e023,0.3473
5,521,e024,0.3428
5,522,e001,0.3055
5,522,e002,0.343
5,522,e003,0.2551
5,522,e004,0.3515
5,522,e005,0.3403
5,522,e006,0.327
5,522,e007,0.3594
5,522,e008,0.3711
5,522,e009,0.2804
5,522,e010,0.2834
5,522,e011,0.3466
5,522,e012,0.3027
5,522,e013,0.3802
5,522,e014,0.3514
5,522,e015,0.3673
5,522,e016,0.351
5,522,e017,0.3858
5,522,e018,0.3979
5,522,e019,0.3445
5,522,e020,0.3173
5,522,e021,0.3315
5,522,e022,0.3493
5,522,e023,0.379
5,522,e024,0.2984
5,523,e001,0.3313
5,523,e002,0.3272
5,523,e003,0.3653
5,523,e004,0.365
5,523,e005,0.2938
5,523,e006,0.2999
5,523,e007,0.3399
5,523,e008,0.2881
5,523,e009,0.274
5,523,e010,0.3627
5,523,e011,0.375
5,523,e012,0.3631
5,523,e013,0.3007
5,523,e014,0.3034
5,523,e015,0.3595
5,523,e016,0.3379
5,523,e017,0.2885
5,523,e018,0.2975
5,523,e019,0.3033
5,523,e020,0.2997
5,523,e021,0.3553
5,523,e022,0.3024
5,523,e023,0.3239
5,523,e024,0.3498
5,524,e001,0.3841
5,524,e002,0.3737
5,524,e003,0.3883
5,524,e004,0.3639
5,524,e005,0.3915
5,524,e006,0.3535
5,524,e007,0.3913
5,524,e008,0.3428
5,524,e009,0.3929
5,524,e010,0.3872
5,524,e011,0.3223
5,524,e012,0.3736
5,524,e013,0.3737
5,524,e014,0.338
5,524,e015,0.3445
5,524,e016,0.3464
5,524,e017,0.3984
5,524,e018,0.3595
5,524,e019,0.3464
5,524,e020,0.3046
5,524,e021,0.3489
5,524,e022,0.2922
5,524,e023,0.395
5,524,e024,0.3122
5,525,e001,0.406
5,525,e002,0.3885
5,525,e003,0.4249
5,525,e004,0.4108
5,525,e005,0.4076
5,525,e006,0.4057
5,525,e007,0.3688
5,525,e008,0.4094
5,525,e009,0.3845
5,525,e010,0.3607
5,525,e011,0.4128
5,525,e012,0.3969
5,525,e013,0.4037
5,525,e014,0.4225
5,525,e015,0.3748
5,525,e016,0.372
5,525,e017,0.3654
5,525,e018,0.3694
5,525,e019,0.351
5,525,e020,0.3888
5,525,e021,0.4408
5,525,e022,0.3748
5,525,e023,0.3976
5,525,e024,0.3617
5,526,e001,0.4369
5,526,e002,0.3924
5,526,e003,0.3708
5,526,e004,0.4545
5,526,e005,0.3969
5,526,e006,0.3626
5,526,e007,0.4362
5,526,e008,0.4058
5,526,e009,0.3326
5,526,e010,0.3896
5,526,e011,0.3457
5,526,e012,0.4449
5,526,e013,0.4094
5,526,e014,0.4129
5,526,e015,0.4397
5,526,e016,0.3235
5,526,e017,0.3952
5,526,e018,0.3668
5,526,e019,0.4196
5,526,e020,0.3894
5,526,e021,0.3778
5,526,e022,0.3355
5,526,e023,0.3392
5,526,e024,0.3844
5,527,e001,0.3518
5,527,e002,0.3065
5,527,e003,0.3203
5,527,e004,0.3449
5,527,e005,0.3595
5,527,e006,0.4064
5,527,e007,0.371
5,527,e008,0.3325
5,527,e009,0.3551
5,527,e010,0.362
5,527,e011,0.3478
5,527,e012,0.3492
5,527,e013,0.3558
5,527,e014,0.3891
5,527,e015,0.3591
5,527,e016,0.3482
5,527,e017,0.3711
5,527,e018,0.3889
5,527,e019,0.3405
5,527,e020,0.3729
5,527,e021,0.3446
5,527,e022,0.3611
5,527,e023,0.3143
5,527,e024,0.3218
5,528,e001,0.3499
5,528,e002,0.288
5,528,e003,0.4057
5,528,e004,0.3245
5,528,e005,0.2916
5,528,e006,0.2987
5,528,e007,0.3169
5,528,e008,0.2866
5,528,e009,0.3203
5,528,e010,0.3215
5,528,e011,0.283
5,528,e012,0.3515
5,528,e013,0.3863
5,528,e014,0.3179
5,528,e015,0.2901
5,528,e016,0.2603
5,528,e017,0.3063
5,528,e018,0.3529
5,528,e019,0.2932
5,528,e020,0.3791
5,528,e021,0.3017
5,528,e022,0.276
5,528,e023,0.3216
5,528,e024,0.339
5,529,e001,0.3257
5,529,e002,0.3859
5,529,e003,0.3113
5,529,e004,0.3606
5,529,e005,0.3165
5,529,e006,0.3383
5,529,e007,0.3671
5,529,e008,0.4027
5,529,e009,0.3066
5,529,e010,0.301
5,529,e011,0.3682
5,529,e012,0.3205
5,529,e013,0.3157
5,529,e014,0.3558
5,529,e015,0.2878
5,529,e016,0.3083
5,529,e017,0.3428
5,529,e018,0.3381
5,529,e019,0.3048
5,529,e020,0.4274
5,529,e021,0.2996
5,529,e022,0.3678
5,529,e023,0.3095
5,529,e024,0.3465
5,530,e001,0.3504
5,530,e002,0.4202
5,530,e003,0.3474
5,530,e004,0.345
5,530,e005,0.3888
5,530,e006,0.4193
5,530,e007,0.4288
5,530,e008,0.4078
5,530,e009,0.3887
5,530,e010,0.4356
5,530,e011,0.3869
5,530,e012,0.366
5,530,e013,0.3613
5,530,e014,0.3712
5,530,e015,0.4277
5,530,e016,0.361
5,530,e017,0.3817
5,530,e018,0.3641
5,530,e019,0.3633
5,530,e020,0.3402
5,530,e021,0.3559
5,530,e022,0.4273
5,530,e023,0.3227
5,530,e024,0.4501
5,531,e001,0.3952
5,531,e002,0.4106
5,531,e003,0.3359
5,531,e004,0.3919
5,531,e005,0.3634
5,531,e006,0.3195
5,531,e007,0.3607
5,531,e008,0.3779
5,531,e009,0.4062
5,531,e010,0.3346
5,531,e011,0.4153
5,531,e012,0.4091
5,531,e013,0.4124
5,531,e014,0.3737
5,531,e015,0.3862
5,531,e016,0.4083
5,531,e017,0.3369
5,531,e018,0.3469
5,531,e019,0.3343
5,531,e020,0.3268
5,531,e021,0.3248
5,531,e022,0.3274
5,531,e023,0.3802
5,531,e024,0.3743
5,532,e001,0.4141
5,532,e002,0.3827
5,532,e003,0.3592
5,532,e004,0.4028
5,532,e005,0.4198
5,532,e006,0.3509
5,532,e007,0.3784
5,532,e008,0.3407
5,532,e009,0.347
5,532,e010,0.3877
5,532,e011,0.3919
5,532,e012,0.401
5,532,e013,0.3302
5,532,e014,0.3657
5,532,e015,0.4118
5,532,e016,0.3803
5,532,e017,0.3704
5,532,e018,0.3813
5,532,e019,0.4134
5,532,e020,0.4186
5,532,e021,0.425
5,532,e022,0.3483
5,532,e023,0.3737
5,532,e024,0.3566
5,533,e001,0.3494
5,533,e002,0.3819
5,533,e003,0.3132
5,533,e004,0.4068
5,533,e005,0.3394
5,533,e006,0.4225
5,533,e007,0.3786
5,533,e008,0.3496
5,533,e009,0.4283
5,533,e010,0.3903
5,533,e011,0.3676
5,533,e012,0.4062
5,533,e013,0.353
5,533,e014,0.4304
5,533,e015,0.3535
5,533,e016,0.3582
5,533,e017,0.426
5,533,e018,0.4175
5,533,e019,0.3841
5,533,e020,0.4202
5,533,e021,0.4161
5,533,e022,0.38
5,533,e023,0.3939
5,533,e024,0.3635
5,534,e001,0.434
5,534,e002,0.3614
5,534,e003,0.3838
5,534,e004,0.4456
5,534,e005,0.4592
5,534,e006,0.4216
5,534,e007,0.4608
5,534,e008,0.4374
5,534,e009,0.3758
5,534,e010,0.4662
5,534,e011,0.4287
5,534,e012,0.4226
5,534,e013,0.4167
5,534,e014,0.4265
5,534,e015,0.3819
5,534,e016,0.4255
5,534,e017,0.4297
5,534,e018,0.404
5,534,e019,0.4264
5,534,e020,0.4576
5,534,e021,0.4206
5,534,e022,0.3678
5,534,e023,0.3995
5,534,e024,0.4739
5,535,e001,0.3008
5,535,e002,0.368
5,535,e003,0.3834
5,535,e004,0.3218
5,535,e005,0.4298
5,535,e006,0.3609
5,535,e007,0.3147
5,535,e008,0.3903
5,535,e009,0.3585
5,535,e010,0.3613
5,535,e011,0.3419
5,535,e012,0.3756
5,535,e013,0.3641
5,535,e014,0.3777
5,535,e015,0.3882
5,535,e016,0.296
5,535,e017,0.4033
5,535,e018,0.3641
5,535,e019,0.3917
5,535,e020,0.3715
5,535,e021,0.3488
5,535,e022,0.3472
5,535,e023,0.3717
5,535,e024,0.3998
5,536,e001,0.3907
5,536,e002,0.4102
5,536,e003,0.3861
5,536,e004,0.3274
5,536,e005,0.4
5,536,e006,0.3817
5,536,e007,0.3695
5,536,e008,0.4187
5,536,e009,0.4202
5,536,e010,0.3991
5,536,e011,0.4199
5,536,e012,0.3868
5,536,e013,0.3838
5,536,e014,0.3633
5,536,e015,0.3819
5,536,e016,0.3453
5,536,e017,0.4171
5,536,e018,0.3447
5,536,e019,0.367
5,536,e020,0.3697
5,536,e021,0.3497
5,536,e022,0.3889
5,536,e023,0.3655
5,536,e024,0.3855
5,537,e001,0.4623
5,537,e002,0.4269
5,537,e003,0.4704
5,537,e004,0.3697
5,537,e005,0.4014
5,537,e006,0.3658
5,537,e007,0.4358
5,537,e008,0.4246
5,537,e009,0.3992
5,537,e010,0.3794
5,537,e011,0.3951
5,537,e012,0.3914
5,537,e013,0.4363
5,537,e014,0.3833
5,537,e015,0.409
5,537,e016,0.4275
5,537,e017,0.3828
5,537,e018,0.4399
5,537,e019,0.3631
5,537,e020,0.4035
5,537,e021,0.4223
5,537,e022,0.4012
5,537,e023,0.4006
5,537,e024,0.373
5,538,e001,0.342
5,538,e002,0.4378
5,538,e003,0.3971
5,538,e004,0.3984
5,538,e005,0.4267
5,538,e006,0.4052
5,538,e007,0.3492
5,538,e008,0.3684
5,538,e009,0.3814
5,538,e010,0.3932
5,538,e011,0.4182
5,538,e012,0.3957
5,538,e013,0.3842
5,538,e014,0.3942
5,538,e015,0.3954
5,538,e016,0.4157
5,538,e017,0.4181
5,538,e018,0.3839
5,538,e019,0.4424
5,538,e020,0.3828
5,538,e021,0.4219
5,538,e022,0.3922
5,538,e023,0.3575
5,538,e024,0.3726
5,539,e001,0.457
5,539,e002,0.415
5,539,e003,0.4356
5,539,e004,0.4324
5,539,e005,0.4123
5,539,e006,0.4088
5,539,e007,0.3896
5,539,e008,0.4208
5,539,e009,0.4304
5,539,e010,0.4135
5,539,e011,0.4661
5,539,e012,0.4619
5,539,e013,0.4494
5,539,e014,0.4088
5,539,e015,0.4139
5,539,e016,0.3963
5,539,e017,0.3841
5,539,e018,0.3996
5,539,e019,0.4211
5,539,e020,0.3974
5,539,e021,0.3639
5,539,e022,0.4474
5,539,e023,0.4425
5,539,e024,0.3616
5,540,e001,0.4605
5,540,e002,0.4073
5,540,e003,0.5042
5,540,e004,0.4808
5,540,e005,0.4688
5,540,e006,0.4173
5,540,e007,0.4696
5,540,e008,0.4743
5,540,e009,0.4354
5,540,e010,0.5002
5,540,e011,0.4763
5,540,e012,0.4589
5,540,e013,0.3878
5,540,e014,0.421
5,540,e015,0.5066
5,540,e016,0.4664
5,540,e017,0.45
5,540,e018,0.4137
5,540,e019,0.5399
5,540,e020,0.563
5,540,e021,0.6316
5,540,e022,0.5916
5,540,e023,0.5841
5,540,e024,0.5634
5,541,e001,0.3875
5,541,e002,0.4399
5,541,e003,0.4085
5,541,e004,0.4344
5,541,e005,0.4481
5,541,e006,0.4081
5,541,e007,0.3884
5,541,e008,0.4012
5,541,e009,0.4254
5,541,e010,0.4268
5,541,e011,0.4237
5,541,e012,0.3669
5,541,e013,0.4012
5,541,e014,0.4229
5,541,e015,0.4345
5,541,e016,0.373
5,541,e017,0.4492
5,541,e018,0.4488
5,541,e019,0.5102
5,541,e020,0.5989
5,541,e021,0.5898
5,541,e022,0.5755
5,541,e023,0.5533
5,541,e024,0.5502
5,542,e001,0.4616
5,542,e002,0.4412
5,542,e003,0.4312
5,542,e004,0.3988
5,542,e005,0.3723
5,542,e006,0.3925
5,542,e007,0.3698
5,542,e008,0.4426
5,542,e009,0.4054
5,542,e010,0.3796
5,542,e011,0.4158
5,542,e012,0.4505
5,542,e013,0.4455
5,542,e014,0.4678
5,542,e015,0.462
5,542,e016,0.3953
5,542,e017,0.3633
5,542,e018,0.4546
5,542,e019,0.5893
5,542,e020,0.5171
5,542,e021,0.5186
5,542,e022,0.5422
5,542,e023,0.5126
5,542,e024,0.5057
5,543,e001,0.4069
5,543,e002,0.4192
5,543,e003,0.325
5,543,e004,0.3594
5,543,e005,0.4057
5,543,e006,0.434
5,543,e007,0.3891
5,543,e008,0.3873
5,543,e009,0.4203
5,543,e010,0.3686
5,543,e011,0.4072
5,543,e012,0.4523
5,543,e013,0.3917
5,543,e014,0.3332
5,543,e015,0.4194
5,543,e016,0.369
5,543,e017,0.3722
5,543,e018,0.4268
5,543,e019,0.5578
5,543,e020,0.5226
5,543,e021,0.5647
5,543,e022,0.5288
5,543,e023,0.5053
5,543,e024,0.4775
5,544,e001,0.3578
5,544,e002,0.4207
5,544,e003,0.3705
5,544,e004,0.3493
5,544,e005,0.4278
5,544,e006,0.4261
5,544,e007,0.3763
5,544,e008,0.4568
5,544,e009,0.3903
5,544,e010,0.4127
5,544,e011,0.3874
5,544,e012,0.4096
5,544,e013,0.4303
5,544,e014,0.4727
5,544,e015,0.3678
5,544,e016,0.4583
5,544,e017,0.4087
5,544,e018,0.4514
5,544,e019,0.5529
5,544,e020,0.5489
5,544,e021,0.5376
5,544,e022,0.5138
5,544,e023,0.5594
5,544,e024,0.5555
5,545,e001,0.409
5,545,e002,0.4544
5,545,e003,0.4407
5,545,e004,0.405
5,545,e005,0.3909
5,545,e006,0.4162
5,545,e007,0.4453
5,545,e008,0.44
5,545,e009,0.4267
5,545,e010,0.4637
5,545,e011,0.4078
5,545,e012,0.4076
5,545,e013,0.3632
5,545,e014,0.4169
5,545,e015,0.3944
5,545,e016,0.3911
5,545,e017,0.3888
5,545,e018,0.404
5,545,e019,0.5778
5,545,e020,0.6066
5,545,e021,0.5051
5,545,e022,0.5286
5,545,e023,0.5524
5,545,e024,0.5331
5,546,e001,0.3819
5,546,e002,0.4003
5,546,e003,0.4666
5,546,e004,0.4794
5,546,e005,0.3906
5,546,e006,0.4709
5,546,e007,0.4624
5,546,e008,0.4357
5,546,e009,0.4401
5,546,e010,0.4216
5,546,e011,0.402
5,546,e012,0.4257
5,546,e013,0.3673
5,546,e014,0.4137
5,546,e015,0.4428
5,546,e016,0.4401
5,546,e017,0.4212
5,546,e018,0.4274
5,546,e019,0.5502
5,546,e020,0.5121
5,546,e021,0.6287
5,546,e022,0.4956
5,546,e023,0.5388
5,546,e024,0.5368
5,547,e001,0.468
5,547,e002,0.4149
5,547,e003,0.3931
5,547,e004,0.391
5,547,e005,0.3693
5,547,e006,0.3431
5,547,e007,0.418
5,547,e008,0.4023
5,547,e009,0.3792
5,547,e010,0.4125
5,547,e011,0.4535
5,547,e012,0.426
5,547,e013,0.4336
5,547,e014,0.4032
5,547,e015,0.3821
5,547,e016,0.4421
5,547,e017,0.4351
5,547,e018,0.4441
5,547,e019,0.5231
5,547,e020,0.5575
5,547,e021,0.5221
5,547,e022,0.5183
5,547,e023,0.591
5,547,e024,0.5571
5,548,e001,0.3479
5,548,e002,0.418
5,548,e003,0.3887
5,548,e004,0.4159
5,548,e005,0.4086
5,548,e006,0.3903
5,548,e007,0.3776
5,548,e008,0.3503
5,548,e009,0.3326
5,548,e010,0.3411
5,548,e011,0.4136
5,548,e012,0.3881
5,548,e013,0.3609
5,548,e014,0.3541
5,548,e015,0.3615
5,548,e016,0.3852
5,548,e017,0.4296
5,548,e018,0.3488
5,548,e019,0.5333
5,548,e020,0.5332
5,548,e021,0.4505
5,548,e022,0.4589
5,548,e023,0.4776
5,548,e024,0.5146
5,549,e001,0.4055
5,549,e002,0.4057
5,549,e003,0.4595
5,549,e004,0.3847
5,549,e005,0.4458
5,549,e006,0.4359
5,549,e007,0.3822
5,549,e008,0.425
5,549,e009,0.3995
5,549,e010,0.4811
5,549,e011,0.3842
5,549,e012,0.385
5,549,e013,0.453
5,549,e014,0.41
5,549,e015,0.3705
5,549,e016,0.3841
5,549,e017,0.3633
5,549,e018,0.3869
5,549,e019,0.5115
5,549,e020,0.5497
5,549,e021,0.5694
5,549,e022,0.5166
5,549,e023,0.5099
5,549,e024,0.5374
5,550,e001,0.4485
5,550,e002,0.4335
5,550,e003,0.4559
5,550,e004,0.488
5,550,e005,0.385
5,550,e006,0.4166
5,550,e007,0.389
5,550,e008,0.4004
5,550,e009,0.3803
5,550,e010,0.4017
5,550,e011,0.4544
5,550,e012,0.4056
5,550,e013,0.4422
5,550,e014,0.4678
5,550,e015,0.4678
5,550,e016,0.4787
5,550,e017,0.4001
5,550,e018,0.3528
5,550,e019,0.5887
5,550,e020,0.6034
5,550,e021,0.5606
5,550,e022,0.5979
5,550,e023,0.5627
5,550,e024,0.5832
5,551,e001,0.4957
5,551,e002,0.4458
5,551,e003,0.4338
5,551,e004,0.5019
5,551,e005,0.4623
5,551,e006,0.4849
5,551,e007,0.4611
5,551,e008,0.3976
5,551,e009,0.4547
5,551,e010,0.4263
5,551,e011,0.4683
5,551,e012,0.4787
5,551,e013,0.4735
5,551,e014,0.4015
5,551,e015,0.4038
5,551,e016,0.4866
5,551,e017,0.4841
5,551,e018,0.4461
5,551,e019,0.5544
5,551,e020,0.6067
5,551,e021,0.5719
5,551,e022,0.606
5,551,e023,0.5598
5,551,e024,0.5392
5,552,e001,0.4953
5,552,e002,0.3898
5,552,e003,0.4454
5,552,e004,0.4316
5,552,e005,0.4701
5,552,e006,0.4468
5,552,e007,0.4286
5,552,e008,0.491
5,552,e009,0.3864
5,552,e010,0.4038
5,552,e011,0.4346
5,552,e012,0.4682
5,552,e013,0.4198
5,552,e014,0.4638
5,552,e015,0.4995
5,552,e016,0.4135
5,552,e017,0.4304
5,552,e018,0.4471
5,552,e019,0.5501
5,552,e020,0.5594
5,552,e021,0.618
5,552,e022,0.6133
5,552,e023,0.5911
5,552,e024,0.5379
5,553,e001,0.4599
5,553,e002,0.4815
5,553,e003,0.4857
5,553,e004,0.5088
5,553,e005,0.4294
5,553,e006,0.5032
5,553,e007,0.4282
5,553,e008,0.5282
5,553,e009,0.4344
5,553,e010,0.5027
5,553,e011,0.4168
5,553,e012,0.4827
5,553,e013,0.4308
5,553,e014,0.4689
5,553,e015,0.4339
5,553,e016,0.3995
5,553,e017,0.4344
5,553,e018,0.4923
5,553,e019,0.5883
5,553,e020,0.5781
5,553,e021,0.5635
5,553,e022,0.6333
5,553,e023,0.537
5,553,e024,0.5784
5,554,e001,0.4268
5,554,e002,0.433
5,554,e003,0.456
5,554,e004,0.3908
5,554,e005,0.4018
5,554,e006,0.3875
5,554,e007,0.3984
5,554,e008,0.4617
5,554,e009,0.4875
5,554,e010,0.4669
5,554,e011,0.4572
5,554,e012,0.446
5,554,e013,0.4245
5,554,e014,0.4496
5,554,e015,0.5009
5,554,e016,0.4359
5,554,e017,0.4586
5,554,e018,0.4195
5,554,e019,0.627
5,554,e020,0.5847
5,554,e021,0.542
5,554,e022,0.6202
5,554,e023,0.6007
5,554,e024,0.5903
5,555,e001,0.4783
5,555,e002,0.479
5,555,e003,0.4127
5,555,e004,0.4213
5,555,e005,0.4614
5,555,e006,0.4031
5,555,e007,0.4137
5,555,e008,0.4364
5,555,e009,0.4885
5,555,e010,0.4596
5,555,e011,0.477
5,555,e012,0.4049
5,555,e013,0.4073
5,555,e014,0.4444
5,555,e015,0.4328
5,555,e016,0.4933
5,555,e017,0.4444
5,555,e018,0.483
5,555,e019,0.5618
5,555,e020,0.5942
5,555,e021,0.6038
5,555,e022,0.5836
5,555,e023,0.5804
5,555,e024,0.5604
5,556,e001,0.4672
5,556,e002,0.455
5,556,e003,0.4134
5,556,e004,0.4028
5,556,e005,0.4512
5,556,e006,0.4388
5,556,e007,0.4181
5,556,e008,0.4365
5,556,e009,0.4585
5,556,e010,0.4183
5,556,e011,0.41
5,556,e012,0.4298
5,556,e013,0.4488
5,556,e014,0.4462
5,556,e015,0.4327
5,556,e016,0.3985
5,556,e017,0.411
5,556,e018,0.3943
5,556,e019,0.5997
5,556,e020,0.5119
5,556,e021,0.5716
5,556,e022,0.5864
5,556,e023,0.5947
5,556,e024,0.5906
5,557,e001,0.3742
5,557,e002,0.3734
5,557,e003,0.3766
5,557,e004,0.356
5,557,e005,0.4137
5,557,e006,0.4286
5,557,e007,0.3706
5,557,e008,0.4089
5,557,e009,0.4684
5,557,e010,0.4024
5,557,e011,0.3853
5,557,e012,0.4067
5,557,e013,0.4207
5,557,e014,0.3882
5,557,e015,0.3724
5,557,e016,0.4246
5,557,e017,0.3725
5,557,e018,0.373
5,557,e019,0.5292
5,557,e020,0.5419
5,557,e021,0.5075
5,557,e022,0.5105
5,557,e023,0.6014
5,557,e024,0.5897
5,558,e001,0.4292
5,558,e002,0.4128
5,558,e003,0.4939
5,558,e004,0.4318
5,558,e005,0.402
5,558,e006,0.4209
5,558,e007,0.4524
5,558,e008,0.4198
5,558,e009,0.4117
5,558,e010,0.3705
5,558,e011,0.4796
5,558,e012,0.4264
5,558,e013,0.4172
5,558,e014,0.421
5,558,e015,0.396
5,558,e016,0.4411
5,558,e017,0.4212
5,558,e018,0.4487
5,558,e019,0.5715
5,558,e020,0.5378
5,558,e021,0.5928
5,558,e022,0.5937
5,558,e023,0.5864
5,558,e024,0.5598
5,559,e001,0.416
5,559,e002,0.4646
5,559,e003,0.4229
5,559,e004,0.4462
5,559,e005,0.4247
5,559,e006,0.4415
5,559,e007,0.4306
5,559,e008,0.4817
5,559,e009,0.3977
5,559,e010,0.4644
5,559,e011,0.4298
5,559,e012,0.4676
5,559,e013,0.4491
5,559,e014,0.4588
5,559,e015,0.434
5,559,e016,0.4715
5,559,e017,0.5155
5,559,e018,0.4924
5,559,e019,0.6208
5,559,e020,0.6213
5,559,e021,0.5491
5,559,e022,0.5408
5,559,e023,0.5381
5,559,e024,0.58
5,560,e001,0.3473
5,560,e002,0.4335
5,560,e003,0.3585
5,560,e004,0.3843
5,560,e005,0.3557
5,560,e006,0.3878
5,560,e007,0.3602
5,560,e008,0.414
5,560,e009,0.3995
5,560,e010,0.3782
5,560,e011,0.455
5,560,e012,0.3723
5,560,e013,0.3672
5,560,e014,0.4439
5,560,e015,0.3707
5,560,e016,0.36
5,560,e017,0.4064
5,560,e018,0.441
5,560,e019,0.7601
5,560,e020,0.7334
5,560,e021,0.7234
5,560,e022,0.7661
5,560,e023,0.7102
5,560,e024,0.7522
5,561,e001,0.4343
5,561,e002,0.4373
5,561,e003,0.4232
5,561,e004,0.4613
5,561,e005,0.458
5,561,e006,0.4173
5,561,e007,0.4258
5,561,e008,0.4754
5,561,e009,0.4363
5,561,e010,0.4611
5,561,e011,0.4166
5,561,e012,0.478
5,561,e013,0.455
5,561,e014,0.4064
5,561,e015,0.3745
5,561,e016,0.4589
5,561,e017,0.4717
5,561,e018,0.4653
5,561,e019,0.7899
5,561,e020,0.7346
5,561,e021,0.7906
5,561,e022,0.78
5,561,e023,0.7223
5,561,e024,0.7905
5,562,e001,0.4594
5,562,e002,0.5149
5,562,e003,0.4195
5,562,e004,0.4495
5,562,e005,0.4505
5,562,e006,0.4127
5,562,e007,0.4749
5,562,e008,0.472
5,562,e009,0.4439
5,562,e010,0.4737
5,562,e011,0.4997
5,562,e012,0.4623
5,562,e013,0.4882
5,562,e014,0.4742
5,562,e015,0.4625
5,562,e016,0.4902
5,562,e017,0.4324
5,562,e018,0.4538
5,562,e019,0.7951
5,562,e020,0.8108
5,562,e021,0.817
5,562,e022,0.7461
5,562,e023,0.7519
5,562,e024,0.7669
5,563,e001,0.4536
5,563,e002,0.4379
5,563,e003,0.4651
5,563,e004,0.4966
5,563,e005,0.4487
5,563,e006,0.4504
5,563,e007,0.4233
5,563,e008,0.4278
5,563,e009,0.4781
5,563,e010,0.4982
5,563,e011,0.4617
5,563,e012,0.4741
5,563,e013,0.4135
5,563,e014,0.442
5,563,e015,0.4614
5,563,e016,0.4038
5,563,e017,0.4833
5,563,e018,0.4112
5,563,e019,0.7173
5,563,e020,0.784
5,563,e021,0.7983
5,563,e022,0.7798
5,563,e023,0.796
5,563,e024,0.7911
5,564,e001,0.4134
5,564,e002,0.423
5,564,e003,0.39
5,564,e004,0.5312
5,564,e005,0.4398
5,564,e006,0.4173
5,564,e007,0.4673
5,564,e008,0.4443
5,564,e009,0.4668
5,564,e010,0.4901
5,564,e011,0.5059
5,564,e012,0.4868
5,564,e013,0.5202
5,564,e014,0.3899
5,564,e015,0.4383
5,564,e016,0.4052
5,564,e017,0.4316
5,564,e018,0.4629
5,564,e019,0.7891
5,564,e020,0.8475
5,564,e021,0.8278
5,564,e022,0.7544
5,564,e023,0.7897
5,564,e024,0.7986
5,565,e001,0.4934
5,565,e002,0.4566
5,565,e003,0.5056
5,565,e004,0.5275
5,565,e005,0.5132
5,565,e006,0.5049
5,565,e007,0.5113
5,565,e008,0.5227
5,565,e009,0.5481
5,565,e010,0.4374
5,565,e011,0.4863
5,565,e012,0.5292
5,565,e013,0.4604
5,565,e014,0.452
5,565,e015,0.4965
5,565,e016,0.4728
5,565,e017,0.43
5,565,e018,0.5183
5,565,e019,0.8203
5,565,e020,0.7972
5,565,e021,0.8347
5,565,e022,0.8197
5,565,e023,0.8299
5,565,e024,0.8122
5,566,e001,0.4878
5,566,e002,0.4517
5,566,e003,0.472
5,566,e004,0.5513
5,566,e005,0.5106
5,566,e006,0.4932
5,566,e007,0.4969
5,566,e008,0.5035
5,566,e009,0.5112
5,566,e010,0.507
5,566,e011,0.4598
5,566,e012,0.4306
5,566,e013,0.4923
5,566,e014,0.4748
5,566,e015,0.5119
5,566,e016,0.4661
5,566,e017,0.4788
5,566,e018,0.5587
5,566,e019,0.8289
5,566,e020,0.8432
5,566,e021,0.8225
5,566,e022,0.83
5,566,e023,0.8599
5,566,e024,0.8117
5,567,e001,0.4889
5,567,e002,0.4389
5,567,e003,0.4929
5,567,e004,0.5238
5,567,e005,0.4494
5,567,e006,0.4684
5,567,e007,0.488
5,567,e008,0.4994
5,567,e009,0.4845
5,567,e010,0.5176
5,567,e011,0.5095
5,567,e012,0.5147
5,567,e013,0.4596
5,567,e014,0.4836
5,567,e015,0.4463
5,567,e016,0.4682
5,567,e017,0.5187
5,567,e018,0.4516
5,567,e019,0.8169
5,567,e020,0.8283
5,567,e021,0.7796
5,567,e022,0.812
5,567,e023,0.8229
5,567,e024,0.8353
5,568,e001,0.4541
5,568,e002,0.4351
5,568,e003,0.4416
5,568,e004,0.4244
5,568,e005,0.4706
5,568,e006,0.5081
5,568,e007,0.4685
5,568,e008,0.4926
5,568,e009,0.487
5,568,e010,0.4615
5,568,e011,0.4176
5,568,e012,0.4843
5,568,e013,0.4524
5,568,e014,0.411
5,568,e015,0.4357
5,568,e016,0.4594
5,568,e017,0.4671
5,568,e018,0.4872
5,568,e019,0.724
5,568,e020,0.7702
5,568,e021,0.8552
5,568,e022,0.794
5,568,e023,0.7209
5,568,e024,0.7067
5,569,e001,0.4748
5,569,e002,0.495
5,569,e003,0.486
5,569,e004,0.5203
5,569,e005,0.4409
5,569,e006,0.4553
5,569,e007,0.4298
5,569,e008,0.4582
5,569,e009,0.4591
5,569,e010,0.4298
5,569,e011,0.4265
5,569,e012,0.4204
5,569,e013,0.4944
5,569,e014,0.4503
5,569,e015,0.4237
5,569,e016,0.4675
5,569,e017,0.467
5,569,e018,0.491
5,569,e019,0.8342
5,569,e020,0.7483
5,569,e021,0.7989
5,569,e022,0.7855
5,569,e023,0.8318
5,569,e024,0.7922
5,570,e001,0.4141
5,570,e002,0.4234
5,570,e003,0.4833
5,570,e004,0.4913
5,570,e005,0.4532
5,570,e006,0.4562
5,570,e007,0.4175
5,570,e008,0.4832
5,570,e009,0.4931
5,570,e010,0.4709
5,570,e011,0.4559
5,570,e012,0.4655
5,570,e013,0.4791
5,570,e014,0.4526
5,570,e015,0.51
5,570,e016,0.4463
5,570,e017,0.468
5,570,e018,0.4336
5,570,e019,0.7576
5,570,e020,0.7509
5,570,e021,0.7816
5,570,e022,0.7392
5,570,e023,0.7551
5,570,e024,0.8434
5,571,e001,0.5417
5,571,e002,0.44
5,571,e003,0.5529
5,571,e004,0.4484
5,571,e005,0.5465
5,571,e006,0.4586
5,571,e007,0.4609
5,571,e008,0.498
5,571,e009,0.5341
5,571,e010,0.501
5,571,e011,0.4646
5,571,e012,0.4485
5,571,e013,0.4593
5,571,e014,0.554
5,571,e015,0.5101
5,571,e016,0.5273
5,571,e017,0.4744
5,571,e018,0.495
5,571,e019,0.8701
5,571,e020,0.7661
5,571,e021,0.8566
5,571,e022,0.8466
5,571,e023,0.8093
5,571,e024,0.7902
5,572,e001,0.5278
5,572,e002,0.4876
5,572,e003,0.4459
5,572,e004,0.4583
5,572,e005,0.4657
5,572,e006,0.4292
5,572,e007,0.4583
5,572,e008,0.4566
5,572,e009,0.5095
5,572,e010,0.3947
5,572,e011,0.4723
5,572,e012,0.4382
5,572,e013,0.4255
5,572,e014,0.4135
5,572,e015,0.4874
5,572,e016,0.4584
5,572,e017,0.4598
5,572,e018,0.4389
5,572,e019,0.7558
5,572,e020,0.7208
5,572,e021,0.7477
5,572,e022,0.7818
5,572,e023,0.7718
5,572,e024,0.8483
5,573,e001,0.525
5,573,e002,0.5154
5,573,e003,0.4603
5,573,e004,0.5347
5,573,e005,0.5316
5,573,e006,0.5129
5,573,e007,0.5158
5,573,e008,0.4781
5,573,e009,0.49
5,573,e010,0.4988
5,573,e011,0.5576
5,573,e012,0.5576
5,573,e013,0.4986
5,573,e014,0.4151
5,573,e015,0.4775
5,573,e016,0.4902
5,573,e017,0.5049
5,573,e018,0.5169
5,573,e019,0.7911
5,573,e020,0.8174
5,573,e021,0.8661
5,573,e022,0.7603
5,573,e023,0.8437
5,573,e024,0.8424
5,574,e001,0.4036
5,574,e002,0.4537
5,574,e003,0.4447
5,574,e004,0.4979
5,574,e005,0.3808
5,574,e006,0.4731
5,574,e007,0.4946
5,574,e008,0.4443
5,574,e009,0.4768
5,574,e010,0.4769
5,574,e011,0.4494
5,574,e012,0.4982
5,574,e013,0.494
5,574,e014,0.47
5,574,e015,0.428
5,574,e016,0.4627
5,574,e017,0.5311
5,574,e018,0.485
5,574,e019,0.7814
5,574,e020,0.803
5,574,e021,0.8134
5,574,e022,0.7853
5,574,e023,0.795
5,574,e024,0.8331
5,575,e001,0.4805
5,575,e002,0.4227
5,575,e003,0.4527
5,575,e004,0.4781
5,575,e005,0.449
5,575,e006,0.4888
5,575,e007,0.448
5,575,e008,0.5185
5,575,e009,0.4039
5,575,e010,0.412
5,575,e011,0.4172
5,575,e012,0.4246
5,575,e013,0.5173
5,575,e014,0.4611
5,575,e015,0.5205
5,575,e016,0.4732
5,575,e017,0.3977
5,575,e018,0.4227
5,575,e019,0.7681
5,575,e020,0.7557
5,575,e021,0.7578
5,575,e022,0.8205
5,575,e023,0.8058
5,575,e024,0.8253
5,576,e001,0.5092
5,576,e002,0.4777
5,576,e003,0.3953
5,576,e004,0.4122
5,576,e005,0.4757
5,576,e006,0.4378
5,576,e007,0.4783
5,576,e008,0.4506
5,576,e009,0.49
5,576,e010,0.4601
5,576,e011,0.4709
5,576,e012,0.4174
5,576,e013,0.4769
5,576,e014,0.4826
5,576,e015,0.4766
5,576,e016,0.4351
5,576,e017,0.436
5,576,e018,0.4808
5,576,e019,0.7798
5,576,e020,0.7294
5,576,e021,0.7969
5,576,e022,0.7668
5,576,e023,0.8147
5,576,e024,0.8067
5,577,e001,0.5097
5,577,e002,0.4537
5,577,e003,0.4891
5,577,e004,0.4995
5,577,e005,0.4279
5,577,e006,0.4751
5,577,e007,0.4505
5,577,e008,0.4394
5,577,e009,0.435
5,577,e010,0.4652
5,577,e011,0.456
5,577,e012,0.4772
5,577,e013,0.4917
5,577,e014,0.4498
5,577,e015,0.4349
5,577,e016,0.4555
5,577,e017,0.4934
5,577,e018,0.4341
5,577,e019,0.7868
5,577,e020,0.7804
5,577,e021,0.8078
5,577,e022,0.7886
5,577,e023,0.8277
5,577,e024,0.7723
5,578,e001,0.556
5,578,e002,0.4578
5,578,e003,0.5145
5,578,e004,0.4791
5,578,e005,0.4611
5,578,e006,0.4656
5,578,e007,0.4593
5,578,e008,0.4682
5,578,e009,0.4507
5,578,e010,0.4987
5,578,e011,0.5247
5,578,e012,0.4278
5,578,e013,0.5096
5,578,e014,0.4816
5,578,e015,0.5158
5,578,e016,0.4691
5,578,e017,0.4421
5,578,e018,0.4944
5,578,e019,0.6101
5,578,e020,0.6164
5,578,e021,0.656
5,578,e022,0.6632
5,578,e023,0.579
5,578,e024,0.6295
5,579,e001,0.5077
5,579,e002,0.458
5,579,e003,0.4826
5,579,e004,0.4519
5,579,e005,0.4781
5,579,e006,0.4433
5,579,e007,0.4903
5,579,e008,0.4601
5,579,e009,0.4469
5,579,e010,0.449
5,579,e011,0.4495
5,579,e012,0.4205
5,579,e013,0.4268
5,579,e014,0.5133
5,579,e015,0.4702
5,579,e016,0.4906
5,579,e017,0.4496
5,579,e018,0.4159
5,579,e019,0.5586
5,579,e020,0.6287
5,579,e021,0.545
5,579,e022,0.5654
5,579,e023,0.6055
5,579,e024,0.6511
5,580,e001,0.4752
5,580,e002,0.5066
5,580,e003,0.5103
5,580,e004,0.4815
5,580,e005,0.4589
5,580,e006,0.4868
5,580,e007,0.501
5,580,e008,0.4717
5,580,e009,0.4326
5,580,e010,0.4655
5,580,e011,0.5016
5,580,e012,0.4773
5,580,e013,0.5042
5,580,e014,0.521
5,580,e015,0.4713
5,580,e016,0.5195
5,580,e017,0.5087
5,580,e018,0.4905
5,580,e019,0.6803
5,580,e020,0.655
5,580,e021,0.6903
5,580,e022,0.6685
5,580,e023,0.5806
5,580,e024,0.6623
5,581,e001,0.4892
5,581,e002,0.523
5,581,e003,0.5301
5,581,e004,0.5102
5,581,e005,0.4533
5,581,e006,0.4849
5,581,e007,0.5045
5,581,e008,0.4513
5,581,e009,0.4994
5,581,e010,0.4881
5,581,e011,0.4664
5,581,e012,0.4546
5,581,e013,0.5124
5,581,e014,0.4631
5,581,e015,0.5578
5,581,e016,0.5404
5,581,e017,0.462
5,581,e018,0.4624
5,581,e019,0.6097
5,581,e020,0.6413
5,581,e021,0.5759
5,581,e022,0.5815
5,581,e023,0.6166
5,581,e024,0.6032
5,582,e001,0.467
5,582,e002,0.4674
5,582,e003,0.5
5,582,e004,0.4895
5,582,e005,0.4701
5,582,e006,0.4573
5,582,e007,0.4425
5,582,e008,0.3985
5,582,e009,0.3825
5,582,e010,0.4832
5,582,e011,0.486
5,582,e012,0.4674
5,582,e013,0.4868
5,582,e014,0.4521
5,582,e015,0.4589
5,582,e016,0.4922
5,582,e017,0.4906
5,582,e018,0.4688
5,582,e019,0.5527
5,582,e020,0.5683
5,582,e021,0.5992
5,582,e022,0.6016
5,582,e023,0.5904
5,582,e024,0.5393
5,583,e001,0.4134
5,583,e002,0.4456
5,583,e003,0.4626
5,583,e004,0.4652
5,583,e005,0.4532
5,583,e006,0.5013
5,583,e007,0.4657
5,583,e008,0.4679
5,583,e009,0.4345
5,583,e010,0.4963
5,583,e011,0.4285
5,583,e012,0.464
5,583,e013,0.4858
5,583,e014,0.4961
5,583,e015,0.4582
5,583,e016,0.4628
5,583,e017,0.4192
5,583,e018,0.4562
5,583,e019,0.5228
5,583,e020,0.5427
5,583,e021,0.5725
5,583,e022,0.5414
5,583,e023,0.5438
5,583,e024,0.6102
5,584,e001,0.4954
5,584,e002,0.4924
5,584,e003,0.4545
5,584,e004,0.4643
5,584,e005,0.4463
5,584,e006,0.434
5,584,e007,0.4
5,584,e008,0.4226
5,584,e009,0.5276
5,584,e010,0.527
5,584,e011,0.4942
5,584,e012,0.4382
5,584,e013,0.5077
5,584,e014,0.4916
5,584,e015,0.5167
5,584,e016,0.4437
5,584,e017,0.4215
5,584,e018,0.4105
5,584,e019,0.5731
5,584,e020,0.5873
5,584,e021,0.5923
5,584,e022,0.6039
5,584,e023,0.6046
5,584,e024,0.6455
5,585,e001,0.5386
5,585,e002,0.5626
5,585,e003,0.5751
5,585,e004,0.5665
5,585,e005,0.465
5,585,e006,0.5334
5,585,e007,0.5607
5,585,e008,0.54
5,585,e009,0.4831
5,585,e010,0.4917
5,585,e011,0.5753
5,585,e012,0.6072
5,585,e013,0.584
5,585,e014,0.5731
5,585,e015,0.5608
5,585,e016,0.5407
5,585,e017,0.5233
5,585,e018,0.5224
5,585,e019,0.6545
5,585,e020,0.6647
5,585,e021,0.6945
5,585,e022,0.6778
5,585,e023,0.6992
5,585,e024,0.6712
5,586,e001,0.4995
5,586,e002,0.5061
5,586,e003,0.5173
5,586,e004,0.496
5,586,e005,0.5097
5,586,e006,0.4888
5,586,e007,0.4829
5,586,e008,0.4306
5,586,e009,0.4648
5,586,e010,0.478
5,586,e011,0.4584
5,586,e012,0.5207
5,586,e013,0.5005
5,586,e014,0.4341
5,586,e015,0.5924
5,586,e016,0.4888
5,586,e017,0.5079
5,586,e018,0.563
5,586,e019,0.5833
5,586,e020,0.6265
5,586,e021,0.673
5,586,e022,0.6673
5,586,e023,0.6691
5,586,e024,0.6036
5,587,e001,0.4405
5,587,e002,0.4972
5,587,e003,0.4618
5,587,e004,0.4358
5,587,e005,0.4601
5,587,e006,0.4869
5,587,e007,0.5221
5,587,e008,0.4703
5,587,e009,0.4478
5,587,e010,0.4554
5,587,e011,0.4884
5,587,e012,0.5041
5,587,e013,0.4602
5,587,e014,0.4387
5,587,e015,0.4547
5,587,e016,0.4774
5,587,e017,0.4972
5,587,e018,0.5058
5,587,e019,0.5382
5,587,e020,0.6388
5,587,e021,0.5937
5,587,e022,0.6478
5,587,e023,0.6504
5,587,e024,0.6511
5,588,e001,0.4956
5,588,e002,0.5345
5,588,e003,0.5573
5,588,e004,0.5111
5,588,e005,0.5695
5,588,e006,0.5312
5,588,e007,0.5317
5,588,e008,0.5239
5,588,e009,0.5503
5,588,e010,0.4747
5,588,e011,0.5124
5,588,e012,0.4613
5,588,e013,0.5335
5,588,e014,0.522
5,588,e015,0.5676
5,588,e016,0.5911
5,588,e017,0.4723
5,588,e018,0.4896
5,588,e019,0.6604
5,588,e020,0.6791
5,588,e021,0.5971
5,588,e022,0.6421
5,588,e023,0.6384
5,588,e024,0.6565
5,589,e001,0.3985
5,589,e002,0.5042
5,589,e003,0.4754
5,589,e004,0.4192
5,589,e005,0.4819
5,589,e006,0.4282
5,589,e007,0.4582
5,589,e008,0.5029
5,589,e009,0.46
5,589,e010,0.4807
5,589,e011,0.4518
5,589,e012,0.5027
5,589,e013,0.5004
5,589,e014,0.484
5,589,e015,0.4983
5,589,e016,0.5155
5,589,e017,0.499
5,589,e018,0.4157
5,589,e019,0.575
5,589,e020,0.6166
5,589,e021,0.6063
5,589,e022,0.6393
5,589,e023,0.6304
5,589,e024,0.6108
5,590,e001,0.4361
5,590,e002,0.4995
5,590,e003,0.5337
5,590,e004,0.5348
5,590,e005,0.4461
5,590,e006,0.5285
5,590,e007,0.4868
5,590,e008,0.4857
5,590,e009,0.5176
5,590,e010,0.5166
5,590,e011,0.486
5,590,e012,0.4446
5,590,e013,0.497
5,590,e014,0.511
5,590,e015,0.4746
5,590,e016,0.4378
5,590,e017,0.516
5,590,e018,0.4908
5,590,e019,0.6916
5,590,e020,0.6339
5,590,e021,0.5784
5,590,e022,0.5985
5,590,e023,0.6252
5,590,e024,0.6069
5,591,e001,0.4614
5,591,e002,0.4752
5,591,e003,0.512
5,591,e004,0.4565
5,591,e005,0.4413
5,591,e006,0.4881
5,591,e007,0.4588
5,591,e008,0.419
5,591,e009,0.4444
5,591,e010,0.5283
5,591,e011,0.5076
5,591,e012,0.4586
5,591,e013,0.4757
5,591,e014,0.4671
5,591,e015,0.4845
5,591,e016,0.4385
5,591,e017,0.4798
5,591,e018,0.4826
5,591,e019,0.6377
5,591,e020,0.6328
5,591,e021,0.5717
5,591,e022,0.6434
5,591,e023,0.5788
5,591,e024,0.5643
5,592,e001,0.5025
5,592,e002,0.5581
5,592,e003,0.4756
5,592,e004,0.4875
5,592,e005,0.4804
5,592,e006,0.4793
5,592,e007,0.49
5,592,e008,0.5479
5,592,e009,0.48
5,592,e010,0.5467
5,592,e011,0.4929
5,592,e012,0.5107
5,592,e013,0.5278
5,592,e014,0.5516
5,592,e015,0.5412
5,592,e016,0.5435
5,592,e017,0.4616
5,592,e018,0.4934
5,592,e019,0.6478
5,592,e020,0.6103
5,592,e021,0.6411
5,592,e022,0.5763
5,592,e023,0.6325
5,592,e024,0.6386
5,593,e001,0.4687
5,593,e002,0.4195
5,593,e003,0.4267
5,593,e004,0.4568
5,593,e005,0.4258
5,593,e006,0.5326
5,593,e007,0.4816
5,593,e008,0.4408
5,593,e009,0.5084
5,593,e010,0.5067
5,593,e011,0.4691
5,593,e012,0.5252
5,593,e013,0.516
5,593,e014,0.5155
5,593,e015,0.4471
5,593,e016,0.5072
5,593,e017,0.4717
5,593,e018,0.462
5,593,e019,0.5572
5,593,e020,0.6382
5,593,e021,0.6488
5,593,e022,0.587
5,593,e023,0.6546
5,593,e024,0.5521
5,594,e001,0.4962
5,594,e002,0.4529
5,594,e003,0.4562
5,594,e004,0.4674
5,594,e005,0.5415
5,594,e006,0.5423
5,594,e007,0.4814
5,594,e008,0.4432
5,594,e009,0.4856
5,594,e010,0.4593
5,594,e011,0.5094
5,594,e012,0.4984
5,594,e013,0.5285
5,594,e014,0.4453
5,594,e015,0.5045
5,594,e016,0.5123
5,594,e017,0.4748
5,594,e018,0.4518
5,594,e019,0.6551
5,594,e020,0.6375
5,594,e021,0.5804
5,594,e022,0.6572
5,594,e023,0.6476
5,594,e024,0.6476
5,595,e001,0.4577
5,595,e002,0.5007
5,595,e003,0.5133
5,595,e004,0.539
5,595,e005,0.5141
5,595,e006,0.4881
5,595,e007,0.5341
5,595,e008,0.594
5,595,e009,0.5359
5,595,e010,0.5127
5,595,e011,0.4976
5,595,e012,0.4593
5,595,e013,0.5371
5,595,e014,0.5155
5,595,e015,0.4788
5,595,e016,0.4919
5,595,e017,0.512
5,595,e018,0.494
5,595,e019,0.6546
5,595,e020,0.6452
5,595,e021,0.6214
5,595,e022,0.6009
5,595,e023,0.6632
5,595,e024,0.6396
5,596,e001,0.4071
5,596,e002,0.5404
5,596,e003,0.5303
5,596,e004,0.5129
5,596,e005,0.4838
5,596,e006,0.4975
5,596,e007,0.4071
5,596,e008,0.4452
5,596,e009,0.4684
5,596,e010,0.4263
5,596,e011,0.4939
5,596,e012,0.4766
5,596,e013,0.4587
5,596,e014,0.4067
5,596,e015,0.449
5,596,e016,0.4565
5,596,e017,0.4999
5,596,e018,0.4435
5,596,e019,0.5882
5,596,e020,0.6321
5,596,e021,0.642
5,596,e022,0.5875
5,596,e023,0.6194
5,596,e024,0.574
5,597,e001,0.4976
5,597,e002,0.4526
5,597,e003,0.4134
5,597,e004,0.5054
5,597,e005,0.5001
5,597,e006,0.4587
5,597,e007,0.4937
5,597,e008,0.4909
5,597,e009,0.4259
5,597,e010,0.4052
5,597,e011,0.4274
5,597,e012,0.4591
5,597,e013,0.455
5,597,e014,0.5217
5,597,e015,0.4727
5,597,e016,0.5061
5,597,e017,0.467
5,597,e018,0.5026
5,597,e019,0.6283
5,597,e020,0.5644
5,597,e021,0.561
5,597,e022,0.6343
5,597,e023,0.5579
5,597,e024,0.6035
5,598,e001,0.4628
5,598,e002,0.5226
5,598,e003,0.456
5,598,e004,0.5402
5,598,e005,0.5408
5,598,e006,0.4985
5,598,e007,0.4623
5,598,e008,0.4361
5,598,e009,0.4296
5,598,e010,0.4426
5,598,e011,0.531
5,598,e012,0.4354
5,598,e013,0.453
5,598,e014,0.4887
5,598,e015,0.5395
5,598,e016,0.5307
5,598,e017,0.4256
5,598,e018,0.4555
5,598,e019,0.6444
5,598,e020,0.6563
5,598,e021,0.6065
5,598,e022,0.6093
5,598,e023,0.6531
5,598,e024,0.6202
5,599,e001,0.3927
5,599,e002,0.4769
5,599,e003,0.4598
5,599,e004,0.455
5,599,e005,0.4842
5,599,e006,0.4789
5,599,e007,0.4563
5,599,e008,0.4236
5,599,e009,0.472
5,599,e010,0.4694
5,599,e011,0.4422
5,599,e012,0.4353
5,599,e013,0.4757
5,599,e014,0.4175
5,599,e015,0.4858
5,599,e016,0.4813
5,599,e017,0.4135
5,599,e018,0.5013
5,599,e019,0.5521
5,599,e020,0.558
5,599,e021,0.5983
5,599,e022,0.5485
5,599,e023,0.5447
5,599,e024,0.6194
