seed,time_s,link_id,utilization
1,0,e001,0.5869
1,0,e002,0.5954
1,0,e003,0.5212
1,0,e004,0.5333
1,0,e005,0.4901
1,0,e006,0.5297
1,0,e007,0.4285
1,0,e008,0.4029
1,0,e009,0.3855
1,0,e010,0.3833
1,0,e011,0.4044
1,0,e012,0.4143
1,0,e013,0.4268
1,0,e014,0.3878
1,0,e015,0.4521
1,0,e016,0.3518
1,0,e017,0.4652
1,0,e018,0.4586
1,0,e019,0.385
1,0,e020,0.3648
1,0,e021,0.4319
1,0,e022,0.3688
1,0,e023,0.4093
1,0,e024,0.4246
1,1,e001,0.5678
1,1,e002,0.5248
1,1,e003,0.527
1,1,e004,0.5939
1,1,e005,0.5636
1,1,e006,0.5229
1,1,e007,0.4145
1,1,e008,0.4512
1,1,e009,0.3897
1,1,e010,0.4204
1,1,e011,0.3981
1,1,e012,0.442
1,1,e013,0.4274
1,1,e014,0.4268
1,1,e015,0.4457
1,1,e016,0.4423
1,1,e017,0.4171
1,1,e018,0.4611
1,1,e019,0.4376
1,1,e020,0.4089
1,1,e021,0.4469
1,1,e022,0.4029
1,1,e023,0.4068
1,1,e024,0.3732
1,2,e001,0.5638
1,2,e002,0.5423
1,2,e003,0.5595
1,2,e004,0.5262
1,2,e005,0.4832
1,2,e006,0.5089
1,2,e007,0.3657
1,2,e008,0.4453
1,2,e009,0.3693
1,2,e010,0.4054
1,2,e011,0.4118
1,2,e012,0.4173
1,2,e013,0.402
1,2,e014,0.378
1,2,e015,0.3854
1,2,e016,0.3801
1,2,e017,0.4219
1,2,e018,0.4379
1,2,e019,0.4195
1,2,e020,0.4338
1,2,e021,0.3894
1,2,e022,0.4269
1,2,e023,0.3687
1,2,e024,0.4284
1,3,e001,0.5406
1,3,e002,0.5928
1,3,e003,0.4975
1,3,e004,0.5283
1,3,e005,0.4967
1,3,e006,0.4893
1,3,e007,0.3607
1,3,e008,0.4298
1,3,e009,0.3965
1,3,e010,0.4038
1,3,e011,0.4035
1,3,e012,0.4207
1,3,e013,0.4169
1,3,e014,0.3915
1,3,e015,0.3304
1,3,e016,0.4423
1,3,e017,0.4382
1,3,e018,0.3821
1,3,e019,0.3415
1,3,e020,0.4544
1,3,e021,0.4216
1,3,e022,0.4357
1,3,e023,0.3926
1,3,e024,0.3748
1,4,e001,0.5587
1,4,e002,0.5493
1,4,e003,0.5574
1,4,e004,0.5983
1,4,e005,0.5676
1,4,e006,0.529
1,4,e007,0.3865
1,4,e008,0.4621
1,4,e009,0.4653
1,4,e010,0.4379
1,4,e011,0.3971
1,4,e012,0.4309
1,4,e013,0.4706
1,4,e014,0.427
1,4,e015,0.4473
1,4,e016,0.3838
1,4,e017,0.3789
1,4,e018,0.4169
1,4,e019,0.4815
1,4,e020,0.454
1,4,e021,0.4712
1,4,e022,0.3615
1,4,e023,0.4059
1,4,e024,0.4418
1,5,e001,0.4951
1,5,e002,0.5554
1,5,e003,0.5603
1,5,e004,0.5381
1,5,e005,0.5051
1,5,e006,0.4811
1,5,e007,0.3749
1,5,e008,0.4078
1,5,e009,0.3886
1,5,e010,0.4522
1,5,e011,0.3542
1,5,e012,0.4152
1,5,e013,0.3727
1,5,e014,0.3805
1,5,e015,0.3735
1,5,e016,0.4691
1,5,e017,0.3607
1,5,e018,0.3689
1,5,e019,0.4314
1,5,e020,0.4343
1,5,e021,0.4591
1,5,e022,0.4362
1,5,e023,0.3526
1,5,e024,0.4534
1,6,e001,0.5162
1,6,e002,0.4877
1,6,e003,0.4951
1,6,e004,0.5616
1,6,e005,0.5127
1,6,e006,0.5887
1,6,e007,0.4223
1,6,e008,0.3833
1,6,e009,0.4112
1,6,e010,0.4033
1,6,e011,0.4356
1,6,e012,0.3435
1,6,e013,0.3685
1,6,e014,0.447
1,6,e015,0.4066
1,6,e016,0.4035
1,6,e017,0.3502
1,6,e018,0.3606
1,6,e019,0.4269
1,6,e020,0.3915
1,6,e021,0.424
1,6,e022,0.4097
1,6,e023,0.3664
1,6,e024,0.3928
1,7,e001,0.4895
1,7,e002,0.4882
1,7,e003,0.5346
1,7,e004,0.5461
1,7,e005,0.4758
1,7,e006,0.5022
1,7,e007,0.3987
1,7,e008,0.3405
1,7,e009,0.3413
1,7,e010,0.4136
1,7,e011,0.4003
1,7,e012,0.3569
1,7,e013,0.3876
1,7,e014,0.402
1,7,e015,0.3659
1,7,e016,0.3984
1,7,e017,0.4123
1,7,e018,0.3867
1,7,e019,0.426
1,7,e020,0.4117
1,7,e021,0.3732
1,7,e022,0.3851
1,7,e023,0.3202
1,7,e024,0.3862
1,8,e001,0.5542
1,8,e002,0.6178
1,8,e003,0.5483
1,8,e004,0.5941
1,8,e005,0.593
1,8,e006,0.6071
1,8,e007,0.4188
1,8,e008,0.4648
1,8,e009,0.5007
1,8,e010,0.4619
1,8,e011,0.389
1,8,e012,0.5055
1,8,e013,0.4767
1,8,e014,0.4788
1,8,e015,0.4257
1,8,e016,0.4275
1,8,e017,0.4218
1,8,e018,0.4574
1,8,e019,0.4172
1,8,e020,0.4329
1,8,e021,0.4655
1,8,e022,0.4742
1,8,e023,0.4079
1,8,e024,0.3985
1,9,e001,0.5131
1,9,e002,0.5638
1,9,e003,0.6245
1,9,e004,0.5516
1,9,e005,0.6016
1,9,e006,0.6054
1,9,e007,0.4363
1,9,e008,0.4796
1,9,e009,0.3909
1,9,e010,0.4288
1,9,e011,0.4835
1,9,e012,0.4844
1,9,e013,0.4868
1,9,e014,0.4525
1,9,e015,0.4139
1,9,e016,0.4638
1,9,e017,0.4835
1,9,e018,0.3961
1,9,e019,0.436
1,9,e020,0.4308
1,9,e021,0.3973
1,9,e022,0.4609
1,9,e023,0.418
1,9,e024,0.4779
1,10,e001,0.5453
1,10,e002,0.571
1,10,e003,0.5953
1,10,e004,0.5888
1,10,e005,0.542
1,10,e006,0.4903
1,10,e007,0.4072
1,10,e008,0.4828
1,10,e009,0.3681
1,10,e010,0.4249
1,10,e011,0.4176
1,10,e012,0.4333
1,10,e013,0.4397
1,10,e014,0.4047
1,10,e015,0.4603
1,10,e016,0.4217
1,10,e017,0.4031
1,10,e018,0.434
1,10,e019,0.4673
1,10,e020,0.4247
1,10,e021,0.4096
1,10,e022,0.4402
1,10,e023,0.4663
1,10,e024,0.4673
1,11,e001,0.5953
1,11,e002,0.6053
1,11,e003,0.5945
1,11,e004,0.5234
1,11,e005,0.6049
1,11,e006,0.5401
1,11,e007,0.4173
1,11,e008,0.404
1,11,e009,0.3914
1,11,e010,0.4072
1,11,e011,0.4063
1,11,e012,0.4363
1,11,e013,0.4269
1,11,e014,0.4507
1,11,e015,0.4208
1,11,e016,0.4333
1,11,e017,0.4245
1,11,e018,0.4364
1,11,e019,0.4273
1,11,e020,0.4324
1,11,e021,0.4774
1,11,e022,0.4563
1,11,e023,0.4665
1,11,e024,0.4229
1,12,e001,0.5513
1,12,e002,0.6007
1,12,e003,0.5337
1,12,e004,0.5423
1,12,e005,0.524
1,12,e006,0.5614
1,12,e007,0.3914
1,12,e008,0.4294
1,12,e009,0.417
1,12,e010,0.4426
1,12,e011,0.4677
1,12,e012,0.4971
1,12,e013,0.4213
1,12,e014,0.3783
1,12,e015,0.44
1,12,e016,0.355
1,12,e017,0.465
1,12,e018,0.4066
1,12,e019,0.4434
1,12,e020,0.4093
1,12,e021,0.4185
1,12,e022,0.4409
1,12,e023,0.4384
1,12,e024,0.3823
1,13,e001,0.5801
1,13,e002,0.5524
1,13,e003,0.5385
1,13,e004,0.5708
1,13,e005,0.6036
1,13,e006,0.5457
1,13,e007,0.3786
1,13,e008,0.4325
1,13,e009,0.4552
1,13,e010,0.4012
1,13,e011,0.4444
1,13,e012,0.3887
1,13,e013,0.4346
1,13,e014,0.4232
1,13,e015,0.4111
1,13,e016,0.4532
1,13,e017,0.3955
1,13,e018,0.4601
1,13,e019,0.4599
1,13,e020,0.4348
1,13,e021,0.4655
1,13,e022,0.4633
1,13,e023,0.3985
1,13,e024,0.46
1,14,e001,0.5612
1,14,e002,0.6233
1,14,e003,0.5666
1,14,e004,0.5665
1,14,e005,0.5236
1,14,e006,0.6415
1,14,e007,0.4466
1,14,e008,0.4124
1,14,e009,0.3843
1,14,e010,0.4255
1,14,e011,0.4703
1,14,e012,0.4443
1,14,e013,0.4345
1,14,e014,0.4041
1,14,e015,0.5179
1,14,e016,0.4718
1,14,e017,0.4908
1,14,e018,0.4736
1,14,e019,0.4121
1,14,e020,0.4834
1,14,e021,0.4449
1,14,e022,0.4962
1,14,e023,0.421
1,14,e024,0.4302
1,15,e001,0.6146
1,15,e002,0.5659
1,15,e003,0.6189
1,15,e004,0.5818
1,15,e005,0.563
1,15,e006,0.6456
1,15,e007,0.4941
1,15,e008,0.4682
1,15,e009,0.4284
1,15,e010,0.451
1,15,e011,0.4544
1,15,e012,0.4318
1,15,e013,0.52
1,15,e014,0.416
1,15,e015,0.5038
1,15,e016,0.509
1,15,e017,0.4904
1,15,e018,0.4143
1,15,e019,0.4297
1,15,e020,0.4918
1,15,e021,0.4803
1,15,e022,0.4581
1,15,e023,0.4941
1,15,e024,0.4548
1,16,e001,0.4934
1,16,e002,0.497
1,16,e003,0.5862
1,16,e004,0.5925
1,16,e005,0.4792
1,16,e006,0.5991
1,16,e007,0.3815
1,16,e008,0.4118
1,16,e009,0.4276
1,16,e010,0.43
1,16,e011,0.395
1,16,e012,0.414
1,16,e013,0.4519
1,16,e014,0.3989
1,16,e015,0.341
1,16,e016,0.3961
1,16,e017,0.3544
1,16,e018,0.4433
1,16,e019,0.4259
1,16,e020,0.4288
1,16,e021,0.3544
1,16,e022,0.4284
1,16,e023,0.4244
1,16,e024,0.4415
1,17,e001,0.5307
1,17,e002,0.536
1,17,e003,0.5261
1,17,e004,0.5398
1,17,e005,0.5923
1,17,e006,0.6062
1,17,e007,0.4708
1,17,e008,0.398
1,17,e009,0.39
1,17,e010,0.4171
1,17,e011,0.4347
1,17,e012,0.4238
1,17,e013,0.415
1,17,e014,0.4219
1,17,e015,0.4291
1,17,e016,0.4618
1,17,e017,0.3869
1,17,e018,0.4293
1,17,e019,0.4962
1,17,e020,0.4388
1,17,e021,0.4141
1,17,e022,0.4262
1,17,e023,0.3939
1,17,e024,0.5001
1,18,e001,0.5791
1,18,e002,0.5409
1,18,e003,0.5527
1,18,e004,0.5898
1,18,e005,0.5841
1,18,e006,0.5137
1,18,e007,0.4612
1,18,e008,0.4792
1,18,e009,0.436
1,18,e010,0.4141
1,18,e011,0.4416
1,18,e012,0.3955
1,18,e013,0.4266
1,18,e014,0.4013
1,18,e015,0.4125
1,18,e016,0.3889
1,18,e017,0.4265
1,18,e018,0.3984
1,18,e019,0.3975
1,18,e020,0.4966
1,18,e021,0.4107
1,18,e022,0.4712
1,18,e023,0.4014
1,18,e024,0.4237
1,19,e001,0.5935
1,19,e002,0.5713
1,19,e003,0.5397
1,19,e004,0.6301
1,19,e005,0.5645
1,19,e006,0.603
1,19,e007,0.4728
1,19,e008,0.4272
1,19,e009,0.4656
1,19,e010,0.4352
1,19,e011,0.4555
1,19,e012,0.4896
1,19,e013,0.5076
1,19,e014,0.4629
1,19,e015,0.3958
1,19,e016,0.5056
1,19,e017,0.4652
1,19,e018,0.4629
1,19,e019,0.4085
1,19,e020,0.4566
1,19,e021,0.4168
1,19,e022,0.4449
1,19,e023,0.4629
1,19,e024,0.4539
1,20,e001,0.7804
1,20,e002,0.7449
1,20,e003,0.7494
1,20,e004,0.8222
1,20,e005,0.7918
1,20,e006,0.7627
1,20,e007,0.4681
1,20,e008,0.4543
1,20,e009,0.4493
1,20,e010,0.4981
1,20,e011,0.4697
1,20,e012,0.4137
1,20,e013,0.416
1,20,e014,0.4547
1,20,e015,0.4743
1,20,e016,0.4373
1,20,e017,0.4077
1,20,e018,0.4805
1,20,e019,0.413
1,20,e020,0.4096
1,20,e021,0.493
1,20,e022,0.4899
1,20,e023,0.3855
1,20,e024,0.4169
1,21,e001,0.7836
1,21,e002,0.8027
1,21,e003,0.7706
1,21,e004,0.7946
1,21,e005,0.7694
1,21,e006,0.8254
1,21,e007,0.4767
1,21,e008,0.5157
1,21,e009,0.4618
1,21,e010,0.4478
1,21,e011,0.4154
1,21,e012,0.4786
1,21,e013,0.4623
1,21,e014,0.4192
1,21,e015,0.4163
1,21,e016,0.4728
1,21,e017,0.4048
1,21,e018,0.4362
1,21,e019,0.4807
1,21,e020,0.4428
1,21,e021,0.4913
1,21,e022,0.4358
1,21,e023,0.448
1,21,e024,0.4512
1,22,e001,0.8823
1,22,e002,0.8227
1,22,e003,0.8105
1,22,e004,0.7652
1,22,e005,0.826
1,22,e006,0.834
1,22,e007,0.5238
1,22,e008,0.4822
1,22,e009,0.4424
1,22,e010,0.522
1,22,e011,0.492
1,22,e012,0.5249
1,22,e013,0.5367
1,22,e014,0.5073
1,22,e015,0.5403
1,22,e016,0.5375
1,22,e017,0.4635
1,22,e018,0.4831
1,22,e019,0.4701
1,22,e020,0.533
1,22,e021,0.4737
1,22,e022,0.5131
1,22,e023,0.4894
1,22,e024,0.5171
1,23,e001,0.7728
1,23,e002,0.8027
1,23,e003,0.8194
1,23,e004,0.7893
1,23,e005,0.7999
1,23,e006,0.7693
1,23,e007,0.422
1,23,e008,0.4352
1,23,e009,0.4215
1,23,e010,0.4591
1,23,e011,0.406
1,23,e012,0.466
1,23,e013,0.4915
1,23,e014,0.4544
1,23,e015,0.3995
1,23,e016,0.4715
1,23,e017,0.4737
1,23,e018,0.4071
1,23,e019,0.4465
1,23,e020,0.4925
1,23,e021,0.4743
1,23,e022,0.4198
1,23,e023,0.4567
1,23,e024,0.4606
1,24,e001,0.7354
1,24,e002,0.7914
1,24,e003,0.7888
1,24,e004,0.8322
1,24,e005,0.7115
1,24,e006,0.7863
1,24,e007,0.5023
1,24,e008,0.3967
1,24,e009,0.4891
1,24,e010,0.4736
1,24,e011,0.4379
1,24,e012,0.3722
1,24,e013,0.45
1,24,e014,0.4031
1,24,e015,0.4771
1,24,e016,0.4143
1,24,e017,0.4651
1,24,e018,0.4248
1,24,e019,0.4143
1,24,e020,0.5013
1,24,e021,0.4714
1,24,e022,0.4602
1,24,e023,0.4574
1,24,e024,0.3867
1,25,e001,0.7927
1,25,e002,0.8353
1,25,e003,0.7936
1,25,e004,0.8217
1,25,e005,0.8159
1,25,e006,0.7956
1,25,e007,0.4395
1,25,e008,0.5121
1,25,e009,0.4617
1,25,e010,0.4925
1,25,e011,0.4918
1,25,e012,0.5097
1,25,e013,0.4398
1,25,e014,0.4816
1,25,e015,0.5263
1,25,e016,0.4164
1,25,e017,0.4635
1,25,e018,0.4435
1,25,e019,0.4182
1,25,e020,0.4188
1,25,e021,0.4706
1,25,e022,0.4579
1,25,e023,0.4475
1,25,e024,0.465
1,26,e001,0.8156
1,26,e002,0.8282
1,26,e003,0.8086
1,26,e004,0.8634
1,26,e005,0.8086
1,26,e006,0.7772
1,26,e007,0.5017
1,26,e008,0.513
1,26,e009,0.4493
1,26,e010,0.5348
1,26,e011,0.4651
1,26,e012,0.4212
1,26,e013,0.4569
1,26,e014,0.4648
1,26,e015,0.5071
1,26,e016,0.5067
1,26,e017,0.4647
1,26,e018,0.4883
1,26,e019,0.4149
1,26,e020,0.5155
1,26,e021,0.5126
1,26,e022,0.4218
1,26,e023,0.4617
1,26,e024,0.4612
1,27,e001,0.8248
1,27,e002,0.8625
1,27,e003,0.8829
1,27,e004,0.8124
1,27,e005,0.7952
1,27,e006,0.8424
1,27,e007,0.5334
1,27,e008,0.4949
1,27,e009,0.5213
1,27,e010,0.5223
1,27,e011,0.471
1,27,e012,0.534
1,27,e013,0.4419
1,27,e014,0.4694
1,27,e015,0.457
1,27,e016,0.5642
1,27,e017,0.5129
1,27,e018,0.506
1,27,e019,0.5229
1,27,e020,0.4463
1,27,e021,0.4991
1,27,e022,0.4333
1,27,e023,0.4899
1,27,e024,0.4652
1,28,e001,0.7778
1,28,e002,0.7901
1,28,e003,0.8724
1,28,e004,0.8178
1,28,e005,0.8449
1,28,e006,0.8445
1,28,e007,0.4894
1,28,e008,0.4841
1,28,e009,0.4713
1,28,e010,0.5051
1,28,e011,0.5223
1,28,e012,0.4575
1,28,e013,0.5426
1,28,e014,0.5004
1,28,e015,0.5262
1,28,e016,0.5267
1,28,e017,0.5041
1,28,e018,0.4316
1,28,e019,0.4556
1,28,e020,0.4842
1,28,e021,0.4706
1,28,e022,0.5256
1,28,e023,0.5167
1,28,e024,0.4437
1,29,e001,0.834
1,29,e002,0.8685
1,29,e003,0.8216
1,29,e004,0.8047
1,29,e005,0.8457
1,29,e006,0.7934
1,29,e007,0.5355
1,29,e008,0.4648
1,29,e009,0.457
1,29,e010,0.4755
1,29,e011,0.4637
1,29,e012,0.4528
1,29,e013,0.4809
1,29,e014,0.5305
1,29,e015,0.5325
1,29,e016,0.4778
1,29,e017,0.51
1,29,e018,0.5005
1,29,e019,0.5411
1,29,e020,0.5046
1,29,e021,0.4501
1,29,e022,0.505
1,29,e023,0.5287
1,29,e024,0.4903
1,30,e001,0.7901
1,30,e002,0.8502
1,30,e003,0.8141
1,30,e004,0.8437
1,30,e005,0.8264
1,30,e006,0.8586
1,30,e007,0.4567
1,30,e008,0.4948
1,30,e009,0.5094
1,30,e010,0.4913
1,30,e011,0.4327
1,30,e012,0.4447
1,30,e013,0.4165
1,30,e014,0.5088
1,30,e015,0.4309
1,30,e016,0.4448
1,30,e017,0.5215
1,30,e018,0.4283
1,30,e019,0.42
1,30,e020,0.4821
1,30,e021,0.5198
1,30,e022,0.455
1,30,e023,0.4714
1,30,e024,0.4957
1,31,e001,0.851
1,31,e002,0.8477
1,31,e003,0.8551
1,31,e004,0.8792
1,31,e005,0.8538
1,31,e006,0.884
1,31,e007,0.5442
1,31,e008,0.485
1,31,e009,0.5489
1,31,e010,0.4645
1,31,e011,0.4821
1,31,e012,0.4876
1,31,e013,0.5198
1,31,e014,0.5086
1,31,e015,0.5372
1,31,e016,0.5168
1,31,e017,0.4735
1,31,e018,0.4656
1,31,e019,0.5275
1,31,e020,0.4855
1,31,e021,0.5145
1,31,e022,0.5602
1,31,e023,0.515
1,31,e024,0.4772
1,32,e001,0.8105
1,32,e002,0.8205
1,32,e003,0.8489
1,32,e004,0.7423
1,32,e005,0.7705
1,32,e006,0.7684
1,32,e007,0.4458
1,32,e008,0.3876
1,32,e009,0.4279
1,32,e010,0.4859
1,32,e011,0.4938
1,32,e012,0.4839
1,32,e013,0.4228
1,32,e014,0.4044
1,32,e015,0.4812
1,32,e016,0.4089
1,32,e017,0.4445
1,32,e018,0.4361
1,32,e019,0.44
1,32,e020,0.4434
1,32,e021,0.4142
1,32,e022,0.4129
1,32,e023,0.5
1,32,e024,0.4726
1,33,e001,0.8537
1,33,e002,0.7903
1,33,e003,0.811
1,33,e004,0.7904
1,33,e005,0.8437
1,33,e006,0.8561
1,33,e007,0.4495
1,33,e008,0.5046
1,33,e009,0.4835
1,33,e010,0.4497
1,33,e011,0.4409
1,33,e012,0.5176
1,33,e013,0.4727
1,33,e014,0.4727
1,33,e015,0.4817
1,33,e016,0.5634
1,33,e017,0.448
1,33,e018,0.5199
1,33,e019,0.4619
1,33,e020,0.4898
1,33,e021,0.4688
1,33,e022,0.4505
1,33,e023,0.442
1,33,e024,0.4588
1,34,e001,0.8191
1,34,e002,0.8196
1,34,e003,0.7862
1,34,e004,0.813
1,34,e005,0.8002
1,34,e006,0.8091
1,34,e007,0.4432
1,34,e008,0.5165
1,34,e009,0.4991
1,34,e010,0.4495
1,34,e011,0.5367
1,34,e012,0.4569
1,34,e013,0.4893
1,34,e014,0.5115
1,34,e015,0.5135
1,34,e016,0.4721
1,34,e017,0.5075
1,34,e018,0.5625
1,34,e019,0.4961
1,34,e020,0.463
1,34,e021,0.4509
1,34,e022,0.4644
1,34,e023,0.5094
1,34,e024,0.4491
1,35,e001,0.803
1,35,e002,0.7728
1,35,e003,0.7501
1,35,e004,0.7891
1,35,e005,0.7762
1,35,e006,0.8012
1,35,e007,0.473
1,35,e008,0.4181
1,35,e009,0.429
1,35,e010,0.3818
1,35,e011,0.4347
1,35,e012,0.437
1,35,e013,0.4491
1,35,e014,0.4678
1,35,e015,0.4595
1,35,e016,0.4155
1,35,e017,0.4438
1,35,e018,0.4059
1,35,e019,0.4334
1,35,e020,0.4408
1,35,e021,0.4259
1,35,e022,0.394
1,35,e023,0.4571
1,35,e024,0.5061
1,36,e001,0.7468
1,36,e002,0.7643
1,36,e003,0.7914
1,36,e004,0.8254
1,36,e005,0.8374
1,36,e006,0.7889
1,36,e007,0.4704
1,36,e008,0.4656
1,36,e009,0.4349
1,36,e010,0.4388
1,36,e011,0.4741
1,36,e012,0.4286
1,36,e013,0.5171
1,36,e014,0.4826
1,36,e015,0.4763
1,36,e016,0.4458
1,36,e017,0.4458
1,36,e018,0.5389
1,36,e019,0.505
1,36,e020,0.4608
1,36,e021,0.4782
1,36,e022,0.4866
1,36,e023,0.4153
1,36,e024,0.4073
1,37,e001,0.7467
1,37,e002,0.7776
1,37,e003,0.8274
1,37,e004,0.7758
1,37,e005,0.7449
1,37,e006,0.7381
1,37,e007,0.4623
1,37,e008,0.4903
1,37,e009,0.5157
1,37,e010,0.4393
1,37,e011,0.4551
1,37,e012,0.4453
1,37,e013,0.5037
1,37,e014,0.5072
1,37,e015,0.5435
1,37,e016,0.4509
1,37,e017,0.429
1,37,e018,0.4327
1,37,e019,0.442
1,37,e020,0.4191
1,37,e021,0.4732
1,37,e022,0.4597
1,37,e023,0.4755
1,37,e024,0.4542
1,38,e001,0.5929
1,38,e002,0.6546
1,38,e003,0.6546
1,38,e004,0.6341
1,38,e005,0.5919
1,38,e006,0.6012
1,38,e007,0.488
1,38,e008,0.4963
1,38,e009,0.4749
1,38,e010,0.5228
1,38,e011,0.4609
1,38,e012,0.468
1,38,e013,0.4361
1,38,e014,0.514
1,38,e015,0.4795
1,38,e016,0.4265
1,38,e017,0.4833
1,38,e018,0.5195
1,38,e019,0.4905
1,38,e020,0.4589
1,38,e021,0.4315
1,38,e022,0.4841
1,38,e023,0.5041
1,38,e024,0.4674
1,39,e001,0.5591
1,39,e002,0.6698
1,39,e003,0.6092
1,39,e004,0.6465
1,39,e005,0.5773
1,39,e006,0.6026
1,39,e007,0.4689
1,39,e008,0.4981
1,39,e009,0.4306
1,39,e010,0.502
1,39,e011,0.4876
1,39,e012,0.4977
1,39,e013,0.4622
1,39,e014,0.4138
1,39,e015,0.5008
1,39,e016,0.5165
1,39,e017,0.4288
1,39,e018,0.5018
1,39,e019,0.5065
1,39,e020,0.4566
1,39,e021,0.5051
1,39,e022,0.4814
1,39,e023,0.5345
1,39,e024,0.4168
1,40,e001,0.6474
1,40,e002,0.6537
1,40,e003,0.6102
1,40,e004,0.6428
1,40,e005,0.5924
1,40,e006,0.6212
1,40,e007,0.4805
1,40,e008,0.487
1,40,e009,0.5193
1,40,e010,0.4577
1,40,e011,0.4377
1,40,e012,0.4738
1,40,e013,0.4643
1,40,e014,0.4741
1,40,e015,0.4833
1,40,e016,0.5305
1,40,e017,0.5017
1,40,e018,0.4658
1,40,e019,0.5321
1,40,e020,0.5247
1,40,e021,0.4344
1,40,e022,0.5004
1,40,e023,0.4739
1,40,e024,0.4855
1,41,e001,0.6285
1,41,e002,0.639
1,41,e003,0.5482
1,41,e004,0.615
1,41,e005,0.6572
1,41,e006,0.6558
1,41,e007,0.4861
1,41,e008,0.517
1,41,e009,0.4326
1,41,e010,0.4639
1,41,e011,0.4728
1,41,e012,0.4802
1,41,e013,0.4405
1,41,e014,0.4952
1,41,e015,0.4596
1,41,e016,0.4808
1,41,e017,0.5221
1,41,e018,0.4907
1,41,e019,0.4444
1,41,e020,0.4458
1,41,e021,0.4682
1,41,e022,0.4945
1,41,e023,0.4568
1,41,e024,0.469
1,42,e001,0.5893
1,42,e002,0.6748
1,42,e003,0.655
1,42,e004,0.6468
1,42,e005,0.6917
1,42,e006,0.662
1,42,e007,0.5371
1,42,e008,0.4969
1,42,e009,0.4587
1,42,e010,0.4719
1,42,e011,0.4957
1,42,e012,0.5512
1,42,e013,0.4536
1,42,e014,0.5249
1,42,e015,0.4741
1,42,e016,0.4733
1,42,e017,0.455
1,42,e018,0.5275
1,42,e019,0.4735
1,42,e020,0.5186
1,42,e021,0.5118
1,42,e022,0.5388
1,42,e023,0.5398
1,42,e024,0.4968
1,43,e001,0.6598
1,43,e002,0.6606
1,43,e003,0.6466
1,43,e004,0.6086
1,43,e005,0.6168
1,43,e006,0.6858
1,43,e007,0.4896
1,43,e008,0.5003
1,43,e009,0.4518
1,43,e010,0.4722
1,43,e011,0.5057
1,43,e012,0.5451
1,43,e013,0.4558
1,43,e014,0.5546
1,43,e015,0.4795
1,43,e016,0.5134
1,43,e017,0.5366
1,43,e018,0.5475
1,43,e019,0.4671
1,43,e020,0.5214
1,43,e021,0.5032
1,43,e022,0.5538
1,43,e023,0.5338
1,43,e024,0.5265
1,44,e001,0.5515
1,44,e002,0.58
1,44,e003,0.5497
1,44,e004,0.6284
1,44,e005,0.5541
1,44,e006,0.6302
1,44,e007,0.491
1,44,e008,0.4749
1,44,e009,0.5167
1,44,e010,0.4427
1,44,e011,0.4846
1,44,e012,0.4548
1,44,e013,0.3929
1,44,e014,0.4077
1,44,e015,0.4344
1,44,e016,0.4747
1,44,e017,0.4457
1,44,e018,0.4517
1,44,e019,0.471
1,44,e020,0.4059
1,44,e021,0.4587
1,44,e022,0.433
1,44,e023,0.4595
1,44,e024,0.4383
1,45,e001,0.6176
1,45,e002,0.5918
1,45,e003,0.6512
1,45,e004,0.6685
1,45,e005,0.6067
1,45,e006,0.6177
1,45,e007,0.5403
1,45,e008,0.471
1,45,e009,0.5175
1,45,e010,0.5207
1,45,e011,0.4683
1,45,e012,0.4551
1,45,e013,0.511
1,45,e014,0.5041
1,45,e015,0.4525
1,45,e016,0.5612
1,45,e017,0.5325
1,45,e018,0.5374
1,45,e019,0.4426
1,45,e020,0.5455
1,45,e021,0.5512
1,45,e022,0.4697
1,45,e023,0.5158
1,45,e024,0.4458
1,46,e001,0.6263
1,46,e002,0.5948
1,46,e003,0.6167
1,46,e004,0.637
1,46,e005,0.5716
1,46,e006,0.566
1,46,e007,0.4728
1,46,e008,0.4835
1,46,e009,0.4542
1,46,e010,0.4378
1,46,e011,0.4903
1,46,e012,0.4974
1,46,e013,0.5057
1,46,e014,0.5189
1,46,e015,0.4637
1,46,e016,0.435
1,46,e017,0.4959
1,46,e018,0.4203
1,46,e019,0.446
1,46,e020,0.4017
1,46,e021,0.4215
1,46,e022,0.5302
1,46,e023,0.4868
1,46,e024,0.5068
1,47,e001,0.604
1,47,e002,0.642
1,47,e003,0.6402
1,47,e004,0.5959
1,47,e005,0.6342
1,47,e006,0.5936
1,47,e007,0.4861
1,47,e008,0.4411
1,47,e009,0.4913
1,47,e010,0.466
1,47,e011,0.52
1,47,e012,0.4546
1,47,e013,0.4486
1,47,e014,0.4734
1,47,e015,0.4451
1,47,e016,0.4738
1,47,e017,0.4898
1,47,e018,0.4731
1,47,e019,0.4629
1,47,e020,0.5623
1,47,e021,0.5197
1,47,e022,0.4727
1,47,e023,0.5177
1,47,e024,0.4501
1,48,e001,0.6351
1,48,e002,0.6691
1,48,e003,0.5922
1,48,e004,0.6454
1,48,e005,0.5904
1,48,e006,0.6025
1,48,e007,0.4442
1,48,e008,0.4562
1,48,e009,0.4525
1,48,e010,0.484
1,48,e011,0.5076
1,48,e012,0.4971
1,48,e013,0.4895
1,48,e014,0.4497
1,48,e015,0.462
1,48,e016,0.546
1,48,e017,0.508
1,48,e018,0.4481
1,48,e019,0.4592
1,48,e020,0.448
1,48,e021,0.5197
1,48,e022,0.5234
1,48,e023,0.5217
1,48,e024,0.4856
1,49,e001,0.5477
1,49,e002,0.6054
1,49,e003,0.5258
1,49,e004,0.6451
1,49,e005,0.5796
1,49,e006,0.6357
1,49,e007,0.4441
1,49,e008,0.4762
1,49,e009,0.417
1,49,e010,0.4519
1,49,e011,0.487
1,49,e012,0.416
1,49,e013,0.434
1,49,e014,0.5109
1,49,e015,0.4672
1,49,e016,0.4302
1,49,e017,0.4995
1,49,e018,0.4304
1,49,e019,0.3989
1,49,e020,0.5156
1,49,e021,0.4238
1,49,e022,0.4512
1,49,e023,0.4339
1,49,e024,0.4634
1,50,e001,0.5719
1,50,e002,0.5844
1,50,e003,0.6105
1,50,e004,0.6191
1,50,e005,0.5821
1,50,e006,0.5764
1,50,e007,0.4904
1,50,e008,0.4353
1,50,e009,0.5191
1,50,e010,0.405
1,50,e011,0.4449
1,50,e012,0.4369
1,50,e013,0.4334
1,50,e014,0.5255
1,50,e015,0.5053
1,50,e016,0.4362
1,50,e017,0.4639
1,50,e018,0.4326
1,50,e019,0.5056
1,50,e020,0.4174
1,50,e021,0.5067
1,50,e022,0.4859
1,50,e023,0.4579
1,50,e024,0.4826
1,51,e001,0.5921
1,51,e002,0.6538
1,51,e003,0.5596
1,51,e004,0.673
1,51,e005,0.5685
1,51,e006,0.5975
1,51,e007,0.4997
1,51,e008,0.4392
1,51,e009,0.4644
1,51,e010,0.4985
1,51,e011,0.4562
1,51,e012,0.5116
1,51,e013,0.4832
1,51,e014,0.4327
1,51,e015,0.5377
1,51,e016,0.5003
1,51,e017,0.4571
1,51,e018,0.4616
1,51,e019,0.5154
1,51,e020,0.4567
1,51,e021,0.5371
1,51,e022,0.4532
1,51,e023,0.4674
1,51,e024,0.4944
1,52,e001,0.6206
1,52,e002,0.5611
1,52,e003,0.6603
1,52,e004,0.6599
1,52,e005,0.5886
1,52,e006,0.5638
1,52,e007,0.5152
1,52,e008,0.4917
1,52,e009,0.4731
1,52,e010,0.4564
1,52,e011,0.5294
1,52,e012,0.4853
1,52,e013,0.5242
1,52,e014,0.4746
1,52,e015,0.4497
1,52,e016,0.476
1,52,e017,0.481
1,52,e018,0.5026
1,52,e019,0.5105
1,52,e020,0.4599
1,52,e021,0.4776
1,52,e022,0.4657
1,52,e023,0.4746
1,52,e024,0.4346
1,53,e001,0.6128
1,53,e002,0.6064
1,53,e003,0.66
1,53,e004,0.6557
1,53,e005,0.6312
1,53,e006,0.5987
1,53,e007,0.5567
1,53,e008,0.4714
1,53,e009,0.504
1,53,e010,0.5293
1,53,e011,0.5496
1,53,e012,0.5108
1,53,e013,0.4689
1,53,e014,0.4764
1,53,e015,0.5098
1,53,e016,0.489
1,53,e017,0.5681
1,53,e018,0.5198
1,53,e019,0.4719
1,53,e020,0.5247
1,53,e021,0.5429
1,53,e022,0.526
1,53,e023,0.5481
1,53,e024,0.5178
1,54,e001,0.688
1,54,e002,0.6584
1,54,e003,0.6142
1,54,e004,0.6498
1,54,e005,0.64
1,54,e006,0.6136
1,54,e007,0.4915
1,54,e008,0.5296
1,54,e009,0.4982
1,54,e010,0.502
1,54,e011,0.5724
1,54,e012,0.4805
1,54,e013,0.4979
1,54,e014,0.5341
1,54,e015,0.5061
1,54,e016,0.4875
1,54,e017,0.4936
1,54,e018,0.5417
1,54,e019,0.4713
1,54,e020,0.5043
1,54,e021,0.5025
1,54,e022,0.5441
1,54,e023,0.4963
1,54,e024,0.5156
1,55,e001,0.5991
1,55,e002,0.5414
1,55,e003,0.6249
1,55,e004,0.6015
1,55,e005,0.5917
1,55,e006,0.5429
1,55,e007,0.4386
1,55,e008,0.4201
1,55,e009,0.447
1,55,e010,0.4466
1,55,e011,0.4693
1,55,e012,0.5043
1,55,e013,0.4754
1,55,e014,0.4644
1,55,e015,0.4476
1,55,e016,0.4327
1,55,e017,0.4858
1,55,e018,0.433
1,55,e019,0.4177
1,55,e020,0.4683
1,55,e021,0.4015
1,55,e022,0.4091
1,55,e023,0.4736
1,55,e024,0.4251
1,56,e001,0.5505
1,56,e002,0.6004
1,56,e003,0.6016
1,56,e004,0.6185
1,56,e005,0.5732
1,56,e006,0.5531
1,56,e007,0.4699
1,56,e008,0.5286
1,56,e009,0.4139
1,56,e010,0.4589
1,56,e011,0.4299
1,56,e012,0.4476
1,56,e013,0.4406
1,56,e014,0.418
1,56,e015,0.423
1,56,e016,0.4456
1,56,e017,0.4941
1,56,e018,0.4679
1,56,e019,0.4963
1,56,e020,0.4897
1,56,e021,0.4636
1,56,e022,0.4323
1,56,e023,0.4978
1,56,e024,0.4447
1,57,e001,0.633
1,57,e002,0.5333
1,57,e003,0.6197
1,57,e004,0.5466
1,57,e005,0.5521
1,57,e006,0.618
1,57,e007,0.4613
1,57,e008,0.4917
1,57,e009,0.5165
1,57,e010,0.4805
1,57,e011,0.5138
1,57,e012,0.4543
1,57,e013,0.4856
1,57,e014,0.442
1,57,e015,0.4135
1,57,e016,0.4764
1,57,e017,0.5193
1,57,e018,0.5313
1,57,e019,0.5302
1,57,e020,0.461
1,57,e021,0.469
1,57,e022,0.4465
1,57,e023,0.5159
1,57,e024,0.475
1,58,e001,0.5782
1,58,e002,0.5937
1,58,e003,0.6067
1,58,e004,0.6476
1,58,e005,0.5548
1,58,e006,0.566
1,58,e007,0.4246
1,58,e008,0.4818
1,58,e009,0.4769
1,58,e010,0.4972
1,58,e011,0.4752
1,58,e012,0.4577
1,58,e013,0.4965
1,58,e014,0.4816
1,58,e015,0.4222
1,58,e016,0.4884
1,58,e017,0.5265
1,58,e018,0.421
1,58,e019,0.4391
1,58,e020,0.4665
1,58,e021,0.4732
1,58,e022,0.4757
1,58,e023,0.4619
1,58,e024,0.4786
1,59,e001,0.5843
1,59,e002,0.5978
1,59,e003,0.6384
1,59,e004,0.6179
1,59,e005,0.642
1,59,e006,0.6231
1,59,e007,0.4426
1,59,e008,0.4234
1,59,e009,0.4934
1,59,e010,0.4519
1,59,e011,0.5424
1,59,e012,0.4732
1,59,e013,0.4252
1,59,e014,0.5116
1,59,e015,0.4552
1,59,e016,0.4388
1,59,e017,0.4635
1,59,e018,0.4183
1,59,e019,0.5064
1,59,e020,0.4516
1,59,e021,0.4851
1,59,e022,0.4718
1,59,e023,0.5118
1,59,e024,0.4932
1,60,e001,0.6741
1,60,e002,0.5736
1,60,e003,0.673
1,60,e004,0.6209
1,60,e005,0.5914
1,60,e006,0.6504
1,60,e007,0.4445
1,60,e008,0.4768
1,60,e009,0.4984
1,60,e010,0.4988
1,60,e011,0.4154
1,60,e012,0.5255
1,60,e013,0.436
1,60,e014,0.436
1,60,e015,0.4434
1,60,e016,0.4976
1,60,e017,0.5172
1,60,e018,0.4368
1,60,e019,0.5076
1,60,e020,0.5197
1,60,e021,0.516
1,60,e022,0.5023
1,60,e023,0.4761
1,60,e024,0.4256
1,61,e001,0.6414
1,61,e002,0.6351
1,61,e003,0.6351
1,61,e004,0.5729
1,61,e005,0.6317
1,61,e006,0.6609
1,61,e007,0.4404
1,61,e008,0.533
1,61,e009,0.4425
1,61,e010,0.5391
1,61,e011,0.5225
1,61,e012,0.4803
1,61,e013,0.5623
1,61,e014,0.5166
1,61,e015,0.4809
1,61,e016,0.4534
1,61,e017,0.508
1,61,e018,0.4685
1,61,e019,0.5673
1,61,e020,0.5012
1,61,e021,0.5431
1,61,e022,0.4746
1,61,e023,0.546
1,61,e024,0.4563
1,62,e001,0.6229
1,62,e002,0.5262
1,62,e003,0.6244
1,62,e004,0.6131
1,62,e005,0.5723
1,62,e006,0.6164
1,62,e007,0.5109
1,62,e008,0.4067
1,62,e009,0.4719
1,62,e010,0.4292
1,62,e011,0.4444
1,62,e012,0.4631
1,62,e013,0.4385
1,62,e014,0.4186
1,62,e015,0.4275
1,62,e016,0.4697
1,62,e017,0.4139
1,62,e018,0.4338
1,62,e019,0.3868
1,62,e020,0.4688
1,62,e021,0.4516
1,62,e022,0.513
1,62,e023,0.4193
1,62,e024,0.4329
1,63,e001,0.6309
1,63,e002,0.5898
1,63,e003,0.5713
1,63,e004,0.5925
1,63,e005,0.6705
1,63,e006,0.5691
1,63,e007,0.4006
1,63,e008,0.4965
1,63,e009,0.4758
1,63,e010,0.4658
1,63,e011,0.4709
1,63,e012,0.4302
1,63,e013,0.4811
1,63,e014,0.4556
1,63,e015,0.4961
1,63,e016,0.4734
1,63,e017,0.4252
1,63,e018,0.4734
1,63,e019,0.4827
1,63,e020,0.4593
1,63,e021,0.4457
1,63,e022,0.4759
1,63,e023,0.4399
1,63,e024,0.4922
1,64,e001,0.5831
1,64,e002,0.5983
1,64,e003,0.594
1,64,e004,0.5054
1,64,e005,0.5936
1,64,e006,0.5485
1,64,e007,0.4564
1,64,e008,0.4605
1,64,e009,0.4347
1,64,e010,0.4088
1,64,e011,0.3922
1,64,e012,0.4392
1,64,e013,0.4433
1,64,e014,0.4196
1,64,e015,0.387
1,64,e016,0.3942
1,64,e017,0.396
1,64,e018,0.432
1,64,e019,0.4779
1,64,e020,0.4304
1,64,e021,0.4544
1,64,e022,0.4632
1,64,e023,0.4088
1,64,e024,0.4002
1,65,e001,0.5916
1,65,e002,0.5819
1,65,e003,0.5684
1,65,e004,0.5767
1,65,e005,0.6568
1,65,e006,0.5866
1,65,e007,0.4826
1,65,e008,0.4513
1,65,e009,0.4165
1,65,e010,0.4284
1,65,e011,0.4667
1,65,e012,0.445
1,65,e013,0.4078
1,65,e014,0.5101
1,65,e015,0.4347
1,65,e016,0.5061
1,65,e017,0.4814
1,65,e018,0.4408
1,65,e019,0.4849
1,65,e020,0.4792
1,65,e021,0.5372
1,65,e022,0.5124
1,65,e023,0.4863
1,65,e024,0.4732
1,66,e001,0.607
1,66,e002,0.562
1,66,e003,0.6385
1,66,e004,0.5802
1,66,e005,0.5564
1,66,e006,0.6028
1,66,e007,0.4765
1,66,e008,0.4891
1,66,e009,0.51
1,66,e010,0.4277
1,66,e011,0.4959
1,66,e012,0.4202
1,66,e013,0.4613
1,66,e014,0.4719
1,66,e015,0.4627
1,66,e016,0.4866
1,66,e017,0.4646
1,66,e018,0.3992
1,66,e019,0.4366
1,66,e020,0.4188
1,66,e021,0.4697
1,66,e022,0.4879
1,66,e023,0.448
1,66,e024,0.4301
1,67,e001,0.5734
1,67,e002,0.5531
1,67,e003,0.5916
1,67,e004,0.6074
1,67,e005,0.6368
1,67,e006,0.5889
1,67,e007,0.4854
1,67,e008,0.4638
1,67,e009,0.4539
1,67,e010,0.4664
1,67,e011,0.5071
1,67,e012,0.4451
1,67,e013,0.5212
1,67,e014,0.5157
1,67,e015,0.5444
1,67,e016,0.4542
1,67,e017,0.5073
1,67,e018,0.4722
1,67,e019,0.4626
1,67,e020,0.5337
1,67,e021,0.4769
1,67,e022,0.4509
1,67,e023,0.4821
1,67,e024,0.4588
1,68,e001,0.6585
1,68,e002,0.6725
1,68,e003,0.6131
1,68,e004,0.6423
1,68,e005,0.5995
1,68,e006,0.6486
1,68,e007,0.4912
1,68,e008,0.4936
1,68,e009,0.5004
1,68,e010,0.5385
1,68,e011,0.451
1,68,e012,0.5358
1,68,e013,0.5425
1,68,e014,0.4703
1,68,e015,0.4879
1,68,e016,0.502
1,68,e017,0.4758
1,68,e018,0.4957
1,68,e019,0.4789
1,68,e020,0.5126
1,68,e021,0.5319
1,68,e022,0.4671
1,68,e023,0.5241
1,68,e024,0.4802
1,69,e001,0.6266
1,69,e002,0.5734
1,69,e003,0.6458
1,69,e004,0.5723
1,69,e005,0.561
1,69,e006,0.6412
1,69,e007,0.4535
1,69,e008,0.5143
1,69,e009,0.4501
1,69,e010,0.458
1,69,e011,0.5165
1,69,e012,0.4171
1,69,e013,0.4199
1,69,e014,0.428
1,69,e015,0.466
1,69,e016,0.4418
1,69,e017,0.4178
1,69,e018,0.4232
1,69,e019,0.4861
1,69,e020,0.4853
1,69,e021,0.4858
1,69,e022,0.4314
1,69,e023,0.4632
1,69,e024,0.4008
1,70,e001,0.6069
1,70,e002,0.5858
1,70,e003,0.5385
1,70,e004,0.5551
1,70,e005,0.5866
1,70,e006,0.6094
1,70,e007,0.4927
1,70,e008,0.4561
1,70,e009,0.4205
1,70,e010,0.4726
1,70,e011,0.4734
1,70,e012,0.4876
1,70,e013,0.4808
1,70,e014,0.4793
1,70,e015,0.492
1,70,e016,0.457
1,70,e017,0.5321
1,70,e018,0.4236
1,70,e019,0.4062
1,70,e020,0.41
1,70,e021,0.4535
1,70,e022,0.416
1,70,e023,0.4587
1,70,e024,0.467
1,71,e001,0.5741
1,71,e002,0.5436
1,71,e003,0.6112
1,71,e004,0.6036
1,71,e005,0.5287
1,71,e006,0.5152
1,71,e007,0.4389
1,71,e008,0.4225
1,71,e009,0.4812
1,71,e010,0.4182
1,71,e011,0.4268
1,71,e012,0.451
1,71,e013,0.3955
1,71,e014,0.4302
1,71,e015,0.4287
1,71,e016,0.4513
1,71,e017,0.4142
1,71,e018,0.3966
1,71,e019,0.4782
1,71,e020,0.4544
1,71,e021,0.4727
1,71,e022,0.4206
1,71,e023,0.4068
1,71,e024,0.446
1,72,e001,0.6068
1,72,e002,0.68
1,72,e003,0.591
1,72,e004,0.6473
1,72,e005,0.6562
1,72,e006,0.6498
1,72,e007,0.5101
1,72,e008,0.5048
1,72,e009,0.5154
1,72,e010,0.523
1,72,e011,0.5263
1,72,e012,0.458
1,72,e013,0.5114
1,72,e014,0.4886
1,72,e015,0.4738
1,72,e016,0.56
1,72,e017,0.5451
1,72,e018,0.5122
1,72,e019,0.5023
1,72,e020,0.5338
1,72,e021,0.5203
1,72,e022,0.5203
1,72,e023,0.5343
1,72,e024,0.5233
1,73,e001,0.5409
1,73,e002,0.5574
1,73,e003,0.5627
1,73,e004,0.5394
1,73,e005,0.6192
1,73,e006,0.5885
1,73,e007,0.419
1,73,e008,0.4133
1,73,e009,0.4356
1,73,e010,0.4516
1,73,e011,0.485
1,73,e012,0.4804
1,73,e013,0.431
1,73,e014,0.3836
1,73,e015,0.4455
1,73,e016,0.3934
1,73,e017,0.4423
1,73,e018,0.3835
1,73,e019,0.4662
1,73,e020,0.418
1,73,e021,0.4089
1,73,e022,0.4431
1,73,e023,0.4622
1,73,e024,0.4405
1,74,e001,0.5481
1,74,e002,0.5804
1,74,e003,0.5347
1,74,e004,0.5626
1,74,e005,0.5681
1,74,e006,0.5284
1,74,e007,0.4314
1,74,e008,0.4897
1,74,e009,0.5054
1,74,e010,0.4107
1,74,e011,0.4731
1,74,e012,0.3942
1,74,e013,0.4647
1,74,e014,0.4339
1,74,e015,0.4286
1,74,e016,0.4471
1,74,e017,0.4677
1,74,e018,0.4759
1,74,e019,0.4759
1,74,e020,0.4648
1,74,e021,0.4468
1,74,e022,0.4592
1,74,e023,0.4444
1,74,e024,0.4727
1,75,e001,0.6022
1,75,e002,0.526
1,75,e003,0.5988
1,75,e004,0.6771
1,75,e005,0.552
1,75,e006,0.5732
1,75,e007,0.4887
1,75,e008,0.4788
1,75,e009,0.4966
1,75,e010,0.4156
1,75,e011,0.4504
1,75,e012,0.5026
1,75,e013,0.4899
1,75,e014,0.4844
1,75,e015,0.4833
1,75,e016,0.4919
1,75,e017,0.4533
1,75,e018,0.3941
1,75,e019,0.4412
1,75,e020,0.3999
1,75,e021,0.43
1,75,e022,0.5001
1,75,e023,0.4458
1,75,e024,0.4673
1,76,e001,0.5183
1,76,e002,0.5019
1,76,e003,0.5333
1,76,e004,0.5459
1,76,e005,0.5679
1,76,e006,0.4916
1,76,e007,0.4538
1,76,e008,0.4422
1,76,e009,0.4369
1,76,e010,0.3547
1,76,e011,0.3726
1,76,e012,0.4256
1,76,e013,0.361
1,76,e014,0.4187
1,76,e015,0.3916
1,76,e016,0.4403
1,76,e017,0.3992
1,76,e018,0.4535
1,76,e019,0.4268
1,76,e020,0.4293
1,76,e021,0.3612
1,76,e022,0.3741
1,76,e023,0.4185
1,76,e024,0.4146
1,77,e001,0.5718
1,77,e002,0.5223
1,77,e003,0.5814
1,77,e004,0.6121
1,77,e005,0.6339
1,77,e006,0.5511
1,77,e007,0.4474
1,77,e008,0.4594
1,77,e009,0.3988
1,77,e010,0.447
1,77,e011,0.48
1,77,e012,0.4675
1,77,e013,0.4769
1,77,e014,0.4555
1,77,e015,0.443
1,77,e016,0.4877
1,77,e017,0.4741
1,77,e018,0.4949
1,77,e019,0.4814
1,77,e020,0.4764
1,77,e021,0.4211
1,77,e022,0.4419
1,77,e023,0.4069
1,77,e024,0.4505
1,78,e001,0.5289
1,78,e002,0.5251
1,78,e003,0.5186
1,78,e004,0.5653
1,78,e005,0.5545
1,78,e006,0.5173
1,78,e007,0.3204
1,78,e008,0.3746
1,78,e009,0.4291
1,78,e010,0.3775
1,78,e011,0.4193
1,78,e012,0.4003
1,78,e013,0.3967
1,78,e014,0.3728
1,78,e015,0.4181
1,78,e016,0.3932
1,78,e017,0.3038
1,78,e018,0.387
1,78,e019,0.3881
1,78,e020,0.3786
1,78,e021,0.4288
1,78,e022,0.3698
1,78,e023,0.3837
1,78,e024,0.4362
1,79,e001,0.5999
1,79,e002,0.6035
1,79,e003,0.5545
1,79,e004,0.6176
1,79,e005,0.5727
1,79,e006,0.567
1,79,e007,0.4632
1,79,e008,0.4723
1,79,e009,0.4153
1,79,e010,0.4443
1,79,e011,0.4582
1,79,e012,0.4167
1,79,e013,0.4882
1,79,e014,0.467
1,79,e015,0.4283
1,79,e016,0.478
1,79,e017,0.4579
1,79,e018,0.4896
1,79,e019,0.4645
1,79,e020,0.4644
1,79,e021,0.4906
1,79,e022,0.4518
1,79,e023,0.4642
1,79,e024,0.5205
1,80,e001,0.56
1,80,e002,0.525
1,80,e003,0.5514
1,80,e004,0.5204
1,80,e005,0.5642
1,80,e006,0.5585
1,80,e007,0.4668
1,80,e008,0.4385
1,80,e009,0.3794
1,80,e010,0.4534
1,80,e011,0.3735
1,80,e012,0.3862
1,80,e013,0.3965
1,80,e014,0.3831
1,80,e015,0.4301
1,80,e016,0.4429
1,80,e017,0.4422
1,80,e018,0.4182
1,80,e019,0.4419
1,80,e020,0.4226
1,80,e021,0.3849
1,80,e022,0.4647
1,80,e023,0.3981
1,80,e024,0.4335
1,81,e001,0.6071
1,81,e002,0.5381
1,81,e003,0.5817
1,81,e004,0.5122
1,81,e005,0.5469
1,81,e006,0.5824
1,81,e007,0.3698
1,81,e008,0.4669
1,81,e009,0.3974
1,81,e010,0.4916
1,81,e011,0.3898
1,81,e012,0.4335
1,81,e013,0.4304
1,81,e014,0.4746
1,81,e015,0.3796
1,81,e016,0.4252
1,81,e017,0.4138
1,81,e018,0.4225
1,81,e019,0.3915
1,81,e020,0.4264
1,81,e021,0.4713
1,81,e022,0.4635
1,81,e023,0.4343
1,81,e024,0.4674
1,82,e001,0.5422
1,82,e002,0.5347
1,82,e003,0.5179
1,82,e004,0.5126
1,82,e005,0.5428
1,82,e006,0.5417
1,82,e007,0.3304
1,82,e008,0.4456
1,82,e009,0.3938
1,82,e010,0.3808
1,82,e011,0.4269
1,82,e012,0.3679
1,82,e013,0.3555
1,82,e014,0.3581
1,82,e015,0.4467
1,82,e016,0.3299
1,82,e017,0.3933
1,82,e018,0.3792
1,82,e019,0.395
1,82,e020,0.3959
1,82,e021,0.4004
1,82,e022,0.4375
1,82,e023,0.3542
1,82,e024,0.4319
1,83,e001,0.5297
1,83,e002,0.5125
1,83,e003,0.5315
1,83,e004,0.4707
1,83,e005,0.5369
1,83,e006,0.4633
1,83,e007,0.3995
1,83,e008,0.3504
1,83,e009,0.4528
1,83,e010,0.3587
1,83,e011,0.3406
1,83,e012,0.3893
1,83,e013,0.3498
1,83,e014,0.4453
1,83,e015,0.4346
1,83,e016,0.4014
1,83,e017,0.4084
1,83,e018,0.3872
1,83,e019,0.4142
1,83,e020,0.4386
1,83,e021,0.3658
1,83,e022,0.439
1,83,e023,0.3914
1,83,e024,0.3803
1,84,e001,0.5419
1,84,e002,0.5012
1,84,e003,0.5381
1,84,e004,0.5375
1,84,e005,0.4988
1,84,e006,0.5907
1,84,e007,0.4146
1,84,e008,0.3945
1,84,e009,0.4268
1,84,e010,0.4058
1,84,e011,0.445
1,84,e012,0.3355
1,84,e013,0.369
1,84,e014,0.4096
1,84,e015,0.4265
1,84,e016,0.4178
1,84,e017,0.4425
1,84,e018,0.4254
1,84,e019,0.3671
1,84,e020,0.3486
1,84,e021,0.389
1,84,e022,0.3533
1,84,e023,0.4396
1,84,e024,0.4412
1,85,e001,0.5408
1,85,e002,0.5355
1,85,e003,0.513
1,85,e004,0.529
1,85,e005,0.5398
1,85,e006,0.6119
1,85,e007,0.3829
1,85,e008,0.4279
1,85,e009,0.5058
1,85,e010,0.5061
1,85,e011,0.4502
1,85,e012,0.4625
1,85,e013,0.3973
1,85,e014,0.4609
1,85,e015,0.4338
1,85,e016,0.4262
1,85,e017,0.4629
1,85,e018,0.5005
1,85,e019,0.4456
1,85,e020,0.4506
1,85,e021,0.432
1,85,e022,0.4514
1,85,e023,0.4574
1,85,e024,0.4862
1,86,e001,0.5641
1,86,e002,0.5306
1,86,e003,0.5016
1,86,e004,0.5172
1,86,e005,0.5476
1,86,e006,0.5232
1,86,e007,0.3728
1,86,e008,0.365
1,86,e009,0.3834
1,86,e010,0.3875
1,86,e011,0.3925
1,86,e012,0.3742
1,86,e013,0.4312
1,86,e014,0.4143
1,86,e015,0.3771
1,86,e016,0.441
1,86,e017,0.354
1,86,e018,0.4141
1,86,e019,0.3577
1,86,e020,0.4142
1,86,e021,0.3491
1,86,e022,0.3723
1,86,e023,0.435
1,86,e024,0.3832
1,87,e001,0.5179
1,87,e002,0.5849
1,87,e003,0.5174
1,87,e004,0.5172
1,87,e005,0.5611
1,87,e006,0.509
1,87,e007,0.3716
1,87,e008,0.3791
1,87,e009,0.3522
1,87,e010,0.4039
1,87,e011,0.425
1,87,e012,0.3493
1,87,e013,0.4157
1,87,e014,0.382
1,87,e015,0.4231
1,87,e016,0.4413
1,87,e017,0.3591
1,87,e018,0.4215
1,87,e019,0.4431
1,87,e020,0.3996
1,87,e021,0.4224
1,87,e022,0.3749
1,87,e023,0.3768
1,87,e024,0.4405
1,88,e001,0.5375
1,88,e002,0.5319
1,88,e003,0.5106
1,88,e004,0.562
1,88,e005,0.5133
1,88,e006,0.5126
1,88,e007,0.4156
1,88,e008,0.3561
1,88,e009,0.4054
1,88,e010,0.4338
1,88,e011,0.4251
1,88,e012,0.3946
1,88,e013,0.4298
1,88,e014,0.4249
1,88,e015,0.3649
1,88,e016,0.3575
1,88,e017,0.3861
1,88,e018,0.3405
1,88,e019,0.4626
1,88,e020,0.3697
1,88,e021,0.3992
1,88,e022,0.3667
1,88,e023,0.361
1,88,e024,0.3502
1,89,e001,0.5231
1,89,e002,0.5896
1,89,e003,0.5409
1,89,e004,0.5666
1,89,e005,0.5611
1,89,e006,0.5573
1,89,e007,0.3943
1,89,e008,0.4697
1,89,e009,0.4073
1,89,e010,0.4351
1,89,e011,0.3932
1,89,e012,0.3851
1,89,e013,0.4202
1,89,e014,0.4227
1,89,e015,0.3856
1,89,e016,0.42
1,89,e017,0.3307
1,89,e018,0.4485
1,89,e019,0.3968
1,89,e020,0.4269
1,89,e021,0.3667
1,89,e022,0.4282
1,89,e023,0.4202
1,89,e024,0.4283
1,90,e001,0.3448
1,90,e002,0.3517
1,90,e003,0.3657
1,90,e004,0.3409
1,90,e005,0.4515
1,90,e006,0.366
1,90,e007,0.3859
1,90,e008,0.357
1,90,e009,0.4317
1,90,e010,0.4241
1,90,e011,0.4418
1,90,e012,0.408
1,90,e013,0.3859
1,90,e014,0.4047
1,90,e015,0.3983
1,90,e016,0.3709
1,90,e017,0.4292
1,90,e018,0.3803
1,90,e019,0.3812
1,90,e020,0.3977
1,90,e021,0.3317
1,90,e022,0.4134
1,90,e023,0.438
1,90,e024,0.4137
1,91,e001,0.428
1,91,e002,0.4314
1,91,e003,0.3417
1,91,e004,0.3449
1,91,e005,0.4026
1,91,e006,0.408
1,91,e007,0.4145
1,91,e008,0.3882
1,91,e009,0.4268
1,91,e010,0.4107
1,91,e011,0.363
1,91,e012,0.4625
1,91,e013,0.3965
1,91,e014,0.4679
1,91,e015,0.4288
1,91,e016,0.4207
1,91,e017,0.4276
1,91,e018,0.3825
1,91,e019,0.4143
1,91,e020,0.3807
1,91,e021,0.352
1,91,e022,0.374
1,91,e023,0.3475
1,91,e024,0.4403
1,92,e001,0.3801
1,92,e002,0.4582
1,92,e003,0.3748
1,92,e004,0.3546
1,92,e005,0.4219
1,92,e006,0.3666
1,92,e007,0.3984
1,92,e008,0.4196
1,92,e009,0.3977
1,92,e010,0.4166
1,92,e011,0.4381
1,92,e012,0.3723
1,92,e013,0.3845
1,92,e014,0.4569
1,92,e015,0.3694
1,92,e016,0.3506
1,92,e017,0.3977
1,92,e018,0.3747
1,92,e019,0.3644
1,92,e020,0.4201
1,92,e021,0.3741
1,92,e022,0.3622
1,92,e023,0.371
1,92,e024,0.3856
1,93,e001,0.4267
1,93,e002,0.3987
1,93,e003,0.4204
1,93,e004,0.4028
1,93,e005,0.3577
1,93,e006,0.4324
1,93,e007,0.4209
1,93,e008,0.4189
1,93,e009,0.3608
1,93,e010,0.4226
1,93,e011,0.3749
1,93,e012,0.3761
1,93,e013,0.4189
1,93,e014,0.4059
1,93,e015,0.3731
1,93,e016,0.45
1,93,e017,0.412
1,93,e018,0.4447
1,93,e019,0.3689
1,93,e020,0.4303
1,93,e021,0.3953
1,93,e022,0.342
1,93,e023,0.3913
1,93,e024,0.3825
1,94,e001,0.3419
1,94,e002,0.3337
1,94,e003,0.4269
1,94,e004,0.4296
1,94,e005,0.3872
1,94,e006,0.389
1,94,e007,0.4258
1,94,e008,0.3567
1,94,e009,0.407
1,94,e010,0.3484
1,94,e011,0.3519
1,94,e012,0.3581
1,94,e013,0.4072
1,94,e014,0.4044
1,94,e015,0.3589
1,94,e016,0.3621
1,94,e017,0.3302
1,94,e018,0.3004
1,94,e019,0.3747
1,94,e020,0.3852
1,94,e021,0.3946
1,94,e022,0.333
1,94,e023,0.3945
1,94,e024,0.3369
1,95,e001,0.3168
1,95,e002,0.3508
1,95,e003,0.3237
1,95,e004,0.2831
1,95,e005,0.3549
1,95,e006,0.3336
1,95,e007,0.3233
1,95,e008,0.3592
1,95,e009,0.3607
1,95,e010,0.3407
1,95,e011,0.2803
1,95,e012,0.3034
1,95,e013,0.3357
1,95,e014,0.3136
1,95,e015,0.3718
1,95,e016,0.338
1,95,e017,0.2863
1,95,e018,0.3001
1,95,e019,0.2911
1,95,e020,0.2834
1,95,e021,0.3349
1,95,e022,0.2662
1,95,e023,0.2825
1,95,e024,0.2873
1,96,e001,0.3667
1,96,e002,0.4086
1,96,e003,0.399
1,96,e004,0.387
1,96,e005,0.3993
1,96,e006,0.3983
1,96,e007,0.4228
1,96,e008,0.4427
1,96,e009,0.4231
1,96,e010,0.448
1,96,e011,0.3862
1,96,e012,0.3644
1,96,e013,0.4437
1,96,e014,0.3949
1,96,e015,0.4209
1,96,e016,0.4031
1,96,e017,0.3607
1,96,e018,0.3781
1,96,e019,0.4273
1,96,e020,0.3851
1,96,e021,0.4292
1,96,e022,0.4787
1,96,e023,0.3827
1,96,e024,0.3961
1,97,e001,0.411
1,97,e002,0.4013
1,97,e003,0.4092
1,97,e004,0.3758
1,97,e005,0.3331
1,97,e006,0.3277
1,97,e007,0.3913
1,97,e008,0.3623
1,97,e009,0.3883
1,97,e010,0.4197
1,97,e011,0.3543
1,97,e012,0.3553
1,97,e013,0.3534
1,97,e014,0.339
1,97,e015,0.4134
1,97,e016,0.351
1,97,e017,0.3952
1,97,e018,0.3355
1,97,e019,0.4171
1,97,e020,0.3588
1,97,e021,0.387
1,97,e022,0.3873
1,97,e023,0.3544
1,97,e024,0.3546
1,98,e001,0.3574
1,98,e002,0.3563
1,98,e003,0.448
1,98,e004,0.3718
1,98,e005,0.4088
1,98,e006,0.4286
1,98,e007,0.3619
1,98,e008,0.3884
1,98,e009,0.4256
1,98,e010,0.4163
1,98,e011,0.368
1,98,e012,0.4342
1,98,e013,0.3503
1,98,e014,0.4235
1,98,e015,0.3827
1,98,e016,0.3485
1,98,e017,0.3881
1,98,e018,0.4324
1,98,e019,0.3733
1,98,e020,0.391
1,98,e021,0.3629
1,98,e022,0.4233
1,98,e023,0.3586
1,98,e024,0.3405
1,99,e001,0.3654
1,99,e002,0.3622
1,99,e003,0.3804
1,99,e004,0.3679
1,99,e005,0.3557
1,99,e006,0.356
1,99,e007,0.4163
1,99,e008,0.3456
1,99,e009,0.414
1,99,e010,0.377
1,99,e011,0.3774
1,99,e012,0.4485
1,99,e013,0.4395
1,99,e014,0.3927
1,99,e015,0.3677
1,99,e016,0.3836
1,99,e017,0.4189
1,99,e018,0.4452
1,99,e019,0.3505
1,99,e020,0.4034
1,99,e021,0.4428
1,99,e022,0.4102
1,99,e023,0.4396
1,99,e024,0.4067
1,100,e001,0.3372
1,100,e002,0.3794
1,100,e003,0.4179
1,100,e004,0.3295
1,100,e005,0.3552
1,100,e006,0.3241
1,100,e007,0.3829
1,100,e008,0.3831
1,100,e009,0.3154
1,100,e010,0.331
1,100,e011,0.3731
1,100,e012,0.3179
1,100,e013,0.3291
1,100,e014,0.3325
1,100,e015,0.3546
1,100,e016,0.338
1,100,e017,0.3204
1,100,e018,0.3499
1,100,e019,0.3698
1,100,e020,0.406
1,100,e021,0.3577
1,100,e022,0.3162
1,100,e023,0.3933
1,100,e024,0.3527
1,101,e001,0.3129
1,101,e002,0.3492
1,101,e003,0.2993
1,101,e004,0.3602
1,101,e005,0.343
1,101,e006,0.4149
1,101,e007,0.2874
1,101,e008,0.3121
1,101,e009,0.3312
1,101,e010,0.3455
1,101,e011,0.3894
1,101,e012,0.3732
1,101,e013,0.3336
1,101,e014,0.3585
1,101,e015,0.3349
1,101,e016,0.3459
1,101,e017,0.2954
1,101,e018,0.379
1,101,e019,0.3028
1,101,e020,0.2956
1,101,e021,0.3595
1,101,e022,0.3293
1,101,e023,0.3024
1,101,e024,0.3505
1,102,e001,0.358
1,102,e002,0.3346
1,102,e003,0.3742
1,102,e004,0.289
1,102,e005,0.3162
1,102,e006,0.3893
1,102,e007,0.3652
1,102,e008,0.3716
1,102,e009,0.3715
1,102,e010,0.319
1,102,e011,0.4164
1,102,e012,0.3007
1,102,e013,0.4067
1,102,e014,0.4077
1,102,e015,0.3508
1,102,e016,0.342
1,102,e017,0.3119
1,102,e018,0.3636
1,102,e019,0.3329
1,102,e020,0.3985
1,102,e021,0.3275
1,102,e022,0.3839
1,102,e023,0.2976
1,102,e024,0.3576
1,103,e001,0.3985
1,103,e002,0.3519
1,103,e003,0.3757
1,103,e004,0.3812
1,103,e005,0.3072
1,103,e006,0.3764
1,103,e007,0.3982
1,103,e008,0.3795
1,103,e009,0.4334
1,103,e010,0.3227
1,103,e011,0.3868
1,103,e012,0.3245
1,103,e013,0.3442
1,103,e014,0.3851
1,103,e015,0.4111
1,103,e016,0.348
1,103,e017,0.3691
1,103,e018,0.3986
1,103,e019,0.3488
1,103,e020,0.3403
1,103,e021,0.31
1,103,e022,0.2795
1,103,e023,0.3929
1,103,e024,0.3142
1,104,e001,0.3267
1,104,e002,0.3141
1,104,e003,0.3123
1,104,e004,0.2959
1,104,e005,0.2985
1,104,e006,0.3168
1,104,e007,0.3197
1,104,e008,0.3802
1,104,e009,0.3901
1,104,e010,0.325
1,104,e011,0.3727
1,104,e012,0.3062
1,104,e013,0.3275
1,104,e014,0.377
1,104,e015,0.3793
1,104,e016,0.335
1,104,e017,0.3865
1,104,e018,0.3853
1,104,e019,0.3038
1,104,e020,0.3799
1,104,e021,0.3511
1,104,e022,0.3696
1,104,e023,0.3823
1,104,e024,0.3357
1,105,e001,0.3357
1,105,e002,0.3289
1,105,e003,0.336
1,105,e004,0.3452
1,105,e005,0.3665
1,105,e006,0.3548
1,105,e007,0.3142
1,105,e008,0.3375
1,105,e009,0.3624
1,105,e010,0.3176
1,105,e011,0.3185
1,105,e012,0.367
1,105,e013,0.3956
1,105,e014,0.3921
1,105,e015,0.3566
1,105,e016,0.3874
1,105,e017,0.3583
1,105,e018,0.3226
1,105,e019,0.3987
1,105,e020,0.3314
1,105,e021,0.3261
1,105,e022,0.3503
1,105,e023,0.3508
1,105,e024,0.3961
1,106,e001,0.3708
1,106,e002,0.3607
1,106,e003,0.3439
1,106,e004,0.3631
1,106,e005,0.3538
1,106,e006,0.3762
1,106,e007,0.3592
1,106,e008,0.394
1,106,e009,0.3706
1,106,e010,0.4011
1,106,e011,0.3685
1,106,e012,0.3797
1,106,e013,0.3911
1,106,e014,0.3147
1,106,e015,0.3611
1,106,e016,0.373
1,106,e017,0.4106
1,106,e018,0.3089
1,106,e019,0.4331
1,106,e020,0.3842
1,106,e021,0.3679
1,106,e022,0.3366
1,106,e023,0.371
1,106,e024,0.376
1,107,e001,0.371
1,107,e002,0.4099
1,107,e003,0.4631
1,107,e004,0.4111
1,107,e005,0.4485
1,107,e006,0.3455
1,107,e007,0.4145
1,107,e008,0.371
1,107,e009,0.3963
1,107,e010,0.3698
1,107,e011,0.4048
1,107,e012,0.3735
1,107,e013,0.4057
1,107,e014,0.4425
1,107,e015,0.3702
1,107,e016,0.4134
1,107,e017,0.3759
1,107,e018,0.3644
1,107,e019,0.3864
1,107,e020,0.4315
1,107,e021,0.3667
1,107,e022,0.3751
1,107,e023,0.3962
1,107,e024,0.3865
1,108,e001,0.3099
1,108,e002,0.346
1,108,e003,0.3647
1,108,e004,0.3959
1,108,e005,0.3402
1,108,e006,0.3566
1,108,e007,0.4224
1,108,e008,0.4171
1,108,e009,0.3923
1,108,e010,0.4025
1,108,e011,0.3981
1,108,e012,0.3703
1,108,e013,0.396
1,108,e014,0.3409
1,108,e015,0.3303
1,108,e016,0.3664
1,108,e017,0.3362
1,108,e018,0.401
1,108,e019,0.3593
1,108,e020,0.3924
1,108,e021,0.3957
1,108,e022,0.3838
1,108,e023,0.3138
1,108,e024,0.3587
1,109,e001,0.3423
1,109,e002,0.3583
1,109,e003,0.3755
1,109,e004,0.332
1,109,e005,0.3321
1,109,e006,0.4166
1,109,e007,0.3459
1,109,e008,0.3564
1,109,e009,0.4055
1,109,e010,0.3715
1,109,e011,0.3248
1,109,e012,0.3588
1,109,e013,0.3766
1,109,e014,0.3326
1,109,e015,0.3292
1,109,e016,0.3276
1,109,e017,0.3413
1,109,e018,0.309
1,109,e019,0.3473
1,109,e020,0.4008
1,109,e021,0.3432
1,109,e022,0.3585
1,109,e023,0.3553
1,109,e024,0.4126
1,110,e001,0.3526
1,110,e002,0.3573
1,110,e003,0.3641
1,110,e004,0.304
1,110,e005,0.275
1,110,e006,0.2892
1,110,e007,0.3336
1,110,e008,0.3199
1,110,e009,0.3281
1,110,e010,0.2947
1,110,e011,0.329
1,110,e012,0.3129
1,110,e013,0.2578
1,110,e014,0.3669
1,110,e015,0.3661
1,110,e016,0.3414
1,110,e017,0.3383
1,110,e018,0.3795
1,110,e019,0.3671
1,110,e020,0.3532
1,110,e021,0.3271
1,110,e022,0.3331
1,110,e023,0.3747
1,110,e024,0.3032
1,111,e001,0.3272
1,111,e002,0.2875
1,111,e003,0.3194
1,111,e004,0.3103
1,111,e005,0.3936
1,111,e006,0.2934
1,111,e007,0.3001
1,111,e008,0.3047
1,111,e009,0.3771
1,111,e010,0.3612
1,111,e011,0.3711
1,111,e012,0.3036
1,111,e013,0.3719
1,111,e014,0.3393
1,111,e015,0.3217
1,111,e016,0.3481
1,111,e017,0.3013
1,111,e018,0.3474
1,111,e019,0.3524
1,111,e020,0.3349
1,111,e021,0.3429
1,111,e022,0.32
1,111,e023,0.2869
1,111,e024,0.3012
1,112,e001,0.3813
1,112,e002,0.349
1,112,e003,0.3529
1,112,e004,0.3785
1,112,e005,0.3888
1,112,e006,0.3706
1,112,e007,0.4161
1,112,e008,0.3507
1,112,e009,0.4285
1,112,e010,0.3948
1,112,e011,0.4174
1,112,e012,0.4147
1,112,e013,0.3829
1,112,e014,0.3879
1,112,e015,0.4322
1,112,e016,0.4194
1,112,e017,0.3619
1,112,e018,0.4137
1,112,e019,0.3648
1,112,e020,0.3944
1,112,e021,0.386
1,112,e022,0.3407
1,112,e023,0.3823
1,112,e024,0.3967
1,113,e001,0.3669
1,113,e002,0.3104
1,113,e003,0.3101
1,113,e004,0.3074
1,113,e005,0.2938
1,113,e006,0.3446
1,113,e007,0.3557
1,113,e008,0.3355
1,113,e009,0.3683
1,113,e010,0.3377
1,113,e011,0.3212
1,113,e012,0.3345
1,113,e013,0.3181
1,113,e014,0.3638
1,113,e015,0.28
1,113,e016,0.3429
1,113,e017,0.3133
1,113,e018,0.3236
1,113,e019,0.3852
1,113,e020,0.3212
1,113,e021,0.3283
1,113,e022,0.3443
1,113,e023,0.3538
1,113,e024,0.3756
1,114,e001,0.3055
1,114,e002,0.352
1,114,e003,0.3307
1,114,e004,0.2838
1,114,e005,0.3121
1,114,e006,0.3715
1,114,e007,0.301
1,114,e008,0.245
1,114,e009,0.3038
1,114,e010,0.3655
1,114,e011,0.2942
1,114,e012,0.3868
1,114,e013,0.3101
1,114,e014,0.3343
1,114,e015,0.2578
1,114,e016,0.2875
1,114,e017,0.38
1,114,e018,0.3439
1,114,e019,0.3073
1,114,e020,0.3347
1,114,e021,0.2625
1,114,e022,0.296
1,114,e023,0.3286
1,114,e024,0.3708
1,115,e001,0.3801
1,115,e002,0.3605
1,115,e003,0.3454
1,115,e004,0.3617
1,115,e005,0.3674
1,115,e006,0.4052
1,115,e007,0.3821
1,115,e008,0.3373
1,115,e009,0.3516
1,115,e010,0.4006
1,115,e011,0.3875
1,115,e012,0.3674
1,115,e013,0.3715
1,115,e014,0.3989
1,115,e015,0.3548
1,115,e016,0.3229
1,115,e017,0.3436
1,115,e018,0.3729
1,115,e019,0.3856
1,115,e020,0.3015
1,115,e021,0.3565
1,115,e022,0.3488
1,115,e023,0.3781
1,115,e024,0.3856
1,116,e001,0.3379
1,116,e002,0.3596
1,116,e003,0.3152
1,116,e004,0.308
1,116,e005,0.3063
1,116,e006,0.3413
1,116,e007,0.3483
1,116,e008,0.371
1,116,e009,0.3734
1,116,e010,0.2626
1,116,e011,0.3179
1,116,e012,0.3359
1,116,e013,0.3463
1,116,e014,0.3525
1,116,e015,0.375
1,116,e016,0.3512
1,116,e017,0.3613
1,116,e018,0.3523
1,116,e019,0.3561
1,116,e020,0.2942
1,116,e021,0.3373
1,116,e022,0.366
1,116,e023,0.3479
1,116,e024,0.3105
1,117,e001,0.3713
1,117,e002,0.3554
1,117,e003,0.3044
1,117,e004,0.3083
1,117,e005,0.3936
1,117,e006,0.3332
1,117,e007,0.3478
1,117,e008,0.2614
1,117,e009,0.3616
1,117,e010,0.3737
1,117,e011,0.3835
1,117,e012,0.3414
1,117,e013,0.3241
1,117,e014,0.3624
1,117,e015,0.3256
1,117,e016,0.3561
1,117,e017,0.3817
1,117,e018,0.3039
1,117,e019,0.3634
1,117,e020,0.3623
1,117,e021,0.3749
1,117,e022,0.3719
1,117,e023,0.309
1,117,e024,0.3661
1,118,e001,0.2897
1,118,e002,0.3663
1,118,e003,0.3018
1,118,e004,0.39
1,118,e005,0.3851
1,118,e006,0.291
1,118,e007,0.3844
1,118,e008,0.3756
1,118,e009,0.3488
1,118,e010,0.327
1,118,e011,0.3844
1,118,e012,0.3357
1,118,e013,0.3359
1,118,e014,0.3476
1,118,e015,0.4121
1,118,e016,0.3728
1,118,e017,0.3504
1,118,e018,0.3997
1,118,e019,0.3535
1,118,e020,0.3517
1,118,e021,0.3737
1,118,e022,0.3554
1,118,e023,0.3904
1,118,e024,0.3667
1,119,e001,0.3857
1,119,e002,0.4102
1,119,e003,0.3297
1,119,e004,0.3738
1,119,e005,0.3972
1,119,e006,0.3839
1,119,e007,0.4051
1,119,e008,0.348
1,119,e009,0.3591
1,119,e010,0.3709
1,119,e011,0.3348
1,119,e012,0.3999
1,119,e013,0.3089
1,119,e014,0.3602
1,119,e015,0.2873
1,119,e016,0.3784
1,119,e017,0.3023
1,119,e018,0.3392
1,119,e019,0.3104
1,119,e020,0.383
1,119,e021,0.3629
1,119,e022,0.3513
1,119,e023,0.4163
1,119,e024,0.3224
1,120,e001,0.3389
1,120,e002,0.3704
1,120,e003,0.3657
1,120,e004,0.3146
1,120,e005,0.3531
1,120,e006,0.3776
1,120,e007,0.3788
1,120,e008,0.334
1,120,e009,0.3117
1,120,e010,0.2809
1,120,e011,0.3246
1,120,e012,0.3326
1,120,e013,0.3103
1,120,e014,0.3252
1,120,e015,0.2903
1,120,e016,0.2921
1,120,e017,0.3424
1,120,e018,0.3151
1,120,e019,0.2856
1,120,e020,0.4076
1,120,e021,0.3444
1,120,e022,0.3027
1,120,e023,0.3515
1,120,e024,0.3475
1,121,e001,0.3486
1,121,e002,0.311
1,121,e003,0.3243
1,121,e004,0.3249
1,121,e005,0.3742
1,121,e006,0.2736
1,121,e007,0.3354
1,121,e008,0.3503
1,121,e009,0.3246
1,121,e010,0.3239
1,121,e011,0.3642
1,121,e012,0.2957
1,121,e013,0.3147
1,121,e014,0.3739
1,121,e015,0.2889
1,121,e016,0.3426
1,121,e017,0.3462
1,121,e018,0.369
1,121,e019,0.3343
1,121,e020,0.3093
1,121,e021,0.3809
1,121,e022,0.3549
1,121,e023,0.3275
1,121,e024,0.3414
1,122,e001,0.3086
1,122,e002,0.3783
1,122,e003,0.3546
1,122,e004,0.3525
1,122,e005,0.3471
1,122,e006,0.3102
1,122,e007,0.2909
1,122,e008,0.3411
1,122,e009,0.2789
1,122,e010,0.3839
1,122,e011,0.3928
1,122,e012,0.2954
1,122,e013,0.3616
1,122,e014,0.4158
1,122,e015,0.3382
1,122,e016,0.3206
1,122,e017,0.3942
1,122,e018,0.286
1,122,e019,0.2995
1,122,e020,0.3086
1,122,e021,0.3739
1,122,e022,0.346
1,122,e023,0.3693
1,122,e024,0.4059
1,123,e001,0.331
1,123,e002,0.3436
1,123,e003,0.281
1,123,e004,0.3252
1,123,e005,0.2666
1,123,e006,0.3206
1,123,e007,0.3086
1,123,e008,0.351
1,123,e009,0.3824
1,123,e010,0.3145
1,123,e011,0.2781
1,123,e012,0.3071
1,123,e013,0.3578
1,123,e014,0.2933
1,123,e015,0.3513
1,123,e016,0.3402
1,123,e017,0.2678
1,123,e018,0.3086
1,123,e019,0.3534
1,123,e020,0.3759
1,123,e021,0.3618
1,123,e022,0.2678
1,123,e023,0.3457
1,123,e024,0.3302
1,124,e001,0.2787
1,124,e002,0.3057
1,124,e003,0.3365
1,124,e004,0.2829
1,124,e005,0.3546
1,124,e006,0.3097
1,124,e007,0.2965
1,124,e008,0.354
1,124,e009,0.3783
1,124,e010,0.3686
1,124,e011,0.3057
1,124,e012,0.3097
1,124,e013,0.3147
1,124,e014,0.3639
1,124,e015,0.3583
1,124,e016,0.3785
1,124,e017,0.3022
1,124,e018,0.3511
1,124,e019,0.3302
1,124,e020,0.3471
1,124,e021,0.3454
1,124,e022,0.2797
1,124,e023,0.3551
1,124,e024,0.2742
1,125,e001,0.3236
1,125,e002,0.359
1,125,e003,0.3209
1,125,e004,0.3516
1,125,e005,0.3671
1,125,e006,0.3181
1,125,e007,0.3407
1,125,e008,0.3721
1,125,e009,0.3101
1,125,e010,0.3482
1,125,e011,0.3651
1,125,e012,0.3548
1,125,e013,0.3492
1,125,e014,0.2899
1,125,e015,0.3481
1,125,e016,0.3054
1,125,e017,0.3224
1,125,e018,0.3283
1,125,e019,0.2722
1,125,e020,0.3418
1,125,e021,0.3309
1,125,e022,0.2953
1,125,e023,0.3219
1,125,e024,0.3218
1,126,e001,0.3121
1,126,e002,0.3352
1,126,e003,0.3103
1,126,e004,0.2527
1,126,e005,0.3451
1,126,e006,0.3551
1,126,e007,0.2738
1,126,e008,0.3046
1,126,e009,0.2931
1,126,e010,0.3205
1,126,e011,0.3071
1,126,e012,0.3157
1,126,e013,0.327
1,126,e014,0.3277
1,126,e015,0.293
1,126,e016,0.2769
1,126,e017,0.2978
1,126,e018,0.3642
1,126,e019,0.2556
1,126,e020,0.258
1,126,e021,0.3168
1,126,e022,0.254
1,126,e023,0.3239
1,126,e024,0.3192
1,127,e001,0.3463
1,127,e002,0.4056
1,127,e003,0.3704
1,127,e004,0.3919
1,127,e005,0.3345
1,127,e006,0.3748
1,127,e007,0.3736
1,127,e008,0.3108
1,127,e009,0.3159
1,127,e010,0.339
1,127,e011,0.3463
1,127,e012,0.3712
1,127,e013,0.3291
1,127,e014,0.3373
1,127,e015,0.328
1,127,e016,0.3667
1,127,e017,0.3621
1,127,e018,0.3285
1,127,e019,0.3158
1,127,e020,0.3559
1,127,e021,0.2947
1,127,e022,0.3641
1,127,e023,0.3364
1,127,e024,0.3822
1,128,e001,0.3015
1,128,e002,0.3896
1,128,e003,0.3854
1,128,e004,0.336
1,128,e005,0.339
1,128,e006,0.3626
1,128,e007,0.3117
1,128,e008,0.3091
1,128,e009,0.3581
1,128,e010,0.3407
1,128,e011,0.3018
1,128,e012,0.3001
1,128,e013,0.374
1,128,e014,0.3736
1,128,e015,0.3237
1,128,e016,0.3564
1,128,e017,0.2864
1,128,e018,0.3759
1,128,e019,0.3073
1,128,e020,0.3552
1,128,e021,0.3311
1,128,e022,0.3509
1,128,e023,0.3069
1,128,e024,0.2979
1,129,e001,0.3128
1,129,e002,0.2861
1,129,e003,0.3012
1,129,e004,0.2907
1,129,e005,0.2756
1,129,e006,0.3303
1,129,e007,0.2546
1,129,e008,0.3222
1,129,e009,0.2665
1,129,e010,0.3441
1,129,e011,0.2955
1,129,e012,0.3459
1,129,e013,0.3489
1,129,e014,0.3622
1,129,e015,0.2932
1,129,e016,0.3574
1,129,e017,0.2753
1,129,e018,0.3451
1,129,e019,0.3062
1,129,e020,0.2858
1,129,e021,0.309
1,129,e022,0.2856
1,129,e023,0.2599
1,129,e024,0.3271
1,130,e001,0.338
1,130,e002,0.3396
1,130,e003,0.3106
1,130,e004,0.2533
1,130,e005,0.3046
1,130,e006,0.3448
1,130,e007,0.3532
1,130,e008,0.3154
1,130,e009,0.3474
1,130,e010,0.3268
1,130,e011,0.3292
1,130,e012,0.2823
1,130,e013,0.2791
1,130,e014,0.2585
1,130,e015,0.3202
1,130,e016,0.2525
1,130,e017,0.362
1,130,e018,0.2711
1,130,e019,0.2786
1,130,e020,0.2726
1,130,e021,0.3601
1,130,e022,0.352
1,130,e023,0.3338
1,130,e024,0.3627
1,131,e001,0.2728
1,131,e002,0.3552
1,131,e003,0.3476
1,131,e004,0.3329
1,131,e005,0.2658
1,131,e006,0.3796
1,131,e007,0.3149
1,131,e008,0.3402
1,131,e009,0.3705
1,131,e010,0.2731
1,131,e011,0.3387
1,131,e012,0.3336
1,131,e013,0.297
1,131,e014,0.3419
1,131,e015,0.3018
1,131,e016,0.3011
1,131,e017,0.3366
1,131,e018,0.3316
1,131,e019,0.3554
1,131,e020,0.2793
1,131,e021,0.2825
1,131,e022,0.3008
1,131,e023,0.3217
1,131,e024,0.2855
1,132,e001,0.356
1,132,e002,0.3258
1,132,e003,0.3727
1,132,e004,0.2976
1,132,e005,0.3709
1,132,e006,0.3583
1,132,e007,0.2672
1,132,e008,0.36
1,132,e009,0.3617
1,132,e010,0.3293
1,132,e011,0.3516
1,132,e012,0.3373
1,132,e013,0.3452
1,132,e014,0.3477
1,132,e015,0.3399
1,132,e016,0.2773
1,132,e017,0.3756
1,132,e018,0.356
1,132,e019,0.2953
1,132,e020,0.3064
1,132,e021,0.3369
1,132,e022,0.3406
1,132,e023,0.282
1,132,e024,0.3422
1,133,e001,0.3636
1,133,e002,0.3219
1,133,e003,0.2971
1,133,e004,0.3176
1,133,e005,0.3525
1,133,e006,0.3858
1,133,e007,0.3218
1,133,e008,0.2869
1,133,e009,0.3528
1,133,e010,0.32
1,133,e011,0.2879
1,133,e012,0.3503
1,133,e013,0.3376
1,133,e014,0.3709
1,133,e015,0.3448
1,133,e016,0.3077
1,133,e017,0.3968
1,133,e018,0.2759
1,133,e019,0.3807
1,133,e020,0.3408
1,133,e021,0.3495
1,133,e022,0.371
1,133,e023,0.3437
1,133,e024,0.3026
1,134,e001,0.272
1,134,e002,0.3358
1,134,e003,0.3238
1,134,e004,0.2576
1,134,e005,0.3102
1,134,e006,0.3019
1,134,e007,0.3461
1,134,e008,0.2803
1,134,e009,0.3246
1,134,e010,0.3885
1,134,e011,0.2921
1,134,e012,0.322
1,134,e013,0.2818
1,134,e014,0.3429
1,134,e015,0.3824
1,134,e016,0.3653
1,134,e017,0.2967
1,134,e018,0.2805
1,134,e019,0.2826
1,134,e020,0.3314
1,134,e021,0.3938
1,134,e022,0.3472
1,134,e023,0.2943
1,134,e024,0.3308
1,135,e001,0.326
1,135,e002,0.2887
1,135,e003,0.3479
1,135,e004,0.3264
1,135,e005,0.291
1,135,e006,0.2829
1,135,e007,0.3024
1,135,e008,0.3409
1,135,e009,0.3141
1,135,e010,0.2976
1,135,e011,0.3183
1,135,e012,0.3156
1,135,e013,0.3103
1,135,e014,0.3759
1,135,e015,0.3588
1,135,e016,0.2887
1,135,e017,0.2973
1,135,e018,0.3289
1,135,e019,0.2997
1,135,e020,0.3565
1,135,e021,0.3407
1,135,e022,0.3369
1,135,e023,0.3074
1,135,e024,0.293
1,136,e001,0.3412
1,136,e002,0.32
1,136,e003,0.2921
1,136,e004,0.3792
1,136,e005,0.3165
1,136,e006,0.3516
1,136,e007,0.3585
1,136,e008,0.3167
1,136,e009,0.3936
1,136,e010,0.3586
1,136,e011,0.3288
1,136,e012,0.375
1,136,e013,0.3943
1,136,e014,0.3456
1,136,e015,0.3911
1,136,e016,0.3855
1,136,e017,0.3217
1,136,e018,0.3462
1,136,e019,0.4147
1,136,e020,0.3883
1,136,e021,0.4066
1,136,e022,0.3774
1,136,e023,0.3281
1,136,e024,0.3386
1,137,e001,0.35
1,137,e002,0.3496
1,137,e003,0.3066
1,137,e004,0.3796
1,137,e005,0.3522
1,137,e006,0.3007
1,137,e007,0.3243
1,137,e008,0.346
1,137,e009,0.3089
1,137,e010,0.3225
1,137,e011,0.3604
1,137,e012,0.3305
1,137,e013,0.3732
1,137,e014,0.3749
1,137,e015,0.3942
1,137,e016,0.3653
1,137,e017,0.3687
1,137,e018,0.3955
1,137,e019,0.3561
1,137,e020,0.3711
1,137,e021,0.326
1,137,e022,0.3575
1,137,e023,0.3299
1,137,e024,0.3464
1,138,e001,0.3013
1,138,e002,0.3116
1,138,e003,0.3096
1,138,e004,0.2652
1,138,e005,0.3328
1,138,e006,0.3602
1,138,e007,0.2681
1,138,e008,0.3076
1,138,e009,0.2871
1,138,e010,0.2817
1,138,e011,0.2947
1,138,e012,0.3191
1,138,e013,0.264
1,138,e014,0.2918
1,138,e015,0.3024
1,138,e016,0.3303
1,138,e017,0.3376
1,138,e018,0.3419
1,138,e019,0.282
1,138,e020,0.3119
1,138,e021,0.3371
1,138,e022,0.2859
1,138,e023,0.2731
1,138,e024,0.2959
1,139,e001,0.3461
1,139,e002,0.29
1,139,e003,0.3113
1,139,e004,0.3075
1,139,e005,0.3184
1,139,e006,0.3522
1,139,e007,0.3002
1,139,e008,0.298
1,139,e009,0.3165
1,139,e010,0.3439
1,139,e011,0.3266
1,139,e012,0.3705
1,139,e013,0.3524
1,139,e014,0.2997
1,139,e015,0.3397
1,139,e016,0.3278
1,139,e017,0.249
1,139,e018,0.2966
1,139,e019,0.3263
1,139,e020,0.2859
1,139,e021,0.3074
1,139,e022,0.3069
1,139,e023,0.3241
1,139,e024,0.3533
1,140,e001,0.3231
1,140,e002,0.3244
1,140,e003,0.3507
1,140,e004,0.3359
1,140,e005,0.3134
1,140,e006,0.3467
1,140,e007,0.3004
1,140,e008,0.3326
1,140,e009,0.2819
1,140,e010,0.2984
1,140,e011,0.3481
1,140,e012,0.3514
1,140,e013,0.3086
1,140,e014,0.3741
1,140,e015,0.4085
1,140,e016,0.3465
1,140,e017,0.3408
1,140,e018,0.34
1,140,e019,0.3618
1,140,e020,0.3791
1,140,e021,0.3143
1,140,e022,0.3968
1,140,e023,0.346
1,140,e024,0.2927
1,141,e001,0.2372
1,141,e002,0.3435
1,141,e003,0.2936
1,141,e004,0.2751
1,141,e005,0.2607
1,141,e006,0.3614
1,141,e007,0.2852
1,141,e008,0.3379
1,141,e009,0.2885
1,141,e010,0.3142
1,141,e011,0.318
1,141,e012,0.3155
1,141,e013,0.2922
1,141,e014,0.2729
1,141,e015,0.3018
1,141,e016,0.2904
1,141,e017,0.2619
1,141,e018,0.2719
1,141,e019,0.3423
1,141,e020,0.309
1,141,e021,0.298
1,141,e022,0.3646
1,141,e023,0.2778
1,141,e024,0.2824
1,142,e001,0.3203
1,142,e002,0.3085
1,142,e003,0.3543
1,142,e004,0.3354
1,142,e005,0.3037
1,142,e006,0.3537
1,142,e007,0.3717
1,142,e008,0.2965
1,142,e009,0.3077
1,142,e010,0.3615
1,142,e011,0.3739
1,142,e012,0.3335
1,142,e013,0.2691
1,142,e014,0.2826
1,142,e015,0.2974
1,142,e016,0.3616
1,142,e017,0.2904
1,142,e018,0.2961
1,142,e019,0.2882
1,142,e020,0.3177
1,142,e021,0.352
1,142,e022,0.3887
1,142,e023,0.261
1,142,e024,0.2625
1,143,e001,0.3072
1,143,e002,0.2986
1,143,e003,0.2987
1,143,e004,0.2792
1,143,e005,0.2895
1,143,e006,0.3027
1,143,e007,0.2631
1,143,e008,0.3354
1,143,e009,0.2654
1,143,e010,0.2671
1,143,e011,0.2883
1,143,e012,0.3042
1,143,e013,0.3298
1,143,e014,0.3098
1,143,e015,0.3268
1,143,e016,0.3094
1,143,e017,0.3405
1,143,e018,0.3291
1,143,e019,0.3313
1,143,e020,0.3424
1,143,e021,0.3194
1,143,e022,0.3028
1,143,e023,0.2744
1,143,e024,0.3402
1,144,e001,0.3397
1,144,e002,0.3285
1,144,e003,0.2796
1,144,e004,0.3206
1,144,e005,0.3406
1,144,e006,0.3388
1,144,e007,0.2982
1,144,e008,0.3336
1,144,e009,0.2964
1,144,e010,0.32
1,144,e011,0.3033
1,144,e012,0.2889
1,144,e013,0.2959
1,144,e014,0.3431
1,144,e015,0.3443
1,144,e016,0.3565
1,144,e017,0.3812
1,144,e018,0.357
1,144,e019,0.3189
1,144,e020,0.3235
1,144,e021,0.3186
1,144,e022,0.3043
1,144,e023,0.3484
1,144,e024,0.2902
1,145,e001,0.2925
1,145,e002,0.3047
1,145,e003,0.2723
1,145,e004,0.3197
1,145,e005,0.3019
1,145,e006,0.2639
1,145,e007,0.2511
1,145,e008,0.2257
1,145,e009,0.3526
1,145,e010,0.3141
1,145,e011,0.3148
1,145,e012,0.2736
1,145,e013,0.3208
1,145,e014,0.2817
1,145,e015,0.3264
1,145,e016,0.2753
1,145,e017,0.2916
1,145,e018,0.2972
1,145,e019,0.2923
1,145,e020,0.2913
1,145,e021,0.2327
1,145,e022,0.3138
1,145,e023,0.2294
1,145,e024,0.3412
1,146,e001,0.2422
1,146,e002,0.3326
1,146,e003,0.3214
1,146,e004,0.3543
1,146,e005,0.3649
1,146,e006,0.3219
1,146,e007,0.3367
1,146,e008,0.3856
1,146,e009,0.262
1,146,e010,0.3161
1,146,e011,0.3051
1,146,e012,0.2876
1,146,e013,0.2569
1,146,e014,0.3535
1,146,e015,0.3279
1,146,e016,0.3408
1,146,e017,0.3348
1,146,e018,0.3485
1,146,e019,0.3321
1,146,e020,0.3684
1,146,e021,0.2998
1,146,e022,0.3271
1,146,e023,0.3759
1,146,e024,0.3563
1,147,e001,0.3307
1,147,e002,0.2984
1,147,e003,0.2642
1,147,e004,0.2743
1,147,e005,0.3956
1,147,e006,0.3433
1,147,e007,0.3042
1,147,e008,0.3161
1,147,e009,0.3797
1,147,e010,0.3379
1,147,e011,0.2985
1,147,e012,0.2957
1,147,e013,0.3172
1,147,e014,0.2376
1,147,e015,0.2548
1,147,e016,0.3244
1,147,e017,0.321
1,147,e018,0.3242
1,147,e019,0.3239
1,147,e020,0.2918
1,147,e021,0.2702
1,147,e022,0.289
1,147,e023,0.3569
1,147,e024,0.2977
1,148,e001,0.3226
1,148,e002,0.2973
1,148,e003,0.2841
1,148,e004,0.2357
1,148,e005,0.2844
1,148,e006,0.3266
1,148,e007,0.3062
1,148,e008,0.2481
1,148,e009,0.3144
1,148,e010,0.2488
1,148,e011,0.2411
1,148,e012,0.248
1,148,e013,0.276
1,148,e014,0.2306
1,148,e015,0.3296
1,148,e016,0.2379
1,148,e017,0.3313
1,148,e018,0.2852
1,148,e019,0.2853
1,148,e020,0.2363
1,148,e021,0.2715
1,148,e022,0.2723
1,148,e023,0.2864
1,148,e024,0.2755
1,149,e001,0.3492
1,149,e002,0.3331
1,149,e003,0.379
1,149,e004,0.306
1,149,e005,0.4044
1,149,e006,0.3246
1,149,e007,0.3653
1,149,e008,0.4033
1,149,e009,0.306
1,149,e010,0.3805
1,149,e011,0.4058
1,149,e012,0.3672
1,149,e013,0.3509
1,149,e014,0.3731
1,149,e015,0.3418
1,149,e016,0.4022
1,149,e017,0.3695
1,149,e018,0.3666
1,149,e019,0.3792
1,149,e020,0.3652
1,149,e021,0.3818
1,149,e022,0.4086
1,149,e023,0.3445
1,149,e024,0.3581
1,150,e001,0.3991
1,150,e002,0.3047
1,150,e003,0.3376
1,150,e004,0.3298
1,150,e005,0.3717
1,150,e006,0.3653
1,150,e007,0.3637
1,150,e008,0.3334
1,150,e009,0.3457
1,150,e010,0.4097
1,150,e011,0.3673
1,150,e012,0.2976
1,150,e013,0.3852
1,150,e014,0.3819
1,150,e015,0.3693
1,150,e016,0.4116
1,150,e017,0.4221
1,150,e018,0.4161
1,150,e019,0.3341
1,150,e020,0.3664
1,150,e021,0.3821
1,150,e022,0.3725
1,150,e023,0.3547
1,150,e024,0.3916
1,151,e001,0.2815
1,151,e002,0.3255
1,151,e003,0.3553
1,151,e004,0.3528
1,151,e005,0.274
1,151,e006,0.371
1,151,e007,0.3566
1,151,e008,0.3194
1,151,e009,0.3483
1,151,e010,0.336
1,151,e011,0.2868
1,151,e012,0.3179
1,151,e013,0.3645
1,151,e014,0.3484
1,151,e015,0.3501
1,151,e016,0.2729
1,151,e017,0.3635
1,151,e018,0.3561
1,151,e019,0.3414
1,151,e020,0.3333
1,151,e021,0.3129
1,151,e022,0.2806
1,151,e023,0.3444
1,151,e024,0.2944
1,152,e001,0.3366
1,152,e002,0.3139
1,152,e003,0.3476
1,152,e004,0.3197
1,152,e005,0.332
1,152,e006,0.3052
1,152,e007,0.3486
1,152,e008,0.3416
1,152,e009,0.3182
1,152,e010,0.3346
1,152,e011,0.3113
1,152,e012,0.2968
1,152,e013,0.3528
1,152,e014,0.2892
1,152,e015,0.2984
1,152,e016,0.309
1,152,e017,0.3023
1,152,e018,0.3283
1,152,e019,0.3474
1,152,e020,0.3014
1,152,e021,0.3793
1,152,e022,0.2929
1,152,e023,0.353
1,152,e024,0.335
1,153,e001,0.2856
1,153,e002,0.3044
1,153,e003,0.3366
1,153,e004,0.3042
1,153,e005,0.2743
1,153,e006,0.2411
1,153,e007,0.2294
1,153,e008,0.2417
1,153,e009,0.2392
1,153,e010,0.3208
1,153,e011,0.2829
1,153,e012,0.3279
1,153,e013,0.2778
1,153,e014,0.3488
1,153,e015,0.3074
1,153,e016,0.2733
1,153,e017,0.3244
1,153,e018,0.2583
1,153,e019,0.2626
1,153,e020,0.2582
1,153,e021,0.2895
1,153,e022,0.3321
1,153,e023,0.2883
1,153,e024,0.2867
1,154,e001,0.357
1,154,e002,0.2941
1,154,e003,0.3943
1,154,e004,0.3278
1,154,e005,0.3967
1,154,e006,0.3333
1,154,e007,0.2834
1,154,e008,0.3363
1,154,e009,0.3668
1,154,e010,0.2873
1,154,e011,0.3912
1,154,e012,0.2901
1,154,e013,0.3739
1,154,e014,0.3092
1,154,e015,0.3275
1,154,e016,0.3103
1,154,e017,0.3144
1,154,e018,0.3834
1,154,e019,0.2765
1,154,e020,0.3629
1,154,e021,0.3534
1,154,e022,0.2958
1,154,e023,0.2995
1,154,e024,0.3417
1,155,e001,0.3378
1,155,e002,0.3435
1,155,e003,0.339
1,155,e004,0.3083
1,155,e005,0.3466
1,155,e006,0.3621
1,155,e007,0.3595
1,155,e008,0.3513
1,155,e009,0.3607
1,155,e010,0.3381
1,155,e011,0.3358
1,155,e012,0.362
1,155,e013,0.326
1,155,e014,0.3118
1,155,e015,0.3401
1,155,e016,0.3484
1,155,e017,0.2644
1,155,e018,0.3125
1,155,e019,0.3238
1,155,e020,0.2924
1,155,e021,0.365
1,155,e022,0.3822
1,155,e023,0.376
1,155,e024,0.3347
1,156,e001,0.3315
1,156,e002,0.3513
1,156,e003,0.3127
1,156,e004,0.3987
1,156,e005,0.3138
1,156,e006,0.3135
1,156,e007,0.388
1,156,e008,0.3174
1,156,e009,0.3408
1,156,e010,0.3082
1,156,e011,0.2909
1,156,e012,0.2829
1,156,e013,0.381
1,156,e014,0.3471
1,156,e015,0.3684
1,156,e016,0.3712
1,156,e017,0.3209
1,156,e018,0.368
1,156,e019,0.3511
1,156,e020,0.2986
1,156,e021,0.3417
1,156,e022,0.3529
1,156,e023,0.3913
1,156,e024,0.3174
1,157,e001,0.3215
1,157,e002,0.3715
1,157,e003,0.3012
1,157,e004,0.3886
1,157,e005,0.345
1,157,e006,0.3095
1,157,e007,0.3551
1,157,e008,0.3515
1,157,e009,0.3681
1,157,e010,0.2994
1,157,e011,0.3464
1,157,e012,0.3686
1,157,e013,0.3543
1,157,e014,0.3152
1,157,e015,0.3357
1,157,e016,0.3508
1,157,e017,0.3734
1,157,e018,0.3069
1,157,e019,0.3167
1,157,e020,0.3712
1,157,e021,0.3194
1,157,e022,0.3422
1,157,e023,0.3329
1,157,e024,0.3981
1,158,e001,0.2854
1,158,e002,0.2989
1,158,e003,0.3322
1,158,e004,0.3218
1,158,e005,0.341
1,158,e006,0.3549
1,158,e007,0.2671
1,158,e008,0.3517
1,158,e009,0.2967
1,158,e010,0.3345
1,158,e011,0.3586
1,158,e012,0.3402
1,158,e013,0.2752
1,158,e014,0.3339
1,158,e015,0.3327
1,158,e016,0.3534
1,158,e017,0.2811
1,158,e018,0.2794
1,158,e019,0.3583
1,158,e020,0.3709
1,158,e021,0.2559
1,158,e022,0.2757
1,158,e023,0.2907
1,158,e024,0.3478
1,159,e001,0.2858
1,159,e002,0.3318
1,159,e003,0.2726
1,159,e004,0.299
1,159,e005,0.3211
1,159,e006,0.2937
1,159,e007,0.3215
1,159,e008,0.2897
1,159,e009,0.2869
1,159,e010,0.2363
1,159,e011,0.3517
1,159,e012,0.2974
1,159,e013,0.2538
1,159,e014,0.2749
1,159,e015,0.2809
1,159,e016,0.2829
1,159,e017,0.2926
1,159,e018,0.3517
1,159,e019,0.3213
1,159,e020,0.3063
1,159,e021,0.361
1,159,e022,0.2328
1,159,e023,0.3248
1,159,e024,0.2501
1,160,e001,0.3206
1,160,e002,0.3241
1,160,e003,0.378
1,160,e004,0.3221
1,160,e005,0.2602
1,160,e006,0.3837
1,160,e007,0.3931
1,160,e008,0.3699
1,160,e009,0.3867
1,160,e010,0.3196
1,160,e011,0.3744
1,160,e012,0.2982
1,160,e013,0.3343
1,160,e014,0.2993
1,160,e015,0.3486
1,160,e016,0.2984
1,160,e017,0.3451
1,160,e018,0.3677
1,160,e019,0.2916
1,160,e020,0.3532
1,160,e021,0.3723
1,160,e022,0.3409
1,160,e023,0.3405
1,160,e024,0.3496
1,161,e001,0.4096
1,161,e002,0.3433
1,161,e003,0.3759
1,161,e004,0.357
1,161,e005,0.3779
1,161,e006,0.3647
1,161,e007,0.3662
1,161,e008,0.4068
1,161,e009,0.335
1,161,e010,0.3972
1,161,e011,0.3968
1,161,e012,0.368
1,161,e013,0.3668
1,161,e014,0.3623
1,161,e015,0.3872
1,161,e016,0.346
1,161,e017,0.3751
1,161,e018,0.3512
1,161,e019,0.3351
1,161,e020,0.3373
1,161,e021,0.3523
1,161,e022,0.4078
1,161,e023,0.3271
1,161,e024,0.3474
1,162,e001,0.3866
1,162,e002,0.367
1,162,e003,0.3705
1,162,e004,0.3913
1,162,e005,0.3947
1,162,e006,0.3609
1,162,e007,0.4194
1,162,e008,0.3629
1,162,e009,0.3793
1,162,e010,0.3071
1,162,e011,0.3505
1,162,e012,0.4159
1,162,e013,0.3921
1,162,e014,0.4369
1,162,e015,0.4022
1,162,e016,0.428
1,162,e017,0.3556
1,162,e018,0.3655
1,162,e019,0.3541
1,162,e020,0.353
1,162,e021,0.3534
1,162,e022,0.3929
1,162,e023,0.4269
1,162,e024,0.3197
1,163,e001,0.4174
1,163,e002,0.4018
1,163,e003,0.3967
1,163,e004,0.3771
1,163,e005,0.4206
1,163,e006,0.3337
1,163,e007,0.3586
1,163,e008,0.3848
1,163,e009,0.338
1,163,e010,0.3474
1,163,e011,0.3907
1,163,e012,0.371
1,163,e013,0.3947
1,163,e014,0.421
1,163,e015,0.3596
1,163,e016,0.3186
1,163,e017,0.3297
1,163,e018,0.3369
1,163,e019,0.3806
1,163,e020,0.3449
1,163,e021,0.3763
1,163,e022,0.3273
1,163,e023,0.342
1,163,e024,0.3527
1,164,e001,0.2912
1,164,e002,0.3574
1,164,e003,0.4085
1,164,e004,0.3562
1,164,e005,0.3454
1,164,e006,0.3844
1,164,e007,0.3458
1,164,e008,0.3542
1,164,e009,0.3715
1,164,e010,0.3368
1,164,e011,0.3123
1,164,e012,0.3115
1,164,e013,0.2953
1,164,e014,0.3536
1,164,e015,0.3351
1,164,e016,0.2945
1,164,e017,0.3851
1,164,e018,0.3643
1,164,e019,0.3824
1,164,e020,0.3536
1,164,e021,0.3437
1,164,e022,0.3666
1,164,e023,0.3456
1,164,e024,0.3695
1,165,e001,0.4051
1,165,e002,0.3853
1,165,e003,0.4203
1,165,e004,0.3596
1,165,e005,0.4007
1,165,e006,0.3963
1,165,e007,0.4232
1,165,e008,0.3069
1,165,e009,0.4334
1,165,e010,0.3378
1,165,e011,0.4097
1,165,e012,0.3729
1,165,e013,0.4379
1,165,e014,0.3655
1,165,e015,0.4019
1,165,e016,0.3824
1,165,e017,0.3938
1,165,e018,0.3596
1,165,e019,0.3634
1,165,e020,0.3301
1,165,e021,0.4248
1,165,e022,0.4231
1,165,e023,0.3915
1,165,e024,0.4119
1,166,e001,0.3296
1,166,e002,0.3918
1,166,e003,0.3629
1,166,e004,0.3374
1,166,e005,0.3215
1,166,e006,0.3641
1,166,e007,0.362
1,166,e008,0.3706
1,166,e009,0.3818
1,166,e010,0.3937
1,166,e011,0.3685
1,166,e012,0.4211
1,166,e013,0.2996
1,166,e014,0.3198
1,166,e015,0.3963
1,166,e016,0.317
1,166,e017,0.3792
1,166,e018,0.37
1,166,e019,0.3859
1,166,e020,0.3454
1,166,e021,0.3509
1,166,e022,0.3793
1,166,e023,0.3798
1,166,e024,0.3835
1,167,e001,0.3066
1,167,e002,0.3478
1,167,e003,0.3478
1,167,e004,0.3935
1,167,e005,0.4135
1,167,e006,0.3433
1,167,e007,0.3388
1,167,e008,0.3107
1,167,e009,0.344
1,167,e010,0.3354
1,167,e011,0.4234
1,167,e012,0.4052
1,167,e013,0.3882
1,167,e014,0.4042
1,167,e015,0.4144
1,167,e016,0.3413
1,167,e017,0.403
1,167,e018,0.3865
1,167,e019,0.3667
1,167,e020,0.3691
1,167,e021,0.3156
1,167,e022,0.3215
1,167,e023,0.3915
1,167,e024,0.3683
1,168,e001,0.3598
1,168,e002,0.4185
1,168,e003,0.4175
1,168,e004,0.3373
1,168,e005,0.3997
1,168,e006,0.407
1,168,e007,0.393
1,168,e008,0.3138
1,168,e009,0.3811
1,168,e010,0.4052
1,168,e011,0.3665
1,168,e012,0.3796
1,168,e013,0.3845
1,168,e014,0.3439
1,168,e015,0.3674
1,168,e016,0.3527
1,168,e017,0.3384
1,168,e018,0.3435
1,168,e019,0.401
1,168,e020,0.4011
1,168,e021,0.4041
1,168,e022,0.3587
1,168,e023,0.3939
1,168,e024,0.3821
1,169,e001,0.3484
1,169,e002,0.3404
1,169,e003,0.4077
1,169,e004,0.3434
1,169,e005,0.3316
1,169,e006,0.3856
1,169,e007,0.3185
1,169,e008,0.3519
1,169,e009,0.3108
1,169,e010,0.3589
1,169,e011,0.3454
1,169,e012,0.38
1,169,e013,0.3391
1,169,e014,0.3527
1,169,e015,0.2834
1,169,e016,0.3823
1,169,e017,0.3341
1,169,e018,0.2794
1,169,e019,0.3249
1,169,e020,0.3954
1,169,e021,0.3614
1,169,e022,0.364
1,169,e023,0.3668
1,169,e024,0.3157
1,170,e001,0.3646
1,170,e002,0.3319
1,170,e003,0.324
1,170,e004,0.3993
1,170,e005,0.3126
1,170,e006,0.3719
1,170,e007,0.3281
1,170,e008,0.3488
1,170,e009,0.3604
1,170,e010,0.3811
1,170,e011,0.4069
1,170,e012,0.3507
1,170,e013,0.3531
1,170,e014,0.3009
1,170,e015,0.309
1,170,e016,0.3018
1,170,e017,0.3629
1,170,e018,0.3621
1,170,e019,0.2975
1,170,e020,0.3372
1,170,e021,0.3629
1,170,e022,0.3216
1,170,e023,0.317
1,170,e024,0.3441
1,171,e001,0.3761
1,171,e002,0.3941
1,171,e003,0.4418
1,171,e004,0.3822
1,171,e005,0.3641
1,171,e006,0.385
1,171,e007,0.3905
1,171,e008,0.3653
1,171,e009,0.3805
1,171,e010,0.3411
1,171,e011,0.3773
1,171,e012,0.3536
1,171,e013,0.3357
1,171,e014,0.3662
1,171,e015,0.3744
1,171,e016,0.4356
1,171,e017,0.3597
1,171,e018,0.3499
1,171,e019,0.3255
1,171,e020,0.3786
1,171,e021,0.3914
1,171,e022,0.3435
1,171,e023,0.3604
1,171,e024,0.4325
1,172,e001,0.3764
1,172,e002,0.4
1,172,e003,0.3576
1,172,e004,0.4128
1,172,e005,0.3747
1,172,e006,0.4196
1,172,e007,0.3335
1,172,e008,0.3507
1,172,e009,0.3859
1,172,e010,0.371
1,172,e011,0.4402
1,172,e012,0.4267
1,172,e013,0.4122
1,172,e014,0.3983
1,172,e015,0.3964
1,172,e016,0.4049
1,172,e017,0.3751
1,172,e018,0.3686
1,172,e019,0.4076
1,172,e020,0.4617
1,172,e021,0.4185
1,172,e022,0.3913
1,172,e023,0.4134
1,172,e024,0.3334
1,173,e001,0.3635
1,173,e002,0.3973
1,173,e003,0.3936
1,173,e004,0.3646
1,173,e005,0.3512
1,173,e006,0.3353
1,173,e007,0.354
1,173,e008,0.3475
1,173,e009,0.4266
1,173,e010,0.3926
1,173,e011,0.3949
1,173,e012,0.33
1,173,e013,0.3535
1,173,e014,0.4188
1,173,e015,0.3589
1,173,e016,0.3385
1,173,e017,0.3072
1,173,e018,0.371
1,173,e019,0.381
1,173,e020,0.3256
1,173,e021,0.3703
1,173,e022,0.3302
1,173,e023,0.3053
1,173,e024,0.3722
1,174,e001,0.4051
1,174,e002,0.3719
1,174,e003,0.3985
1,174,e004,0.3797
1,174,e005,0.3983
1,174,e006,0.4092
1,174,e007,0.3847
1,174,e008,0.3964
1,174,e009,0.359
1,174,e010,0.4087
1,174,e011,0.4303
1,174,e012,0.3706
1,174,e013,0.3585
1,174,e014,0.3453
1,174,e015,0.3522
1,174,e016,0.385
1,174,e017,0.4386
1,174,e018,0.3748
1,174,e019,0.4413
1,174,e020,0.411
1,174,e021,0.3732
1,174,e022,0.2979
1,174,e023,0.363
1,174,e024,0.349
1,175,e001,0.3783
1,175,e002,0.377
1,175,e003,0.3202
1,175,e004,0.371
1,175,e005,0.3912
1,175,e006,0.3176
1,175,e007,0.3332
1,175,e008,0.3348
1,175,e009,0.3664
1,175,e010,0.4275
1,175,e011,0.3741
1,175,e012,0.4202
1,175,e013,0.3583
1,175,e014,0.4495
1,175,e015,0.3458
1,175,e016,0.3752
1,175,e017,0.3909
1,175,e018,0.3445
1,175,e019,0.35
1,175,e020,0.4021
1,175,e021,0.4219
1,175,e022,0.3899
1,175,e023,0.4111
1,175,e024,0.3679
1,176,e001,0.4468
1,176,e002,0.367
1,176,e003,0.3529
1,176,e004,0.3728
1,176,e005,0.4142
1,176,e006,0.4257
1,176,e007,0.3332
1,176,e008,0.3537
1,176,e009,0.3312
1,176,e010,0.3556
1,176,e011,0.3945
1,176,e012,0.3997
1,176,e013,0.3618
1,176,e014,0.4724
1,176,e015,0.4658
1,176,e016,0.361
1,176,e017,0.4382
1,176,e018,0.3965
1,176,e019,0.4467
1,176,e020,0.3784
1,176,e021,0.4027
1,176,e022,0.414
1,176,e023,0.3635
1,176,e024,0.3944
1,177,e001,0.4173
1,177,e002,0.4751
1,177,e003,0.4235
1,177,e004,0.4467
1,177,e005,0.4393
1,177,e006,0.4165
1,177,e007,0.4317
1,177,e008,0.4314
1,177,e009,0.4208
1,177,e010,0.4219
1,177,e011,0.4587
1,177,e012,0.47
1,177,e013,0.3983
1,177,e014,0.4555
1,177,e015,0.4138
1,177,e016,0.3981
1,177,e017,0.3918
1,177,e018,0.4708
1,177,e019,0.3849
1,177,e020,0.3998
1,177,e021,0.3889
1,177,e022,0.393
1,177,e023,0.4723
1,177,e024,0.4168
1,178,e001,0.3366
1,178,e002,0.3995
1,178,e003,0.4425
1,178,e004,0.3169
1,178,e005,0.4254
1,178,e006,0.4137
1,178,e007,0.4039
1,178,e008,0.3561
1,178,e009,0.331
1,178,e010,0.3961
1,178,e011,0.4058
1,178,e012,0.3314
1,178,e013,0.4286
1,178,e014,0.3956
1,178,e015,0.3582
1,178,e016,0.3193
1,178,e017,0.3687
1,178,e018,0.353
1,178,e019,0.3948
1,178,e020,0.3923
1,178,e021,0.3574
1,178,e022,0.3855
1,178,e023,0.3622
1,178,e024,0.3659
1,179,e001,0.3293
1,179,e002,0.3743
1,179,e003,0.3498
1,179,e004,0.3742
1,179,e005,0.3304
1,179,e006,0.3526
1,179,e007,0.3652
1,179,e008,0.3907
1,179,e009,0.4007
1,179,e010,0.438
1,179,e011,0.4248
1,179,e012,0.3726
1,179,e013,0.3329
1,179,e014,0.4138
1,179,e015,0.4113
1,179,e016,0.3528
1,179,e017,0.4194
1,179,e018,0.3541
1,179,e019,0.4445
1,179,e020,0.3639
1,179,e021,0.3845
1,179,e022,0.427
1,179,e023,0.3358
1,179,e024,0.4024
1,180,e001,0.3827
1,180,e002,0.3862
1,180,e003,0.448
1,180,e004,0.4135
1,180,e005,0.4764
1,180,e006,0.406
1,180,e007,0.5374
1,180,e008,0.5615
1,180,e009,0.5752
1,180,e010,0.5915
1,180,e011,0.5521
1,180,e012,0.5751
1,180,e013,0.4583
1,180,e014,0.4252
1,180,e015,0.3941
1,180,e016,0.4569
1,180,e017,0.4862
1,180,e018,0.4097
1,180,e019,0.5096
1,180,e020,0.4406
1,180,e021,0.3881
1,180,e022,0.3699
1,180,e023,0.4051
1,180,e024,0.46
1,181,e001,0.3667
1,181,e002,0.4514
1,181,e003,0.412
1,181,e004,0.3974
1,181,e005,0.3468
1,181,e006,0.4411
1,181,e007,0.5363
1,181,e008,0.5174
1,181,e009,0.5504
1,181,e010,0.592
1,181,e011,0.5731
1,181,e012,0.4956
1,181,e013,0.3747
1,181,e014,0.4022
1,181,e015,0.4605
1,181,e016,0.3804
1,181,e017,0.3956
1,181,e018,0.4611
1,181,e019,0.3876
1,181,e020,0.4052
1,181,e021,0.4456
1,181,e022,0.417
1,181,e023,0.4043
1,181,e024,0.381
1,182,e001,0.4021
1,182,e002,0.4406
1,182,e003,0.4722
1,182,e004,0.3325
1,182,e005,0.45
1,182,e006,0.3999
1,182,e007,0.5498
1,182,e008,0.4939
1,182,e009,0.5661
1,182,e010,0.514
1,182,e011,0.4892
1,182,e012,0.5182
1,182,e013,0.3804
1,182,e014,0.3962
1,182,e015,0.4036
1,182,e016,0.4289
1,182,e017,0.3448
1,182,e018,0.3698
1,182,e019,0.4456
1,182,e020,0.3577
1,182,e021,0.4206
1,182,e022,0.3874
1,182,e023,0.4243
1,182,e024,0.3815
1,183,e001,0.4302
1,183,e002,0.3833
1,183,e003,0.424
1,183,e004,0.3579
1,183,e005,0.3667
1,183,e006,0.4228
1,183,e007,0.5711
1,183,e008,0.549
1,183,e009,0.6005
1,183,e010,0.5238
1,183,e011,0.5845
1,183,e012,0.5845
1,183,e013,0.3973
1,183,e014,0.3679
1,183,e015,0.3665
1,183,e016,0.4073
1,183,e017,0.4356
1,183,e018,0.489
1,183,e019,0.4659
1,183,e020,0.4158
1,183,e021,0.4286
1,183,e022,0.4628
1,183,e023,0.3913
1,183,e024,0.4607
1,184,e001,0.4314
1,184,e002,0.3891
1,184,e003,0.4802
1,184,e004,0.3959
1,184,e005,0.4286
1,184,e006,0.4326
1,184,e007,0.561
1,184,e008,0.5319
1,184,e009,0.5678
1,184,e010,0.5771
1,184,e011,0.5668
1,184,e012,0.5768
1,184,e013,0.4277
1,184,e014,0.4058
1,184,e015,0.4034
1,184,e016,0.3595
1,184,e017,0.4245
1,184,e018,0.3801
1,184,e019,0.4666
1,184,e020,0.4463
1,184,e021,0.3908
1,184,e022,0.4337
1,184,e023,0.4029
1,184,e024,0.4141
1,185,e001,0.4055
1,185,e002,0.4118
1,185,e003,0.3824
1,185,e004,0.3858
1,185,e005,0.3931
1,185,e006,0.4387
1,185,e007,0.5653
1,185,e008,0.595
1,185,e009,0.6008
1,185,e010,0.4761
1,185,e011,0.5548
1,185,e012,0.5397
1,185,e013,0.4186
1,185,e014,0.4577
1,185,e015,0.3981
1,185,e016,0.4418
1,185,e017,0.3922
1,185,e018,0.4037
1,185,e019,0.3881
1,185,e020,0.4111
1,185,e021,0.4635
1,185,e022,0.41
1,185,e023,0.4223
1,185,e024,0.4214
1,186,e001,0.4623
1,186,e002,0.4051
1,186,e003,0.4276
1,186,e004,0.4598
1,186,e005,0.4203
1,186,e006,0.4252
1,186,e007,0.5394
1,186,e008,0.5988
1,186,e009,0.614
1,186,e010,0.5474
1,186,e011,0.5571
1,186,e012,0.5471
1,186,e013,0.4222
1,186,e014,0.4816
1,186,e015,0.4394
1,186,e016,0.4232
1,186,e017,0.4165
1,186,e018,0.4551
1,186,e019,0.4769
1,186,e020,0.4478
1,186,e021,0.4125
1,186,e022,0.4677
1,186,e023,0.4001
1,186,e024,0.4279
1,187,e001,0.3334
1,187,e002,0.4297
1,187,e003,0.3396
1,187,e004,0.3318
1,187,e005,0.4089
1,187,e006,0.3546
1,187,e007,0.4852
1,187,e008,0.5255
1,187,e009,0.464
1,187,e010,0.5131
1,187,e011,0.5038
1,187,e012,0.4587
1,187,e013,0.4212
1,187,e014,0.4196
1,187,e015,0.4104
1,187,e016,0.3329
1,187,e017,0.3656
1,187,e018,0.3635
1,187,e019,0.4365
1,187,e020,0.3594
1,187,e021,0.3645
1,187,e022,0.4025
1,187,e023,0.3883
1,187,e024,0.4261
1,188,e001,0.3966
1,188,e002,0.3627
1,188,e003,0.3829
1,188,e004,0.4457
1,188,e005,0.4036
1,188,e006,0.4488
1,188,e007,0.5587
1,188,e008,0.5548
1,188,e009,0.5734
1,188,e010,0.4815
1,188,e011,0.5492
1,188,e012,0.5628
1,188,e013,0.4314
1,188,e014,0.4128
1,188,e015,0.3861
1,188,e016,0.4045
1,188,e017,0.3499
1,188,e018,0.3747
1,188,e019,0.3801
1,188,e020,0.4342
1,188,e021,0.414
1,188,e022,0.3655
1,188,e023,0.397
1,188,e024,0.47
1,189,e001,0.447
1,189,e002,0.3916
1,189,e003,0.4267
1,189,e004,0.4147
1,189,e005,0.4597
1,189,e006,0.4786
1,189,e007,0.5195
1,189,e008,0.5614
1,189,e009,0.519
1,189,e010,0.5086
1,189,e011,0.5451
1,189,e012,0.5026
1,189,e013,0.4291
1,189,e014,0.3754
1,189,e015,0.4098
1,189,e016,0.3916
1,189,e017,0.4396
1,189,e018,0.4561
1,189,e019,0.4642
1,189,e020,0.3369
1,189,e021,0.4419
1,189,e022,0.4108
1,189,e023,0.376
1,189,e024,0.4336
1,190,e001,0.3839
1,190,e002,0.3952
1,190,e003,0.4499
1,190,e004,0.4279
1,190,e005,0.4872
1,190,e006,0.4407
1,190,e007,0.5236
1,190,e008,0.5481
1,190,e009,0.557
1,190,e010,0.5491
1,190,e011,0.548
1,190,e012,0.5574
1,190,e013,0.4921
1,190,e014,0.4003
1,190,e015,0.4309
1,190,e016,0.3986
1,190,e017,0.4573
1,190,e018,0.4483
1,190,e019,0.4737
1,190,e020,0.3973
1,190,e021,0.4503
1,190,e022,0.4615
1,190,e023,0.3926
1,190,e024,0.4771
1,191,e001,0.4559
1,191,e002,0.4278
1,191,e003,0.4191
1,191,e004,0.4405
1,191,e005,0.4464
1,191,e006,0.4275
1,191,e007,0.5153
1,191,e008,0.5754
1,191,e009,0.5646
1,191,e010,0.5598
1,191,e011,0.572
1,191,e012,0.5274
1,191,e013,0.4018
1,191,e014,0.4108
1,191,e015,0.4321
1,191,e016,0.4107
1,191,e017,0.4782
1,191,e018,0.3928
1,191,e019,0.4207
1,191,e020,0.4415
1,191,e021,0.4105
1,191,e022,0.4693
1,191,e023,0.4173
1,191,e024,0.3631
1,192,e001,0.4285
1,192,e002,0.4297
1,192,e003,0.3768
1,192,e004,0.4239
1,192,e005,0.4214
1,192,e006,0.3977
1,192,e007,0.4771
1,192,e008,0.6006
1,192,e009,0.5024
1,192,e010,0.5588
1,192,e011,0.5478
1,192,e012,0.5208
1,192,e013,0.3972
1,192,e014,0.4035
1,192,e015,0.428
1,192,e016,0.3903
1,192,e017,0.4609
1,192,e018,0.395
1,192,e019,0.3512
1,192,e020,0.4382
1,192,e021,0.4211
1,192,e022,0.3935
1,192,e023,0.4024
1,192,e024,0.3529
1,193,e001,0.4913
1,193,e002,0.4135
1,193,e003,0.4341
1,193,e004,0.4384
1,193,e005,0.4155
1,193,e006,0.4261
1,193,e007,0.5851
1,193,e008,0.5499
1,193,e009,0.522
1,193,e010,0.5835
1,193,e011,0.5929
1,193,e012,0.5176
1,193,e013,0.421
1,193,e014,0.4431
1,193,e015,0.4397
1,193,e016,0.4572
1,193,e017,0.3814
1,193,e018,0.4325
1,193,e019,0.388
1,193,e020,0.5025
1,193,e021,0.4409
1,193,e022,0.4087
1,193,e023,0.3898
1,193,e024,0.3712
1,194,e001,0.4708
1,194,e002,0.436
1,194,e003,0.4596
1,194,e004,0.4528
1,194,e005,0.4488
1,194,e006,0.4236
1,194,e007,0.5603
1,194,e008,0.5584
1,194,e009,0.5647
1,194,e010,0.5231
1,194,e011,0.5442
1,194,e012,0.5211
1,194,e013,0.4621
1,194,e014,0.4017
1,194,e015,0.3931
1,194,e016,0.4363
1,194,e017,0.471
1,194,e018,0.4421
1,194,e019,0.376
1,194,e020,0.4208
1,194,e021,0.397
1,194,e022,0.4078
1,194,e023,0.4418
1,194,e024,0.3753
1,195,e001,0.4466
1,195,e002,0.4707
1,195,e003,0.4974
1,195,e004,0.4224
1,195,e005,0.4932
1,195,e006,0.4161
1,195,e007,0.5509
1,195,e008,0.5669
1,195,e009,0.6118
1,195,e010,0.5847
1,195,e011,0.5818
1,195,e012,0.5318
1,195,e013,0.4638
1,195,e014,0.4175
1,195,e015,0.4073
1,195,e016,0.3976
1,195,e017,0.4909
1,195,e018,0.4813
1,195,e019,0.4219
1,195,e020,0.4996
1,195,e021,0.4881
1,195,e022,0.4915
1,195,e023,0.5052
1,195,e024,0.4369
1,196,e001,0.4526
1,196,e002,0.4174
1,196,e003,0.4535
1,196,e004,0.3477
1,196,e005,0.4238
1,196,e006,0.4469
1,196,e007,0.5285
1,196,e008,0.5207
1,196,e009,0.5009
1,196,e010,0.5479
1,196,e011,0.5031
1,196,e012,0.5786
1,196,e013,0.3782
1,196,e014,0.4128
1,196,e015,0.3922
1,196,e016,0.4186
1,196,e017,0.3693
1,196,e018,0.4281
1,196,e019,0.3767
1,196,e020,0.3547
1,196,e021,0.4751
1,196,e022,0.3576
1,196,e023,0.4059
1,196,e024,0.4316
1,197,e001,0.5067
1,197,e002,0.5064
1,197,e003,0.3954
1,197,e004,0.4729
1,197,e005,0.4743
1,197,e006,0.5192
1,197,e007,0.6116
1,197,e008,0.5846
1,197,e009,0.5501
1,197,e010,0.5686
1,197,e011,0.5504
1,197,e012,0.5686
1,197,e013,0.4818
1,197,e014,0.5305
1,197,e015,0.51
1,197,e016,0.4334
1,197,e017,0.4084
1,197,e018,0.4188
1,197,e019,0.4034
1,197,e020,0.4657
1,197,e021,0.428
1,197,e022,0.4803
1,197,e023,0.4476
1,197,e024,0.5038
1,198,e001,0.4465
1,198,e002,0.4936
1,198,e003,0.4815
1,198,e004,0.4949
1,198,e005,0.4757
1,198,e006,0.3791
1,198,e007,0.5797
1,198,e008,0.548
1,198,e009,0.6295
1,198,e010,0.5679
1,198,e011,0.5587
1,198,e012,0.5828
1,198,e013,0.4261
1,198,e014,0.386
1,198,e015,0.4376
1,198,e016,0.465
1,198,e017,0.4591
1,198,e018,0.4292
1,198,e019,0.4695
1,198,e020,0.4317
1,198,e021,0.4473
1,198,e022,0.4498
1,198,e023,0.4709
1,198,e024,0.4655
1,199,e001,0.4451
1,199,e002,0.4888
1,199,e003,0.4003
1,199,e004,0.4517
1,199,e005,0.4003
1,199,e006,0.4819
1,199,e007,0.5582
1,199,e008,0.5781
1,199,e009,0.5428
1,199,e010,0.5959
1,199,e011,0.529
1,199,e012,0.5709
1,199,e013,0.3892
1,199,e014,0.3984
1,199,e015,0.4186
1,199,e016,0.4353
1,199,e017,0.4018
1,199,e018,0.5152
1,199,e019,0.4005
1,199,e020,0.4466
1,199,e021,0.4461
1,199,e022,0.4291
1,199,e023,0.4801
1,199,e024,0.4397
1,200,e001,0.5025
1,200,e002,0.4154
1,200,e003,0.446
1,200,e004,0.4965
1,200,e005,0.4952
1,200,e006,0.4781
1,200,e007,0.849
1,200,e008,0.7878
1,200,e009,0.7763
1,200,e010,0.7963
1,200,e011,0.8248
1,200,e012,0.8414
1,200,e013,0.42
1,200,e014,0.4688
1,200,e015,0.5213
1,200,e016,0.4482
1,200,e017,0.4918
1,200,e018,0.4853
1,200,e019,0.4063
1,200,e020,0.4041
1,200,e021,0.4685
1,200,e022,0.4164
1,200,e023,0.4403
1,200,e024,0.5236
1,201,e001,0.4423
1,201,e002,0.4372
1,201,e003,0.4708
1,201,e004,0.5216
1,201,e005,0.4611
1,201,e006,0.4186
1,201,e007,0.8351
1,201,e008,0.7669
1,201,e009,0.7983
1,201,e010,0.829
1,201,e011,0.7915
1,201,e012,0.8366
1,201,e013,0.4541
1,201,e014,0.5169
1,201,e015,0.5005
1,201,e016,0.4448
1,201,e017,0.487
1,201,e018,0.452
1,201,e019,0.4713
1,201,e020,0.4766
1,201,e021,0.4332
1,201,e022,0.4468
1,201,e023,0.5145
1,201,e024,0.4904
1,202,e001,0.4234
1,202,e002,0.4052
1,202,e003,0.38
1,202,e004,0.3779
1,202,e005,0.372
1,202,e006,0.4497
1,202,e007,0.7154
1,202,e008,0.7541
1,202,e009,0.7521
1,202,e010,0.772
1,202,e011,0.7163
1,202,e012,0.7662
1,202,e013,0.4083
1,202,e014,0.403
1,202,e015,0.4254
1,202,e016,0.3703
1,202,e017,0.4649
1,202,e018,0.435
1,202,e019,0.4198
1,202,e020,0.385
1,202,e021,0.4234
1,202,e022,0.4518
1,202,e023,0.4301
1,202,e024,0.4177
1,203,e001,0.5291
1,203,e002,0.4978
1,203,e003,0.4807
1,203,e004,0.5119
1,203,e005,0.5043
1,203,e006,0.5311
1,203,e007,0.7775
1,203,e008,0.815
1,203,e009,0.7538
1,203,e010,0.7603
1,203,e011,0.8399
1,203,e012,0.761
1,203,e013,0.4775
1,203,e014,0.4553
1,203,e015,0.5025
1,203,e016,0.4683
1,203,e017,0.4942
1,203,e018,0.5496
1,203,e019,0.5176
1,203,e020,0.454
1,203,e021,0.4644
1,203,e022,0.4332
1,203,e023,0.5133
1,203,e024,0.4253
1,204,e001,0.4271
1,204,e002,0.4684
1,204,e003,0.4521
1,204,e004,0.437
1,204,e005,0.508
1,204,e006,0.4345
1,204,e007,0.8449
1,204,e008,0.7929
1,204,e009,0.8005
1,204,e010,0.7984
1,204,e011,0.8013
1,204,e012,0.7729
1,204,e013,0.4678
1,204,e014,0.4986
1,204,e015,0.4604
1,204,e016,0.4457
1,204,e017,0.503
1,204,e018,0.4806
1,204,e019,0.4598
1,204,e020,0.5294
1,204,e021,0.4255
1,204,e022,0.4617
1,204,e023,0.4857
1,204,e024,0.4472
1,205,e001,0.4885
1,205,e002,0.4917
1,205,e003,0.4836
1,205,e004,0.4557
1,205,e005,0.4852
1,205,e006,0.4512
1,205,e007,0.7502
1,205,e008,0.7651
1,205,e009,0.8292
1,205,e010,0.8319
1,205,e011,0.779
1,205,e012,0.7777
1,205,e013,0.4898
1,205,e014,0.4166
1,205,e015,0.4915
1,205,e016,0.4211
1,205,e017,0.4657
1,205,e018,0.4584
1,205,e019,0.4296
1,205,e020,0.4075
1,205,e021,0.456
1,205,e022,0.4558
1,205,e023,0.4923
1,205,e024,0.425
1,206,e001,0.4802
1,206,e002,0.4902
1,206,e003,0.4799
1,206,e004,0.4414
1,206,e005,0.4552
1,206,e006,0.493
1,206,e007,0.7692
1,206,e008,0.8228
1,206,e009,0.8427
1,206,e010,0.7834
1,206,e011,0.7999
1,206,e012,0.8056
1,206,e013,0.4943
1,206,e014,0.5006
1,206,e015,0.44
1,206,e016,0.5351
1,206,e017,0.4181
1,206,e018,0.4801
1,206,e019,0.4852
1,206,e020,0.5062
1,206,e021,0.4416
1,206,e022,0.4859
1,206,e023,0.5262
1,206,e024,0.5206
1,207,e001,0.4381
1,207,e002,0.4569
1,207,e003,0.433
1,207,e004,0.4262
1,207,e005,0.4558
1,207,e006,0.43
1,207,e007,0.7347
1,207,e008,0.7458
1,207,e009,0.761
1,207,e010,0.7964
1,207,e011,0.7634
1,207,e012,0.769
1,207,e013,0.4437
1,207,e014,0.4158
1,207,e015,0.4143
1,207,e016,0.446
1,207,e017,0.3986
1,207,e018,0.4651
1,207,e019,0.4076
1,207,e020,0.4252
1,207,e021,0.4486
1,207,e022,0.4501
1,207,e023,0.4408
1,207,e024,0.3947
1,208,e001,0.4879
1,208,e002,0.4732
1,208,e003,0.4838
1,208,e004,0.4848
1,208,e005,0.4773
1,208,e006,0.4539
1,208,e007,0.8071
1,208,e008,0.7745
1,208,e009,0.753
1,208,e010,0.8151
1,208,e011,0.7561
1,208,e012,0.7625
1,208,e013,0.4631
1,208,e014,0.51
1,208,e015,0.4221
1,208,e016,0.4698
1,208,e017,0.4124
1,208,e018,0.4405
1,208,e019,0.5016
1,208,e020,0.4039
1,208,e021,0.4192
1,208,e022,0.4726
1,208,e023,0.4119
1,208,e024,0.419
1,209,e001,0.55
1,209,e002,0.5059
1,209,e003,0.4749
1,209,e004,0.4862
1,209,e005,0.4644
1,209,e006,0.5205
1,209,e007,0.7837
1,209,e008,0.8902
1,209,e009,0.8681
1,209,e010,0.7895
1,209,e011,0.7833
1,209,e012,0.8441
1,209,e013,0.4591
1,209,e014,0.4941
1,209,e015,0.5577
1,209,e016,0.5361
1,209,e017,0.5312
1,209,e018,0.4715
1,209,e019,0.483
1,209,e020,0.503
1,209,e021,0.5073
1,209,e022,0.455
1,209,e023,0.4741
1,209,e024,0.4634
1,210,e001,0.5228
1,210,e002,0.4898
1,210,e003,0.4542
1,210,e004,0.51
1,210,e005,0.5372
1,210,e006,0.5177
1,210,e007,0.8761
1,210,e008,0.8089
1,210,e009,0.8065
1,210,e010,0.8805
1,210,e011,0.8524
1,210,e012,0.7838
1,210,e013,0.4879
1,210,e014,0.5091
1,210,e015,0.4828
1,210,e016,0.535
1,210,e017,0.4881
1,210,e018,0.5144
1,210,e019,0.4636
1,210,e020,0.4709
1,210,e021,0.4897
1,210,e022,0.4695
1,210,e023,0.506
1,210,e024,0.4582
1,211,e001,0.5372
1,211,e002,0.4996
1,211,e003,0.4587
1,211,e004,0.4477
1,211,e005,0.4973
1,211,e006,0.4798
1,211,e007,0.8325
1,211,e008,0.7589
1,211,e009,0.7808
1,211,e010,0.8003
1,211,e011,0.8423
1,211,e012,0.812
1,211,e013,0.4357
1,211,e014,0.4492
1,211,e015,0.4755
1,211,e016,0.529
1,211,e017,0.5245
1,211,e018,0.4708
1,211,e019,0.4956
1,211,e020,0.5179
1,211,e021,0.4397
1,211,e022,0.4599
1,211,e023,0.4422
1,211,e024,0.4781
1,212,e001,0.4615
1,212,e002,0.511
1,212,e003,0.5337
1,212,e004,0.4418
1,212,e005,0.4894
1,212,e006,0.5332
1,212,e007,0.8551
1,212,e008,0.814
1,212,e009,0.815
1,212,e010,0.7788
1,212,e011,0.813
1,212,e012,0.7961
1,212,e013,0.4836
1,212,e014,0.5383
1,212,e015,0.4738
1,212,e016,0.5102
1,212,e017,0.5461
1,212,e018,0.4953
1,212,e019,0.5358
1,212,e020,0.4763
1,212,e021,0.533
1,212,e022,0.4475
1,212,e023,0.4539
1,212,e024,0.4362
1,213,e001,0.4775
1,213,e002,0.5128
1,213,e003,0.5239
1,213,e004,0.4607
1,213,e005,0.4785
1,213,e006,0.4799
1,213,e007,0.7843
1,213,e008,0.7653
1,213,e009,0.7865
1,213,e010,0.8053
1,213,e011,0.7665
1,213,e012,0.8086
1,213,e013,0.5098
1,213,e014,0.5342
1,213,e015,0.5395
1,213,e016,0.5462
1,213,e017,0.4434
1,213,e018,0.5285
1,213,e019,0.4333
1,213,e020,0.4869
1,213,e021,0.4681
1,213,e022,0.4586
1,213,e023,0.4646
1,213,e024,0.4732
1,214,e001,0.4669
1,214,e002,0.4621
1,214,e003,0.4386
1,214,e004,0.5054
1,214,e005,0.463
1,214,e006,0.502
1,214,e007,0.8478
1,214,e008,0.8357
1,214,e009,0.8028
1,214,e010,0.7816
1,214,e011,0.8567
1,214,e012,0.8559
1,214,e013,0.4929
1,214,e014,0.4479
1,214,e015,0.4741
1,214,e016,0.5283
1,214,e017,0.449
1,214,e018,0.4332
1,214,e019,0.4912
1,214,e020,0.498
1,214,e021,0.4516
1,214,e022,0.548
1,214,e023,0.5117
1,214,e024,0.4335
1,215,e001,0.4659
1,215,e002,0.5425
1,215,e003,0.4964
1,215,e004,0.4905
1,215,e005,0.519
1,215,e006,0.5548
1,215,e007,0.8175
1,215,e008,0.7892
1,215,e009,0.797
1,215,e010,0.8162
1,215,e011,0.7909
1,215,e012,0.8526
1,215,e013,0.5576
1,215,e014,0.4851
1,215,e015,0.5494
1,215,e016,0.5338
1,215,e017,0.4725
1,215,e018,0.5441
1,215,e019,0.5274
1,215,e020,0.5045
1,215,e021,0.5077
1,215,e022,0.4466
1,215,e023,0.5319
1,215,e024,0.489
1,216,e001,0.4678
1,216,e002,0.5214
1,216,e003,0.4582
1,216,e004,0.3802
1,216,e005,0.407
1,216,e006,0.4525
1,216,e007,0.7855
1,216,e008,0.811
1,216,e009,0.8368
1,216,e010,0.8182
1,216,e011,0.8
1,216,e012,0.7706
1,216,e013,0.5135
1,216,e014,0.5197
1,216,e015,0.4657
1,216,e016,0.4409
1,216,e017,0.4619
1,216,e018,0.4858
1,216,e019,0.4448
1,216,e020,0.4274
1,216,e021,0.416
1,216,e022,0.4867
1,216,e023,0.4376
1,216,e024,0.4582
1,217,e001,0.4619
1,217,e002,0.4576
1,217,e003,0.4879
1,217,e004,0.4283
1,217,e005,0.4769
1,217,e006,0.4276
1,217,e007,0.8689
1,217,e008,0.7662
1,217,e009,0.8222
1,217,e010,0.7523
1,217,e011,0.8
1,217,e012,0.8692
1,217,e013,0.501
1,217,e014,0.4406
1,217,e015,0.4661
1,217,e016,0.4245
1,217,e017,0.4069
1,217,e018,0.453
1,217,e019,0.4866
1,217,e020,0.4799
1,217,e021,0.4151
1,217,e022,0.4865
1,217,e023,0.4985
1,217,e024,0.4777
1,218,e001,0.4215
1,218,e002,0.4392
1,218,e003,0.4335
1,218,e004,0.4921
1,218,e005,0.4476
1,218,e006,0.473
1,218,e007,0.5564
1,218,e008,0.5167
1,218,e009,0.5334
1,218,e010,0.5994
1,218,e011,0.6301
1,218,e012,0.5726
1,218,e013,0.4606
1,218,e014,0.4749
1,218,e015,0.4271
1,218,e016,0.397
1,218,e017,0.4624
1,218,e018,0.4948
1,218,e019,0.4751
1,218,e020,0.4034
1,218,e021,0.4643
1,218,e022,0.4569
1,218,e023,0.4899
1,218,e024,0.4576
1,219,e001,0.4746
1,219,e002,0.4269
1,219,e003,0.4682
1,219,e004,0.4637
1,219,e005,0.4024
1,219,e006,0.442
1,219,e007,0.5929
1,219,e008,0.5646
1,219,e009,0.627
1,219,e010,0.6186
1,219,e011,0.5763
1,219,e012,0.5584
1,219,e013,0.4226
1,219,e014,0.434
1,219,e015,0.4716
1,219,e016,0.4872
1,219,e017,0.4425
1,219,e018,0.441
1,219,e019,0.4088
1,219,e020,0.4681
1,219,e021,0.4239
1,219,e022,0.4706
1,219,e023,0.4928
1,219,e024,0.5021
1,220,e001,0.5203
1,220,e002,0.469
1,220,e003,0.4942
1,220,e004,0.4589
1,220,e005,0.5153
1,220,e006,0.4674
1,220,e007,0.6707
1,220,e008,0.6174
1,220,e009,0.6374
1,220,e010,0.6455
1,220,e011,0.6617
1,220,e012,0.6543
1,220,e013,0.4864
1,220,e014,0.5186
1,220,e015,0.5275
1,220,e016,0.5609
1,220,e017,0.4819
1,220,e018,0.4683
1,220,e019,0.5344
1,220,e020,0.4602
1,220,e021,0.4503
1,220,e022,0.5102
1,220,e023,0.5248
1,220,e024,0.4746
1,221,e001,0.4319
1,221,e002,0.426
1,221,e003,0.4951
1,221,e004,0.4721
1,221,e005,0.4913
1,221,e006,0.4314
1,221,e007,0.5216
1,221,e008,0.5554
1,221,e009,0.6007
1,221,e010,0.5586
1,221,e011,0.6164
1,221,e012,0.6066
1,221,e013,0.4745
1,221,e014,0.4037
1,221,e015,0.4423
1,221,e016,0.4008
1,221,e017,0.4544
1,221,e018,0.4389
1,221,e019,0.4552
1,221,e020,0.4043
1,221,e021,0.4338
1,221,e022,0.4479
1,221,e023,0.4066
1,221,e024,0.4272
1,222,e001,0.4348
1,222,e002,0.4313
1,222,e003,0.4036
1,222,e004,0.4669
1,222,e005,0.3993
1,222,e006,0.4354
1,222,e007,0.5056
1,222,e008,0.5233
1,222,e009,0.6004
1,222,e010,0.5264
1,222,e011,0.5618
1,222,e012,0.5513
1,222,e013,0.41
1,222,e014,0.4339
1,222,e015,0.4872
1,222,e016,0.4118
1,222,e017,0.3804
1,222,e018,0.4032
1,222,e019,0.44
1,222,e020,0.3954
1,222,e021,0.3664
1,222,e022,0.4575
1,222,e023,0.4272
1,222,e024,0.4393
1,223,e001,0.5585
1,223,e002,0.5012
1,223,e003,0.5279
1,223,e004,0.4724
1,223,e005,0.5415
1,223,e006,0.4898
1,223,e007,0.5958
1,223,e008,0.6047
1,223,e009,0.6391
1,223,e010,0.605
1,223,e011,0.6397
1,223,e012,0.5967
1,223,e013,0.5503
1,223,e014,0.4526
1,223,e015,0.4806
1,223,e016,0.454
1,223,e017,0.4577
1,223,e018,0.4799
1,223,e019,0.4589
1,223,e020,0.4967
1,223,e021,0.4155
1,223,e022,0.5258
1,223,e023,0.4786
1,223,e024,0.4421
1,224,e001,0.5597
1,224,e002,0.5425
1,224,e003,0.5554
1,224,e004,0.5243
1,224,e005,0.4798
1,224,e006,0.4743
1,224,e007,0.6966
1,224,e008,0.6696
1,224,e009,0.6793
1,224,e010,0.6171
1,224,e011,0.6328
1,224,e012,0.6476
1,224,e013,0.4925
1,224,e014,0.549
1,224,e015,0.5259
1,224,e016,0.4779
1,224,e017,0.4952
1,224,e018,0.5585
1,224,e019,0.5498
1,224,e020,0.5006
1,224,e021,0.5475
1,224,e022,0.5249
1,224,e023,0.4856
1,224,e024,0.545
1,225,e001,0.4585
1,225,e002,0.4259
1,225,e003,0.5001
1,225,e004,0.4409
1,225,e005,0.4962
1,225,e006,0.4649
1,225,e007,0.5875
1,225,e008,0.5669
1,225,e009,0.6434
1,225,e010,0.668
1,225,e011,0.645
1,225,e012,0.6506
1,225,e013,0.4493
1,225,e014,0.5074
1,225,e015,0.4594
1,225,e016,0.518
1,225,e017,0.5135
1,225,e018,0.4445
1,225,e019,0.4573
1,225,e020,0.4348
1,225,e021,0.4392
1,225,e022,0.4791
1,225,e023,0.4412
1,225,e024,0.421
1,226,e001,0.4725
1,226,e002,0.4757
1,226,e003,0.4826
1,226,e004,0.5276
1,226,e005,0.5493
1,226,e006,0.4838
1,226,e007,0.6537
1,226,e008,0.6273
1,226,e009,0.6743
1,226,e010,0.6351
1,226,e011,0.6537
1,226,e012,0.6613
1,226,e013,0.4493
1,226,e014,0.5281
1,226,e015,0.5574
1,226,e016,0.514
1,226,e017,0.538
1,226,e018,0.5045
1,226,e019,0.5334
1,226,e020,0.5322
1,226,e021,0.5074
1,226,e022,0.519
1,226,e023,0.5033
1,226,e024,0.496
1,227,e001,0.3932
1,227,e002,0.499
1,227,e003,0.4297
1,227,e004,0.5117
1,227,e005,0.4777
1,227,e006,0.4511
1,227,e007,0.571
1,227,e008,0.5696
1,227,e009,0.5487
1,227,e010,0.6442
1,227,e011,0.5453
1,227,e012,0.6301
1,227,e013,0.4493
1,227,e014,0.4359
1,227,e015,0.4505
1,227,e016,0.4574
1,227,e017,0.4333
1,227,e018,0.4558
1,227,e019,0.4501
1,227,e020,0.4396
1,227,e021,0.4683
1,227,e022,0.4571
1,227,e023,0.4418
1,227,e024,0.4463
1,228,e001,0.531
1,228,e002,0.5434
1,228,e003,0.474
1,228,e004,0.4511
1,228,e005,0.4612
1,228,e006,0.493
1,228,e007,0.6246
1,228,e008,0.6609
1,228,e009,0.6517
1,228,e010,0.6184
1,228,e011,0.6199
1,228,e012,0.6292
1,228,e013,0.4446
1,228,e014,0.5216
1,228,e015,0.4532
1,228,e016,0.4698
1,228,e017,0.5124
1,228,e018,0.5065
1,228,e019,0.5041
1,228,e020,0.5378
1,228,e021,0.5025
1,228,e022,0.5262
1,228,e023,0.4517
1,228,e024,0.4386
1,229,e001,0.4666
1,229,e002,0.5152
1,229,e003,0.5293
1,229,e004,0.4453
1,229,e005,0.4838
1,229,e006,0.4857
1,229,e007,0.5808
1,229,e008,0.6257
1,229,e009,0.5974
1,229,e010,0.6361
1,229,e011,0.6298
1,229,e012,0.6197
1,229,e013,0.4786
1,229,e014,0.4345
1,229,e015,0.4611
1,229,e016,0.5266
1,229,e017,0.4457
1,229,e018,0.447
1,229,e019,0.4693
1,229,e020,0.3982
1,229,e021,0.5043
1,229,e022,0.4566
1,229,e023,0.421
1,229,e024,0.4766
1,230,e001,0.4057
1,230,e002,0.4671
1,230,e003,0.4603
1,230,e004,0.4197
1,230,e005,0.4868
1,230,e006,0.4686
1,230,e007,0.5377
1,230,e008,0.6552
1,230,e009,0.626
1,230,e010,0.6363
1,230,e011,0.5616
1,230,e012,0.6354
1,230,e013,0.4878
1,230,e014,0.4329
1,230,e015,0.4772
1,230,e016,0.5008
1,230,e017,0.4112
1,230,e018,0.472
1,230,e019,0.4667
1,230,e020,0.4927
1,230,e021,0.4555
1,230,e022,0.4292
1,230,e023,0.4816
1,230,e024,0.521
1,231,e001,0.5348
1,231,e002,0.4621
1,231,e003,0.5441
1,231,e004,0.4851
1,231,e005,0.4838
1,231,e006,0.4828
1,231,e007,0.587
1,231,e008,0.5911
1,231,e009,0.5997
1,231,e010,0.5717
1,231,e011,0.6449
1,231,e012,0.679
1,231,e013,0.4788
1,231,e014,0.5244
1,231,e015,0.5052
1,231,e016,0.4938
1,231,e017,0.4548
1,231,e018,0.4775
1,231,e019,0.5144
1,231,e020,0.4385
1,231,e021,0.4483
1,231,e022,0.4695
1,231,e023,0.4865
1,231,e024,0.429
1,232,e001,0.507
1,232,e002,0.4879
1,232,e003,0.4265
1,232,e004,0.4867
1,232,e005,0.4729
1,232,e006,0.4705
1,232,e007,0.5925
1,232,e008,0.576
1,232,e009,0.6433
1,232,e010,0.601
1,232,e011,0.5759
1,232,e012,0.6597
1,232,e013,0.476
1,232,e014,0.4851
1,232,e015,0.4659
1,232,e016,0.4244
1,232,e017,0.485
1,232,e018,0.4181
1,232,e019,0.4647
1,232,e020,0.4193
1,232,e021,0.4917
1,232,e022,0.5145
1,232,e023,0.4707
1,232,e024,0.4413
1,233,e001,0.5464
1,233,e002,0.4853
1,233,e003,0.4845
1,233,e004,0.4994
1,233,e005,0.5587
1,233,e006,0.5255
1,233,e007,0.6094
1,233,e008,0.5714
1,233,e009,0.597
1,233,e010,0.594
1,233,e011,0.6482
1,233,e012,0.6287
1,233,e013,0.5442
1,233,e014,0.4898
1,233,e015,0.475
1,233,e016,0.5349
1,233,e017,0.4991
1,233,e018,0.4441
1,233,e019,0.5468
1,233,e020,0.5104
1,233,e021,0.4248
1,233,e022,0.5537
1,233,e023,0.4639
1,233,e024,0.4863
1,234,e001,0.4471
1,234,e002,0.5288
1,234,e003,0.5177
1,234,e004,0.4681
1,234,e005,0.4334
1,234,e006,0.3917
1,234,e007,0.6359
1,234,e008,0.5922
1,234,e009,0.6407
1,234,e010,0.5879
1,234,e011,0.5392
1,234,e012,0.5629
1,234,e013,0.4344
1,234,e014,0.4705
1,234,e015,0.4978
1,234,e016,0.4577
1,234,e017,0.4438
1,234,e018,0.4527
1,234,e019,0.4635
1,234,e020,0.4987
1,234,e021,0.4563
1,234,e022,0.4588
1,234,e023,0.4435
1,234,e024,0.4708
1,235,e001,0.422
1,235,e002,0.4789
1,235,e003,0.48
1,235,e004,0.433
1,235,e005,0.4409
1,235,e006,0.4438
1,235,e007,0.6044
1,235,e008,0.6307
1,235,e009,0.5576
1,235,e010,0.5841
1,235,e011,0.6247
1,235,e012,0.588
1,235,e013,0.4305
1,235,e014,0.4757
1,235,e015,0.4648
1,235,e016,0.4228
1,235,e017,0.4176
1,235,e018,0.4438
1,235,e019,0.4715
1,235,e020,0.497
1,235,e021,0.5018
1,235,e022,0.5035
1,235,e023,0.4459
1,235,e024,0.4163
1,236,e001,0.5077
1,236,e002,0.4701
1,236,e003,0.4905
1,236,e004,0.4992
1,236,e005,0.4932
1,236,e006,0.4547
1,236,e007,0.6834
1,236,e008,0.6432
1,236,e009,0.6303
1,236,e010,0.6644
1,236,e011,0.658
1,236,e012,0.5843
1,236,e013,0.4591
1,236,e014,0.4965
1,236,e015,0.4707
1,236,e016,0.4814
1,236,e017,0.5562
1,236,e018,0.5252
1,236,e019,0.5423
1,236,e020,0.5233
1,236,e021,0.5383
1,236,e022,0.5115
1,236,e023,0.4307
1,236,e024,0.5007
1,237,e001,0.4314
1,237,e002,0.4797
1,237,e003,0.4346
1,237,e004,0.4921
1,237,e005,0.5206
1,237,e006,0.5022
1,237,e007,0.5996
1,237,e008,0.5381
1,237,e009,0.6286
1,237,e010,0.6101
1,237,e011,0.638
1,237,e012,0.5505
1,237,e013,0.4684
1,237,e014,0.4565
1,237,e015,0.4447
1,237,e016,0.4875
1,237,e017,0.468
1,237,e018,0.4691
1,237,e019,0.5023
1,237,e020,0.4799
1,237,e021,0.4773
1,237,e022,0.519
1,237,e023,0.4801
1,237,e024,0.5295
1,238,e001,0.4786
1,238,e002,0.4809
1,238,e003,0.4508
1,238,e004,0.4376
1,238,e005,0.4722
1,238,e006,0.4529
1,238,e007,0.6656
1,238,e008,0.6322
1,238,e009,0.5815
1,238,e010,0.5648
1,238,e011,0.589
1,238,e012,0.61
1,238,e013,0.5017
1,238,e014,0.4696
1,238,e015,0.4252
1,238,e016,0.503
1,238,e017,0.4632
1,238,e018,0.5183
1,238,e019,0.4937
1,238,e020,0.531
1,238,e021,0.5216
1,238,e022,0.5053
1,238,e023,0.4371
1,238,e024,0.4837
1,239,e001,0.5268
1,239,e002,0.5054
1,239,e003,0.5311
1,239,e004,0.4671
1,239,e005,0.46
1,239,e006,0.5028
1,239,e007,0.6043
1,239,e008,0.615
1,239,e009,0.6168
1,239,e010,0.6026
1,239,e011,0.6381
1,239,e012,0.6177
1,239,e013,0.4385
1,239,e014,0.5675
1,239,e015,0.4748
1,239,e016,0.4973
1,239,e017,0.4194
1,239,e018,0.4437
1,239,e019,0.5242
1,239,e020,0.5114
1,239,e021,0.5124
1,239,e022,0.4902
1,239,e023,0.4914
1,239,e024,0.509
1,240,e001,0.3966
1,240,e002,0.4584
1,240,e003,0.4742
1,240,e004,0.4843
1,240,e005,0.4347
1,240,e006,0.3844
1,240,e007,0.5304
1,240,e008,0.518
1,240,e009,0.5553
1,240,e010,0.5689
1,240,e011,0.5862
1,240,e012,0.5325
1,240,e013,0.3876
1,240,e014,0.4099
1,240,e015,0.4381
1,240,e016,0.4161
1,240,e017,0.4478
1,240,e018,0.3946
1,240,e019,0.4456
1,240,e020,0.4568
1,240,e021,0.4588
1,240,e022,0.4644
1,240,e023,0.4986
1,240,e024,0.4786
1,241,e001,0.5374
1,241,e002,0.5283
1,241,e003,0.4739
1,241,e004,0.5345
1,241,e005,0.5309
1,241,e006,0.52
1,241,e007,0.6608
1,241,e008,0.6039
1,241,e009,0.6038
1,241,e010,0.6862
1,241,e011,0.6676
1,241,e012,0.6213
1,241,e013,0.5095
1,241,e014,0.4809
1,241,e015,0.501
1,241,e016,0.5263
1,241,e017,0.5454
1,241,e018,0.5329
1,241,e019,0.4764
1,241,e020,0.5237
1,241,e021,0.5432
1,241,e022,0.5011
1,241,e023,0.4803
1,241,e024,0.5332
1,242,e001,0.3913
1,242,e002,0.3758
1,242,e003,0.4618
1,242,e004,0.4597
1,242,e005,0.4394
1,242,e006,0.4197
1,242,e007,0.5425
1,242,e008,0.6027
1,242,e009,0.5544
1,242,e010,0.6022
1,242,e011,0.5038
1,242,e012,0.5976
1,242,e013,0.3834
1,242,e014,0.4205
1,242,e015,0.4498
1,242,e016,0.3683
1,242,e017,0.4667
1,242,e018,0.3968
1,242,e019,0.4357
1,242,e020,0.48
1,242,e021,0.4978
1,242,e022,0.4819
1,242,e023,0.3778
1,242,e024,0.4179
1,243,e001,0.4524
1,243,e002,0.4216
1,243,e003,0.4334
1,243,e004,0.4046
1,243,e005,0.4333
1,243,e006,0.4493
1,243,e007,0.5182
1,243,e008,0.5497
1,243,e009,0.563
1,243,e010,0.528
1,243,e011,0.5737
1,243,e012,0.509
1,243,e013,0.4206
1,243,e014,0.4216
1,243,e015,0.4678
1,243,e016,0.3971
1,243,e017,0.3794
1,243,e018,0.4455
1,243,e019,0.3769
1,243,e020,0.4102
1,243,e021,0.4278
1,243,e022,0.4749
1,243,e023,0.4796
1,243,e024,0.4069
1,244,e001,0.4517
1,244,e002,0.4185
1,244,e003,0.5007
1,244,e004,0.4467
1,244,e005,0.5105
1,244,e006,0.4118
1,244,e007,0.5662
1,244,e008,0.5805
1,244,e009,0.5819
1,244,e010,0.5472
1,244,e011,0.6249
1,244,e012,0.6346
1,244,e013,0.4416
1,244,e014,0.4192
1,244,e015,0.4894
1,244,e016,0.4475
1,244,e017,0.4828
1,244,e018,0.497
1,244,e019,0.4628
1,244,e020,0.4859
1,244,e021,0.5038
1,244,e022,0.3961
1,244,e023,0.4689
1,244,e024,0.5065
1,245,e001,0.465
1,245,e002,0.4332
1,245,e003,0.4686
1,245,e004,0.4584
1,245,e005,0.4162
1,245,e006,0.3996
1,245,e007,0.5709
1,245,e008,0.5932
1,245,e009,0.5624
1,245,e010,0.5893
1,245,e011,0.5482
1,245,e012,0.6066
1,245,e013,0.5068
1,245,e014,0.4073
1,245,e015,0.3839
1,245,e016,0.426
1,245,e017,0.3983
1,245,e018,0.4585
1,245,e019,0.5049
1,245,e020,0.4447
1,245,e021,0.4076
1,245,e022,0.3986
1,245,e023,0.4268
1,245,e024,0.4134
1,246,e001,0.5087
1,246,e002,0.3848
1,246,e003,0.4122
1,246,e004,0.498
1,246,e005,0.4802
1,246,e006,0.4183
1,246,e007,0.5918
1,246,e008,0.5804
1,246,e009,0.5482
1,246,e010,0.6
1,246,e011,0.612
1,246,e012,0.5537
1,246,e013,0.4847
1,246,e014,0.4549
1,246,e015,0.4284
1,246,e016,0.3977
1,246,e017,0.3745
1,246,e018,0.4615
1,246,e019,0.4435
1,246,e020,0.4521
1,246,e021,0.4357
1,246,e022,0.441
1,246,e023,0.456
1,246,e024,0.4635
1,247,e001,0.4182
1,247,e002,0.3802
1,247,e003,0.4551
1,247,e004,0.3724
1,247,e005,0.4146
1,247,e006,0.4534
1,247,e007,0.5974
1,247,e008,0.597
1,247,e009,0.5891
1,247,e010,0.5766
1,247,e011,0.581
1,247,e012,0.5256
1,247,e013,0.4419
1,247,e014,0.4371
1,247,e015,0.4339
1,247,e016,0.444
1,247,e017,0.4064
1,247,e018,0.404
1,247,e019,0.3909
1,247,e020,0.3649
1,247,e021,0.3967
1,247,e022,0.3883
1,247,e023,0.3875
1,247,e024,0.4284
1,248,e001,0.4786
1,248,e002,0.3889
1,248,e003,0.3835
1,248,e004,0.3695
1,248,e005,0.4506
1,248,e006,0.3774
1,248,e007,0.5749
1,248,e008,0.5647
1,248,e009,0.5612
1,248,e010,0.5443
1,248,e011,0.5832
1,248,e012,0.6071
1,248,e013,0.3829
1,248,e014,0.4025
1,248,e015,0.4193
1,248,e016,0.4061
1,248,e017,0.3748
1,248,e018,0.4235
1,248,e019,0.3811
1,248,e020,0.3762
1,248,e021,0.4612
1,248,e022,0.4855
1,248,e023,0.3839
1,248,e024,0.447
1,249,e001,0.4081
1,249,e002,0.4425
1,249,e003,0.4506
1,249,e004,0.5025
1,249,e005,0.4082
1,249,e006,0.4462
1,249,e007,0.5794
1,249,e008,0.6249
1,249,e009,0.568
1,249,e010,0.6145
1,249,e011,0.6127
1,249,e012,0.6267
1,249,e013,0.419
1,249,e014,0.4872
1,249,e015,0.4581
1,249,e016,0.4812
1,249,e017,0.5206
1,249,e018,0.4549
1,249,e019,0.4763
1,249,e020,0.4357
1,249,e021,0.4524
1,249,e022,0.4149
1,249,e023,0.4617
1,249,e024,0.4978
1,250,e001,0.4055
1,250,e002,0.4534
1,250,e003,0.445
1,250,e004,0.4401
1,250,e005,0.4278
1,250,e006,0.465
1,250,e007,0.5304
1,250,e008,0.5783
1,250,e009,0.5577
1,250,e010,0.5405
1,250,e011,0.5976
1,250,e012,0.5424
1,250,e013,0.4647
1,250,e014,0.4334
1,250,e015,0.4955
1,250,e016,0.4568
1,250,e017,0.4505
1,250,e018,0.4175
1,250,e019,0.4598
1,250,e020,0.499
1,250,e021,0.4481
1,250,e022,0.4781
1,250,e023,0.4205
1,250,e024,0.4231
1,251,e001,0.4005
1,251,e002,0.422
1,251,e003,0.4943
1,251,e004,0.448
1,251,e005,0.4785
1,251,e006,0.4373
1,251,e007,0.6014
1,251,e008,0.5635
1,251,e009,0.5863
1,251,e010,0.6259
1,251,e011,0.5997
1,251,e012,0.5443
1,251,e013,0.4767
1,251,e014,0.4239
1,251,e015,0.454
1,251,e016,0.4278
1,251,e017,0.4823
1,251,e018,0.4299
1,251,e019,0.478
1,251,e020,0.5103
1,251,e021,0.4053
1,251,e022,0.4047
1,251,e023,0.4772
1,251,e024,0.4648
1,252,e001,0.4664
1,252,e002,0.5396
1,252,e003,0.4957
1,252,e004,0.4654
1,252,e005,0.4813
1,252,e006,0.4311
1,252,e007,0.6328
1,252,e008,0.6284
1,252,e009,0.5818
1,252,e010,0.5617
1,252,e011,0.6561
1,252,e012,0.5535
1,252,e013,0.4796
1,252,e014,0.5033
1,252,e015,0.4612
1,252,e016,0.4489
1,252,e017,0.4878
1,252,e018,0.4474
1,252,e019,0.4948
1,252,e020,0.4667
1,252,e021,0.4317
1,252,e022,0.4967
1,252,e023,0.4963
1,252,e024,0.5509
1,253,e001,0.4345
1,253,e002,0.4768
1,253,e003,0.4998
1,253,e004,0.4184
1,253,e005,0.4433
1,253,e006,0.4421
1,253,e007,0.5541
1,253,e008,0.5825
1,253,e009,0.5038
1,253,e010,0.5652
1,253,e011,0.5903
1,253,e012,0.5593
1,253,e013,0.4787
1,253,e014,0.4735
1,253,e015,0.4087
1,253,e016,0.4285
1,253,e017,0.4717
1,253,e018,0.4421
1,253,e019,0.4502
1,253,e020,0.4691
1,253,e021,0.4936
1,253,e022,0.4149
1,253,e023,0.4552
1,253,e024,0.4577
1,254,e001,0.4494
1,254,e002,0.4841
1,254,e003,0.3993
1,254,e004,0.4063
1,254,e005,0.4955
1,254,e006,0.4141
1,254,e007,0.5122
1,254,e008,0.549
1,254,e009,0.5739
1,254,e010,0.5959
1,254,e011,0.5319
1,254,e012,0.5186
1,254,e013,0.4746
1,254,e014,0.4674
1,254,e015,0.4589
1,254,e016,0.4202
1,254,e017,0.5222
1,254,e018,0.4815
1,254,e019,0.4571
1,254,e020,0.4484
1,254,e021,0.4595
1,254,e022,0.4696
1,254,e023,0.5044
1,254,e024,0.4032
1,255,e001,0.4346
1,255,e002,0.4824
1,255,e003,0.4517
1,255,e004,0.4469
1,255,e005,0.4408
1,255,e006,0.4528
1,255,e007,0.5348
1,255,e008,0.5492
1,255,e009,0.5804
1,255,e010,0.6086
1,255,e011,0.5462
1,255,e012,0.6135
1,255,e013,0.4058
1,255,e014,0.5114
1,255,e015,0.4903
1,255,e016,0.5152
1,255,e017,0.4843
1,255,e018,0.4898
1,255,e019,0.49
1,255,e020,0.4705
1,255,e021,0.44
1,255,e022,0.4978
1,255,e023,0.4039
1,255,e024,0.4933
1,256,e001,0.3987
1,256,e002,0.4527
1,256,e003,0.4431
1,256,e004,0.4152
1,256,e005,0.4555
1,256,e006,0.4512
1,256,e007,0.5872
1,256,e008,0.5546
1,256,e009,0.5562
1,256,e010,0.5924
1,256,e011,0.5388
1,256,e012,0.5956
1,256,e013,0.405
1,256,e014,0.4251
1,256,e015,0.3565
1,256,e016,0.4708
1,256,e017,0.4764
1,256,e018,0.3586
1,256,e019,0.4228
1,256,e020,0.4865
1,256,e021,0.41
1,256,e022,0.4189
1,256,e023,0.4637
1,256,e024,0.4262
1,257,e001,0.4453
1,257,e002,0.3916
1,257,e003,0.3797
1,257,e004,0.3614
1,257,e005,0.3547
1,257,e006,0.4592
1,257,e007,0.487
1,257,e008,0.5566
1,257,e009,0.4452
1,257,e010,0.5156
1,257,e011,0.5047
1,257,e012,0.5167
1,257,e013,0.3868
1,257,e014,0.3906
1,257,e015,0.369
1,257,e016,0.4737
1,257,e017,0.4221
1,257,e018,0.4084
1,257,e019,0.4156
1,257,e020,0.388
1,257,e021,0.4297
1,257,e022,0.4302
1,257,e023,0.4389
1,257,e024,0.3945
1,258,e001,0.4283
1,258,e002,0.4808
1,258,e003,0.4027
1,258,e004,0.4016
1,258,e005,0.5003
1,258,e006,0.4283
1,258,e007,0.5856
1,258,e008,0.6187
1,258,e009,0.5264
1,258,e010,0.5148
1,258,e011,0.5604
1,258,e012,0.4986
1,258,e013,0.413
1,258,e014,0.451
1,258,e015,0.4261
1,258,e016,0.4652
1,258,e017,0.4045
1,258,e018,0.372
1,258,e019,0.441
1,258,e020,0.4693
1,258,e021,0.4485
1,258,e022,0.4012
1,258,e023,0.4149
1,258,e024,0.4531
1,259,e001,0.387
1,259,e002,0.4528
1,259,e003,0.5027
1,259,e004,0.491
1,259,e005,0.4103
1,259,e006,0.3957
1,259,e007,0.5604
1,259,e008,0.5664
1,259,e009,0.553
1,259,e010,0.5313
1,259,e011,0.5848
1,259,e012,0.5854
1,259,e013,0.4128
1,259,e014,0.3849
1,259,e015,0.4903
1,259,e016,0.4834
1,259,e017,0.5031
1,259,e018,0.4883
1,259,e019,0.4178
1,259,e020,0.4159
1,259,e021,0.4442
1,259,e022,0.4985
1,259,e023,0.4057
1,259,e024,0.423
1,260,e001,0.4244
1,260,e002,0.3478
1,260,e003,0.4506
1,260,e004,0.3941
1,260,e005,0.3922
1,260,e006,0.4626
1,260,e007,0.5719
1,260,e008,0.5923
1,260,e009,0.5399
1,260,e010,0.512
1,260,e011,0.5241
1,260,e012,0.5999
1,260,e013,0.3493
1,260,e014,0.3882
1,260,e015,0.442
1,260,e016,0.4095
1,260,e017,0.3737
1,260,e018,0.3591
1,260,e019,0.4501
1,260,e020,0.4255
1,260,e021,0.4102
1,260,e022,0.3838
1,260,e023,0.4513
1,260,e024,0.42
1,261,e001,0.374
1,261,e002,0.4169
1,261,e003,0.3836
1,261,e004,0.3814
1,261,e005,0.392
1,261,e006,0.4566
1,261,e007,0.5014
1,261,e008,0.5443
1,261,e009,0.5048
1,261,e010,0.5826
1,261,e011,0.5762
1,261,e012,0.5323
1,261,e013,0.4123
1,261,e014,0.4802
1,261,e015,0.4064
1,261,e016,0.4406
1,261,e017,0.4069
1,261,e018,0.4513
1,261,e019,0.4229
1,261,e020,0.4398
1,261,e021,0.4453
1,261,e022,0.4463
1,261,e023,0.4561
1,261,e024,0.4594
1,262,e001,0.3842
1,262,e002,0.4176
1,262,e003,0.4264
1,262,e004,0.3892
1,262,e005,0.4468
1,262,e006,0.3891
1,262,e007,0.4901
1,262,e008,0.558
1,262,e009,0.5813
1,262,e010,0.5276
1,262,e011,0.4928
1,262,e012,0.5111
1,262,e013,0.4141
1,262,e014,0.3977
1,262,e015,0.4533
1,262,e016,0.3858
1,262,e017,0.4016
1,262,e018,0.388
1,262,e019,0.4134
1,262,e020,0.4126
1,262,e021,0.4344
1,262,e022,0.4304
1,262,e023,0.3599
1,262,e024,0.3779
1,263,e001,0.4561
1,263,e002,0.3728
1,263,e003,0.428
1,263,e004,0.3953
1,263,e005,0.3333
1,263,e006,0.4332
1,263,e007,0.5061
1,263,e008,0.5618
1,263,e009,0.5651
1,263,e010,0.5607
1,263,e011,0.5205
1,263,e012,0.4864
1,263,e013,0.4758
1,263,e014,0.3847
1,263,e015,0.4278
1,263,e016,0.3969
1,263,e017,0.4745
1,263,e018,0.4064
1,263,e019,0.4498
1,263,e020,0.3685
1,263,e021,0.4073
1,263,e022,0.4224
1,263,e023,0.4286
1,263,e024,0.3888
1,264,e001,0.3697
1,264,e002,0.3856
1,264,e003,0.4458
1,264,e004,0.4055
1,264,e005,0.4366
1,264,e006,0.3719
1,264,e007,0.5364
1,264,e008,0.5795
1,264,e009,0.4684
1,264,e010,0.5447
1,264,e011,0.5023
1,264,e012,0.5428
1,264,e013,0.4635
1,264,e014,0.3465
1,264,e015,0.3468
1,264,e016,0.394
1,264,e017,0.3751
1,264,e018,0.3545
1,264,e019,0.4132
1,264,e020,0.3812
1,264,e021,0.4259
1,264,e022,0.4331
1,264,e023,0.4134
1,264,e024,0.4145
1,265,e001,0.3657
1,265,e002,0.359
1,265,e003,0.3591
1,265,e004,0.3981
1,265,e005,0.4344
1,265,e006,0.4254
1,265,e007,0.5422
1,265,e008,0.5401
1,265,e009,0.5513
1,265,e010,0.5224
1,265,e011,0.5064
1,265,e012,0.4972
1,265,e013,0.4349
1,265,e014,0.3705
1,265,e015,0.366
1,265,e016,0.4342
1,265,e017,0.4535
1,265,e018,0.4286
1,265,e019,0.3804
1,265,e020,0.3626
1,265,e021,0.3979
1,265,e022,0.3724
1,265,e023,0.4219
1,265,e024,0.351
1,266,e001,0.3465
1,266,e002,0.4223
1,266,e003,0.417
1,266,e004,0.4329
1,266,e005,0.4895
1,266,e006,0.4539
1,266,e007,0.5502
1,266,e008,0.5163
1,266,e009,0.583
1,266,e010,0.5075
1,266,e011,0.5813
1,266,e012,0.5906
1,266,e013,0.3727
1,266,e014,0.4371
1,266,e015,0.4222
1,266,e016,0.4302
1,266,e017,0.3936
1,266,e018,0.4018
1,266,e019,0.4326
1,266,e020,0.423
1,266,e021,0.4064
1,266,e022,0.3619
1,266,e023,0.44
1,266,e024,0.3878
1,267,e001,0.4189
1,267,e002,0.4467
1,267,e003,0.4252
1,267,e004,0.4474
1,267,e005,0.4179
1,267,e006,0.468
1,267,e007,0.5496
1,267,e008,0.5762
1,267,e009,0.5225
1,267,e010,0.5775
1,267,e011,0.5854
1,267,e012,0.5323
1,267,e013,0.4226
1,267,e014,0.4107
1,267,e015,0.379
1,267,e016,0.3867
1,267,e017,0.4329
1,267,e018,0.3982
1,267,e019,0.3875
1,267,e020,0.4873
1,267,e021,0.3812
1,267,e022,0.4013
1,267,e023,0.4036
1,267,e024,0.3939
1,268,e001,0.4567
1,268,e002,0.4576
1,268,e003,0.4291
1,268,e004,0.3696
1,268,e005,0.4015
1,268,e006,0.4316
1,268,e007,0.5483
1,268,e008,0.5534
1,268,e009,0.5718
1,268,e010,0.5279
1,268,e011,0.4788
1,268,e012,0.5467
1,268,e013,0.4328
1,268,e014,0.4018
1,268,e015,0.4289
1,268,e016,0.4437
1,268,e017,0.4458
1,268,e018,0.4207
1,268,e019,0.42
1,268,e020,0.4098
1,268,e021,0.4074
1,268,e022,0.3945
1,268,e023,0.387
1,268,e024,0.4362
1,269,e001,0.402
1,269,e002,0.3907
1,269,e003,0.4277
1,269,e004,0.431
1,269,e005,0.3109
1,269,e006,0.4448
1,269,e007,0.5321
1,269,e008,0.5979
1,269,e009,0.4926
1,269,e010,0.5105
1,269,e011,0.5824
1,269,e012,0.5006
1,269,e013,0.3495
1,269,e014,0.4274
1,269,e015,0.3754
1,269,e016,0.3921
1,269,e017,0.4391
1,269,e018,0.3886
1,269,e019,0.3523
1,269,e020,0.4422
1,269,e021,0.4039
1,269,e022,0.4183
1,269,e023,0.4014
1,269,e024,0.3436
1,270,e001,0.4426
1,270,e002,0.3594
1,270,e003,0.3587
1,270,e004,0.41
1,270,e005,0.3857
1,270,e006,0.3771
1,270,e007,0.3785
1,270,e008,0.3993
1,270,e009,0.3582
1,270,e010,0.3827
1,270,e011,0.4236
1,270,e012,0.424
1,270,e013,0.4515
1,270,e014,0.3767
1,270,e015,0.4177
1,270,e016,0.3938
1,270,e017,0.3843
1,270,e018,0.4297
1,270,e019,0.3569
1,270,e020,0.4362
1,270,e021,0.437
1,270,e022,0.3879
1,270,e023,0.3564
1,270,e024,0.4423
1,271,e001,0.3921
1,271,e002,0.4382
1,271,e003,0.3759
1,271,e004,0.3559
1,271,e005,0.3912
1,271,e006,0.3863
1,271,e007,0.4246
1,271,e008,0.3588
1,271,e009,0.3507
1,271,e010,0.3788
1,271,e011,0.4149
1,271,e012,0.3717
1,271,e013,0.3961
1,271,e014,0.4045
1,271,e015,0.4009
1,271,e016,0.3902
1,271,e017,0.3638
1,271,e018,0.3994
1,271,e019,0.3995
1,271,e020,0.3583
1,271,e021,0.4467
1,271,e022,0.3537
1,271,e023,0.433
1,271,e024,0.3726
1,272,e001,0.3422
1,272,e002,0.4
1,272,e003,0.3399
1,272,e004,0.3383
1,272,e005,0.3232
1,272,e006,0.3001
1,272,e007,0.3099
1,272,e008,0.3105
1,272,e009,0.3619
1,272,e010,0.2993
1,272,e011,0.3896
1,272,e012,0.3448
1,272,e013,0.3101
1,272,e014,0.3682
1,272,e015,0.3678
1,272,e016,0.3728
1,272,e017,0.3398
1,272,e018,0.3288
1,272,e019,0.3924
1,272,e020,0.3783
1,272,e021,0.3764
1,272,e022,0.415
1,272,e023,0.3346
1,272,e024,0.3027
1,273,e001,0.3897
1,273,e002,0.4803
1,273,e003,0.4279
1,273,e004,0.4211
1,273,e005,0.418
1,273,e006,0.4741
1,273,e007,0.3899
1,273,e008,0.4711
1,273,e009,0.3917
1,273,e010,0.4636
1,273,e011,0.46
1,273,e012,0.451
1,273,e013,0.4016
1,273,e014,0.4169
1,273,e015,0.4492
1,273,e016,0.4082
1,273,e017,0.4397
1,273,e018,0.4739
1,273,e019,0.4995
1,273,e020,0.4233
1,273,e021,0.3985
1,273,e022,0.4236
1,273,e023,0.4069
1,273,e024,0.4725
1,274,e001,0.3455
1,274,e002,0.3096
1,274,e003,0.3767
1,274,e004,0.343
1,274,e005,0.2915
1,274,e006,0.3036
1,274,e007,0.3583
1,274,e008,0.3203
1,274,e009,0.3833
1,274,e010,0.2776
1,274,e011,0.3405
1,274,e012,0.3824
1,274,e013,0.3617
1,274,e014,0.391
1,274,e015,0.342
1,274,e016,0.3435
1,274,e017,0.3201
1,274,e018,0.2981
1,274,e019,0.345
1,274,e020,0.2958
1,274,e021,0.3332
1,274,e022,0.3318
1,274,e023,0.3485
1,274,e024,0.3817
1,275,e001,0.3852
1,275,e002,0.3361
1,275,e003,0.337
1,275,e004,0.3431
1,275,e005,0.3821
1,275,e006,0.4018
1,275,e007,0.3553
1,275,e008,0.4242
1,275,e009,0.3727
1,275,e010,0.4161
1,275,e011,0.3658
1,275,e012,0.4108
1,275,e013,0.3626
1,275,e014,0.3946
1,275,e015,0.3291
1,275,e016,0.3762
1,275,e017,0.3688
1,275,e018,0.3824
1,275,e019,0.3475
1,275,e020,0.3478
1,275,e021,0.3322
1,275,e022,0.3435
1,275,e023,0.341
1,275,e024,0.4049
1,276,e001,0.4107
1,276,e002,0.3576
1,276,e003,0.3844
1,276,e004,0.3864
1,276,e005,0.3914
1,276,e006,0.3493
1,276,e007,0.392
1,276,e008,0.417
1,276,e009,0.4226
1,276,e010,0.407
1,276,e011,0.4364
1,276,e012,0.4658
1,276,e013,0.4283
1,276,e014,0.3975
1,276,e015,0.4735
1,276,e016,0.3996
1,276,e017,0.3694
1,276,e018,0.4367
1,276,e019,0.4354
1,276,e020,0.4354
1,276,e021,0.3448
1,276,e022,0.3711
1,276,e023,0.3555
1,276,e024,0.4362
1,277,e001,0.3236
1,277,e002,0.4083
1,277,e003,0.3954
1,277,e004,0.4706
1,277,e005,0.4148
1,277,e006,0.3415
1,277,e007,0.3437
1,277,e008,0.3663
1,277,e009,0.3575
1,277,e010,0.4329
1,277,e011,0.4242
1,277,e012,0.3315
1,277,e013,0.3989
1,277,e014,0.3665
1,277,e015,0.4139
1,277,e016,0.3798
1,277,e017,0.417
1,277,e018,0.3709
1,277,e019,0.3523
1,277,e020,0.3393
1,277,e021,0.4158
1,277,e022,0.3409
1,277,e023,0.3287
1,277,e024,0.4143
1,278,e001,0.4038
1,278,e002,0.363
1,278,e003,0.3539
1,278,e004,0.4141
1,278,e005,0.3923
1,278,e006,0.3089
1,278,e007,0.4296
1,278,e008,0.3445
1,278,e009,0.3695
1,278,e010,0.4069
1,278,e011,0.314
1,278,e012,0.3825
1,278,e013,0.37
1,278,e014,0.4252
1,278,e015,0.354
1,278,e016,0.3822
1,278,e017,0.4189
1,278,e018,0.3844
1,278,e019,0.3533
1,278,e020,0.333
1,278,e021,0.4092
1,278,e022,0.4124
1,278,e023,0.3853
1,278,e024,0.4144
1,279,e001,0.2902
1,279,e002,0.4013
1,279,e003,0.3234
1,279,e004,0.3266
1,279,e005,0.353
1,279,e006,0.3932
1,279,e007,0.3736
1,279,e008,0.3454
1,279,e009,0.3704
1,279,e010,0.3956
1,279,e011,0.3174
1,279,e012,0.3926
1,279,e013,0.3542
1,279,e014,0.3478
1,279,e015,0.3593
1,279,e016,0.393
1,279,e017,0.3468
1,279,e018,0.3331
1,279,e019,0.4026
1,279,e020,0.363
1,279,e021,0.3507
1,279,e022,0.333
1,279,e023,0.3671
1,279,e024,0.3628
1,280,e001,0.3621
1,280,e002,0.3697
1,280,e003,0.3625
1,280,e004,0.3391
1,280,e005,0.3579
1,280,e006,0.3166
1,280,e007,0.3696
1,280,e008,0.2918
1,280,e009,0.3207
1,280,e010,0.3927
1,280,e011,0.3692
1,280,e012,0.3136
1,280,e013,0.3561
1,280,e014,0.4013
1,280,e015,0.3242
1,280,e016,0.3865
1,280,e017,0.2886
1,280,e018,0.3741
1,280,e019,0.3155
1,280,e020,0.294
1,280,e021,0.373
1,280,e022,0.2971
1,280,e023,0.3309
1,280,e024,0.3714
1,281,e001,0.3663
1,281,e002,0.328
1,281,e003,0.4256
1,281,e004,0.3567
1,281,e005,0.3228
1,281,e006,0.4008
1,281,e007,0.4044
1,281,e008,0.3434
1,281,e009,0.3789
1,281,e010,0.3498
1,281,e011,0.3659
1,281,e012,0.3232
1,281,e013,0.3488
1,281,e014,0.398
1,281,e015,0.3586
1,281,e016,0.3255
1,281,e017,0.4021
1,281,e018,0.3391
1,281,e019,0.3906
1,281,e020,0.3676
1,281,e021,0.3854
1,281,e022,0.362
1,281,e023,0.3117
1,281,e024,0.3436
1,282,e001,0.3437
1,282,e002,0.4307
1,282,e003,0.3744
1,282,e004,0.3709
1,282,e005,0.4163
1,282,e006,0.3432
1,282,e007,0.3679
1,282,e008,0.4151
1,282,e009,0.4234
1,282,e010,0.4345
1,282,e011,0.3868
1,282,e012,0.3775
1,282,e013,0.3909
1,282,e014,0.3792
1,282,e015,0.381
1,282,e016,0.3466
1,282,e017,0.4256
1,282,e018,0.3755
1,282,e019,0.4439
1,282,e020,0.3958
1,282,e021,0.4042
1,282,e022,0.4474
1,282,e023,0.3386
1,282,e024,0.4157
1,283,e001,0.3938
1,283,e002,0.3742
1,283,e003,0.3763
1,283,e004,0.3182
1,283,e005,0.3044
1,283,e006,0.3194
1,283,e007,0.3899
1,283,e008,0.3333
1,283,e009,0.3088
1,283,e010,0.3923
1,283,e011,0.2757
1,283,e012,0.377
1,283,e013,0.3953
1,283,e014,0.3164
1,283,e015,0.3068
1,283,e016,0.3129
1,283,e017,0.3543
1,283,e018,0.3535
1,283,e019,0.3187
1,283,e020,0.3061
1,283,e021,0.3416
1,283,e022,0.313
1,283,e023,0.3614
1,283,e024,0.3294
1,284,e001,0.3985
1,284,e002,0.4012
1,284,e003,0.3884
1,284,e004,0.3573
1,284,e005,0.3355
1,284,e006,0.3535
1,284,e007,0.3742
1,284,e008,0.3416
1,284,e009,0.3531
1,284,e010,0.365
1,284,e011,0.3818
1,284,e012,0.35
1,284,e013,0.3789
1,284,e014,0.3525
1,284,e015,0.3978
1,284,e016,0.3777
1,284,e017,0.3499
1,284,e018,0.3579
1,284,e019,0.3761
1,284,e020,0.3636
1,284,e021,0.3334
1,284,e022,0.4116
1,284,e023,0.3736
1,284,e024,0.3823
1,285,e001,0.3486
1,285,e002,0.315
1,285,e003,0.3318
1,285,e004,0.3435
1,285,e005,0.3194
1,285,e006,0.3546
1,285,e007,0.3125
1,285,e008,0.3539
1,285,e009,0.4054
1,285,e010,0.3326
1,285,e011,0.3491
1,285,e012,0.357
1,285,e013,0.3338
1,285,e014,0.4037
1,285,e015,0.4257
1,285,e016,0.3525
1,285,e017,0.3605
1,285,e018,0.4216
1,285,e019,0.3325
1,285,e020,0.3091
1,285,e021,0.3845
1,285,e022,0.3837
1,285,e023,0.3379
1,285,e024,0.3399
1,286,e001,0.3831
1,286,e002,0.3285
1,286,e003,0.3201
1,286,e004,0.4057
1,286,e005,0.3417
1,286,e006,0.3598
1,286,e007,0.3444
1,286,e008,0.2985
1,286,e009,0.3959
1,286,e010,0.396
1,286,e011,0.3708
1,286,e012,0.3217
1,286,e013,0.31
1,286,e014,0.4116
1,286,e015,0.3471
1,286,e016,0.3491
1,286,e017,0.3497
1,286,e018,0.3295
1,286,e019,0.3226
1,286,e020,0.3737
1,286,e021,0.3006
1,286,e022,0.3499
1,286,e023,0.3662
1,286,e024,0.3259
1,287,e001,0.3719
1,287,e002,0.3053
1,287,e003,0.3575
1,287,e004,0.4023
1,287,e005,0.387
1,287,e006,0.3424
1,287,e007,0.3385
1,287,e008,0.3105
1,287,e009,0.3433
1,287,e010,0.4157
1,287,e011,0.3862
1,287,e012,0.3373
1,287,e013,0.3014
1,287,e014,0.432
1,287,e015,0.3077
1,287,e016,0.3652
1,287,e017,0.3096
1,287,e018,0.4286
1,287,e019,0.3192
1,287,e020,0.3422
1,287,e021,0.3865
1,287,e022,0.3735
1,287,e023,0.3829
1,287,e024,0.4265
1,288,e001,0.3309
1,288,e002,0.3137
1,288,e003,0.3435
1,288,e004,0.3423
1,288,e005,0.3641
1,288,e006,0.3524
1,288,e007,0.2991
1,288,e008,0.4091
1,288,e009,0.4054
1,288,e010,0.3466
1,288,e011,0.2957
1,288,e012,0.3367
1,288,e013,0.4121
1,288,e014,0.3807
1,288,e015,0.3158
1,288,e016,0.334
1,288,e017,0.3289
1,288,e018,0.3485
1,288,e019,0.3188
1,288,e020,0.3317
1,288,e021,0.387
1,288,e022,0.2961
1,288,e023,0.3453
1,288,e024,0.3768
1,289,e001,0.3592
1,289,e002,0.3495
1,289,e003,0.3544
1,289,e004,0.3605
1,289,e005,0.393
1,289,e006,0.3485
1,289,e007,0.3099
1,289,e008,0.3022
1,289,e009,0.3788
1,289,e010,0.3784
1,289,e011,0.3754
1,289,e012,0.3458
1,289,e013,0.3312
1,289,e014,0.3277
1,289,e015,0.3407
1,289,e016,0.2766
1,289,e017,0.3164
1,289,e018,0.3405
1,289,e019,0.3708
1,289,e020,0.2989
1,289,e021,0.3026
1,289,e022,0.3318
1,289,e023,0.3185
1,289,e024,0.337
1,290,e001,0.4117
1,290,e002,0.3294
1,290,e003,0.3406
1,290,e004,0.4062
1,290,e005,0.377
1,290,e006,0.3153
1,290,e007,0.4031
1,290,e008,0.3757
1,290,e009,0.3773
1,290,e010,0.3761
1,290,e011,0.3927
1,290,e012,0.3191
1,290,e013,0.346
1,290,e014,0.3278
1,290,e015,0.4051
1,290,e016,0.3435
1,290,e017,0.3151
1,290,e018,0.3753
1,290,e019,0.3305
1,290,e020,0.3628
1,290,e021,0.321
1,290,e022,0.3126
1,290,e023,0.3299
1,290,e024,0.3153
1,291,e001,0.387
1,291,e002,0.3683
1,291,e003,0.3325
1,291,e004,0.3814
1,291,e005,0.2986
1,291,e006,0.386
1,291,e007,0.4133
1,291,e008,0.3254
1,291,e009,0.38
1,291,e010,0.3404
1,291,e011,0.3458
1,291,e012,0.4289
1,291,e013,0.3629
1,291,e014,0.3847
1,291,e015,0.3532
1,291,e016,0.3718
1,291,e017,0.3646
1,291,e018,0.34
1,291,e019,0.3904
1,291,e020,0.4093
1,291,e021,0.2988
1,291,e022,0.3566
1,291,e023,0.3695
1,291,e024,0.3791
1,292,e001,0.3632
1,292,e002,0.3932
1,292,e003,0.3751
1,292,e004,0.2821
1,292,e005,0.3253
1,292,e006,0.3431
1,292,e007,0.3593
1,292,e008,0.3184
1,292,e009,0.334
1,292,e010,0.3466
1,292,e011,0.2944
1,292,e012,0.3251
1,292,e013,0.3232
1,292,e014,0.3526
1,292,e015,0.3402
1,292,e016,0.3193
1,292,e017,0.3127
1,292,e018,0.3353
1,292,e019,0.3018
1,292,e020,0.2894
1,292,e021,0.3776
1,292,e022,0.3358
1,292,e023,0.3528
1,292,e024,0.3362
1,293,e001,0.2904
1,293,e002,0.366
1,293,e003,0.3417
1,293,e004,0.3501
1,293,e005,0.3163
1,293,e006,0.3724
1,293,e007,0.3987
1,293,e008,0.3543
1,293,e009,0.2876
1,293,e010,0.3434
1,293,e011,0.3586
1,293,e012,0.2966
1,293,e013,0.3134
1,293,e014,0.3831
1,293,e015,0.306
1,293,e016,0.2963
1,293,e017,0.3182
1,293,e018,0.2972
1,293,e019,0.3567
1,293,e020,0.3141
1,293,e021,0.3465
1,293,e022,0.3296
1,293,e023,0.3357
1,293,e024,0.3449
1,294,e001,0.3281
1,294,e002,0.3653
1,294,e003,0.3456
1,294,e004,0.3518
1,294,e005,0.3513
1,294,e006,0.3593
1,294,e007,0.3022
1,294,e008,0.3268
1,294,e009,0.3485
1,294,e010,0.3327
1,294,e011,0.3381
1,294,e012,0.3179
1,294,e013,0.3557
1,294,e014,0.3363
1,294,e015,0.3383
1,294,e016,0.3696
1,294,e017,0.4062
1,294,e018,0.372
1,294,e019,0.3372
1,294,e020,0.3022
1,294,e021,0.3388
1,294,e022,0.3953
1,294,e023,0.3182
1,294,e024,0.3748
1,295,e001,0.3443
1,295,e002,0.4053
1,295,e003,0.3388
1,295,e004,0.362
1,295,e005,0.4123
1,295,e006,0.3816
1,295,e007,0.4254
1,295,e008,0.3851
1,295,e009,0.3718
1,295,e010,0.3849
1,295,e011,0.3675
1,295,e012,0.3978
1,295,e013,0.3871
1,295,e014,0.3854
1,295,e015,0.347
1,295,e016,0.3884
1,295,e017,0.3456
1,295,e018,0.3816
1,295,e019,0.3868
1,295,e020,0.4221
1,295,e021,0.3639
1,295,e022,0.3639
1,295,e023,0.3391
1,295,e024,0.3755
1,296,e001,0.2926
1,296,e002,0.3021
1,296,e003,0.3896
1,296,e004,0.2758
1,296,e005,0.2794
1,296,e006,0.3712
1,296,e007,0.3367
1,296,e008,0.3358
1,296,e009,0.3462
1,296,e010,0.2702
1,296,e011,0.3728
1,296,e012,0.3491
1,296,e013,0.2994
1,296,e014,0.3641
1,296,e015,0.2944
1,296,e016,0.3611
1,296,e017,0.2699
1,296,e018,0.38
1,296,e019,0.3619
1,296,e020,0.3252
1,296,e021,0.324
1,296,e022,0.3923
1,296,e023,0.2648
1,296,e024,0.3347
1,297,e001,0.3669
1,297,e002,0.3129
1,297,e003,0.3696
1,297,e004,0.3301
1,297,e005,0.2987
1,297,e006,0.3363
1,297,e007,0.281
1,297,e008,0.323
1,297,e009,0.3471
1,297,e010,0.3704
1,297,e011,0.2829
1,297,e012,0.2485
1,297,e013,0.3125
1,297,e014,0.3406
1,297,e015,0.3688
1,297,e016,0.3515
1,297,e017,0.3885
1,297,e018,0.2934
1,297,e019,0.3441
1,297,e020,0.3325
1,297,e021,0.3758
1,297,e022,0.384
1,297,e023,0.3235
1,297,e024,0.3183
1,298,e001,0.2896
1,298,e002,0.3135
1,298,e003,0.3352
1,298,e004,0.3331
1,298,e005,0.3045
1,298,e006,0.3203
1,298,e007,0.2885
1,298,e008,0.2894
1,298,e009,0.341
1,298,e010,0.3579
1,298,e011,0.3326
1,298,e012,0.322
1,298,e013,0.3967
1,298,e014,0.3555
1,298,e015,0.3937
1,298,e016,0.2895
1,298,e017,0.3056
1,298,e018,0.3697
1,298,e019,0.3434
1,298,e020,0.3253
1,298,e021,0.3131
1,298,e022,0.3652
1,298,e023,0.31
1,298,e024,0.3694
1,299,e001,0.3949
1,299,e002,0.3295
1,299,e003,0.3218
1,299,e004,0.3151
1,299,e005,0.3522
1,299,e006,0.3485
1,299,e007,0.3914
1,299,e008,0.3067
1,299,e009,0.3277
1,299,e010,0.3618
1,299,e011,0.3163
1,299,e012,0.3289
1,299,e013,0.354
1,299,e014,0.332
1,299,e015,0.3429
1,299,e016,0.3713
1,299,e017,0.3415
1,299,e018,0.3482
1,299,e019,0.3953
1,299,e020,0.3873
1,299,e021,0.2927
1,299,e022,0.3482
1,299,e023,0.3895
1,299,e024,0.3937
1,300,e001,0.3275
1,300,e002,0.321
1,300,e003,0.2677
1,300,e004,0.3982
1,300,e005,0.3331
1,300,e006,0.3417
1,300,e007,0.3357
1,300,e008,0.3102
1,300,e009,0.3693
1,300,e010,0.3505
1,300,e011,0.3603
1,300,e012,0.3196
1,300,e013,0.3336
1,300,e014,0.3216
1,300,e015,0.3372
1,300,e016,0.3447
1,300,e017,0.3212
1,300,e018,0.2983
1,300,e019,0.3448
1,300,e020,0.3477
1,300,e021,0.3264
1,300,e022,0.3941
1,300,e023,0.3314
1,300,e024,0.3835
1,301,e001,0.3429
1,301,e002,0.3008
1,301,e003,0.3364
1,301,e004,0.3071
1,301,e005,0.3648
1,301,e006,0.3834
1,301,e007,0.3123
1,301,e008,0.3575
1,301,e009,0.3499
1,301,e010,0.3457
1,301,e011,0.3444
1,301,e012,0.301
1,301,e013,0.286
1,301,e014,0.3492
1,301,e015,0.346
1,301,e016,0.3915
1,301,e017,0.3193
1,301,e018,0.3305
1,301,e019,0.3459
1,301,e020,0.3261
1,301,e021,0.3163
1,301,e022,0.3504
1,301,e023,0.3144
1,301,e024,0.4041
1,302,e001,0.3898
1,302,e002,0.334
1,302,e003,0.4255
1,302,e004,0.3584
1,302,e005,0.3701
1,302,e006,0.3436
1,302,e007,0.3931
1,302,e008,0.277
1,302,e009,0.3212
1,302,e010,0.3531
1,302,e011,0.3755
1,302,e012,0.3807
1,302,e013,0.4025
1,302,e014,0.3227
1,302,e015,0.3604
1,302,e016,0.3729
1,302,e017,0.4095
1,302,e018,0.3389
1,302,e019,0.4045
1,302,e020,0.3092
1,302,e021,0.376
1,302,e022,0.3438
1,302,e023,0.3619
1,302,e024,0.3214
1,303,e001,0.3329
1,303,e002,0.2987
1,303,e003,0.3005
1,303,e004,0.3718
1,303,e005,0.294
1,303,e006,0.3667
1,303,e007,0.2529
1,303,e008,0.3413
1,303,e009,0.3119
1,303,e010,0.3393
1,303,e011,0.3416
1,303,e012,0.3057
1,303,e013,0.2689
1,303,e014,0.2869
1,303,e015,0.2752
1,303,e016,0.3684
1,303,e017,0.3147
1,303,e018,0.3104
1,303,e019,0.2924
1,303,e020,0.355
1,303,e021,0.3429
1,303,e022,0.3362
1,303,e023,0.3508
1,303,e024,0.2988
1,304,e001,0.3831
1,304,e002,0.2992
1,304,e003,0.2676
1,304,e004,0.3726
1,304,e005,0.3095
1,304,e006,0.2886
1,304,e007,0.2942
1,304,e008,0.323
1,304,e009,0.3461
1,304,e010,0.3584
1,304,e011,0.3456
1,304,e012,0.3104
1,304,e013,0.3639
1,304,e014,0.2887
1,304,e015,0.3342
1,304,e016,0.3539
1,304,e017,0.3641
1,304,e018,0.3307
1,304,e019,0.3643
1,304,e020,0.3337
1,304,e021,0.273
1,304,e022,0.3733
1,304,e023,0.2942
1,304,e024,0.316
1,305,e001,0.3433
1,305,e002,0.3968
1,305,e003,0.3013
1,305,e004,0.3496
1,305,e005,0.3365
1,305,e006,0.3125
1,305,e007,0.2838
1,305,e008,0.3761
1,305,e009,0.4009
1,305,e010,0.374
1,305,e011,0.3198
1,305,e012,0.3306
1,305,e013,0.3518
1,305,e014,0.3397
1,305,e015,0.3488
1,305,e016,0.3205
1,305,e017,0.4005
1,305,e018,0.3341
1,305,e019,0.3645
1,305,e020,0.308
1,305,e021,0.3355
1,305,e022,0.2889
1,305,e023,0.2994
1,305,e024,0.3113
1,306,e001,0.3995
1,306,e002,0.3776
1,306,e003,0.2873
1,306,e004,0.2817
1,306,e005,0.3693
1,306,e006,0.3294
1,306,e007,0.3548
1,306,e008,0.2962
1,306,e009,0.3484
1,306,e010,0.296
1,306,e011,0.3365
1,306,e012,0.3794
1,306,e013,0.3155
1,306,e014,0.3015
1,306,e015,0.3451
1,306,e016,0.417
1,306,e017,0.374
1,306,e018,0.3865
1,306,e019,0.3461
1,306,e020,0.3484
1,306,e021,0.3566
1,306,e022,0.3
1,306,e023,0.3293
1,306,e024,0.3774
1,307,e001,0.2718
1,307,e002,0.3086
1,307,e003,0.3055
1,307,e004,0.3499
1,307,e005,0.3335
1,307,e006,0.2954
1,307,e007,0.3417
1,307,e008,0.331
1,307,e009,0.3259
1,307,e010,0.3453
1,307,e011,0.2808
1,307,e012,0.3082
1,307,e013,0.3581
1,307,e014,0.3601
1,307,e015,0.272
1,307,e016,0.3242
1,307,e017,0.3494
1,307,e018,0.3372
1,307,e019,0.3057
1,307,e020,0.32
1,307,e021,0.2587
1,307,e022,0.2928
1,307,e023,0.2787
1,307,e024,0.3159
1,308,e001,0.2806
1,308,e002,0.2836
1,308,e003,0.3505
1,308,e004,0.2948
1,308,e005,0.305
1,308,e006,0.3265
1,308,e007,0.2657
1,308,e008,0.3356
1,308,e009,0.314
1,308,e010,0.2789
1,308,e011,0.3233
1,308,e012,0.3068
1,308,e013,0.3051
1,308,e014,0.3187
1,308,e015,0.2574
1,308,e016,0.3394
1,308,e017,0.3431
1,308,e018,0.3479
1,308,e019,0.3043
1,308,e020,0.2696
1,308,e021,0.3453
1,308,e022,0.3266
1,308,e023,0.2938
1,308,e024,0.2648
1,309,e001,0.252
1,309,e002,0.2562
1,309,e003,0.28
1,309,e004,0.3004
1,309,e005,0.3298
1,309,e006,0.2531
1,309,e007,0.3074
1,309,e008,0.2872
1,309,e009,0.3589
1,309,e010,0.3471
1,309,e011,0.2792
1,309,e012,0.2607
1,309,e013,0.269
1,309,e014,0.3431
1,309,e015,0.2715
1,309,e016,0.2861
1,309,e017,0.2695
1,309,e018,0.3395
1,309,e019,0.2527
1,309,e020,0.2713
1,309,e021,0.3351
1,309,e022,0.2757
1,309,e023,0.2615
1,309,e024,0.3219
1,310,e001,0.3451
1,310,e002,0.2378
1,310,e003,0.3057
1,310,e004,0.2777
1,310,e005,0.241
1,310,e006,0.3269
1,310,e007,0.3398
1,310,e008,0.2696
1,310,e009,0.2902
1,310,e010,0.2837
1,310,e011,0.3099
1,310,e012,0.3379
1,310,e013,0.3294
1,310,e014,0.2772
1,310,e015,0.2496
1,310,e016,0.2918
1,310,e017,0.3129
1,310,e018,0.3255
1,310,e019,0.2722
1,310,e020,0.2927
1,310,e021,0.3244
1,310,e022,0.3234
1,310,e023,0.251
1,310,e024,0.3128
1,311,e001,0.2735
1,311,e002,0.2728
1,311,e003,0.3078
1,311,e004,0.2916
1,311,e005,0.3073
1,311,e006,0.2956
1,311,e007,0.3452
1,311,e008,0.3229
1,311,e009,0.298
1,311,e010,0.2969
1,311,e011,0.2924
1,311,e012,0.2743
1,311,e013,0.3185
1,311,e014,0.2799
1,311,e015,0.2801
1,311,e016,0.2713
1,311,e017,0.2529
1,311,e018,0.3256
1,311,e019,0.2839
1,311,e020,0.3218
1,311,e021,0.2662
1,311,e022,0.2821
1,311,e023,0.3423
1,311,e024,0.3605
1,312,e001,0.2268
1,312,e002,0.3411
1,312,e003,0.2738
1,312,e004,0.3675
1,312,e005,0.3257
1,312,e006,0.2723
1,312,e007,0.2839
1,312,e008,0.3473
1,312,e009,0.2476
1,312,e010,0.2915
1,312,e011,0.3167
1,312,e012,0.2902
1,312,e013,0.3414
1,312,e014,0.3101
1,312,e015,0.2599
1,312,e016,0.3184
1,312,e017,0.3349
1,312,e018,0.2903
1,312,e019,0.3373
1,312,e020,0.3228
1,312,e021,0.3662
1,312,e022,0.3126
1,312,e023,0.3248
1,312,e024,0.2929
1,313,e001,0.296
1,313,e002,0.2539
1,313,e003,0.2785
1,313,e004,0.2523
1,313,e005,0.2191
1,313,e006,0.3324
1,313,e007,0.3117
1,313,e008,0.25
1,313,e009,0.2977
1,313,e010,0.2813
1,313,e011,0.2843
1,313,e012,0.2276
1,313,e013,0.3385
1,313,e014,0.3034
1,313,e015,0.2577
1,313,e016,0.3425
1,313,e017,0.2695
1,313,e018,0.3255
1,313,e019,0.2251
1,313,e020,0.3331
1,313,e021,0.2881
1,313,e022,0.3317
1,313,e023,0.2873
1,313,e024,0.2992
1,314,e001,0.2441
1,314,e002,0.227
1,314,e003,0.325
1,314,e004,0.2377
1,314,e005,0.2481
1,314,e006,0.2802
1,314,e007,0.2771
1,314,e008,0.218
1,314,e009,0.2797
1,314,e010,0.3186
1,314,e011,0.2354
1,314,e012,0.2963
1,314,e013,0.2717
1,314,e014,0.2529
1,314,e015,0.3193
1,314,e016,0.2658
1,314,e017,0.327
1,314,e018,0.2839
1,314,e019,0.2764
1,314,e020,0.2292
1,314,e021,0.3241
1,314,e022,0.2879
1,314,e023,0.2679
1,314,e024,0.299
1,315,e001,0.3171
1,315,e002,0.3395
1,315,e003,0.3716
1,315,e004,0.2803
1,315,e005,0.252
1,315,e006,0.3692
1,315,e007,0.3038
1,315,e008,0.3226
1,315,e009,0.2664
1,315,e010,0.3249
1,315,e011,0.3374
1,315,e012,0.3366
1,315,e013,0.2853
1,315,e014,0.3114
1,315,e015,0.3323
1,315,e016,0.3772
1,315,e017,0.3542
1,315,e018,0.2959
1,315,e019,0.3465
1,315,e020,0.2932
1,315,e021,0.328
1,315,e022,0.2843
1,315,e023,0.3178
1,315,e024,0.3012
1,316,e001,0.3668
1,316,e002,0.379
1,316,e003,0.3446
1,316,e004,0.3441
1,316,e005,0.3795
1,316,e006,0.3073
1,316,e007,0.4055
1,316,e008,0.3353
1,316,e009,0.3024
1,316,e010,0.3341
1,316,e011,0.3291
1,316,e012,0.3458
1,316,e013,0.3134
1,316,e014,0.2937
1,316,e015,0.3642
1,316,e016,0.3765
1,316,e017,0.3444
1,316,e018,0.3542
1,316,e019,0.284
1,316,e020,0.3586
1,316,e021,0.3833
1,316,e022,0.3694
1,316,e023,0.3096
1,316,e024,0.3313
1,317,e001,0.3329
1,317,e002,0.3514
1,317,e003,0.3078
1,317,e004,0.3936
1,317,e005,0.2603
1,317,e006,0.272
1,317,e007,0.3663
1,317,e008,0.2861
1,317,e009,0.3698
1,317,e010,0.2743
1,317,e011,0.3188
1,317,e012,0.3353
1,317,e013,0.2862
1,317,e014,0.3129
1,317,e015,0.3655
1,317,e016,0.3596
1,317,e017,0.4001
1,317,e018,0.3756
1,317,e019,0.2684
1,317,e020,0.297
1,317,e021,0.3347
1,317,e022,0.3764
1,317,e023,0.2665
1,317,e024,0.3365
1,318,e001,0.2994
1,318,e002,0.3322
1,318,e003,0.3229
1,318,e004,0.3275
1,318,e005,0.3602
1,318,e006,0.3172
1,318,e007,0.3173
1,318,e008,0.3337
1,318,e009,0.325
1,318,e010,0.2862
1,318,e011,0.3337
1,318,e012,0.3366
1,318,e013,0.2745
1,318,e014,0.3186
1,318,e015,0.2858
1,318,e016,0.267
1,318,e017,0.3607
1,318,e018,0.3244
1,318,e019,0.3237
1,318,e020,0.3032
1,318,e021,0.3367
1,318,e022,0.2871
1,318,e023,0.2511
1,318,e024,0.2959
1,319,e001,0.3548
1,319,e002,0.313
1,319,e003,0.3428
1,319,e004,0.4215
1,319,e005,0.3326
1,319,e006,0.4108
1,319,e007,0.399
1,319,e008,0.3799
1,319,e009,0.4179
1,319,e010,0.3909
1,319,e011,0.381
1,319,e012,0.4175
1,319,e013,0.3177
1,319,e014,0.3292
1,319,e015,0.3882
1,319,e016,0.3756
1,319,e017,0.3233
1,319,e018,0.3521
1,319,e019,0.3232
1,319,e020,0.3378
1,319,e021,0.3196
1,319,e022,0.3196
1,319,e023,0.3735
1,319,e024,0.3974
1,320,e001,0.3385
1,320,e002,0.3484
1,320,e003,0.2964
1,320,e004,0.3553
1,320,e005,0.2552
1,320,e006,0.2836
1,320,e007,0.2997
1,320,e008,0.2879
1,320,e009,0.3285
1,320,e010,0.296
1,320,e011,0.2759
1,320,e012,0.3446
1,320,e013,0.3698
1,320,e014,0.3214
1,320,e015,0.2879
1,320,e016,0.3592
1,320,e017,0.3317
1,320,e018,0.3317
1,320,e019,0.2859
1,320,e020,0.3221
1,320,e021,0.3042
1,320,e022,0.2638
1,320,e023,0.2938
1,320,e024,0.2726
1,321,e001,0.2995
1,321,e002,0.2833
1,321,e003,0.3829
1,321,e004,0.3114
1,321,e005,0.3441
1,321,e006,0.3561
1,321,e007,0.3741
1,321,e008,0.3172
1,321,e009,0.2971
1,321,e010,0.3436
1,321,e011,0.3643
1,321,e012,0.2877
1,321,e013,0.2576
1,321,e014,0.3192
1,321,e015,0.3676
1,321,e016,0.2873
1,321,e017,0.3419
1,321,e018,0.2864
1,321,e019,0.2923
1,321,e020,0.3196
1,321,e021,0.3506
1,321,e022,0.2841
1,321,e023,0.3341
1,321,e024,0.3551
1,322,e001,0.3867
1,322,e002,0.3333
1,322,e003,0.3402
1,322,e004,0.3851
1,322,e005,0.2935
1,322,e006,0.3619
1,322,e007,0.2772
1,322,e008,0.3883
1,322,e009,0.2802
1,322,e010,0.3208
1,322,e011,0.3877
1,322,e012,0.3054
1,322,e013,0.3763
1,322,e014,0.309
1,322,e015,0.3575
1,322,e016,0.3501
1,322,e017,0.2719
1,322,e018,0.3299
1,322,e019,0.3704
1,322,e020,0.3293
1,322,e021,0.3459
1,322,e022,0.2726
1,322,e023,0.3322
1,322,e024,0.2919
1,323,e001,0.3028
1,323,e002,0.3518
1,323,e003,0.2831
1,323,e004,0.3653
1,323,e005,0.3425
1,323,e006,0.3423
1,323,e007,0.2847
1,323,e008,0.303
1,323,e009,0.3621
1,323,e010,0.3439
1,323,e011,0.3084
1,323,e012,0.3157
1,323,e013,0.3128
1,323,e014,0.3285
1,323,e015,0.3054
1,323,e016,0.2942
1,323,e017,0.3291
1,323,e018,0.3119
1,323,e019,0.2638
1,323,e020,0.3063
1,323,e021,0.3382
1,323,e022,0.3255
1,323,e023,0.2668
1,323,e024,0.2587
1,324,e001,0.307
1,324,e002,0.3183
1,324,e003,0.3101
1,324,e004,0.2551
1,324,e005,0.3083
1,324,e006,0.2594
1,324,e007,0.2938
1,324,e008,0.2849
1,324,e009,0.2917
1,324,e010,0.2997
1,324,e011,0.2688
1,324,e012,0.2337
1,324,e013,0.2978
1,324,e014,0.2875
1,324,e015,0.2454
1,324,e016,0.2769
1,324,e017,0.3287
1,324,e018,0.2559
1,324,e019,0.27
1,324,e020,0.3381
1,324,e021,0.2689
1,324,e022,0.2837
1,324,e023,0.2378
1,324,e024,0.2492
1,325,e001,0.3129
1,325,e002,0.3125
1,325,e003,0.368
1,325,e004,0.3478
1,325,e005,0.3086
1,325,e006,0.3603
1,325,e007,0.3253
1,325,e008,0.3425
1,325,e009,0.3052
1,325,e010,0.303
1,325,e011,0.39
1,325,e012,0.2877
1,325,e013,0.304
1,325,e014,0.3429
1,325,e015,0.3397
1,325,e016,0.3343
1,325,e017,0.2988
1,325,e018,0.3266
1,325,e019,0.2597
1,325,e020,0.2764
1,325,e021,0.3181
1,325,e022,0.282
1,325,e023,0.3799
1,325,e024,0.3501
1,326,e001,0.3018
1,326,e002,0.3906
1,326,e003,0.3354
1,326,e004,0.3816
1,326,e005,0.3811
1,326,e006,0.3167
1,326,e007,0.3567
1,326,e008,0.3666
1,326,e009,0.3453
1,326,e010,0.3865
1,326,e011,0.2904
1,326,e012,0.3698
1,326,e013,0.3901
1,326,e014,0.3738
1,326,e015,0.3216
1,326,e016,0.3172
1,326,e017,0.2699
1,326,e018,0.3129
1,326,e019,0.3044
1,326,e020,0.3794
1,326,e021,0.3571
1,326,e022,0.3599
1,326,e023,0.3872
1,326,e024,0.3286
1,327,e001,0.4111
1,327,e002,0.4231
1,327,e003,0.4001
1,327,e004,0.3228
1,327,e005,0.3558
1,327,e006,0.3951
1,327,e007,0.3262
1,327,e008,0.3681
1,327,e009,0.3463
1,327,e010,0.3762
1,327,e011,0.3786
1,327,e012,0.3716
1,327,e013,0.4389
1,327,e014,0.4163
1,327,e015,0.325
1,327,e016,0.3576
1,327,e017,0.4045
1,327,e018,0.3659
1,327,e019,0.3515
1,327,e020,0.3197
1,327,e021,0.417
1,327,e022,0.3531
1,327,e023,0.4353
1,327,e024,0.3564
1,328,e001,0.3739
1,328,e002,0.3688
1,328,e003,0.3172
1,328,e004,0.3068
1,328,e005,0.3306
1,328,e006,0.2617
1,328,e007,0.3797
1,328,e008,0.3171
1,328,e009,0.3489
1,328,e010,0.3161
1,328,e011,0.3744
1,328,e012,0.2958
1,328,e013,0.3433
1,328,e014,0.3407
1,328,e015,0.3429
1,328,e016,0.313
1,328,e017,0.2991
1,328,e018,0.3787
1,328,e019,0.4071
1,328,e020,0.3524
1,328,e021,0.317
1,328,e022,0.3532
1,328,e023,0.3898
1,328,e024,0.3262
1,329,e001,0.3516
1,329,e002,0.3284
1,329,e003,0.2776
1,329,e004,0.3057
1,329,e005,0.3281
1,329,e006,0.3309
1,329,e007,0.3499
1,329,e008,0.2749
1,329,e009,0.3576
1,329,e010,0.3029
1,329,e011,0.2887
1,329,e012,0.3518
1,329,e013,0.2887
1,329,e014,0.2731
1,329,e015,0.3302
1,329,e016,0.3084
1,329,e017,0.2755
1,329,e018,0.3023
1,329,e019,0.3672
1,329,e020,0.2929
1,329,e021,0.2873
1,329,e022,0.3548
1,329,e023,0.3237
1,329,e024,0.3124
1,330,e001,0.3358
1,330,e002,0.4064
1,330,e003,0.4043
1,330,e004,0.3637
1,330,e005,0.3831
1,330,e006,0.3696
1,330,e007,0.3783
1,330,e008,0.3487
1,330,e009,0.3585
1,330,e010,0.4125
1,330,e011,0.3229
1,330,e012,0.3455
1,330,e013,0.3468
1,330,e014,0.3604
1,330,e015,0.4218
1,330,e016,0.3726
1,330,e017,0.3865
1,330,e018,0.3723
1,330,e019,0.398
1,330,e020,0.4005
1,330,e021,0.4058
1,330,e022,0.3774
1,330,e023,0.3633
1,330,e024,0.4105
1,331,e001,0.3584
1,331,e002,0.3252
1,331,e003,0.2643
1,331,e004,0.2576
1,331,e005,0.3365
1,331,e006,0.3211
1,331,e007,0.309
1,331,e008,0.3318
1,331,e009,0.297
1,331,e010,0.3017
1,331,e011,0.3255
1,331,e012,0.258
1,331,e013,0.2835
1,331,e014,0.3201
1,331,e015,0.3225
1,331,e016,0.2577
1,331,e017,0.3162
1,331,e018,0.29
1,331,e019,0.2765
1,331,e020,0.2473
1,331,e021,0.3362
1,331,e022,0.3191
1,331,e023,0.3523
1,331,e024,0.3379
1,332,e001,0.3594
1,332,e002,0.4064
1,332,e003,0.3522
1,332,e004,0.3371
1,332,e005,0.3853
1,332,e006,0.3704
1,332,e007,0.3173
1,332,e008,0.3217
1,332,e009,0.3577
1,332,e010,0.3345
1,332,e011,0.3893
1,332,e012,0.3377
1,332,e013,0.3053
1,332,e014,0.3418
1,332,e015,0.3936
1,332,e016,0.3794
1,332,e017,0.3633
1,332,e018,0.3075
1,332,e019,0.3974
1,332,e020,0.339
1,332,e021,0.3784
1,332,e022,0.3075
1,332,e023,0.4003
1,332,e024,0.3955
1,333,e001,0.2992
1,333,e002,0.3786
1,333,e003,0.3594
1,333,e004,0.3739
1,333,e005,0.4106
1,333,e006,0.3305
1,333,e007,0.3111
1,333,e008,0.2987
1,333,e009,0.3382
1,333,e010,0.38
1,333,e011,0.3896
1,333,e012,0.358
1,333,e013,0.3635
1,333,e014,0.3381
1,333,e015,0.35
1,333,e016,0.3649
1,333,e017,0.3676
1,333,e018,0.3663
1,333,e019,0.3502
1,333,e020,0.3521
1,333,e021,0.2844
1,333,e022,0.3613
1,333,e023,0.2975
1,333,e024,0.3378
1,334,e001,0.3194
1,334,e002,0.3089
1,334,e003,0.3693
1,334,e004,0.2965
1,334,e005,0.3985
1,334,e006,0.3039
1,334,e007,0.3406
1,334,e008,0.394
1,334,e009,0.4091
1,334,e010,0.3813
1,334,e011,0.3678
1,334,e012,0.304
1,334,e013,0.3446
1,334,e014,0.358
1,334,e015,0.3429
1,334,e016,0.3907
1,334,e017,0.3244
1,334,e018,0.3115
1,334,e019,0.3597
1,334,e020,0.3702
1,334,e021,0.3259
1,334,e022,0.3273
1,334,e023,0.3774
1,334,e024,0.353
1,335,e001,0.3978
1,335,e002,0.3212
1,335,e003,0.3411
1,335,e004,0.4172
1,335,e005,0.3539
1,335,e006,0.3631
1,335,e007,0.382
1,335,e008,0.353
1,335,e009,0.3602
1,335,e010,0.387
1,335,e011,0.299
1,335,e012,0.3263
1,335,e013,0.3218
1,335,e014,0.3012
1,335,e015,0.3379
1,335,e016,0.3614
1,335,e017,0.402
1,335,e018,0.363
1,335,e019,0.4123
1,335,e020,0.3709
1,335,e021,0.3767
1,335,e022,0.3286
1,335,e023,0.4027
1,335,e024,0.4231
1,336,e001,0.3198
1,336,e002,0.3278
1,336,e003,0.3295
1,336,e004,0.321
1,336,e005,0.3065
1,336,e006,0.3
1,336,e007,0.3416
1,336,e008,0.2796
1,336,e009,0.3208
1,336,e010,0.2911
1,336,e011,0.3414
1,336,e012,0.3834
1,336,e013,0.3262
1,336,e014,0.2688
1,336,e015,0.3668
1,336,e016,0.3768
1,336,e017,0.2985
1,336,e018,0.2965
1,336,e019,0.3275
1,336,e020,0.3494
1,336,e021,0.3508
1,336,e022,0.3432
1,336,e023,0.2584
1,336,e024,0.354
1,337,e001,0.2952
1,337,e002,0.3895
1,337,e003,0.2978
1,337,e004,0.3398
1,337,e005,0.3246
1,337,e006,0.3586
1,337,e007,0.369
1,337,e008,0.3083
1,337,e009,0.3413
1,337,e010,0.34
1,337,e011,0.3684
1,337,e012,0.3427
1,337,e013,0.3875
1,337,e014,0.3446
1,337,e015,0.2972
1,337,e016,0.322
1,337,e017,0.3045
1,337,e018,0.3215
1,337,e019,0.3348
1,337,e020,0.4115
1,337,e021,0.3155
1,337,e022,0.3455
1,337,e023,0.3702
1,337,e024,0.3292
1,338,e001,0.291
1,338,e002,0.3299
1,338,e003,0.3353
1,338,e004,0.3301
1,338,e005,0.3414
1,338,e006,0.4015
1,338,e007,0.3578
1,338,e008,0.3643
1,338,e009,0.3593
1,338,e010,0.3259
1,338,e011,0.3626
1,338,e012,0.413
1,338,e013,0.3467
1,338,e014,0.2997
1,338,e015,0.3531
1,338,e016,0.4073
1,338,e017,0.3592
1,338,e018,0.4043
1,338,e019,0.4048
1,338,e020,0.3011
1,338,e021,0.337
1,338,e022,0.3252
1,338,e023,0.3612
1,338,e024,0.3868
1,339,e001,0.3547
1,339,e002,0.2518
1,339,e003,0.3045
1,339,e004,0.2764
1,339,e005,0.3341
1,339,e006,0.2834
1,339,e007,0.2594
1,339,e008,0.2522
1,339,e009,0.3086
1,339,e010,0.2996
1,339,e011,0.2993
1,339,e012,0.2722
1,339,e013,0.3275
1,339,e014,0.3256
1,339,e015,0.3602
1,339,e016,0.3471
1,339,e017,0.3111
1,339,e018,0.3507
1,339,e019,0.3169
1,339,e020,0.2979
1,339,e021,0.3787
1,339,e022,0.3553
1,339,e023,0.2844
1,339,e024,0.3576
1,340,e001,0.2835
1,340,e002,0.3379
1,340,e003,0.3644
1,340,e004,0.3207
1,340,e005,0.3021
1,340,e006,0.3687
1,340,e007,0.3691
1,340,e008,0.2978
1,340,e009,0.3701
1,340,e010,0.3353
1,340,e011,0.2961
1,340,e012,0.3497
1,340,e013,0.3536
1,340,e014,0.36
1,340,e015,0.2968
1,340,e016,0.322
1,340,e017,0.3211
1,340,e018,0.2816
1,340,e019,0.2833
1,340,e020,0.2832
1,340,e021,0.2638
1,340,e022,0.2893
1,340,e023,0.3355
1,340,e024,0.2958
1,341,e001,0.4103
1,341,e002,0.367
1,341,e003,0.3742
1,341,e004,0.3132
1,341,e005,0.3787
1,341,e006,0.3812
1,341,e007,0.322
1,341,e008,0.3814
1,341,e009,0.3644
1,341,e010,0.3741
1,341,e011,0.3685
1,341,e012,0.3946
1,341,e013,0.3625
1,341,e014,0.434
1,341,e015,0.3346
1,341,e016,0.3561
1,341,e017,0.3279
1,341,e018,0.367
1,341,e019,0.3971
1,341,e020,0.3973
1,341,e021,0.3887
1,341,e022,0.336
1,341,e023,0.3217
1,341,e024,0.3347
1,342,e001,0.3287
1,342,e002,0.286
1,342,e003,0.3704
1,342,e004,0.2733
1,342,e005,0.3275
1,342,e006,0.3029
1,342,e007,0.376
1,342,e008,0.2868
1,342,e009,0.2675
1,342,e010,0.2925
1,342,e011,0.2742
1,342,e012,0.3542
1,342,e013,0.3565
1,342,e014,0.3736
1,342,e015,0.3713
1,342,e016,0.3015
1,342,e017,0.3321
1,342,e018,0.3803
1,342,e019,0.3013
1,342,e020,0.3041
1,342,e021,0.3476
1,342,e022,0.3256
1,342,e023,0.3857
1,342,e024,0.3016
1,343,e001,0.3983
1,343,e002,0.3444
1,343,e003,0.4183
1,343,e004,0.3304
1,343,e005,0.41
1,343,e006,0.4319
1,343,e007,0.3637
1,343,e008,0.3204
1,343,e009,0.4026
1,343,e010,0.3098
1,343,e011,0.3291
1,343,e012,0.3179
1,343,e013,0.3602
1,343,e014,0.3453
1,343,e015,0.3435
1,343,e016,0.362
1,343,e017,0.3733
1,343,e018,0.3335
1,343,e019,0.3825
1,343,e020,0.4287
1,343,e021,0.45
1,343,e022,0.3822
1,343,e023,0.3841
1,343,e024,0.4271
1,344,e001,0.3898
1,344,e002,0.3196
1,344,e003,0.4026
1,344,e004,0.4229
1,344,e005,0.3719
1,344,e006,0.393
1,344,e007,0.3514
1,344,e008,0.3773
1,344,e009,0.4166
1,344,e010,0.3529
1,344,e011,0.3503
1,344,e012,0.3928
1,344,e013,0.3351
1,344,e014,0.3347
1,344,e015,0.3626
1,344,e016,0.3871
1,344,e017,0.3831
1,344,e018,0.4131
1,344,e019,0.3791
1,344,e020,0.3477
1,344,e021,0.3888
1,344,e022,0.4188
1,344,e023,0.4261
1,344,e024,0.3994
1,345,e001,0.4123
1,345,e002,0.447
1,345,e003,0.3523
1,345,e004,0.3619
1,345,e005,0.3945
1,345,e006,0.3129
1,345,e007,0.3944
1,345,e008,0.3615
1,345,e009,0.3189
1,345,e010,0.3607
1,345,e011,0.3323
1,345,e012,0.3584
1,345,e013,0.3374
1,345,e014,0.4045
1,345,e015,0.4128
1,345,e016,0.4097
1,345,e017,0.3363
1,345,e018,0.3286
1,345,e019,0.3149
1,345,e020,0.4136
1,345,e021,0.3716
1,345,e022,0.3698
1,345,e023,0.4036
1,345,e024,0.4245
1,346,e001,0.3257
1,346,e002,0.392
1,346,e003,0.3643
1,346,e004,0.3725
1,346,e005,0.2894
1,346,e006,0.3614
1,346,e007,0.3471
1,346,e008,0.2838
1,346,e009,0.3753
1,346,e010,0.3209
1,346,e011,0.3551
1,346,e012,0.2944
1,346,e013,0.3739
1,346,e014,0.3421
1,346,e015,0.409
1,346,e016,0.378
1,346,e017,0.417
1,346,e018,0.288
1,346,e019,0.3676
1,346,e020,0.3078
1,346,e021,0.3003
1,346,e022,0.3346
1,346,e023,0.3194
1,346,e024,0.3333
1,347,e001,0.423
1,347,e002,0.3524
1,347,e003,0.322
1,347,e004,0.3487
1,347,e005,0.4059
1,347,e006,0.3755
1,347,e007,0.3141
1,347,e008,0.3889
1,347,e009,0.4101
1,347,e010,0.3228
1,347,e011,0.3292
1,347,e012,0.3987
1,347,e013,0.4045
1,347,e014,0.41
1,347,e015,0.3338
1,347,e016,0.3656
1,347,e017,0.4328
1,347,e018,0.3637
1,347,e019,0.3704
1,347,e020,0.3983
1,347,e021,0.3681
1,347,e022,0.3868
1,347,e023,0.3853
1,347,e024,0.3898
1,348,e001,0.3312
1,348,e002,0.3554
1,348,e003,0.322
1,348,e004,0.3889
1,348,e005,0.3332
1,348,e006,0.3748
1,348,e007,0.4016
1,348,e008,0.331
1,348,e009,0.2923
1,348,e010,0.3225
1,348,e011,0.3238
1,348,e012,0.3307
1,348,e013,0.4164
1,348,e014,0.295
1,348,e015,0.3527
1,348,e016,0.3924
1,348,e017,0.3776
1,348,e018,0.3371
1,348,e019,0.3294
1,348,e020,0.3422
1,348,e021,0.3945
1,348,e022,0.3899
1,348,e023,0.3277
1,348,e024,0.3511
1,349,e001,0.3814
1,349,e002,0.3821
1,349,e003,0.3976
1,349,e004,0.4302
1,349,e005,0.3547
1,349,e006,0.4104
1,349,e007,0.4186
1,349,e008,0.4447
1,349,e009,0.3462
1,349,e010,0.4153
1,349,e011,0.3491
1,349,e012,0.425
1,349,e013,0.3823
1,349,e014,0.386
1,349,e015,0.4288
1,349,e016,0.3601
1,349,e017,0.3779
1,349,e018,0.4311
1,349,e019,0.382
1,349,e020,0.4223
1,349,e021,0.3402
1,349,e022,0.321
1,349,e023,0.4294
1,349,e024,0.4245
1,350,e001,0.3388
1,350,e002,0.3708
1,350,e003,0.4011
1,350,e004,0.3802
1,350,e005,0.3504
1,350,e006,0.351
1,350,e007,0.3457
1,350,e008,0.3849
1,350,e009,0.3483
1,350,e010,0.329
1,350,e011,0.336
1,350,e012,0.3815
1,350,e013,0.4272
1,350,e014,0.3613
1,350,e015,0.3701
1,350,e016,0.3369
1,350,e017,0.3445
1,350,e018,0.4146
1,350,e019,0.3778
1,350,e020,0.407
1,350,e021,0.3127
1,350,e022,0.3198
1,350,e023,0.4052
1,350,e024,0.387
1,351,e001,0.4191
1,351,e002,0.4144
1,351,e003,0.3826
1,351,e004,0.3878
1,351,e005,0.3661
1,351,e006,0.3932
1,351,e007,0.3864
1,351,e008,0.3968
1,351,e009,0.4429
1,351,e010,0.3737
1,351,e011,0.4088
1,351,e012,0.4207
1,351,e013,0.344
1,351,e014,0.3908
1,351,e015,0.3758
1,351,e016,0.4223
1,351,e017,0.4292
1,351,e018,0.3571
1,351,e019,0.4305
1,351,e020,0.3988
1,351,e021,0.3391
1,351,e022,0.4384
1,351,e023,0.3322
1,351,e024,0.3857
1,352,e001,0.3588
1,352,e002,0.3792
1,352,e003,0.343
1,352,e004,0.3586
1,352,e005,0.3462
1,352,e006,0.3651
1,352,e007,0.4252
1,352,e008,0.4231
1,352,e009,0.3465
1,352,e010,0.3718
1,352,e011,0.4213
1,352,e012,0.4133
1,352,e013,0.3341
1,352,e014,0.3167
1,352,e015,0.3095
1,352,e016,0.4297
1,352,e017,0.3573
1,352,e018,0.3876
1,352,e019,0.336
1,352,e020,0.3306
1,352,e021,0.3659
1,352,e022,0.4137
1,352,e023,0.3782
1,352,e024,0.3922
1,353,e001,0.3445
1,353,e002,0.4141
1,353,e003,0.4173
1,353,e004,0.354
1,353,e005,0.3987
1,353,e006,0.4208
1,353,e007,0.3253
1,353,e008,0.3563
1,353,e009,0.3348
1,353,e010,0.3707
1,353,e011,0.3396
1,353,e012,0.4091
1,353,e013,0.401
1,353,e014,0.3375
1,353,e015,0.4341
1,353,e016,0.3512
1,353,e017,0.3889
1,353,e018,0.4027
1,353,e019,0.3761
1,353,e020,0.422
1,353,e021,0.4228
1,353,e022,0.4403
1,353,e023,0.3899
1,353,e024,0.4146
1,354,e001,0.3379
1,354,e002,0.3699
1,354,e003,0.3324
1,354,e004,0.3525
1,354,e005,0.3008
1,354,e006,0.3607
1,354,e007,0.311
1,354,e008,0.365
1,354,e009,0.2869
1,354,e010,0.3254
1,354,e011,0.2868
1,354,e012,0.368
1,354,e013,0.3775
1,354,e014,0.3065
1,354,e015,0.3964
1,354,e016,0.3264
1,354,e017,0.2761
1,354,e018,0.3118
1,354,e019,0.3916
1,354,e020,0.3623
1,354,e021,0.3542
1,354,e022,0.3661
1,354,e023,0.3389
1,354,e024,0.3414
1,355,e001,0.4304
1,355,e002,0.4222
1,355,e003,0.398
1,355,e004,0.3571
1,355,e005,0.4074
1,355,e006,0.4261
1,355,e007,0.4263
1,355,e008,0.459
1,355,e009,0.4215
1,355,e010,0.3982
1,355,e011,0.3912
1,355,e012,0.421
1,355,e013,0.4536
1,355,e014,0.4301
1,355,e015,0.4025
1,355,e016,0.4117
1,355,e017,0.4237
1,355,e018,0.3649
1,355,e019,0.4367
1,355,e020,0.3974
1,355,e021,0.4196
1,355,e022,0.469
1,355,e023,0.3915
1,355,e024,0.4365
1,356,e001,0.389
1,356,e002,0.3581
1,356,e003,0.3235
1,356,e004,0.3406
1,356,e005,0.3597
1,356,e006,0.3583
1,356,e007,0.3187
1,356,e008,0.3979
1,356,e009,0.3932
1,356,e010,0.3622
1,356,e011,0.3701
1,356,e012,0.3097
1,356,e013,0.3294
1,356,e014,0.3105
1,356,e015,0.3923
1,356,e016,0.4133
1,356,e017,0.4105
1,356,e018,0.4061
1,356,e019,0.4033
1,356,e020,0.3742
1,356,e021,0.3561
1,356,e022,0.3162
1,356,e023,0.3646
1,356,e024,0.366
1,357,e001,0.4269
1,357,e002,0.4106
1,357,e003,0.4342
1,357,e004,0.4169
1,357,e005,0.4373
1,357,e006,0.369
1,357,e007,0.3739
1,357,e008,0.363
1,357,e009,0.451
1,357,e010,0.377
1,357,e011,0.3929
1,357,e012,0.3718
1,357,e013,0.3463
1,357,e014,0.405
1,357,e015,0.4347
1,357,e016,0.3858
1,357,e017,0.3506
1,357,e018,0.3803
1,357,e019,0.4124
1,357,e020,0.3558
1,357,e021,0.3637
1,357,e022,0.4258
1,357,e023,0.4294
1,357,e024,0.458
1,358,e001,0.3841
1,358,e002,0.4224
1,358,e003,0.4135
1,358,e004,0.3919
1,358,e005,0.3689
1,358,e006,0.4011
1,358,e007,0.3511
1,358,e008,0.4127
1,358,e009,0.4217
1,358,e010,0.4236
1,358,e011,0.4345
1,358,e012,0.385
1,358,e013,0.368
1,358,e014,0.4016
1,358,e015,0.4033
1,358,e016,0.4333
1,358,e017,0.4474
1,358,e018,0.4071
1,358,e019,0.4694
1,358,e020,0.4044
1,358,e021,0.3908
1,358,e022,0.4331
1,358,e023,0.3463
1,358,e024,0.3467
1,359,e001,0.3729
1,359,e002,0.4384
1,359,e003,0.456
1,359,e004,0.4653
1,359,e005,0.3865
1,359,e006,0.4023
1,359,e007,0.3697
1,359,e008,0.3812
1,359,e009,0.4249
1,359,e010,0.4187
1,359,e011,0.3549
1,359,e012,0.4262
1,359,e013,0.4704
1,359,e014,0.3648
1,359,e015,0.3883
1,359,e016,0.3984
1,359,e017,0.4127
1,359,e018,0.4066
1,359,e019,0.4053
1,359,e020,0.452
1,359,e021,0.3918
1,359,e022,0.3721
1,359,e023,0.3777
1,359,e024,0.3958
1,360,e001,0.3827
1,360,e002,0.4156
1,360,e003,0.4429
1,360,e004,0.3747
1,360,e005,0.3422
1,360,e006,0.4656
1,360,e007,0.4328
1,360,e008,0.3502
1,360,e009,0.4369
1,360,e010,0.3556
1,360,e011,0.3733
1,360,e012,0.3938
1,360,e013,0.5942
1,360,e014,0.5885
1,360,e015,0.5112
1,360,e016,0.5531
1,360,e017,0.5869
1,360,e018,0.5701
1,360,e019,0.3581
1,360,e020,0.4273
1,360,e021,0.3584
1,360,e022,0.3394
1,360,e023,0.4215
1,360,e024,0.4495
1,361,e001,0.3736
1,361,e002,0.3599
1,361,e003,0.3657
1,361,e004,0.4258
1,361,e005,0.4288
1,361,e006,0.3519
1,361,e007,0.3681
1,361,e008,0.3761
1,361,e009,0.4249
1,361,e010,0.4219
1,361,e011,0.4687
1,361,e012,0.4272
1,361,e013,0.5795
1,361,e014,0.5586
1,361,e015,0.5107
1,361,e016,0.4768
1,361,e017,0.5368
1,361,e018,0.4867
1,361,e019,0.4092
1,361,e020,0.4165
1,361,e021,0.4334
1,361,e022,0.3963
1,361,e023,0.398
1,361,e024,0.4282
1,362,e001,0.4227
1,362,e002,0.4807
1,362,e003,0.3307
1,362,e004,0.4413
1,362,e005,0.4137
1,362,e006,0.4574
1,362,e007,0.3659
1,362,e008,0.4309
1,362,e009,0.4088
1,362,e010,0.4481
1,362,e011,0.4152
1,362,e012,0.3864
1,362,e013,0.5716
1,362,e014,0.5763
1,362,e015,0.5322
1,362,e016,0.6022
1,362,e017,0.5484
1,362,e018,0.5669
1,362,e019,0.4565
1,362,e020,0.4563
1,362,e021,0.3734
1,362,e022,0.3921
1,362,e023,0.4042
1,362,e024,0.4723
1,363,e001,0.4256
1,363,e002,0.373
1,363,e003,0.3364
1,363,e004,0.3437
1,363,e005,0.3861
1,363,e006,0.3703
1,363,e007,0.3767
1,363,e008,0.4155
1,363,e009,0.4256
1,363,e010,0.3586
1,363,e011,0.4301
1,363,e012,0.3566
1,363,e013,0.4869
1,363,e014,0.4626
1,363,e015,0.5483
1,363,e016,0.4865
1,363,e017,0.5115
1,363,e018,0.5509
1,363,e019,0.3765
1,363,e020,0.3842
1,363,e021,0.3326
1,363,e022,0.3526
1,363,e023,0.3835
1,363,e024,0.3283
1,364,e001,0.407
1,364,e002,0.4193
1,364,e003,0.4649
1,364,e004,0.346
1,364,e005,0.3452
1,364,e006,0.4498
1,364,e007,0.4327
1,364,e008,0.3809
1,364,e009,0.3872
1,364,e010,0.4777
1,364,e011,0.4398
1,364,e012,0.3789
1,364,e013,0.5043
1,364,e014,0.5807
1,364,e015,0.5288
1,364,e016,0.5487
1,364,e017,0.4968
1,364,e018,0.5125
1,364,e019,0.4312
1,364,e020,0.443
1,364,e021,0.4142
1,364,e022,0.4594
1,364,e023,0.3917
1,364,e024,0.3774
1,365,e001,0.4335
1,365,e002,0.4634
1,365,e003,0.3756
1,365,e004,0.3913
1,365,e005,0.3522
1,365,e006,0.386
1,365,e007,0.3617
1,365,e008,0.4055
1,365,e009,0.3726
1,365,e010,0.3682
1,365,e011,0.4138
1,365,e012,0.3846
1,365,e013,0.5645
1,365,e014,0.5491
1,365,e015,0.5652
1,365,e016,0.4937
1,365,e017,0.5728
1,365,e018,0.4918
1,365,e019,0.4032
1,365,e020,0.3978
1,365,e021,0.3777
1,365,e022,0.3765
1,365,e023,0.4196
1,365,e024,0.3774
1,366,e001,0.4101
1,366,e002,0.4311
1,366,e003,0.4717
1,366,e004,0.3667
1,366,e005,0.4568
1,366,e006,0.4171
1,366,e007,0.4458
1,366,e008,0.4753
1,366,e009,0.4142
1,366,e010,0.4552
1,366,e011,0.3851
1,366,e012,0.4226
1,366,e013,0.5488
1,366,e014,0.5422
1,366,e015,0.513
1,366,e016,0.5525
1,366,e017,0.6032
1,366,e018,0.5141
1,366,e019,0.4895
1,366,e020,0.4681
1,366,e021,0.3972
1,366,e022,0.4354
1,366,e023,0.4011
1,366,e024,0.4219
1,367,e001,0.3759
1,367,e002,0.3598
1,367,e003,0.3922
1,367,e004,0.4407
1,367,e005,0.4225
1,367,e006,0.3959
1,367,e007,0.4581
1,367,e008,0.4308
1,367,e009,0.4284
1,367,e010,0.4448
1,367,e011,0.4819
1,367,e012,0.4628
1,367,e013,0.5247
1,367,e014,0.5024
1,367,e015,0.5409
1,367,e016,0.5124
1,367,e017,0.5361
1,367,e018,0.533
1,367,e019,0.3551
1,367,e020,0.4529
1,367,e021,0.4556
1,367,e022,0.3865
1,367,e023,0.4479
1,367,e024,0.3792
1,368,e001,0.4764
1,368,e002,0.4238
1,368,e003,0.4019
1,368,e004,0.434
1,368,e005,0.3948
1,368,e006,0.4467
1,368,e007,0.4435
1,368,e008,0.3864
1,368,e009,0.4548
1,368,e010,0.4169
1,368,e011,0.3904
1,368,e012,0.4686
1,368,e013,0.5599
1,368,e014,0.5392
1,368,e015,0.558
1,368,e016,0.5892
1,368,e017,0.5789
1,368,e018,0.591
1,368,e019,0.4507
1,368,e020,0.4136
1,368,e021,0.3851
1,368,e022,0.4375
1,368,e023,0.498
1,368,e024,0.3818
1,369,e001,0.4688
1,369,e002,0.4696
1,369,e003,0.481
1,369,e004,0.4526
1,369,e005,0.4135
1,369,e006,0.4752
1,369,e007,0.4286
1,369,e008,0.466
1,369,e009,0.4143
1,369,e010,0.4971
1,369,e011,0.4621
1,369,e012,0.467
1,369,e013,0.5474
1,369,e014,0.5295
1,369,e015,0.5523
1,369,e016,0.6156
1,369,e017,0.5465
1,369,e018,0.5618
1,369,e019,0.4347
1,369,e020,0.4838
1,369,e021,0.404
1,369,e022,0.4042
1,369,e023,0.4232
1,369,e024,0.4303
1,370,e001,0.4803
1,370,e002,0.4069
1,370,e003,0.4815
1,370,e004,0.4201
1,370,e005,0.402
1,370,e006,0.4333
1,370,e007,0.4219
1,370,e008,0.4128
1,370,e009,0.4354
1,370,e010,0.4455
1,370,e011,0.4009
1,370,e012,0.4645
1,370,e013,0.5472
1,370,e014,0.5549
1,370,e015,0.5415
1,370,e016,0.5472
1,370,e017,0.5381
1,370,e018,0.5878
1,370,e019,0.4476
1,370,e020,0.438
1,370,e021,0.3781
1,370,e022,0.417
1,370,e023,0.4468
1,370,e024,0.418
1,371,e001,0.442
1,371,e002,0.367
1,371,e003,0.4189
1,371,e004,0.4735
1,371,e005,0.3747
1,371,e006,0.4044
1,371,e007,0.3952
1,371,e008,0.4545
1,371,e009,0.3958
1,371,e010,0.4357
1,371,e011,0.3875
1,371,e012,0.4601
1,371,e013,0.6113
1,371,e014,0.5492
1,371,e015,0.5794
1,371,e016,0.5348
1,371,e017,0.5188
1,371,e018,0.5227
1,371,e019,0.4454
1,371,e020,0.4062
1,371,e021,0.4721
1,371,e022,0.4323
1,371,e023,0.4271
1,371,e024,0.3588
1,372,e001,0.4304
1,372,e002,0.3313
1,372,e003,0.4411
1,372,e004,0.3932
1,372,e005,0.4282
1,372,e006,0.4297
1,372,e007,0.3905
1,372,e008,0.4409
1,372,e009,0.3907
1,372,e010,0.3919
1,372,e011,0.3849
1,372,e012,0.4165
1,372,e013,0.5019
1,372,e014,0.5202
1,372,e015,0.5061
1,372,e016,0.5626
1,372,e017,0.4991
1,372,e018,0.5335
1,372,e019,0.3667
1,372,e020,0.3837
1,372,e021,0.4143
1,372,e022,0.427
1,372,e023,0.4113
1,372,e024,0.3974
1,373,e001,0.4615
1,373,e002,0.4736
1,373,e003,0.4475
1,373,e004,0.464
1,373,e005,0.4052
1,373,e006,0.4595
1,373,e007,0.5057
1,373,e008,0.4618
1,373,e009,0.4294
1,373,e010,0.5043
1,373,e011,0.4455
1,373,e012,0.4202
1,373,e013,0.5848
1,373,e014,0.5888
1,373,e015,0.6154
1,373,e016,0.5939
1,373,e017,0.6373
1,373,e018,0.5543
1,373,e019,0.4304
1,373,e020,0.4069
1,373,e021,0.4168
1,373,e022,0.4716
1,373,e023,0.4646
1,373,e024,0.4171
1,374,e001,0.4736
1,374,e002,0.4435
1,374,e003,0.4164
1,374,e004,0.4726
1,374,e005,0.3548
1,374,e006,0.4472
1,374,e007,0.4923
1,374,e008,0.4511
1,374,e009,0.4328
1,374,e010,0.4466
1,374,e011,0.3873
1,374,e012,0.4385
1,374,e013,0.5
1,374,e014,0.6206
1,374,e015,0.6037
1,374,e016,0.5705
1,374,e017,0.5838
1,374,e018,0.5571
1,374,e019,0.384
1,374,e020,0.4165
1,374,e021,0.4094
1,374,e022,0.4028
1,374,e023,0.3993
1,374,e024,0.4877
1,375,e001,0.457
1,375,e002,0.4342
1,375,e003,0.4998
1,375,e004,0.4573
1,375,e005,0.4622
1,375,e006,0.4678
1,375,e007,0.4588
1,375,e008,0.474
1,375,e009,0.4454
1,375,e010,0.4686
1,375,e011,0.4211
1,375,e012,0.4302
1,375,e013,0.6147
1,375,e014,0.5983
1,375,e015,0.5474
1,375,e016,0.6264
1,375,e017,0.5308
1,375,e018,0.5891
1,375,e019,0.4494
1,375,e020,0.4868
1,375,e021,0.5042
1,375,e022,0.4185
1,375,e023,0.424
1,375,e024,0.4158
1,376,e001,0.4226
1,376,e002,0.4197
1,376,e003,0.4103
1,376,e004,0.487
1,376,e005,0.4262
1,376,e006,0.4081
1,376,e007,0.4207
1,376,e008,0.4642
1,376,e009,0.4588
1,376,e010,0.4604
1,376,e011,0.4141
1,376,e012,0.4521
1,376,e013,0.5562
1,376,e014,0.5175
1,376,e015,0.4911
1,376,e016,0.5889
1,376,e017,0.5244
1,376,e018,0.5407
1,376,e019,0.4316
1,376,e020,0.4742
1,376,e021,0.4152
1,376,e022,0.4496
1,376,e023,0.4071
1,376,e024,0.4423
1,377,e001,0.4033
1,377,e002,0.3997
1,377,e003,0.4058
1,377,e004,0.4388
1,377,e005,0.4445
1,377,e006,0.4488
1,377,e007,0.4359
1,377,e008,0.4851
1,377,e009,0.4058
1,377,e010,0.4157
1,377,e011,0.4256
1,377,e012,0.4463
1,377,e013,0.5337
1,377,e014,0.5186
1,377,e015,0.5491
1,377,e016,0.5988
1,377,e017,0.5369
1,377,e018,0.5316
1,377,e019,0.441
1,377,e020,0.3978
1,377,e021,0.4057
1,377,e022,0.4439
1,377,e023,0.4081
1,377,e024,0.3863
1,378,e001,0.408
1,378,e002,0.4963
1,378,e003,0.3866
1,378,e004,0.4665
1,378,e005,0.4779
1,378,e006,0.4442
1,378,e007,0.4676
1,378,e008,0.4781
1,378,e009,0.4442
1,378,e010,0.4493
1,378,e011,0.4992
1,378,e012,0.4414
1,378,e013,0.5534
1,378,e014,0.6045
1,378,e015,0.5783
1,378,e016,0.5148
1,378,e017,0.5497
1,378,e018,0.5172
1,378,e019,0.4858
1,378,e020,0.3829
1,378,e021,0.4228
1,378,e022,0.4531
1,378,e023,0.3976
1,378,e024,0.4537
1,379,e001,0.492
1,379,e002,0.3599
1,379,e003,0.5028
1,379,e004,0.4475
1,379,e005,0.43
1,379,e006,0.4579
1,379,e007,0.4211
1,379,e008,0.425
1,379,e009,0.4946
1,379,e010,0.4055
1,379,e011,0.4372
1,379,e012,0.4782
1,379,e013,0.5084
1,379,e014,0.5905
1,379,e015,0.5975
1,379,e016,0.6009
1,379,e017,0.5789
1,379,e018,0.5753
1,379,e019,0.3941
1,379,e020,0.4764
1,379,e021,0.4088
1,379,e022,0.3888
1,379,e023,0.4021
1,379,e024,0.4487
1,380,e001,0.4105
1,380,e002,0.4677
1,380,e003,0.4961
1,380,e004,0.4478
1,380,e005,0.3993
1,380,e006,0.441
1,380,e007,0.4008
1,380,e008,0.501
1,380,e009,0.4195
1,380,e010,0.4321
1,380,e011,0.5003
1,380,e012,0.4086
1,380,e013,0.7843
1,380,e014,0.7817
1,380,e015,0.8389
1,380,e016,0.7928
1,380,e017,0.7623
1,380,e018,0.7427
1,380,e019,0.4663
1,380,e020,0.4678
1,380,e021,0.3872
1,380,e022,0.4326
1,380,e023,0.4523
1,380,e024,0.4103
1,381,e001,0.4983
1,381,e002,0.4551
1,381,e003,0.483
1,381,e004,0.4163
1,381,e005,0.4204
1,381,e006,0.4464
1,381,e007,0.441
1,381,e008,0.4099
1,381,e009,0.4878
1,381,e010,0.432
1,381,e011,0.4952
1,381,e012,0.5238
1,381,e013,0.8067
1,381,e014,0.8323
1,381,e015,0.8302
1,381,e016,0.7214
1,381,e017,0.818
1,381,e018,0.7936
1,381,e019,0.4475
1,381,e020,0.4982
1,381,e021,0.4738
1,381,e022,0.4584
1,381,e023,0.4593
1,381,e024,0.5257
1,382,e001,0.5133
1,382,e002,0.4784
1,382,e003,0.4732
1,382,e004,0.4957
1,382,e005,0.4423
1,382,e006,0.449
1,382,e007,0.4894
1,382,e008,0.4326
1,382,e009,0.4431
1,382,e010,0.4705
1,382,e011,0.516
1,382,e012,0.4942
1,382,e013,0.8251
1,382,e014,0.7872
1,382,e015,0.8472
1,382,e016,0.7418
1,382,e017,0.7866
1,382,e018,0.8333
1,382,e019,0.4416
1,382,e020,0.4028
1,382,e021,0.4854
1,382,e022,0.4509
1,382,e023,0.4892
1,382,e024,0.4374
1,383,e001,0.4966
1,383,e002,0.4249
1,383,e003,0.4178
1,383,e004,0.4279
1,383,e005,0.4447
1,383,e006,0.4479
1,383,e007,0.484
1,383,e008,0.4363
1,383,e009,0.4197
1,383,e010,0.4946
1,383,e011,0.5298
1,383,e012,0.4925
1,383,e013,0.7537
1,383,e014,0.8155
1,383,e015,0.8442
1,383,e016,0.813
1,383,e017,0.7567
1,383,e018,0.7761
1,383,e019,0.4217
1,383,e020,0.4621
1,383,e021,0.506
1,383,e022,0.4243
1,383,e023,0.4516
1,383,e024,0.4355
1,384,e001,0.4971
1,384,e002,0.4909
1,384,e003,0.4542
1,384,e004,0.4671
1,384,e005,0.4734
1,384,e006,0.4237
1,384,e007,0.4836
1,384,e008,0.4926
1,384,e009,0.4928
1,384,e010,0.474
1,384,e011,0.484
1,384,e012,0.423
1,384,e013,0.8115
1,384,e014,0.7318
1,384,e015,0.7504
1,384,e016,0.7451
1,384,e017,0.751
1,384,e018,0.7771
1,384,e019,0.4098
1,384,e020,0.4683
1,384,e021,0.4728
1,384,e022,0.455
1,384,e023,0.4802
1,384,e024,0.4814
1,385,e001,0.4856
1,385,e002,0.3983
1,385,e003,0.4876
1,385,e004,0.4183
1,385,e005,0.4437
1,385,e006,0.4656
1,385,e007,0.4722
1,385,e008,0.442
1,385,e009,0.4414
1,385,e010,0.4811
1,385,e011,0.4562
1,385,e012,0.4528
1,385,e013,0.724
1,385,e014,0.7771
1,385,e015,0.7123
1,385,e016,0.7238
1,385,e017,0.7797
1,385,e018,0.7671
1,385,e019,0.403
1,385,e020,0.4616
1,385,e021,0.4092
1,385,e022,0.4992
1,385,e023,0.4359
1,385,e024,0.43
1,386,e001,0.511
1,386,e002,0.4723
1,386,e003,0.442
1,386,e004,0.4809
1,386,e005,0.5145
1,386,e006,0.4302
1,386,e007,0.484
1,386,e008,0.4422
1,386,e009,0.5202
1,386,e010,0.5243
1,386,e011,0.4805
1,386,e012,0.4586
1,386,e013,0.8194
1,386,e014,0.7751
1,386,e015,0.8047
1,386,e016,0.8355
1,386,e017,0.8097
1,386,e018,0.8333
1,386,e019,0.4739
1,386,e020,0.4612
1,386,e021,0.4598
1,386,e022,0.4741
1,386,e023,0.4993
1,386,e024,0.5032
1,387,e001,0.4903
1,387,e002,0.4816
1,387,e003,0.4537
1,387,e004,0.532
1,387,e005,0.4883
1,387,e006,0.5429
1,387,e007,0.5181
1,387,e008,0.4844
1,387,e009,0.5268
1,387,e010,0.4968
1,387,e011,0.5393
1,387,e012,0.4479
1,387,e013,0.8741
1,387,e014,0.8063
1,387,e015,0.8504
1,387,e016,0.8299
1,387,e017,0.8151
1,387,e018,0.79
1,387,e019,0.5462
1,387,e020,0.5109
1,387,e021,0.5365
1,387,e022,0.4966
1,387,e023,0.478
1,387,e024,0.4712
1,388,e001,0.4814
1,388,e002,0.5186
1,388,e003,0.5324
1,388,e004,0.4974
1,388,e005,0.4762
1,388,e006,0.5098
1,388,e007,0.531
1,388,e008,0.5211
1,388,e009,0.4981
1,388,e010,0.4288
1,388,e011,0.4244
1,388,e012,0.4623
1,388,e013,0.8524
1,388,e014,0.8066
1,388,e015,0.8777
1,388,e016,0.7899
1,388,e017,0.7916
1,388,e018,0.8495
1,388,e019,0.5417
1,388,e020,0.4818
1,388,e021,0.4386
1,388,e022,0.5072
1,388,e023,0.5265
1,388,e024,0.4753
1,389,e001,0.4009
1,389,e002,0.4186
1,389,e003,0.5044
1,389,e004,0.4552
1,389,e005,0.4401
1,389,e006,0.389
1,389,e007,0.4625
1,389,e008,0.4834
1,389,e009,0.5266
1,389,e010,0.391
1,389,e011,0.4104
1,389,e012,0.4125
1,389,e013,0.7971
1,389,e014,0.7314
1,389,e015,0.7972
1,389,e016,0.7574
1,389,e017,0.7906
1,389,e018,0.7488
1,389,e019,0.462
1,389,e020,0.4835
1,389,e021,0.4846
1,389,e022,0.4843
1,389,e023,0.4698
1,389,e024,0.4095
1,390,e001,0.4398
1,390,e002,0.4193
1,390,e003,0.435
1,390,e004,0.4992
1,390,e005,0.4602
1,390,e006,0.3949
1,390,e007,0.4794
1,390,e008,0.5126
1,390,e009,0.469
1,390,e010,0.4292
1,390,e011,0.5098
1,390,e012,0.4817
1,390,e013,0.7672
1,390,e014,0.7433
1,390,e015,0.758
1,390,e016,0.7421
1,390,e017,0.7572
1,390,e018,0.7721
1,390,e019,0.4141
1,390,e020,0.4127
1,390,e021,0.4661
1,390,e022,0.4744
1,390,e023,0.4136
1,390,e024,0.4882
1,391,e001,0.4795
1,391,e002,0.4153
1,391,e003,0.463
1,391,e004,0.4743
1,391,e005,0.4663
1,391,e006,0.507
1,391,e007,0.4396
1,391,e008,0.4648
1,391,e009,0.5058
1,391,e010,0.4849
1,391,e011,0.505
1,391,e012,0.5337
1,391,e013,0.8319
1,391,e014,0.8316
1,391,e015,0.7908
1,391,e016,0.8429
1,391,e017,0.8698
1,391,e018,0.8115
1,391,e019,0.5162
1,391,e020,0.4851
1,391,e021,0.5251
1,391,e022,0.4928
1,391,e023,0.4803
1,391,e024,0.4755
1,392,e001,0.479
1,392,e002,0.5024
1,392,e003,0.5236
1,392,e004,0.5116
1,392,e005,0.4378
1,392,e006,0.5003
1,392,e007,0.4797
1,392,e008,0.4742
1,392,e009,0.4727
1,392,e010,0.5171
1,392,e011,0.4822
1,392,e012,0.5202
1,392,e013,0.8078
1,392,e014,0.8224
1,392,e015,0.7798
1,392,e016,0.8342
1,392,e017,0.8754
1,392,e018,0.7435
1,392,e019,0.4456
1,392,e020,0.4438
1,392,e021,0.5093
1,392,e022,0.5187
1,392,e023,0.4318
1,392,e024,0.5091
1,393,e001,0.5268
1,393,e002,0.5397
1,393,e003,0.4917
1,393,e004,0.4743
1,393,e005,0.5332
1,393,e006,0.5458
1,393,e007,0.4919
1,393,e008,0.46
1,393,e009,0.4338
1,393,e010,0.4393
1,393,e011,0.4851
1,393,e012,0.4597
1,393,e013,0.8517
1,393,e014,0.8897
1,393,e015,0.8152
1,393,e016,0.8395
1,393,e017,0.7798
1,393,e018,0.8243
1,393,e019,0.4789
1,393,e020,0.5572
1,393,e021,0.4742
1,393,e022,0.5142
1,393,e023,0.4647
1,393,e024,0.5226
1,394,e001,0.4948
1,394,e002,0.4665
1,394,e003,0.4879
1,394,e004,0.4911
1,394,e005,0.48
1,394,e006,0.4773
1,394,e007,0.4716
1,394,e008,0.4608
1,394,e009,0.5006
1,394,e010,0.5092
1,394,e011,0.4218
1,394,e012,0.4826
1,394,e013,0.7913
1,394,e014,0.7578
1,394,e015,0.832
1,394,e016,0.8201
1,394,e017,0.7642
1,394,e018,0.826
1,394,e019,0.5101
1,394,e020,0.4622
1,394,e021,0.5026
1,394,e022,0.4393
1,394,e023,0.4924
1,394,e024,0.4677
1,395,e001,0.4565
1,395,e002,0.4209
1,395,e003,0.5171
1,395,e004,0.5357
1,395,e005,0.4235
1,395,e006,0.4369
1,395,e007,0.5129
1,395,e008,0.4133
1,395,e009,0.4214
1,395,e010,0.443
1,395,e011,0.4637
1,395,e012,0.4615
1,395,e013,0.8466
1,395,e014,0.8002
1,395,e015,0.8681
1,395,e016,0.7384
1,395,e017,0.7276
1,395,e018,0.824
1,395,e019,0.4243
1,395,e020,0.5034
1,395,e021,0.5055
1,395,e022,0.4683
1,395,e023,0.4135
1,395,e024,0.4631
1,396,e001,0.4493
1,396,e002,0.4431
1,396,e003,0.5133
1,396,e004,0.4601
1,396,e005,0.5166
1,396,e006,0.4584
1,396,e007,0.4922
1,396,e008,0.5029
1,396,e009,0.4512
1,396,e010,0.483
1,396,e011,0.4415
1,396,e012,0.4682
1,396,e013,0.7879
1,396,e014,0.7658
1,396,e015,0.8272
1,396,e016,0.8023
1,396,e017,0.7503
1,396,e018,0.7528
1,396,e019,0.5033
1,396,e020,0.4659
1,396,e021,0.5153
1,396,e022,0.4611
1,396,e023,0.4381
1,396,e024,0.4584
1,397,e001,0.4928
1,397,e002,0.4774
1,397,e003,0.4599
1,397,e004,0.4769
1,397,e005,0.4679
1,397,e006,0.448
1,397,e007,0.4369
1,397,e008,0.4626
1,397,e009,0.5061
1,397,e010,0.5151
1,397,e011,0.5145
1,397,e012,0.4245
1,397,e013,0.8031
1,397,e014,0.7453
1,397,e015,0.7595
1,397,e016,0.8087
1,397,e017,0.8369
1,397,e018,0.7619
1,397,e019,0.5071
1,397,e020,0.44
1,397,e021,0.4391
1,397,e022,0.5254
1,397,e023,0.4497
1,397,e024,0.5073
1,398,e001,0.4744
1,398,e002,0.4746
1,398,e003,0.5268
1,398,e004,0.4471
1,398,e005,0.463
1,398,e006,0.4167
1,398,e007,0.4746
1,398,e008,0.4033
1,398,e009,0.4878
1,398,e010,0.4917
1,398,e011,0.4978
1,398,e012,0.4746
1,398,e013,0.6463
1,398,e014,0.5692
1,398,e015,0.6102
1,398,e016,0.6513
1,398,e017,0.6374
1,398,e018,0.6555
1,398,e019,0.5213
1,398,e020,0.4857
1,398,e021,0.5001
1,398,e022,0.5247
1,398,e023,0.4559
1,398,e024,0.4125
1,399,e001,0.5269
1,399,e002,0.4799
1,399,e003,0.4877
1,399,e004,0.4659
1,399,e005,0.4724
1,399,e006,0.4304
1,399,e007,0.4197
1,399,e008,0.4913
1,399,e009,0.5091
1,399,e010,0.3949
1,399,e011,0.5218
1,399,e012,0.4714
1,399,e013,0.5642
1,399,e014,0.5725
1,399,e015,0.6289
1,399,e016,0.5777
1,399,e017,0.6121
1,399,e018,0.6122
1,399,e019,0.3989
1,399,e020,0.4805
1,399,e021,0.4903
1,399,e022,0.434
1,399,e023,0.4799
1,399,e024,0.5008
1,400,e001,0.494
1,400,e002,0.5466
1,400,e003,0.4794
1,400,e004,0.4824
1,400,e005,0.5232
1,400,e006,0.4412
1,400,e007,0.4744
1,400,e008,0.4972
1,400,e009,0.4615
1,400,e010,0.4742
1,400,e011,0.4628
1,400,e012,0.497
1,400,e013,0.5818
1,400,e014,0.5821
1,400,e015,0.6864
1,400,e016,0.589
1,400,e017,0.6636
1,400,e018,0.6122
1,400,e019,0.5127
1,400,e020,0.4512
1,400,e021,0.5414
1,400,e022,0.5032
1,400,e023,0.4923
1,400,e024,0.4945
1,401,e001,0.4802
1,401,e002,0.542
1,401,e003,0.5187
1,401,e004,0.4965
1,401,e005,0.462
1,401,e006,0.5021
1,401,e007,0.4926
1,401,e008,0.4873
1,401,e009,0.4911
1,401,e010,0.531
1,401,e011,0.457
1,401,e012,0.4587
1,401,e013,0.6429
1,401,e014,0.6579
1,401,e015,0.5642
1,401,e016,0.5525
1,401,e017,0.5953
1,401,e018,0.6545
1,401,e019,0.4558
1,401,e020,0.4637
1,401,e021,0.428
1,401,e022,0.4574
1,401,e023,0.4726
1,401,e024,0.4861
1,402,e001,0.4824
1,402,e002,0.478
1,402,e003,0.4845
1,402,e004,0.4823
1,402,e005,0.4911
1,402,e006,0.5538
1,402,e007,0.5098
1,402,e008,0.4609
1,402,e009,0.5261
1,402,e010,0.5371
1,402,e011,0.5553
1,402,e012,0.5727
1,402,e013,0.6842
1,402,e014,0.6176
1,402,e015,0.6738
1,402,e016,0.6848
1,402,e017,0.6708
1,402,e018,0.658
1,402,e019,0.5393
1,402,e020,0.4947
1,402,e021,0.5014
1,402,e022,0.499
1,402,e023,0.5368
1,402,e024,0.5166
1,403,e001,0.5222
1,403,e002,0.5059
1,403,e003,0.4733
1,403,e004,0.4767
1,403,e005,0.4468
1,403,e006,0.4815
1,403,e007,0.4729
1,403,e008,0.4813
1,403,e009,0.4993
1,403,e010,0.4328
1,403,e011,0.4339
1,403,e012,0.5426
1,403,e013,0.6208
1,403,e014,0.6542
1,403,e015,0.5793
1,403,e016,0.6186
1,403,e017,0.6216
1,403,e018,0.5959
1,403,e019,0.4834
1,403,e020,0.5
1,403,e021,0.5002
1,403,e022,0.4833
1,403,e023,0.4753
1,403,e024,0.4985
1,404,e001,0.5352
1,404,e002,0.5084
1,404,e003,0.4455
1,404,e004,0.4601
1,404,e005,0.5172
1,404,e006,0.4985
1,404,e007,0.5391
1,404,e008,0.4904
1,404,e009,0.5302
1,404,e010,0.542
1,404,e011,0.5007
1,404,e012,0.4938
1,404,e013,0.5838
1,404,e014,0.5999
1,404,e015,0.6127
1,404,e016,0.6813
1,404,e017,0.6333
1,404,e018,0.6272
1,404,e019,0.5055
1,404,e020,0.5
1,404,e021,0.5452
1,404,e022,0.512
1,404,e023,0.4955
1,404,e024,0.5118
1,405,e001,0.4751
1,405,e002,0.4243
1,405,e003,0.4861
1,405,e004,0.4021
1,405,e005,0.4246
1,405,e006,0.5044
1,405,e007,0.5038
1,405,e008,0.4715
1,405,e009,0.4745
1,405,e010,0.3783
1,405,e011,0.4598
1,405,e012,0.4237
1,405,e013,0.5682
1,405,e014,0.5578
1,405,e015,0.5718
1,405,e016,0.6162
1,405,e017,0.5428
1,405,e018,0.6264
1,405,e019,0.4803
1,405,e020,0.5094
1,405,e021,0.4551
1,405,e022,0.4242
1,405,e023,0.5154
1,405,e024,0.4528
1,406,e001,0.4419
1,406,e002,0.4896
1,406,e003,0.422
1,406,e004,0.4134
1,406,e005,0.4483
1,406,e006,0.4448
1,406,e007,0.5205
1,406,e008,0.4285
1,406,e009,0.4798
1,406,e010,0.4342
1,406,e011,0.5109
1,406,e012,0.5287
1,406,e013,0.6164
1,406,e014,0.5683
1,406,e015,0.6231
1,406,e016,0.6499
1,406,e017,0.633
1,406,e018,0.5792
1,406,e019,0.4301
1,406,e020,0.4834
1,406,e021,0.432
1,406,e022,0.469
1,406,e023,0.4446
1,406,e024,0.4908
1,407,e001,0.5226
1,407,e002,0.5038
1,407,e003,0.5369
1,407,e004,0.514
1,407,e005,0.5607
1,407,e006,0.5495
1,407,e007,0.5408
1,407,e008,0.5596
1,407,e009,0.4996
1,407,e010,0.5498
1,407,e011,0.4945
1,407,e012,0.5255
1,407,e013,0.6175
1,407,e014,0.5875
1,407,e015,0.6251
1,407,e016,0.6666
1,407,e017,0.6969
1,407,e018,0.6222
1,407,e019,0.5686
1,407,e020,0.5769
1,407,e021,0.4743
1,407,e022,0.53
1,407,e023,0.4841
1,407,e024,0.526
1,408,e001,0.4417
1,408,e002,0.4971
1,408,e003,0.4863
1,408,e004,0.4564
1,408,e005,0.4404
1,408,e006,0.4742
1,408,e007,0.4376
1,408,e008,0.4739
1,408,e009,0.4596
1,408,e010,0.4796
1,408,e011,0.4184
1,408,e012,0.4717
1,408,e013,0.5953
1,408,e014,0.5511
1,408,e015,0.5339
1,408,e016,0.5859
1,408,e017,0.6255
1,408,e018,0.5456
1,408,e019,0.5076
1,408,e020,0.419
1,408,e021,0.4896
1,408,e022,0.4516
1,408,e023,0.4151
1,408,e024,0.4703
1,409,e001,0.4593
1,409,e002,0.5016
1,409,e003,0.5192
1,409,e004,0.5258
1,409,e005,0.5224
1,409,e006,0.4708
1,409,e007,0.4414
1,409,e008,0.5315
1,409,e009,0.5049
1,409,e010,0.5229
1,409,e011,0.5302
1,409,e012,0.52
1,409,e013,0.619
1,409,e014,0.7069
1,409,e015,0.6193
1,409,e016,0.6406
1,409,e017,0.6077
1,409,e018,0.6244
1,409,e019,0.5178
1,409,e020,0.5129
1,409,e021,0.4666
1,409,e022,0.4968
1,409,e023,0.4708
1,409,e024,0.5055
1,410,e001,0.5263
1,410,e002,0.4705
1,410,e003,0.435
1,410,e004,0.4985
1,410,e005,0.4315
1,410,e006,0.4999
1,410,e007,0.4379
1,410,e008,0.4656
1,410,e009,0.4985
1,410,e010,0.4504
1,410,e011,0.4876
1,410,e012,0.4964
1,410,e013,0.6572
1,410,e014,0.6052
1,410,e015,0.6046
1,410,e016,0.6452
1,410,e017,0.6664
1,410,e018,0.6308
1,410,e019,0.4162
1,410,e020,0.4721
1,410,e021,0.5302
1,410,e022,0.5047
1,410,e023,0.5161
1,410,e024,0.533
1,411,e001,0.4608
1,411,e002,0.4758
1,411,e003,0.4328
1,411,e004,0.4643
1,411,e005,0.4688
1,411,e006,0.497
1,411,e007,0.4975
1,411,e008,0.5331
1,411,e009,0.4276
1,411,e010,0.4927
1,411,e011,0.455
1,411,e012,0.4687
1,411,e013,0.5963
1,411,e014,0.5824
1,411,e015,0.6195
1,411,e016,0.6028
1,411,e017,0.5769
1,411,e018,0.6425
1,411,e019,0.444
1,411,e020,0.5131
1,411,e021,0.5046
1,411,e022,0.5165
1,411,e023,0.5138
1,411,e024,0.486
1,412,e001,0.505
1,412,e002,0.5037
1,412,e003,0.4571
1,412,e004,0.5037
1,412,e005,0.504
1,412,e006,0.5398
1,412,e007,0.4742
1,412,e008,0.5379
1,412,e009,0.4643
1,412,e010,0.4666
1,412,e011,0.4463
1,412,e012,0.502
1,412,e013,0.5864
1,412,e014,0.6219
1,412,e015,0.6413
1,412,e016,0.6149
1,412,e017,0.66
1,412,e018,0.6475
1,412,e019,0.5128
1,412,e020,0.5064
1,412,e021,0.4788
1,412,e022,0.4971
1,412,e023,0.5306
1,412,e024,0.496
1,413,e001,0.4435
1,413,e002,0.4407
1,413,e003,0.4017
1,413,e004,0.4689
1,413,e005,0.4731
1,413,e006,0.4227
1,413,e007,0.4802
1,413,e008,0.5052
1,413,e009,0.4586
1,413,e010,0.4181
1,413,e011,0.4485
1,413,e012,0.4687
1,413,e013,0.5837
1,413,e014,0.5343
1,413,e015,0.5208
1,413,e016,0.5823
1,413,e017,0.5443
1,413,e018,0.6043
1,413,e019,0.4767
1,413,e020,0.4651
1,413,e021,0.4326
1,413,e022,0.4315
1,413,e023,0.4891
1,413,e024,0.4319
1,414,e001,0.4705
1,414,e002,0.5334
1,414,e003,0.5269
1,414,e004,0.4519
1,414,e005,0.5316
1,414,e006,0.4553
1,414,e007,0.4592
1,414,e008,0.4813
1,414,e009,0.5296
1,414,e010,0.4423
1,414,e011,0.4794
1,414,e012,0.4772
1,414,e013,0.6192
1,414,e014,0.5879
1,414,e015,0.6304
1,414,e016,0.6141
1,414,e017,0.5793
1,414,e018,0.6292
1,414,e019,0.5473
1,414,e020,0.5428
1,414,e021,0.5388
1,414,e022,0.5276
1,414,e023,0.4907
1,414,e024,0.4965
1,415,e001,0.4754
1,415,e002,0.5053
1,415,e003,0.4858
1,415,e004,0.508
1,415,e005,0.4316
1,415,e006,0.4885
1,415,e007,0.4207
1,415,e008,0.502
1,415,e009,0.4293
1,415,e010,0.4585
1,415,e011,0.4846
1,415,e012,0.487
1,415,e013,0.607
1,415,e014,0.5559
1,415,e015,0.5722
1,415,e016,0.6143
1,415,e017,0.6455
1,415,e018,0.5728
1,415,e019,0.4942
1,415,e020,0.4178
1,415,e021,0.4623
1,415,e022,0.4563
1,415,e023,0.4718
1,415,e024,0.4743
1,416,e001,0.4302
1,416,e002,0.4877
1,416,e003,0.4993
1,416,e004,0.4846
1,416,e005,0.4572
1,416,e006,0.447
1,416,e007,0.5204
1,416,e008,0.4751
1,416,e009,0.5163
1,416,e010,0.4593
1,416,e011,0.4995
1,416,e012,0.503
1,416,e013,0.5985
1,416,e014,0.6269
1,416,e015,0.6114
1,416,e016,0.5628
1,416,e017,0.6287
1,416,e018,0.6743
1,416,e019,0.507
1,416,e020,0.4164
1,416,e021,0.4569
1,416,e022,0.4608
1,416,e023,0.4228
1,416,e024,0.4924
1,417,e001,0.4652
1,417,e002,0.4798
1,417,e003,0.5223
1,417,e004,0.5165
1,417,e005,0.5009
1,417,e006,0.4496
1,417,e007,0.4682
1,417,e008,0.4752
1,417,e009,0.487
1,417,e010,0.4979
1,417,e011,0.4341
1,417,e012,0.4805
1,417,e013,0.594
1,417,e014,0.5889
1,417,e015,0.5768
1,417,e016,0.6433
1,417,e017,0.5748
1,417,e018,0.6596
1,417,e019,0.5028
1,417,e020,0.4826
1,417,e021,0.4829
1,417,e022,0.4358
1,417,e023,0.4352
1,417,e024,0.4702
1,418,e001,0.4069
1,418,e002,0.4031
1,418,e003,0.4391
1,418,e004,0.414
1,418,e005,0.3939
1,418,e006,0.4742
1,418,e007,0.4618
1,418,e008,0.42
1,418,e009,0.3977
1,418,e010,0.3964
1,418,e011,0.4111
1,418,e012,0.4816
1,418,e013,0.5761
1,418,e014,0.5362
1,418,e015,0.6034
1,418,e016,0.5878
1,418,e017,0.6215
1,418,e018,0.5852
1,418,e019,0.4361
1,418,e020,0.4346
1,418,e021,0.4526
1,418,e022,0.4547
1,418,e023,0.3875
1,418,e024,0.4413
1,419,e001,0.4178
1,419,e002,0.4823
1,419,e003,0.4063
1,419,e004,0.4647
1,419,e005,0.3835
1,419,e006,0.4627
1,419,e007,0.4327
1,419,e008,0.4654
1,419,e009,0.4295
1,419,e010,0.4588
1,419,e011,0.4507
1,419,e012,0.517
1,419,e013,0.6246
1,419,e014,0.5806
1,419,e015,0.6009
1,419,e016,0.5766
1,419,e017,0.6123
1,419,e018,0.6206
1,419,e019,0.4441
1,419,e020,0.4396
1,419,e021,0.4568
1,419,e022,0.4803
1,419,e023,0.4019
1,419,e024,0.5024
1,420,e001,0.4515
1,420,e002,0.4377
1,420,e003,0.4325
1,420,e004,0.4841
1,420,e005,0.4302
1,420,e006,0.4621
1,420,e007,0.4897
1,420,e008,0.3836
1,420,e009,0.3904
1,420,e010,0.4211
1,420,e011,0.4292
1,420,e012,0.3786
1,420,e013,0.5994
1,420,e014,0.5528
1,420,e015,0.5973
1,420,e016,0.5919
1,420,e017,0.5094
1,420,e018,0.5779
1,420,e019,0.4738
1,420,e020,0.4429
1,420,e021,0.4637
1,420,e022,0.4176
1,420,e023,0.4319
1,420,e024,0.4878
1,421,e001,0.524
1,421,e002,0.4371
1,421,e003,0.4899
1,421,e004,0.4909
1,421,e005,0.5042
1,421,e006,0.4871
1,421,e007,0.5131
1,421,e008,0.4759
1,421,e009,0.5756
1,421,e010,0.5075
1,421,e011,0.5122
1,421,e012,0.4846
1,421,e013,0.6066
1,421,e014,0.6481
1,421,e015,0.6386
1,421,e016,0.6947
1,421,e017,0.6481
1,421,e018,0.6872
1,421,e019,0.572
1,421,e020,0.4749
1,421,e021,0.5281
1,421,e022,0.4839
1,421,e023,0.5012
1,421,e024,0.5331
1,422,e001,0.4612
1,422,e002,0.4401
1,422,e003,0.4166
1,422,e004,0.4512
1,422,e005,0.4013
1,422,e006,0.4801
1,422,e007,0.4241
1,422,e008,0.443
1,422,e009,0.3992
1,422,e010,0.409
1,422,e011,0.4545
1,422,e012,0.4709
1,422,e013,0.617
1,422,e014,0.6314
1,422,e015,0.5157
1,422,e016,0.6046
1,422,e017,0.5392
1,422,e018,0.5453
1,422,e019,0.4915
1,422,e020,0.4379
1,422,e021,0.453
1,422,e022,0.4312
1,422,e023,0.417
1,422,e024,0.4948
1,423,e001,0.4625
1,423,e002,0.4568
1,423,e003,0.4422
1,423,e004,0.4635
1,423,e005,0.4885
1,423,e006,0.4879
1,423,e007,0.4302
1,423,e008,0.4488
1,423,e009,0.4657
1,423,e010,0.4257
1,423,e011,0.4717
1,423,e012,0.4365
1,423,e013,0.6318
1,423,e014,0.5618
1,423,e015,0.6406
1,423,e016,0.6518
1,423,e017,0.6072
1,423,e018,0.6059
1,423,e019,0.5191
1,423,e020,0.4785
1,423,e021,0.4693
1,423,e022,0.5058
1,423,e023,0.4989
1,423,e024,0.4979
1,424,e001,0.4395
1,424,e002,0.4146
1,424,e003,0.4444
1,424,e004,0.4766
1,424,e005,0.4508
1,424,e006,0.4383
1,424,e007,0.4569
1,424,e008,0.4037
1,424,e009,0.4387
1,424,e010,0.4549
1,424,e011,0.4493
1,424,e012,0.4762
1,424,e013,0.5823
1,424,e014,0.5522
1,424,e015,0.6059
1,424,e016,0.6091
1,424,e017,0.5646
1,424,e018,0.5965
1,424,e019,0.4756
1,424,e020,0.468
1,424,e021,0.4561
1,424,e022,0.3998
1,424,e023,0.474
1,424,e024,0.4171
1,425,e001,0.4633
1,425,e002,0.492
1,425,e003,0.3992
1,425,e004,0.4146
1,425,e005,0.4583
1,425,e006,0.4672
1,425,e007,0.4445
1,425,e008,0.4442
1,425,e009,0.5085
1,425,e010,0.4875
1,425,e011,0.4672
1,425,e012,0.4126
1,425,e013,0.5563
1,425,e014,0.5861
1,425,e015,0.6282
1,425,e016,0.6493
1,425,e017,0.5857
1,425,e018,0.5639
1,425,e019,0.4213
1,425,e020,0.4065
1,425,e021,0.4021
1,425,e022,0.4989
1,425,e023,0.4768
1,425,e024,0.3644
1,426,e001,0.4137
1,426,e002,0.461
1,426,e003,0.5026
1,426,e004,0.5147
1,426,e005,0.5062
1,426,e006,0.4872
1,426,e007,0.424
1,426,e008,0.4625
1,426,e009,0.4383
1,426,e010,0.4474
1,426,e011,0.5262
1,426,e012,0.4597
1,426,e013,0.6655
1,426,e014,0.602
1,426,e015,0.6085
1,426,e016,0.5749
1,426,e017,0.6294
1,426,e018,0.642
1,426,e019,0.5266
1,426,e020,0.4728
1,426,e021,0.514
1,426,e022,0.4138
1,426,e023,0.4495
1,426,e024,0.4631
1,427,e001,0.4656
1,427,e002,0.4444
1,427,e003,0.4357
1,427,e004,0.4301
1,427,e005,0.4035
1,427,e006,0.4588
1,427,e007,0.49
1,427,e008,0.4916
1,427,e009,0.4594
1,427,e010,0.4114
1,427,e011,0.4798
1,427,e012,0.4463
1,427,e013,0.6194
1,427,e014,0.5403
1,427,e015,0.6262
1,427,e016,0.5876
1,427,e017,0.609
1,427,e018,0.5677
1,427,e019,0.448
1,427,e020,0.4297
1,427,e021,0.4499
1,427,e022,0.5425
1,427,e023,0.4213
1,427,e024,0.4582
1,428,e001,0.4297
1,428,e002,0.4342
1,428,e003,0.4492
1,428,e004,0.485
1,428,e005,0.4433
1,428,e006,0.4831
1,428,e007,0.4368
1,428,e008,0.3905
1,428,e009,0.425
1,428,e010,0.4769
1,428,e011,0.461
1,428,e012,0.4218
1,428,e013,0.5654
1,428,e014,0.5382
1,428,e015,0.5726
1,428,e016,0.6431
1,428,e017,0.5857
1,428,e018,0.6021
1,428,e019,0.41
1,428,e020,0.4137
1,428,e021,0.4615
1,428,e022,0.4332
1,428,e023,0.4498
1,428,e024,0.3986
1,429,e001,0.4856
1,429,e002,0.4725
1,429,e003,0.4276
1,429,e004,0.4717
1,429,e005,0.5006
1,429,e006,0.4757
1,429,e007,0.4263
1,429,e008,0.4677
1,429,e009,0.3985
1,429,e010,0.398
1,429,e011,0.5031
1,429,e012,0.4894
1,429,e013,0.5534
1,429,e014,0.5969
1,429,e015,0.6206
1,429,e016,0.5886
1,429,e017,0.516
1,429,e018,0.5645
1,429,e019,0.4506
1,429,e020,0.5215
1,429,e021,0.4811
1,429,e022,0.3843
1,429,e023,0.4936
1,429,e024,0.4543
1,430,e001,0.461
1,430,e002,0.4242
1,430,e003,0.3838
1,430,e004,0.5003
1,430,e005,0.447
1,430,e006,0.4419
1,430,e007,0.4032
1,430,e008,0.4668
1,430,e009,0.4731
1,430,e010,0.4079
1,430,e011,0.4778
1,430,e012,0.433
1,430,e013,0.5597
1,430,e014,0.5662
1,430,e015,0.6365
1,430,e016,0.5311
1,430,e017,0.5554
1,430,e018,0.5945
1,430,e019,0.4991
1,430,e020,0.4381
1,430,e021,0.4354
1,430,e022,0.3877
1,430,e023,0.4649
1,430,e024,0.4769
1,431,e001,0.3976
1,431,e002,0.4944
1,431,e003,0.4367
1,431,e004,0.4682
1,431,e005,0.4369
1,431,e006,0.4962
1,431,e007,0.4345
1,431,e008,0.412
1,431,e009,0.4578
1,431,e010,0.3962
1,431,e011,0.4827
1,431,e012,0.4763
1,431,e013,0.5377
1,431,e014,0.5814
1,431,e015,0.5731
1,431,e016,0.558
1,431,e017,0.5523
1,431,e018,0.5916
1,431,e019,0.4141
1,431,e020,0.4707
1,431,e021,0.4058
1,431,e022,0.4542
1,431,e023,0.4989
1,431,e024,0.3972
1,432,e001,0.462
1,432,e002,0.5332
1,432,e003,0.453
1,432,e004,0.431
1,432,e005,0.4895
1,432,e006,0.4279
1,432,e007,0.4337
1,432,e008,0.4353
1,432,e009,0.445
1,432,e010,0.4603
1,432,e011,0.4055
1,432,e012,0.4203
1,432,e013,0.6274
1,432,e014,0.516
1,432,e015,0.5321
1,432,e016,0.6089
1,432,e017,0.591
1,432,e018,0.6015
1,432,e019,0.4082
1,432,e020,0.4205
1,432,e021,0.3905
1,432,e022,0.4522
1,432,e023,0.4719
1,432,e024,0.4937
1,433,e001,0.5245
1,433,e002,0.4424
1,433,e003,0.4875
1,433,e004,0.5396
1,433,e005,0.5044
1,433,e006,0.4963
1,433,e007,0.4882
1,433,e008,0.5103
1,433,e009,0.4662
1,433,e010,0.4514
1,433,e011,0.4563
1,433,e012,0.4558
1,433,e013,0.6373
1,433,e014,0.6364
1,433,e015,0.6095
1,433,e016,0.6277
1,433,e017,0.6088
1,433,e018,0.6581
1,433,e019,0.5283
1,433,e020,0.4957
1,433,e021,0.5404
1,433,e022,0.5076
1,433,e023,0.4784
1,433,e024,0.5262
1,434,e001,0.4239
1,434,e002,0.5033
1,434,e003,0.4938
1,434,e004,0.4755
1,434,e005,0.5213
1,434,e006,0.5179
1,434,e007,0.5094
1,434,e008,0.4925
1,434,e009,0.4307
1,434,e010,0.4663
1,434,e011,0.4593
1,434,e012,0.5247
1,434,e013,0.5741
1,434,e014,0.6165
1,434,e015,0.6414
1,434,e016,0.5729
1,434,e017,0.5993
1,434,e018,0.5621
1,434,e019,0.4224
1,434,e020,0.5121
1,434,e021,0.4211
1,434,e022,0.4868
1,434,e023,0.4441
1,434,e024,0.4508
1,435,e001,0.464
1,435,e002,0.434
1,435,e003,0.4913
1,435,e004,0.5026
1,435,e005,0.4329
1,435,e006,0.5231
1,435,e007,0.5083
1,435,e008,0.4678
1,435,e009,0.4571
1,435,e010,0.4552
1,435,e011,0.4844
1,435,e012,0.522
1,435,e013,0.514
1,435,e014,0.633
1,435,e015,0.5609
1,435,e016,0.5792
1,435,e017,0.5741
1,435,e018,0.6305
1,435,e019,0.4772
1,435,e020,0.5121
1,435,e021,0.4552
1,435,e022,0.4808
1,435,e023,0.4329
1,435,e024,0.4856
1,436,e001,0.435
1,436,e002,0.4563
1,436,e003,0.4202
1,436,e004,0.4547
1,436,e005,0.4229
1,436,e006,0.4344
1,436,e007,0.4122
1,436,e008,0.4568
1,436,e009,0.4894
1,436,e010,0.5
1,436,e011,0.4937
1,436,e012,0.5276
1,436,e013,0.5954
1,436,e014,0.6114
1,436,e015,0.5919
1,436,e016,0.608
1,436,e017,0.5788
1,436,e018,0.5839
1,436,e019,0.411
1,436,e020,0.4301
1,436,e021,0.4705
1,436,e022,0.4633
1,436,e023,0.4691
1,436,e024,0.4564
1,437,e001,0.456
1,437,e002,0.4725
1,437,e003,0.4295
1,437,e004,0.4798
1,437,e005,0.5471
1,437,e006,0.5194
1,437,e007,0.5122
1,437,e008,0.4322
1,437,e009,0.5198
1,437,e010,0.4789
1,437,e011,0.4907
1,437,e012,0.411
1,437,e013,0.5912
1,437,e014,0.5537
1,437,e015,0.6278
1,437,e016,0.6695
1,437,e017,0.6412
1,437,e018,0.6055
1,437,e019,0.4462
1,437,e020,0.4401
1,437,e021,0.4989
1,437,e022,0.4578
1,437,e023,0.4819
1,437,e024,0.4506
1,438,e001,0.4639
1,438,e002,0.381
1,438,e003,0.4095
1,438,e004,0.4089
1,438,e005,0.398
1,438,e006,0.4059
1,438,e007,0.4013
1,438,e008,0.4128
1,438,e009,0.4407
1,438,e010,0.4196
1,438,e011,0.4452
1,438,e012,0.4615
1,438,e013,0.579
1,438,e014,0.5044
1,438,e015,0.5974
1,438,e016,0.5042
1,438,e017,0.4958
1,438,e018,0.5224
1,438,e019,0.4205
1,438,e020,0.4043
1,438,e021,0.3631
1,438,e022,0.3967
1,438,e023,0.4653
1,438,e024,0.4301
1,439,e001,0.4455
1,439,e002,0.4484
1,439,e003,0.4172
1,439,e004,0.3868
1,439,e005,0.4619
1,439,e006,0.4654
1,439,e007,0.3952
1,439,e008,0.4568
1,439,e009,0.4724
1,439,e010,0.486
1,439,e011,0.4216
1,439,e012,0.4332
1,439,e013,0.5383
1,439,e014,0.6171
1,439,e015,0.5883
1,439,e016,0.5617
1,439,e017,0.5253
1,439,e018,0.5724
1,439,e019,0.4847
1,439,e020,0.398
1,439,e021,0.4852
1,439,e022,0.4177
1,439,e023,0.4235
1,439,e024,0.4151
1,440,e001,0.463
1,440,e002,0.4634
1,440,e003,0.4835
1,440,e004,0.4593
1,440,e005,0.5011
1,440,e006,0.4447
1,440,e007,0.4579
1,440,e008,0.4638
1,440,e009,0.4562
1,440,e010,0.4279
1,440,e011,0.4559
1,440,e012,0.471
1,440,e013,0.5786
1,440,e014,0.6413
1,440,e015,0.6514
1,440,e016,0.5985
1,440,e017,0.6466
1,440,e018,0.6281
1,440,e019,0.4389
1,440,e020,0.4957
1,440,e021,0.5075
1,440,e022,0.4539
1,440,e023,0.4516
1,440,e024,0.4866
1,441,e001,0.383
1,441,e002,0.4679
1,441,e003,0.4666
1,441,e004,0.4006
1,441,e005,0.4712
1,441,e006,0.4137
1,441,e007,0.4124
1,441,e008,0.4445
1,441,e009,0.3846
1,441,e010,0.4671
1,441,e011,0.4535
1,441,e012,0.4257
1,441,e013,0.5808
1,441,e014,0.5898
1,441,e015,0.5445
1,441,e016,0.5606
1,441,e017,0.5851
1,441,e018,0.5914
1,441,e019,0.4051
1,441,e020,0.4316
1,441,e021,0.4076
1,441,e022,0.4175
1,441,e023,0.3836
1,441,e024,0.4019
1,442,e001,0.3668
1,442,e002,0.4009
1,442,e003,0.4158
1,442,e004,0.4885
1,442,e005,0.3909
1,442,e006,0.3789
1,442,e007,0.4376
1,442,e008,0.4053
1,442,e009,0.4076
1,442,e010,0.3439
1,442,e011,0.4531
1,442,e012,0.3813
1,442,e013,0.5218
1,442,e014,0.4897
1,442,e015,0.523
1,442,e016,0.5233
1,442,e017,0.5731
1,442,e018,0.6102
1,442,e019,0.4748
1,442,e020,0.4331
1,442,e021,0.4761
1,442,e022,0.447
1,442,e023,0.4143
1,442,e024,0.3858
1,443,e001,0.3693
1,443,e002,0.355
1,443,e003,0.4243
1,443,e004,0.4215
1,443,e005,0.3915
1,443,e006,0.3889
1,443,e007,0.3873
1,443,e008,0.3805
1,443,e009,0.4198
1,443,e010,0.4194
1,443,e011,0.3751
1,443,e012,0.4529
1,443,e013,0.4994
1,443,e014,0.5385
1,443,e015,0.5025
1,443,e016,0.5704
1,443,e017,0.5415
1,443,e018,0.4942
1,443,e019,0.3998
1,443,e020,0.4065
1,443,e021,0.3936
1,443,e022,0.442
1,443,e023,0.425
1,443,e024,0.4022
1,444,e001,0.4494
1,444,e002,0.4515
1,444,e003,0.3995
1,444,e004,0.4105
1,444,e005,0.4477
1,444,e006,0.4273
1,444,e007,0.4645
1,444,e008,0.4519
1,444,e009,0.4003
1,444,e010,0.3711
1,444,e011,0.4492
1,444,e012,0.3936
1,444,e013,0.5392
1,444,e014,0.5053
1,444,e015,0.5914
1,444,e016,0.5723
1,444,e017,0.5401
1,444,e018,0.5709
1,444,e019,0.3805
1,444,e020,0.415
1,444,e021,0.4113
1,444,e022,0.4157
1,444,e023,0.4397
1,444,e024,0.3824
1,445,e001,0.396
1,445,e002,0.4091
1,445,e003,0.3337
1,445,e004,0.3905
1,445,e005,0.3864
1,445,e006,0.3592
1,445,e007,0.4409
1,445,e008,0.4193
1,445,e009,0.38
1,445,e010,0.4583
1,445,e011,0.4518
1,445,e012,0.3782
1,445,e013,0.5563
1,445,e014,0.5784
1,445,e015,0.5089
1,445,e016,0.4831
1,445,e017,0.5318
1,445,e018,0.5751
1,445,e019,0.3436
1,445,e020,0.3594
1,445,e021,0.3642
1,445,e022,0.4048
1,445,e023,0.4071
1,445,e024,0.3899
1,446,e001,0.4106
1,446,e002,0.4372
1,446,e003,0.3814
1,446,e004,0.3919
1,446,e005,0.3716
1,446,e006,0.4204
1,446,e007,0.4419
1,446,e008,0.4477
1,446,e009,0.4155
1,446,e010,0.4426
1,446,e011,0.4106
1,446,e012,0.4055
1,446,e013,0.5139
1,446,e014,0.5084
1,446,e015,0.5508
1,446,e016,0.5825
1,446,e017,0.5192
1,446,e018,0.5074
1,446,e019,0.4243
1,446,e020,0.3709
1,446,e021,0.4093
1,446,e022,0.4438
1,446,e023,0.3699
1,446,e024,0.399
1,447,e001,0.4123
1,447,e002,0.3487
1,447,e003,0.3911
1,447,e004,0.3556
1,447,e005,0.4425
1,447,e006,0.4423
1,447,e007,0.4378
1,447,e008,0.4025
1,447,e009,0.3698
1,447,e010,0.4189
1,447,e011,0.363
1,447,e012,0.3707
1,447,e013,0.5712
1,447,e014,0.5271
1,447,e015,0.502
1,447,e016,0.5247
1,447,e017,0.4574
1,447,e018,0.5133
1,447,e019,0.4185
1,447,e020,0.4339
1,447,e021,0.4381
1,447,e022,0.3591
1,447,e023,0.4295
1,447,e024,0.4444
1,448,e001,0.4861
1,448,e002,0.4769
1,448,e003,0.4486
1,448,e004,0.4524
1,448,e005,0.4095
1,448,e006,0.4713
1,448,e007,0.4683
1,448,e008,0.5073
1,448,e009,0.4632
1,448,e010,0.3944
1,448,e011,0.4238
1,448,e012,0.4295
1,448,e013,0.5483
1,448,e014,0.5292
1,448,e015,0.611
1,448,e016,0.5125
1,448,e017,0.6145
1,448,e018,0.5733
1,448,e019,0.3959
1,448,e020,0.5254
1,448,e021,0.4012
1,448,e022,0.4423
1,448,e023,0.4897
1,448,e024,0.4539
1,449,e001,0.3812
1,449,e002,0.3902
1,449,e003,0.4437
1,449,e004,0.4037
1,449,e005,0.4402
1,449,e006,0.3697
1,449,e007,0.4054
1,449,e008,0.4425
1,449,e009,0.3801
1,449,e010,0.3865
1,449,e011,0.4681
1,449,e012,0.4171
1,449,e013,0.5781
1,449,e014,0.496
1,449,e015,0.5181
1,449,e016,0.4849
1,449,e017,0.6096
1,449,e018,0.5909
1,449,e019,0.3957
1,449,e020,0.4288
1,449,e021,0.433
1,449,e022,0.4654
1,449,e023,0.3857
1,449,e024,0.402
1,450,e001,0.3928
1,450,e002,0.4633
1,450,e003,0.3894
1,450,e004,0.4063
1,450,e005,0.3696
1,450,e006,0.4722
1,450,e007,0.4488
1,450,e008,0.4093
1,450,e009,0.3761
1,450,e010,0.4765
1,450,e011,0.4311
1,450,e012,0.4273
1,450,e013,0.4341
1,450,e014,0.428
1,450,e015,0.3866
1,450,e016,0.3568
1,450,e017,0.4684
1,450,e018,0.3958
1,450,e019,0.3628
1,450,e020,0.3703
1,450,e021,0.3803
1,450,e022,0.4029
1,450,e023,0.3995
1,450,e024,0.4007
1,451,e001,0.3779
1,451,e002,0.3599
1,451,e003,0.3327
1,451,e004,0.3678
1,451,e005,0.3595
1,451,e006,0.3717
1,451,e007,0.3863
1,451,e008,0.4219
1,451,e009,0.396
1,451,e010,0.3947
1,451,e011,0.354
1,451,e012,0.3766
1,451,e013,0.3446
1,451,e014,0.3602
1,451,e015,0.3618
1,451,e016,0.3972
1,451,e017,0.3415
1,451,e018,0.3665
1,451,e019,0.393
1,451,e020,0.3991
1,451,e021,0.4384
1,451,e022,0.4616
1,451,e023,0.3817
1,451,e024,0.3203
1,452,e001,0.4142
1,452,e002,0.363
1,452,e003,0.3631
1,452,e004,0.3646
1,452,e005,0.4351
1,452,e006,0.3778
1,452,e007,0.3591
1,452,e008,0.3812
1,452,e009,0.4014
1,452,e010,0.4074
1,452,e011,0.3937
1,452,e012,0.3628
1,452,e013,0.3486
1,452,e014,0.4013
1,452,e015,0.3888
1,452,e016,0.3319
1,452,e017,0.3531
1,452,e018,0.3647
1,452,e019,0.4176
1,452,e020,0.3826
1,452,e021,0.4433
1,452,e022,0.3583
1,452,e023,0.3942
1,452,e024,0.3825
1,453,e001,0.357
1,453,e002,0.3278
1,453,e003,0.4118
1,453,e004,0.3774
1,453,e005,0.3644
1,453,e006,0.3523
1,453,e007,0.3771
1,453,e008,0.3948
1,453,e009,0.3175
1,453,e010,0.4374
1,453,e011,0.3934
1,453,e012,0.3459
1,453,e013,0.3747
1,453,e014,0.3918
1,453,e015,0.3258
1,453,e016,0.3846
1,453,e017,0.3425
1,453,e018,0.3589
1,453,e019,0.3433
1,453,e020,0.3732
1,453,e021,0.3646
1,453,e022,0.4015
1,453,e023,0.3728
1,453,e024,0.3251
1,454,e001,0.4256
1,454,e002,0.4357
1,454,e003,0.4183
1,454,e004,0.4553
1,454,e005,0.3617
1,454,e006,0.4039
1,454,e007,0.3666
1,454,e008,0.3733
1,454,e009,0.4091
1,454,e010,0.3825
1,454,e011,0.4204
1,454,e012,0.4348
1,454,e013,0.3806
1,454,e014,0.4251
1,454,e015,0.4151
1,454,e016,0.4514
1,454,e017,0.4379
1,454,e018,0.3812
1,454,e019,0.4148
1,454,e020,0.455
1,454,e021,0.375
1,454,e022,0.3565
1,454,e023,0.4008
1,454,e024,0.4458
1,455,e001,0.3393
1,455,e002,0.3723
1,455,e003,0.3213
1,455,e004,0.3767
1,455,e005,0.3392
1,455,e006,0.2991
1,455,e007,0.3633
1,455,e008,0.3614
1,455,e009,0.325
1,455,e010,0.3046
1,455,e011,0.3889
1,455,e012,0.4011
1,455,e013,0.3114
1,455,e014,0.3473
1,455,e015,0.3668
1,455,e016,0.3757
1,455,e017,0.3893
1,455,e018,0.3792
1,455,e019,0.3277
1,455,e020,0.3258
1,455,e021,0.3967
1,455,e022,0.3364
1,455,e023,0.2972
1,455,e024,0.3096
1,456,e001,0.323
1,456,e002,0.3379
1,456,e003,0.3343
1,456,e004,0.3081
1,456,e005,0.3352
1,456,e006,0.3351
1,456,e007,0.3344
1,456,e008,0.2886
1,456,e009,0.3445
1,456,e010,0.3117
1,456,e011,0.3848
1,456,e012,0.3293
1,456,e013,0.3513
1,456,e014,0.3147
1,456,e015,0.3037
1,456,e016,0.3245
1,456,e017,0.2863
1,456,e018,0.3184
1,456,e019,0.362
1,456,e020,0.3797
1,456,e021,0.2861
1,456,e022,0.3275
1,456,e023,0.3528
1,456,e024,0.3039
1,457,e001,0.4055
1,457,e002,0.3769
1,457,e003,0.3641
1,457,e004,0.3976
1,457,e005,0.4391
1,457,e006,0.4329
1,457,e007,0.4154
1,457,e008,0.4001
1,457,e009,0.4079
1,457,e010,0.4176
1,457,e011,0.3794
1,457,e012,0.4497
1,457,e013,0.3952
1,457,e014,0.4495
1,457,e015,0.3935
1,457,e016,0.3849
1,457,e017,0.4335
1,457,e018,0.4413
1,457,e019,0.3863
1,457,e020,0.4019
1,457,e021,0.3827
1,457,e022,0.3498
1,457,e023,0.3801
1,457,e024,0.3889
1,458,e001,0.3246
1,458,e002,0.4069
1,458,e003,0.3503
1,458,e004,0.3864
1,458,e005,0.3368
1,458,e006,0.4021
1,458,e007,0.3892
1,458,e008,0.3655
1,458,e009,0.3389
1,458,e010,0.3469
1,458,e011,0.337
1,458,e012,0.3851
1,458,e013,0.3488
1,458,e014,0.3741
1,458,e015,0.3879
1,458,e016,0.3597
1,458,e017,0.3021
1,458,e018,0.3273
1,458,e019,0.314
1,458,e020,0.3543
1,458,e021,0.3501
1,458,e022,0.3312
1,458,e023,0.3684
1,458,e024,0.3495
1,459,e001,0.4209
1,459,e002,0.3037
1,459,e003,0.4327
1,459,e004,0.4046
1,459,e005,0.4219
1,459,e006,0.3844
1,459,e007,0.4203
1,459,e008,0.3697
1,459,e009,0.3645
1,459,e010,0.3815
1,459,e011,0.4332
1,459,e012,0.4146
1,459,e013,0.3503
1,459,e014,0.3655
1,459,e015,0.3494
1,459,e016,0.3849
1,459,e017,0.3322
1,459,e018,0.3432
1,459,e019,0.3642
1,459,e020,0.415
1,459,e021,0.4381
1,459,e022,0.4504
1,459,e023,0.4077
1,459,e024,0.3418
1,460,e001,0.413
1,460,e002,0.378
1,460,e003,0.4076
1,460,e004,0.4247
1,460,e005,0.466
1,460,e006,0.4013
1,460,e007,0.4144
1,460,e008,0.4004
1,460,e009,0.3998
1,460,e010,0.3778
1,460,e011,0.3503
1,460,e012,0.3932
1,460,e013,0.3679
1,460,e014,0.4342
1,460,e015,0.441
1,460,e016,0.3858
1,460,e017,0.3793
1,460,e018,0.4225
1,460,e019,0.3886
1,460,e020,0.4271
1,460,e021,0.39
1,460,e022,0.3785
1,460,e023,0.4194
1,460,e024,0.4327
1,461,e001,0.4009
1,461,e002,0.376
1,461,e003,0.3285
1,461,e004,0.4148
1,461,e005,0.3228
1,461,e006,0.3635
1,461,e007,0.4177
1,461,e008,0.3371
1,461,e009,0.3616
1,461,e010,0.3887
1,461,e011,0.4039
1,461,e012,0.3324
1,461,e013,0.3135
1,461,e014,0.3749
1,461,e015,0.3005
1,461,e016,0.3365
1,461,e017,0.3783
1,461,e018,0.3233
1,461,e019,0.3607
1,461,e020,0.3434
1,461,e021,0.3356
1,461,e022,0.3632
1,461,e023,0.3763
1,461,e024,0.3957
1,462,e001,0.3285
1,462,e002,0.4206
1,462,e003,0.3824
1,462,e004,0.4088
1,462,e005,0.4162
1,462,e006,0.3729
1,462,e007,0.3481
1,462,e008,0.3589
1,462,e009,0.3857
1,462,e010,0.3717
1,462,e011,0.36
1,462,e012,0.3695
1,462,e013,0.3265
1,462,e014,0.3058
1,462,e015,0.3722
1,462,e016,0.4066
1,462,e017,0.3365
1,462,e018,0.3554
1,462,e019,0.3691
1,462,e020,0.4052
1,462,e021,0.3488
1,462,e022,0.3418
1,462,e023,0.3861
1,462,e024,0.4026
1,463,e001,0.3179
1,463,e002,0.3169
1,463,e003,0.3688
1,463,e004,0.3299
1,463,e005,0.4034
1,463,e006,0.3779
1,463,e007,0.3615
1,463,e008,0.2984
1,463,e009,0.3277
1,463,e010,0.3803
1,463,e011,0.3662
1,463,e012,0.3859
1,463,e013,0.3409
1,463,e014,0.3132
1,463,e015,0.345
1,463,e016,0.33
1,463,e017,0.3626
1,463,e018,0.3908
1,463,e019,0.375
1,463,e020,0.3772
1,463,e021,0.3645
1,463,e022,0.3089
1,463,e023,0.3242
1,463,e024,0.353
1,464,e001,0.4022
1,464,e002,0.355
1,464,e003,0.3939
1,464,e004,0.3606
1,464,e005,0.3499
1,464,e006,0.4449
1,464,e007,0.4259
1,464,e008,0.3858
1,464,e009,0.3698
1,464,e010,0.43
1,464,e011,0.4087
1,464,e012,0.3549
1,464,e013,0.3575
1,464,e014,0.3881
1,464,e015,0.3773
1,464,e016,0.4144
1,464,e017,0.3362
1,464,e018,0.3937
1,464,e019,0.3962
1,464,e020,0.3898
1,464,e021,0.4083
1,464,e022,0.4361
1,464,e023,0.3502
1,464,e024,0.4269
1,465,e001,0.4125
1,465,e002,0.426
1,465,e003,0.3747
1,465,e004,0.4115
1,465,e005,0.385
1,465,e006,0.3941
1,465,e007,0.4383
1,465,e008,0.3503
1,465,e009,0.3637
1,465,e010,0.4804
1,465,e011,0.4262
1,465,e012,0.4489
1,465,e013,0.4156
1,465,e014,0.3468
1,465,e015,0.3302
1,465,e016,0.4257
1,465,e017,0.3423
1,465,e018,0.366
1,465,e019,0.4159
1,465,e020,0.4444
1,465,e021,0.3886
1,465,e022,0.3465
1,465,e023,0.4189
1,465,e024,0.3407
1,466,e001,0.3853
1,466,e002,0.4235
1,466,e003,0.3754
1,466,e004,0.3101
1,466,e005,0.3822
1,466,e006,0.3057
1,466,e007,0.3801
1,466,e008,0.3948
1,466,e009,0.3552
1,466,e010,0.32
1,466,e011,0.3579
1,466,e012,0.3905
1,466,e013,0.3829
1,466,e014,0.358
1,466,e015,0.4041
1,466,e016,0.3294
1,466,e017,0.4119
1,466,e018,0.3559
1,466,e019,0.3718
1,466,e020,0.3497
1,466,e021,0.3184
1,466,e022,0.293
1,466,e023,0.4087
1,466,e024,0.3457
1,467,e001,0.3912
1,467,e002,0.3849
1,467,e003,0.3318
1,467,e004,0.398
1,467,e005,0.3095
1,467,e006,0.3725
1,467,e007,0.3025
1,467,e008,0.3536
1,467,e009,0.3607
1,467,e010,0.4123
1,467,e011,0.3317
1,467,e012,0.4061
1,467,e013,0.3379
1,467,e014,0.3274
1,467,e015,0.3846
1,467,e016,0.3834
1,467,e017,0.3188
1,467,e018,0.3506
1,467,e019,0.3523
1,467,e020,0.3956
1,467,e021,0.3204
1,467,e022,0.3186
1,467,e023,0.3342
1,467,e024,0.3497
1,468,e001,0.3115
1,468,e002,0.3358
1,468,e003,0.278
1,468,e004,0.3812
1,468,e005,0.3861
1,468,e006,0.3022
1,468,e007,0.3067
1,468,e008,0.3128
1,468,e009,0.2999
1,468,e010,0.3088
1,468,e011,0.3237
1,468,e012,0.3337
1,468,e013,0.369
1,468,e014,0.3444
1,468,e015,0.3879
1,468,e016,0.376
1,468,e017,0.3059
1,468,e018,0.3398
1,468,e019,0.3917
1,468,e020,0.3587
1,468,e021,0.3897
1,468,e022,0.2941
1,468,e023,0.3223
1,468,e024,0.3145
1,469,e001,0.34
1,469,e002,0.348
1,469,e003,0.3959
1,469,e004,0.3412
1,469,e005,0.363
1,469,e006,0.2814
1,469,e007,0.3802
1,469,e008,0.3046
1,469,e009,0.3381
1,469,e010,0.3215
1,469,e011,0.3342
1,469,e012,0.3243
1,469,e013,0.3816
1,469,e014,0.37
1,469,e015,0.3893
1,469,e016,0.3185
1,469,e017,0.3519
1,469,e018,0.3894
1,469,e019,0.2943
1,469,e020,0.3112
1,469,e021,0.3239
1,469,e022,0.3042
1,469,e023,0.3631
1,469,e024,0.322
1,470,e001,0.3436
1,470,e002,0.3641
1,470,e003,0.3484
1,470,e004,0.3618
1,470,e005,0.367
1,470,e006,0.2953
1,470,e007,0.322
1,470,e008,0.3423
1,470,e009,0.2722
1,470,e010,0.3048
1,470,e011,0.3175
1,470,e012,0.305
1,470,e013,0.3598
1,470,e014,0.3275
1,470,e015,0.3161
1,470,e016,0.3744
1,470,e017,0.3296
1,470,e018,0.3246
1,470,e019,0.3444
1,470,e020,0.2943
1,470,e021,0.3351
1,470,e022,0.3552
1,470,e023,0.3256
1,470,e024,0.3795
1,471,e001,0.2845
1,471,e002,0.3426
1,471,e003,0.2864
1,471,e004,0.2951
1,471,e005,0.3495
1,471,e006,0.2932
1,471,e007,0.3468
1,471,e008,0.2789
1,471,e009,0.3107
1,471,e010,0.3157
1,471,e011,0.2663
1,471,e012,0.3784
1,471,e013,0.3771
1,471,e014,0.3612
1,471,e015,0.3189
1,471,e016,0.3041
1,471,e017,0.2859
1,471,e018,0.3452
1,471,e019,0.2836
1,471,e020,0.3496
1,471,e021,0.3215
1,471,e022,0.2918
1,471,e023,0.3159
1,471,e024,0.2983
1,472,e001,0.3257
1,472,e002,0.3121
1,472,e003,0.3141
1,472,e004,0.3526
1,472,e005,0.3596
1,472,e006,0.3251
1,472,e007,0.3118
1,472,e008,0.3364
1,472,e009,0.3696
1,472,e010,0.3008
1,472,e011,0.3064
1,472,e012,0.3284
1,472,e013,0.3373
1,472,e014,0.3356
1,472,e015,0.387
1,472,e016,0.3647
1,472,e017,0.3591
1,472,e018,0.3334
1,472,e019,0.3335
1,472,e020,0.3273
1,472,e021,0.3291
1,472,e022,0.3488
1,472,e023,0.3547
1,472,e024,0.3432
1,473,e001,0.3581
1,473,e002,0.4024
1,473,e003,0.3386
1,473,e004,0.3323
1,473,e005,0.372
1,473,e006,0.3726
1,473,e007,0.3458
1,473,e008,0.4085
1,473,e009,0.3073
1,473,e010,0.3083
1,473,e011,0.3657
1,473,e012,0.3681
1,473,e013,0.3278
1,473,e014,0.3727
1,473,e015,0.39
1,473,e016,0.3749
1,473,e017,0.3534
1,473,e018,0.3404
1,473,e019,0.3662
1,473,e020,0.3662
1,473,e021,0.3609
1,473,e022,0.3966
1,473,e023,0.3684
1,473,e024,0.3454
1,474,e001,0.3317
1,474,e002,0.3631
1,474,e003,0.4213
1,474,e004,0.3603
1,474,e005,0.3624
1,474,e006,0.3456
1,474,e007,0.4062
1,474,e008,0.3215
1,474,e009,0.3554
1,474,e010,0.4182
1,474,e011,0.3504
1,474,e012,0.394
1,474,e013,0.314
1,474,e014,0.4096
1,474,e015,0.3744
1,474,e016,0.3209
1,474,e017,0.354
1,474,e018,0.4075
1,474,e019,0.3937
1,474,e020,0.3499
1,474,e021,0.366
1,474,e022,0.3742
1,474,e023,0.358
1,474,e024,0.3168
1,475,e001,0.3289
1,475,e002,0.3154
1,475,e003,0.3579
1,475,e004,0.3197
1,475,e005,0.4112
1,475,e006,0.3965
1,475,e007,0.3776
1,475,e008,0.3621
1,475,e009,0.37
1,475,e010,0.2937
1,475,e011,0.314
1,475,e012,0.3236
1,475,e013,0.3626
1,475,e014,0.3897
1,475,e015,0.2962
1,475,e016,0.2984
1,475,e017,0.3527
1,475,e018,0.313
1,475,e019,0.3045
1,475,e020,0.3067
1,475,e021,0.3714
1,475,e022,0.3776
1,475,e023,0.361
1,475,e024,0.3431
1,476,e001,0.2827
1,476,e002,0.2687
1,476,e003,0.2988
1,476,e004,0.3673
1,476,e005,0.295
1,476,e006,0.3536
1,476,e007,0.2944
1,476,e008,0.2818
1,476,e009,0.369
1,476,e010,0.3005
1,476,e011,0.3377
1,476,e012,0.3314
1,476,e013,0.3256
1,476,e014,0.3164
1,476,e015,0.3342
1,476,e016,0.3068
1,476,e017,0.33
1,476,e018,0.3098
1,476,e019,0.3053
1,476,e020,0.3061
1,476,e021,0.3603
1,476,e022,0.3746
1,476,e023,0.3322
1,476,e024,0.3594
1,477,e001,0.3417
1,477,e002,0.3217
1,477,e003,0.2422
1,477,e004,0.312
1,477,e005,0.3253
1,477,e006,0.2941
1,477,e007,0.3143
1,477,e008,0.3515
1,477,e009,0.338
1,477,e010,0.3407
1,477,e011,0.2905
1,477,e012,0.3127
1,477,e013,0.2906
1,477,e014,0.3301
1,477,e015,0.264
1,477,e016,0.3383
1,477,e017,0.3411
1,477,e018,0.3223
1,477,e019,0.3162
1,477,e020,0.294
1,477,e021,0.3516
1,477,e022,0.2729
1,477,e023,0.3551
1,477,e024,0.2581
1,478,e001,0.3681
1,478,e002,0.4051
1,478,e003,0.3347
1,478,e004,0.3979
1,478,e005,0.3232
1,478,e006,0.4
1,478,e007,0.3822
1,478,e008,0.3299
1,478,e009,0.3761
1,478,e010,0.4143
1,478,e011,0.3981
1,478,e012,0.4221
1,478,e013,0.3469
1,478,e014,0.3553
1,478,e015,0.317
1,478,e016,0.3824
1,478,e017,0.4087
1,478,e018,0.4166
1,478,e019,0.4041
1,478,e020,0.391
1,478,e021,0.3374
1,478,e022,0.369
1,478,e023,0.3393
1,478,e024,0.3172
1,479,e001,0.329
1,479,e002,0.2798
1,479,e003,0.3672
1,479,e004,0.3014
1,479,e005,0.3682
1,479,e006,0.2889
1,479,e007,0.2966
1,479,e008,0.2852
1,479,e009,0.297
1,479,e010,0.3334
1,479,e011,0.3373
1,479,e012,0.3174
1,479,e013,0.2887
1,479,e014,0.3647
1,479,e015,0.2865
1,479,e016,0.3143
1,479,e017,0.3114
1,479,e018,0.2738
1,479,e019,0.2623
1,479,e020,0.3632
1,479,e021,0.2792
1,479,e022,0.3169
1,479,e023,0.3478
1,479,e024,0.3256
1,480,e001,0.3302
1,480,e002,0.3351
1,480,e003,0.3062
1,480,e004,0.3735
1,480,e005,0.3419
1,480,e006,0.3626
1,480,e007,0.3248
1,480,e008,0.3908
1,480,e009,0.3064
1,480,e010,0.3188
1,480,e011,0.3421
1,480,e012,0.3511
1,480,e013,0.3266
1,480,e014,0.341
1,480,e015,0.3024
1,480,e016,0.3116
1,480,e017,0.3673
1,480,e018,0.382
1,480,e019,0.3202
1,480,e020,0.318
1,480,e021,0.3087
1,480,e022,0.347
1,480,e023,0.3341
1,480,e024,0.3612
1,481,e001,0.3904
1,481,e002,0.3975
1,481,e003,0.3582
1,481,e004,0.3964
1,481,e005,0.4017
1,481,e006,0.3998
1,481,e007,0.3907
1,481,e008,0.3737
1,481,e009,0.3378
1,481,e010,0.3309
1,481,e011,0.3224
1,481,e012,0.3919
1,481,e013,0.3145
1,481,e014,0.3972
1,481,e015,0.3758
1,481,e016,0.3812
1,481,e017,0.3711
1,481,e018,0.3894
1,481,e019,0.3265
1,481,e020,0.3903
1,481,e021,0.3671
1,481,e022,0.3463
1,481,e023,0.3473
1,481,e024,0.3661
1,482,e001,0.3295
1,482,e002,0.3611
1,482,e003,0.2809
1,482,e004,0.2544
1,482,e005,0.3085
1,482,e006,0.3555
1,482,e007,0.2997
1,482,e008,0.3746
1,482,e009,0.3142
1,482,e010,0.316
1,482,e011,0.2826
1,482,e012,0.3031
1,482,e013,0.3633
1,482,e014,0.2826
1,482,e015,0.3823
1,482,e016,0.2708
1,482,e017,0.3586
1,482,e018,0.3192
1,482,e019,0.3063
1,482,e020,0.3529
1,482,e021,0.2954
1,482,e022,0.3341
1,482,e023,0.3536
1,482,e024,0.3372
1,483,e001,0.2819
1,483,e002,0.3237
1,483,e003,0.3219
1,483,e004,0.3539
1,483,e005,0.2851
1,483,e006,0.3528
1,483,e007,0.2913
1,483,e008,0.3518
1,483,e009,0.335
1,483,e010,0.2846
1,483,e011,0.3153
1,483,e012,0.3664
1,483,e013,0.3622
1,483,e014,0.3496
1,483,e015,0.2763
1,483,e016,0.3354
1,483,e017,0.3033
1,483,e018,0.3193
1,483,e019,0.3474
1,483,e020,0.3765
1,483,e021,0.33
1,483,e022,0.3448
1,483,e023,0.2849
1,483,e024,0.3412
1,484,e001,0.3511
1,484,e002,0.2898
1,484,e003,0.3053
1,484,e004,0.3236
1,484,e005,0.3061
1,484,e006,0.3036
1,484,e007,0.3638
1,484,e008,0.3643
1,484,e009,0.2873
1,484,e010,0.3477
1,484,e011,0.2812
1,484,e012,0.3612
1,484,e013,0.3601
1,484,e014,0.3247
1,484,e015,0.3428
1,484,e016,0.3032
1,484,e017,0.3047
1,484,e018,0.2917
1,484,e019,0.3113
1,484,e020,0.3001
1,484,e021,0.3319
1,484,e022,0.3487
1,484,e023,0.3134
1,484,e024,0.3069
1,485,e001,0.2862
1,485,e002,0.3016
1,485,e003,0.2909
1,485,e004,0.304
1,485,e005,0.319
1,485,e006,0.3307
1,485,e007,0.2559
1,485,e008,0.2496
1,485,e009,0.2573
1,485,e010,0.2829
1,485,e011,0.3073
1,485,e012,0.3112
1,485,e013,0.3052
1,485,e014,0.3227
1,485,e015,0.331
1,485,e016,0.2929
1,485,e017,0.3109
1,485,e018,0.2732
1,485,e019,0.3609
1,485,e020,0.2763
1,485,e021,0.3098
1,485,e022,0.3075
1,485,e023,0.2663
1,485,e024,0.2763
1,486,e001,0.3206
1,486,e002,0.2863
1,486,e003,0.3082
1,486,e004,0.3332
1,486,e005,0.3089
1,486,e006,0.2944
1,486,e007,0.3885
1,486,e008,0.2852
1,486,e009,0.3349
1,486,e010,0.3529
1,486,e011,0.3452
1,486,e012,0.3352
1,486,e013,0.2853
1,486,e014,0.3604
1,486,e015,0.3324
1,486,e016,0.2685
1,486,e017,0.3329
1,486,e018,0.2919
1,486,e019,0.3096
1,486,e020,0.3527
1,486,e021,0.3523
1,486,e022,0.32
1,486,e023,0.3436
1,486,e024,0.3469
1,487,e001,0.3076
1,487,e002,0.2958
1,487,e003,0.3495
1,487,e004,0.3218
1,487,e005,0.2756
1,487,e006,0.3268
1,487,e007,0.2863
1,487,e008,0.2862
1,487,e009,0.2451
1,487,e010,0.2774
1,487,e011,0.3439
1,487,e012,0.3141
1,487,e013,0.362
1,487,e014,0.2884
1,487,e015,0.3364
1,487,e016,0.3316
1,487,e017,0.2891
1,487,e018,0.2984
1,487,e019,0.3809
1,487,e020,0.3733
1,487,e021,0.3542
1,487,e022,0.2554
1,487,e023,0.3289
1,487,e024,0.2871
1,488,e001,0.3206
1,488,e002,0.3751
1,488,e003,0.3695
1,488,e004,0.3854
1,488,e005,0.2664
1,488,e006,0.3508
1,488,e007,0.303
1,488,e008,0.2957
1,488,e009,0.3792
1,488,e010,0.3916
1,488,e011,0.3515
1,488,e012,0.3119
1,488,e013,0.3479
1,488,e014,0.3083
1,488,e015,0.2968
1,488,e016,0.3299
1,488,e017,0.3261
1,488,e018,0.3442
1,488,e019,0.3059
1,488,e020,0.3223
1,488,e021,0.3206
1,488,e022,0.3238
1,488,e023,0.2819
1,488,e024,0.3282
1,489,e001,0.3647
1,489,e002,0.2576
1,489,e003,0.3712
1,489,e004,0.3467
1,489,e005,0.3351
1,489,e006,0.2908
1,489,e007,0.2946
1,489,e008,0.32
1,489,e009,0.3359
1,489,e010,0.2746
1,489,e011,0.2832
1,489,e012,0.2611
1,489,e013,0.3082
1,489,e014,0.3437
1,489,e015,0.3114
1,489,e016,0.285
1,489,e017,0.3795
1,489,e018,0.3318
1,489,e019,0.3033
1,489,e020,0.3815
1,489,e021,0.3345
1,489,e022,0.3434
1,489,e023,0.2447
1,489,e024,0.3116
1,490,e001,0.2815
1,490,e002,0.3022
1,490,e003,0.2988
1,490,e004,0.3493
1,490,e005,0.3562
1,490,e006,0.3086
1,490,e007,0.3576
1,490,e008,0.3279
1,490,e009,0.3367
1,490,e010,0.364
1,490,e011,0.3209
1,490,e012,0.2799
1,490,e013,0.3641
1,490,e014,0.3533
1,490,e015,0.3527
1,490,e016,0.3082
1,490,e017,0.2995
1,490,e018,0.2751
1,490,e019,0.3331
1,490,e020,0.3544
1,490,e021,0.2992
1,490,e022,0.3466
1,490,e023,0.3275
1,490,e024,0.3262
1,491,e001,0.3871
1,491,e002,0.3464
1,491,e003,0.3191
1,491,e004,0.2896
1,491,e005,0.3491
1,491,e006,0.3217
1,491,e007,0.4143
1,491,e008,0.3971
1,491,e009,0.329
1,491,e010,0.2958
1,491,e011,0.301
1,491,e012,0.3705
1,491,e013,0.33
1,491,e014,0.3213
1,491,e015,0.3163
1,491,e016,0.3493
1,491,e017,0.3002
1,491,e018,0.3
1,491,e019,0.3789
1,491,e020,0.3058
1,491,e021,0.3623
1,491,e022,0.3585
1,491,e023,0.3167
1,491,e024,0.3489
1,492,e001,0.3131
1,492,e002,0.3373
1,492,e003,0.3589
1,492,e004,0.3099
1,492,e005,0.3297
1,492,e006,0.3976
1,492,e007,0.3019
1,492,e008,0.3631
1,492,e009,0.3092
1,492,e010,0.3543
1,492,e011,0.2913
1,492,e012,0.295
1,492,e013,0.2426
1,492,e014,0.3067
1,492,e015,0.3063
1,492,e016,0.2966
1,492,e017,0.3276
1,492,e018,0.2945
1,492,e019,0.3069
1,492,e020,0.3875
1,492,e021,0.3797
1,492,e022,0.2745
1,492,e023,0.3293
1,492,e024,0.2873
1,493,e001,0.3476
1,493,e002,0.2743
1,493,e003,0.3238
1,493,e004,0.2941
1,493,e005,0.3154
1,493,e006,0.3432
1,493,e007,0.3013
1,493,e008,0.2931
1,493,e009,0.3249
1,493,e010,0.3802
1,493,e011,0.3095
1,493,e012,0.3199
1,493,e013,0.3485
1,493,e014,0.2733
1,493,e015,0.2649
1,493,e016,0.3601
1,493,e017,0.3794
1,493,e018,0.3233
1,493,e019,0.3426
1,493,e020,0.286
1,493,e021,0.3258
1,493,e022,0.306
1,493,e023,0.383
1,493,e024,0.2866
1,494,e001,0.3679
1,494,e002,0.3231
1,494,e003,0.2859
1,494,e004,0.3667
1,494,e005,0.307
1,494,e006,0.2959
1,494,e007,0.3516
1,494,e008,0.3406
1,494,e009,0.3709
1,494,e010,0.2789
1,494,e011,0.3334
1,494,e012,0.3411
1,494,e013,0.3561
1,494,e014,0.3082
1,494,e015,0.377
1,494,e016,0.3095
1,494,e017,0.348
1,494,e018,0.4038
1,494,e019,0.3104
1,494,e020,0.3708
1,494,e021,0.3279
1,494,e022,0.3105
1,494,e023,0.3741
1,494,e024,0.3912
1,495,e001,0.2608
1,495,e002,0.3255
1,495,e003,0.3414
1,495,e004,0.2753
1,495,e005,0.2952
1,495,e006,0.3379
1,495,e007,0.3053
1,495,e008,0.2997
1,495,e009,0.3264
1,495,e010,0.2844
1,495,e011,0.3237
1,495,e012,0.2994
1,495,e013,0.3288
1,495,e014,0.2619
1,495,e015,0.3783
1,495,e016,0.2855
1,495,e017,0.3507
1,495,e018,0.2962
1,495,e019,0.3043
1,495,e020,0.2905
1,495,e021,0.2817
1,495,e022,0.3048
1,495,e023,0.2844
1,495,e024,0.3463
1,496,e001,0.2527
1,496,e002,0.2764
1,496,e003,0.2855
1,496,e004,0.3223
1,496,e005,0.329
1,496,e006,0.2907
1,496,e007,0.334
1,496,e008,0.2615
1,496,e009,0.2996
1,496,e010,0.2902
1,496,e011,0.2918
1,496,e012,0.2678
1,496,e013,0.2791
1,496,e014,0.2469
1,496,e015,0.2484
1,496,e016,0.3051
1,496,e017,0.2968
1,496,e018,0.2954
1,496,e019,0.2772
1,496,e020,0.2723
1,496,e021,0.2831
1,496,e022,0.3351
1,496,e023,0.2972
1,496,e024,0.2593
1,497,e001,0.2977
1,497,e002,0.3109
1,497,e003,0.3398
1,497,e004,0.3384
1,497,e005,0.2864
1,497,e006,0.3822
1,497,e007,0.3395
1,497,e008,0.2813
1,497,e009,0.3074
1,497,e010,0.2987
1,497,e011,0.2902
1,497,e012,0.2649
1,497,e013,0.3601
1,497,e014,0.3201
1,497,e015,0.3118
1,497,e016,0.2525
1,497,e017,0.3241
1,497,e018,0.2674
1,497,e019,0.2961
1,497,e020,0.3149
1,497,e021,0.2529
1,497,e022,0.3436
1,497,e023,0.2992
1,497,e024,0.3023
1,498,e001,0.2804
1,498,e002,0.2981
1,498,e003,0.2626
1,498,e004,0.3473
1,498,e005,0.3334
1,498,e006,0.3509
1,498,e007,0.2833
1,498,e008,0.3116
1,498,e009,0.3746
1,498,e010,0.3352
1,498,e011,0.3545
1,498,e012,0.3627
1,498,e013,0.2966
1,498,e014,0.3677
1,498,e015,0.3187
1,498,e016,0.3375
1,498,e017,0.2924
1,498,e018,0.2983
1,498,e019,0.2929
1,498,e020,0.3426
1,498,e021,0.3547
1,498,e022,0.2904
1,498,e023,0.3302
1,498,e024,0.2937
1,499,e001,0.2924
1,499,e002,0.2532
1,499,e003,0.3769
1,499,e004,0.3715
1,499,e005,0.3389
1,499,e006,0.3572
1,499,e007,0.3239
1,499,e008,0.3349
1,499,e009,0.2985
1,499,e010,0.2776
1,499,e011,0.2997
1,499,e012,0.3412
1,499,e013,0.2561
1,499,e014,0.3429
1,499,e015,0.2736
1,499,e016,0.3165
1,499,e017,0.3422
1,499,e018,0.3122
1,499,e019,0.3457
1,499,e020,0.2925
1,499,e021,0.3514
1,499,e022,0.297
1,499,e023,0.2956
1,499,e024,0.301
1,500,e001,0.3004
1,500,e002,0.3083
1,500,e003,0.3683
1,500,e004,0.314
1,500,e005,0.2823
1,500,e006,0.3043
1,500,e007,0.2833
1,500,e008,0.2575
1,500,e009,0.3141
1,500,e010,0.3617
1,500,e011,0.302
1,500,e012,0.3202
1,500,e013,0.2997
1,500,e014,0.3463
1,500,e015,0.3
1,500,e016,0.3599
1,500,e017,0.2958
1,500,e018,0.2686
1,500,e019,0.2625
1,500,e020,0.3058
1,500,e021,0.3438
1,500,e022,0.3385
1,500,e023,0.3157
1,500,e024,0.2994
1,501,e001,0.2704
1,501,e002,0.3122
1,501,e003,0.2729
1,501,e004,0.3192
1,501,e005,0.3414
1,501,e006,0.2676
1,501,e007,0.3466
1,501,e008,0.3217
1,501,e009,0.3447
1,501,e010,0.3334
1,501,e011,0.3366
1,501,e012,0.2739
1,501,e013,0.3116
1,501,e014,0.3594
1,501,e015,0.321
1,501,e016,0.3095
1,501,e017,0.2778
1,501,e018,0.3093
1,501,e019,0.2775
1,501,e020,0.3254
1,501,e021,0.3125
1,501,e022,0.3139
1,501,e023,0.2606
1,501,e024,0.2344
1,502,e001,0.3977
1,502,e002,0.2616
1,502,e003,0.312
1,502,e004,0.3344
1,502,e005,0.3362
1,502,e006,0.3185
1,502,e007,0.2687
1,502,e008,0.333
1,502,e009,0.2688
1,502,e010,0.2827
1,502,e011,0.3194
1,502,e012,0.3632
1,502,e013,0.2779
1,502,e014,0.3648
1,502,e015,0.3337
1,502,e016,0.2781
1,502,e017,0.2868
1,502,e018,0.2919
1,502,e019,0.3213
1,502,e020,0.3128
1,502,e021,0.298
1,502,e022,0.3403
1,502,e023,0.3057
1,502,e024,0.2645
1,503,e001,0.2813
1,503,e002,0.2973
1,503,e003,0.2698
1,503,e004,0.323
1,503,e005,0.3585
1,503,e006,0.3252
1,503,e007,0.3074
1,503,e008,0.3264
1,503,e009,0.2801
1,503,e010,0.3304
1,503,e011,0.274
1,503,e012,0.3653
1,503,e013,0.3056
1,503,e014,0.3531
1,503,e015,0.3195
1,503,e016,0.3311
1,503,e017,0.3023
1,503,e018,0.3363
1,503,e019,0.3466
1,503,e020,0.2823
1,503,e021,0.3585
1,503,e022,0.3309
1,503,e023,0.2936
1,503,e024,0.2895
1,504,e001,0.2988
1,504,e002,0.3053
1,504,e003,0.287
1,504,e004,0.2757
1,504,e005,0.3398
1,504,e006,0.3473
1,504,e007,0.3411
1,504,e008,0.3139
1,504,e009,0.2762
1,504,e010,0.2843
1,504,e011,0.3572
1,504,e012,0.3474
1,504,e013,0.2981
1,504,e014,0.3025
1,504,e015,0.3351
1,504,e016,0.2895
1,504,e017,0.3033
1,504,e018,0.314
1,504,e019,0.311
1,504,e020,0.3007
1,504,e021,0.3313
1,504,e022,0.2652
1,504,e023,0.3156
1,504,e024,0.3227
1,505,e001,0.2827
1,505,e002,0.3083
1,505,e003,0.251
1,505,e004,0.3118
1,505,e005,0.3075
1,505,e006,0.3046
1,505,e007,0.2807
1,505,e008,0.2523
1,505,e009,0.283
1,505,e010,0.3166
1,505,e011,0.271
1,505,e012,0.3138
1,505,e013,0.2288
1,505,e014,0.3178
1,505,e015,0.3551
1,505,e016,0.33
1,505,e017,0.3568
1,505,e018,0.3177
1,505,e019,0.3078
1,505,e020,0.3391
1,505,e021,0.226
1,505,e022,0.3073
1,505,e023,0.3175
1,505,e024,0.3236
1,506,e001,0.322
1,506,e002,0.3565
1,506,e003,0.3415
1,506,e004,0.3696
1,506,e005,0.3797
1,506,e006,0.3672
1,506,e007,0.3862
1,506,e008,0.3139
1,506,e009,0.356
1,506,e010,0.3367
1,506,e011,0.3717
1,506,e012,0.319
1,506,e013,0.2508
1,506,e014,0.2879
1,506,e015,0.3014
1,506,e016,0.3969
1,506,e017,0.3277
1,506,e018,0.3517
1,506,e019,0.389
1,506,e020,0.3166
1,506,e021,0.2574
1,506,e022,0.3333
1,506,e023,0.3713
1,506,e024,0.3456
1,507,e001,0.331
1,507,e002,0.3322
1,507,e003,0.3129
1,507,e004,0.3044
1,507,e005,0.2416
1,507,e006,0.3412
1,507,e007,0.2642
1,507,e008,0.3594
1,507,e009,0.3212
1,507,e010,0.3515
1,507,e011,0.3328
1,507,e012,0.3667
1,507,e013,0.337
1,507,e014,0.3384
1,507,e015,0.3038
1,507,e016,0.36
1,507,e017,0.2867
1,507,e018,0.3216
1,507,e019,0.3032
1,507,e020,0.3116
1,507,e021,0.3966
1,507,e022,0.3163
1,507,e023,0.3699
1,507,e024,0.3386
1,508,e001,0.3223
1,508,e002,0.3274
1,508,e003,0.4105
1,508,e004,0.3183
1,508,e005,0.3784
1,508,e006,0.3334
1,508,e007,0.3398
1,508,e008,0.3454
1,508,e009,0.3305
1,508,e010,0.3241
1,508,e011,0.3342
1,508,e012,0.2954
1,508,e013,0.2996
1,508,e014,0.4251
1,508,e015,0.3122
1,508,e016,0.3778
1,508,e017,0.3651
1,508,e018,0.3719
1,508,e019,0.3957
1,508,e020,0.3105
1,508,e021,0.3919
1,508,e022,0.3492
1,508,e023,0.3698
1,508,e024,0.3729
1,509,e001,0.4017
1,509,e002,0.3267
1,509,e003,0.3206
1,509,e004,0.3379
1,509,e005,0.3341
1,509,e006,0.4037
1,509,e007,0.303
1,509,e008,0.3195
1,509,e009,0.3591
1,509,e010,0.3014
1,509,e011,0.3907
1,509,e012,0.368
1,509,e013,0.3237
1,509,e014,0.3957
1,509,e015,0.3475
1,509,e016,0.2746
1,509,e017,0.3392
1,509,e018,0.3433
1,509,e019,0.3155
1,509,e020,0.3291
1,509,e021,0.3415
1,509,e022,0.3343
1,509,e023,0.3068
1,509,e024,0.3156
1,510,e001,0.3709
1,510,e002,0.3437
1,510,e003,0.2722
1,510,e004,0.308
1,510,e005,0.32
1,510,e006,0.3538
1,510,e007,0.3145
1,510,e008,0.3616
1,510,e009,0.3074
1,510,e010,0.3546
1,510,e011,0.3195
1,510,e012,0.3673
1,510,e013,0.3162
1,510,e014,0.3243
1,510,e015,0.3263
1,510,e016,0.3654
1,510,e017,0.3899
1,510,e018,0.2942
1,510,e019,0.3252
1,510,e020,0.3244
1,510,e021,0.3124
1,510,e022,0.3461
1,510,e023,0.2899
1,510,e024,0.3385
1,511,e001,0.3322
1,511,e002,0.3433
1,511,e003,0.3001
1,511,e004,0.3178
1,511,e005,0.2522
1,511,e006,0.3094
1,511,e007,0.3411
1,511,e008,0.2726
1,511,e009,0.2825
1,511,e010,0.287
1,511,e011,0.3242
1,511,e012,0.3177
1,511,e013,0.3056
1,511,e014,0.2661
1,511,e015,0.3109
1,511,e016,0.2548
1,511,e017,0.3239
1,511,e018,0.2339
1,511,e019,0.3103
1,511,e020,0.2886
1,511,e021,0.3229
1,511,e022,0.353
1,511,e023,0.3317
1,511,e024,0.3497
1,512,e001,0.321
1,512,e002,0.365
1,512,e003,0.3196
1,512,e004,0.3281
1,512,e005,0.338
1,512,e006,0.2586
1,512,e007,0.3441
1,512,e008,0.3048
1,512,e009,0.3258
1,512,e010,0.2744
1,512,e011,0.3055
1,512,e012,0.3439
1,512,e013,0.2764
1,512,e014,0.3476
1,512,e015,0.3426
1,512,e016,0.35
1,512,e017,0.2744
1,512,e018,0.2779
1,512,e019,0.3301
1,512,e020,0.3168
1,512,e021,0.2834
1,512,e022,0.2426
1,512,e023,0.2936
1,512,e024,0.2841
1,513,e001,0.3404
1,513,e002,0.3829
1,513,e003,0.3895
1,513,e004,0.3085
1,513,e005,0.3054
1,513,e006,0.3396
1,513,e007,0.3064
1,513,e008,0.3228
1,513,e009,0.2865
1,513,e010,0.3309
1,513,e011,0.3059
1,513,e012,0.3214
1,513,e013,0.3539
1,513,e014,0.3159
1,513,e015,0.3489
1,513,e016,0.395
1,513,e017,0.2922
1,513,e018,0.3129
1,513,e019,0.3223
1,513,e020,0.3376
1,513,e021,0.3666
1,513,e022,0.371
1,513,e023,0.2877
1,513,e024,0.2799
1,514,e001,0.3683
1,514,e002,0.2989
1,514,e003,0.361
1,514,e004,0.3176
1,514,e005,0.2975
1,514,e006,0.3368
1,514,e007,0.3823
1,514,e008,0.2749
1,514,e009,0.2994
1,514,e010,0.3119
1,514,e011,0.3639
1,514,e012,0.3133
1,514,e013,0.3642
1,514,e014,0.3288
1,514,e015,0.3187
1,514,e016,0.2904
1,514,e017,0.3194
1,514,e018,0.3371
1,514,e019,0.3108
1,514,e020,0.371
1,514,e021,0.3849
1,514,e022,0.3819
1,514,e023,0.3093
1,514,e024,0.3081
1,515,e001,0.395
1,515,e002,0.3582
1,515,e003,0.3386
1,515,e004,0.3985
1,515,e005,0.346
1,515,e006,0.3415
1,515,e007,0.3157
1,515,e008,0.4024
1,515,e009,0.3926
1,515,e010,0.3792
1,515,e011,0.353
1,515,e012,0.3901
1,515,e013,0.3771
1,515,e014,0.3479
1,515,e015,0.3372
1,515,e016,0.3482
1,515,e017,0.3518
1,515,e018,0.3039
1,515,e019,0.3191
1,515,e020,0.3355
1,515,e021,0.3884
1,515,e022,0.364
1,515,e023,0.36
1,515,e024,0.3889
1,516,e001,0.3876
1,516,e002,0.3425
1,516,e003,0.3433
1,516,e004,0.4085
1,516,e005,0.3368
1,516,e006,0.3355
1,516,e007,0.377
1,516,e008,0.3356
1,516,e009,0.3864
1,516,e010,0.3679
1,516,e011,0.3405
1,516,e012,0.3596
1,516,e013,0.3174
1,516,e014,0.3668
1,516,e015,0.3864
1,516,e016,0.3972
1,516,e017,0.373
1,516,e018,0.3636
1,516,e019,0.3318
1,516,e020,0.3501
1,516,e021,0.3437
1,516,e022,0.372
1,516,e023,0.3115
1,516,e024,0.2984
1,517,e001,0.319
1,517,e002,0.3034
1,517,e003,0.3446
1,517,e004,0.3538
1,517,e005,0.3107
1,517,e006,0.3185
1,517,e007,0.3427
1,517,e008,0.2987
1,517,e009,0.2757
1,517,e010,0.3196
1,517,e011,0.3892
1,517,e012,0.3411
1,517,e013,0.2891
1,517,e014,0.3596
1,517,e015,0.3236
1,517,e016,0.3646
1,517,e017,0.3506
1,517,e018,0.3566
1,517,e019,0.3337
1,517,e020,0.3665
1,517,e021,0.3357
1,517,e022,0.3666
1,517,e023,0.2831
1,517,e024,0.3133
1,518,e001,0.3615
1,518,e002,0.3847
1,518,e003,0.3335
1,518,e004,0.3398
1,518,e005,0.3758
1,518,e006,0.383
1,518,e007,0.3418
1,518,e008,0.3242
1,518,e009,0.3546
1,518,e010,0.4093
1,518,e011,0.336
1,518,e012,0.393
1,518,e013,0.4048
1,518,e014,0.3575
1,518,e015,0.3084
1,518,e016,0.3944
1,518,e017,0.3495
1,518,e018,0.3825
1,518,e019,0.331
1,518,e020,0.3111
1,518,e021,0.3739
1,518,e022,0.4025
1,518,e023,0.3122
1,518,e024,0.3671
1,519,e001,0.3359
1,519,e002,0.3669
1,519,e003,0.3531
1,519,e004,0.3772
1,519,e005,0.3648
1,519,e006,0.3796
1,519,e007,0.3134
1,519,e008,0.3343
1,519,e009,0.3447
1,519,e010,0.3446
1,519,e011,0.3724
1,519,e012,0.3585
1,519,e013,0.3743
1,519,e014,0.2928
1,519,e015,0.3124
1,519,e016,0.3959
1,519,e017,0.2894
1,519,e018,0.4049
1,519,e019,0.3407
1,519,e020,0.2994
1,519,e021,0.3124
1,519,e022,0.3341
1,519,e023,0.3297
1,519,e024,0.3214
1,520,e001,0.3393
1,520,e002,0.3557
1,520,e003,0.3519
1,520,e004,0.3583
1,520,e005,0.382
1,520,e006,0.326
1,520,e007,0.3059
1,520,e008,0.3111
1,520,e009,0.3988
1,520,e010,0.317
1,520,e011,0.378
1,520,e012,0.3321
1,520,e013,0.356
1,520,e014,0.3924
1,520,e015,0.3082
1,520,e016,0.3091
1,520,e017,0.3198
1,520,e018,0.3892
1,520,e019,0.4045
1,520,e020,0.3351
1,520,e021,0.377
1,520,e022,0.3362
1,520,e023,0.343
1,520,e024,0.3545
1,521,e001,0.4121
1,521,e002,0.425
1,521,e003,0.3792
1,521,e004,0.4185
1,521,e005,0.4201
1,521,e006,0.3605
1,521,e007,0.4028
1,521,e008,0.3543
1,521,e009,0.3272
1,521,e010,0.3378
1,521,e011,0.356
1,521,e012,0.4456
1,521,e013,0.3527
1,521,e014,0.3765
1,521,e015,0.3867
1,521,e016,0.3435
1,521,e017,0.3934
1,521,e018,0.3451
1,521,e019,0.3335
1,521,e020,0.3815
1,521,e021,0.3827
1,521,e022,0.3487
1,521,e023,0.3712
1,521,e024,0.3381
1,522,e001,0.3225
1,522,e002,0.3571
1,522,e003,0.3858
1,522,e004,0.4037
1,522,e005,0.3465
1,522,e006,0.3379
1,522,e007,0.4389
1,522,e008,0.3583
1,522,e009,0.3925
1,522,e010,0.453
1,522,e011,0.3252
1,522,e012,0.2906
1,522,e013,0.395
1,522,e014,0.3917
1,522,e015,0.3898
1,522,e016,0.3687
1,522,e017,0.376
1,522,e018,0.3578
1,522,e019,0.3612
1,522,e020,0.4138
1,522,e021,0.4005
1,522,e022,0.3549
1,522,e023,0.4092
1,522,e024,0.3922
1,523,e001,0.3199
1,523,e002,0.3487
1,523,e003,0.3739
1,523,e004,0.3061
1,523,e005,0.3196
1,523,e006,0.358
1,523,e007,0.3618
1,523,e008,0.3674
1,523,e009,0.3458
1,523,e010,0.3412
1,523,e011,0.3644
1,523,e012,0.4197
1,523,e013,0.3712
1,523,e014,0.3627
1,523,e015,0.3997
1,523,e016,0.3895
1,523,e017,0.4271
1,523,e018,0.384
1,523,e019,0.4267
1,523,e020,0.3935
1,523,e021,0.3427
1,523,e022,0.392
1,523,e023,0.3937
1,523,e024,0.3385
1,524,e001,0.3389
1,524,e002,0.3026
1,524,e003,0.391
1,524,e004,0.3
1,524,e005,0.3285
1,524,e006,0.3576
1,524,e007,0.3189
1,524,e008,0.3212
1,524,e009,0.3687
1,524,e010,0.3001
1,524,e011,0.3305
1,524,e012,0.2927
1,524,e013,0.3493
1,524,e014,0.3077
1,524,e015,0.3298
1,524,e016,0.3358
1,524,e017,0.3209
1,524,e018,0.2792
1,524,e019,0.3622
1,524,e020,0.2874
1,524,e021,0.3217
1,524,e022,0.3709
1,524,e023,0.3666
1,524,e024,0.2899
1,525,e001,0.3004
1,525,e002,0.3473
1,525,e003,0.3407
1,525,e004,0.3567
1,525,e005,0.312
1,525,e006,0.3104
1,525,e007,0.3102
1,525,e008,0.3588
1,525,e009,0.3434
1,525,e010,0.3533
1,525,e011,0.3933
1,525,e012,0.3536
1,525,e013,0.3037
1,525,e014,0.4112
1,525,e015,0.3883
1,525,e016,0.3909
1,525,e017,0.3193
1,525,e018,0.3505
1,525,e019,0.3131
1,525,e020,0.3084
1,525,e021,0.347
1,525,e022,0.3096
1,525,e023,0.3628
1,525,e024,0.3967
1,526,e001,0.3491
1,526,e002,0.3953
1,526,e003,0.3141
1,526,e004,0.3519
1,526,e005,0.2913
1,526,e006,0.3955
1,526,e007,0.3582
1,526,e008,0.3415
1,526,e009,0.2933
1,526,e010,0.3211
1,526,e011,0.3314
1,526,e012,0.2927
1,526,e013,0.4012
1,526,e014,0.3606
1,526,e015,0.363
1,526,e016,0.3195
1,526,e017,0.3496
1,526,e018,0.4185
1,526,e019,0.3494
1,526,e020,0.3586
1,526,e021,0.3558
1,526,e022,0.334
1,526,e023,0.3251
1,526,e024,0.3739
1,527,e001,0.317
1,527,e002,0.3247
1,527,e003,0.2996
1,527,e004,0.3575
1,527,e005,0.3254
1,527,e006,0.2943
1,527,e007,0.3775
1,527,e008,0.2853
1,527,e009,0.3632
1,527,e010,0.3279
1,527,e011,0.3213
1,527,e012,0.3238
1,527,e013,0.2907
1,527,e014,0.3146
1,527,e015,0.3469
1,527,e016,0.3329
1,527,e017,0.377
1,527,e018,0.3985
1,527,e019,0.3532
1,527,e020,0.2565
1,527,e021,0.3412
1,527,e022,0.3416
1,527,e023,0.3687
1,527,e024,0.352
1,528,e001,0.4242
1,528,e002,0.338
1,528,e003,0.3896
1,528,e004,0.4107
1,528,e005,0.4008
1,528,e006,0.3385
1,528,e007,0.3422
1,528,e008,0.4277
1,528,e009,0.3498
1,528,e010,0.4098
1,528,e011,0.4201
1,528,e012,0.4313
1,528,e013,0.4075
1,528,e014,0.4012
1,528,e015,0.3873
1,528,e016,0.4234
1,528,e017,0.4177
1,528,e018,0.3412
1,528,e019,0.3979
1,528,e020,0.3757
1,528,e021,0.346
1,528,e022,0.4268
1,528,e023,0.365
1,528,e024,0.3441
1,529,e001,0.3149
1,529,e002,0.3871
1,529,e003,0.416
1,529,e004,0.4329
1,529,e005,0.3637
1,529,e006,0.3781
1,529,e007,0.3251
1,529,e008,0.4183
1,529,e009,0.331
1,529,e010,0.3532
1,529,e011,0.3786
1,529,e012,0.3399
1,529,e013,0.3296
1,529,e014,0.347
1,529,e015,0.3329
1,529,e016,0.3691
1,529,e017,0.3238
1,529,e018,0.3608
1,529,e019,0.4107
1,529,e020,0.3755
1,529,e021,0.3947
1,529,e022,0.4057
1,529,e023,0.415
1,529,e024,0.3174
1,530,e001,0.3798
1,530,e002,0.4011
1,530,e003,0.3928
1,530,e004,0.4062
1,530,e005,0.3717
1,530,e006,0.3429
1,530,e007,0.399
1,530,e008,0.2864
1,530,e009,0.378
1,530,e010,0.4194
1,530,e011,0.4017
1,530,e012,0.3641
1,530,e013,0.4258
1,530,e014,0.3388
1,530,e015,0.4144
1,530,e016,0.3985
1,530,e017,0.3751
1,530,e018,0.4208
1,530,e019,0.3941
1,530,e020,0.3289
1,530,e021,0.3678
1,530,e022,0.3578
1,530,e023,0.3575
1,530,e024,0.443
1,531,e001,0.4043
1,531,e002,0.3888
1,531,e003,0.3846
1,531,e004,0.3839
1,531,e005,0.3652
1,531,e006,0.3405
1,531,e007,0.3955
1,531,e008,0.3778
1,531,e009,0.4469
1,531,e010,0.3905
1,531,e011,0.3286
1,531,e012,0.3456
1,531,e013,0.3889
1,531,e014,0.3826
1,531,e015,0.3291
1,531,e016,0.3957
1,531,e017,0.358
1,531,e018,0.4334
1,531,e019,0.3376
1,531,e020,0.3933
1,531,e021,0.4408
1,531,e022,0.3761
1,531,e023,0.404
1,531,e024,0.3506
1,532,e001,0.4535
1,532,e002,0.3495
1,532,e003,0.401
1,532,e004,0.3897
1,532,e005,0.38
1,532,e006,0.3938
1,532,e007,0.3694
1,532,e008,0.4255
1,532,e009,0.4107
1,532,e010,0.3764
1,532,e011,0.4411
1,532,e012,0.369
1,532,e013,0.4108
1,532,e014,0.3907
1,532,e015,0.357
1,532,e016,0.4189
1,532,e017,0.3845
1,532,e018,0.4208
1,532,e019,0.377
1,532,e020,0.3761
1,532,e021,0.3582
1,532,e022,0.4416
1,532,e023,0.3513
1,532,e024,0.4354
1,533,e001,0.3404
1,533,e002,0.3695
1,533,e003,0.3401
1,533,e004,0.4114
1,533,e005,0.4047
1,533,e006,0.4291
1,533,e007,0.3497
1,533,e008,0.3118
1,533,e009,0.372
1,533,e010,0.3193
1,533,e011,0.2976
1,533,e012,0.3769
1,533,e013,0.3493
1,533,e014,0.4217
1,533,e015,0.3394
1,533,e016,0.3965
1,533,e017,0.354
1,533,e018,0.3066
1,533,e019,0.3332
1,533,e020,0.357
1,533,e021,0.332
1,533,e022,0.3757
1,533,e023,0.3918
1,533,e024,0.374
1,534,e001,0.4357
1,534,e002,0.395
1,534,e003,0.3835
1,534,e004,0.4264
1,534,e005,0.4216
1,534,e006,0.3945
1,534,e007,0.448
1,534,e008,0.3846
1,534,e009,0.4161
1,534,e010,0.4115
1,534,e011,0.421
1,534,e012,0.3623
1,534,e013,0.4081
1,534,e014,0.3832
1,534,e015,0.359
1,534,e016,0.3953
1,534,e017,0.3741
1,534,e018,0.3626
1,534,e019,0.3891
1,534,e020,0.3358
1,534,e021,0.4297
1,534,e022,0.3346
1,534,e023,0.3663
1,534,e024,0.4066
1,535,e001,0.4457
1,535,e002,0.4477
1,535,e003,0.3604
1,535,e004,0.4636
1,535,e005,0.4241
1,535,e006,0.4213
1,535,e007,0.4264
1,535,e008,0.4304
1,535,e009,0.4695
1,535,e010,0.4486
1,535,e011,0.3977
1,535,e012,0.441
1,535,e013,0.4454
1,535,e014,0.3937
1,535,e015,0.4225
1,535,e016,0.4409
1,535,e017,0.3851
1,535,e018,0.424
1,535,e019,0.4469
1,535,e020,0.4336
1,535,e021,0.4776
1,535,e022,0.4995
1,535,e023,0.4231
1,535,e024,0.4101
1,536,e001,0.359
1,536,e002,0.4077
1,536,e003,0.3854
1,536,e004,0.344
1,536,e005,0.3494
1,536,e006,0.3611
1,536,e007,0.4163
1,536,e008,0.4041
1,536,e009,0.4165
1,536,e010,0.412
1,536,e011,0.4178
1,536,e012,0.3767
1,536,e013,0.3446
1,536,e014,0.408
1,536,e015,0.3615
1,536,e016,0.4348
1,536,e017,0.3788
1,536,e018,0.3557
1,536,e019,0.3973
1,536,e020,0.3561
1,536,e021,0.4241
1,536,e022,0.3934
1,536,e023,0.408
1,536,e024,0.4051
1,537,e001,0.3553
1,537,e002,0.3783
1,537,e003,0.4013
1,537,e004,0.3857
1,537,e005,0.3767
1,537,e006,0.3644
1,537,e007,0.4248
1,537,e008,0.402
1,537,e009,0.4022
1,537,e010,0.4181
1,537,e011,0.349
1,537,e012,0.3865
1,537,e013,0.4112
1,537,e014,0.4249
1,537,e015,0.3714
1,537,e016,0.4226
1,537,e017,0.3436
1,537,e018,0.4335
1,537,e019,0.437
1,537,e020,0.4477
1,537,e021,0.4333
1,537,e022,0.3537
1,537,e023,0.3952
1,537,e024,0.3775
1,538,e001,0.4154
1,538,e002,0.4445
1,538,e003,0.4315
1,538,e004,0.4458
1,538,e005,0.4095
1,538,e006,0.458
1,538,e007,0.3706
1,538,e008,0.3858
1,538,e009,0.4562
1,538,e010,0.4186
1,538,e011,0.3595
1,538,e012,0.3955
1,538,e013,0.4351
1,538,e014,0.384
1,538,e015,0.4255
1,538,e016,0.4095
1,538,e017,0.399
1,538,e018,0.4137
1,538,e019,0.3598
1,538,e020,0.3991
1,538,e021,0.4377
1,538,e022,0.3879
1,538,e023,0.4293
1,538,e024,0.398
1,539,e001,0.4166
1,539,e002,0.3596
1,539,e003,0.4095
1,539,e004,0.4089
1,539,e005,0.4262
1,539,e006,0.432
1,539,e007,0.3583
1,539,e008,0.3704
1,539,e009,0.3935
1,539,e010,0.4307
1,539,e011,0.4231
1,539,e012,0.4103
1,539,e013,0.3863
1,539,e014,0.3438
1,539,e015,0.4558
1,539,e016,0.4128
1,539,e017,0.3518
1,539,e018,0.4356
1,539,e019,0.4094
1,539,e020,0.3606
1,539,e021,0.3507
1,539,e022,0.3383
1,539,e023,0.3832
1,539,e024,0.4298
1,540,e001,0.3497
1,540,e002,0.4281
1,540,e003,0.425
1,540,e004,0.3822
1,540,e005,0.431
1,540,e006,0.4393
1,540,e007,0.3339
1,540,e008,0.309
1,540,e009,0.3406
1,540,e010,0.3467
1,540,e011,0.3749
1,540,e012,0.3961
1,540,e013,0.3979
1,540,e014,0.4169
1,540,e015,0.3765
1,540,e016,0.383
1,540,e017,0.3698
1,540,e018,0.3603
1,540,e019,0.4746
1,540,e020,0.4652
1,540,e021,0.4579
1,540,e022,0.5304
1,540,e023,0.475
1,540,e024,0.4799
1,541,e001,0.3716
1,541,e002,0.4241
1,541,e003,0.3902
1,541,e004,0.327
1,541,e005,0.347
1,541,e006,0.3776
1,541,e007,0.3642
1,541,e008,0.4314
1,541,e009,0.3433
1,541,e010,0.4045
1,541,e011,0.4145
1,541,e012,0.381
1,541,e013,0.4118
1,541,e014,0.3792
1,541,e015,0.484
1,541,e016,0.4328
1,541,e017,0.3719
1,541,e018,0.4441
1,541,e019,0.5122
1,541,e020,0.5975
1,541,e021,0.5607
1,541,e022,0.545
1,541,e023,0.5754
1,541,e024,0.5034
1,542,e001,0.4477
1,542,e002,0.4026
1,542,e003,0.4407
1,542,e004,0.4665
1,542,e005,0.375
1,542,e006,0.4138
1,542,e007,0.4584
1,542,e008,0.4413
1,542,e009,0.4431
1,542,e010,0.368
1,542,e011,0.438
1,542,e012,0.4108
1,542,e013,0.389
1,542,e014,0.4627
1,542,e015,0.4633
1,542,e016,0.4359
1,542,e017,0.4193
1,542,e018,0.3962
1,542,e019,0.5639
1,542,e020,0.528
1,542,e021,0.6012
1,542,e022,0.4789
1,542,e023,0.5537
1,542,e024,0.5427
1,543,e001,0.3661
1,543,e002,0.3246
1,543,e003,0.3251
1,543,e004,0.3554
1,543,e005,0.3158
1,543,e006,0.3029
1,543,e007,0.3612
1,543,e008,0.3307
1,543,e009,0.3497
1,543,e010,0.4299
1,543,e011,0.4009
1,543,e012,0.3687
1,543,e013,0.419
1,543,e014,0.3575
1,543,e015,0.357
1,543,e016,0.4173
1,543,e017,0.3995
1,543,e018,0.3572
1,543,e019,0.529
1,543,e020,0.5354
1,543,e021,0.5163
1,543,e022,0.499
1,543,e023,0.5183
1,543,e024,0.4752
1,544,e001,0.3762
1,544,e002,0.3456
1,544,e003,0.417
1,544,e004,0.4075
1,544,e005,0.4154
1,544,e006,0.3792
1,544,e007,0.4261
1,544,e008,0.3557
1,544,e009,0.3436
1,544,e010,0.3927
1,544,e011,0.3388
1,544,e012,0.4302
1,544,e013,0.3436
1,544,e014,0.3434
1,544,e015,0.4281
1,544,e016,0.357
1,544,e017,0.4063
1,544,e018,0.3872
1,544,e019,0.523
1,544,e020,0.5209
1,544,e021,0.5201
1,544,e022,0.4583
1,544,e023,0.5167
1,544,e024,0.4842
1,545,e001,0.3739
1,545,e002,0.3619
1,545,e003,0.3634
1,545,e004,0.3492
1,545,e005,0.4037
1,545,e006,0.3915
1,545,e007,0.3312
1,545,e008,0.3606
1,545,e009,0.405
1,545,e010,0.3564
1,545,e011,0.4217
1,545,e012,0.3426
1,545,e013,0.3322
1,545,e014,0.3914
1,545,e015,0.3277
1,545,e016,0.3781
1,545,e017,0.3163
1,545,e018,0.4034
1,545,e019,0.5474
1,545,e020,0.5455
1,545,e021,0.4866
1,545,e022,0.5406
1,545,e023,0.5478
1,545,e024,0.5157
1,546,e001,0.3708
1,546,e002,0.3778
1,546,e003,0.4225
1,546,e004,0.4162
1,546,e005,0.3645
1,546,e006,0.4416
1,546,e007,0.398
1,546,e008,0.3794
1,546,e009,0.4659
1,546,e010,0.423
1,546,e011,0.4571
1,546,e012,0.3793
1,546,e013,0.3914
1,546,e014,0.4502
1,546,e015,0.4781
1,546,e016,0.4077
1,546,e017,0.4786
1,546,e018,0.3981
1,546,e019,0.5674
1,546,e020,0.5294
1,546,e021,0.5308
1,546,e022,0.5927
1,546,e023,0.5224
1,546,e024,0.5179
1,547,e001,0.395
1,547,e002,0.3659
1,547,e003,0.4196
1,547,e004,0.4713
1,547,e005,0.4531
1,547,e006,0.4348
1,547,e007,0.3654
1,547,e008,0.348
1,547,e009,0.4394
1,547,e010,0.438
1,547,e011,0.3905
1,547,e012,0.3188
1,547,e013,0.4563
1,547,e014,0.4083
1,547,e015,0.4006
1,547,e016,0.4123
1,547,e017,0.4261
1,547,e018,0.3745
1,547,e019,0.4702
1,547,e020,0.504
1,547,e021,0.5771
1,547,e022,0.4798
1,547,e023,0.5248
1,547,e024,0.4908
1,548,e001,0.4489
1,548,e002,0.4348
1,548,e003,0.4169
1,548,e004,0.4532
1,548,e005,0.4046
1,548,e006,0.4249
1,548,e007,0.4205
1,548,e008,0.4181
1,548,e009,0.4163
1,548,e010,0.4144
1,548,e011,0.4758
1,548,e012,0.4114
1,548,e013,0.4294
1,548,e014,0.4461
1,548,e015,0.3622
1,548,e016,0.3733
1,548,e017,0.4331
1,548,e018,0.4549
1,548,e019,0.5378
1,548,e020,0.5841
1,548,e021,0.5966
1,548,e022,0.5893
1,548,e023,0.5973
1,548,e024,0.5643
1,549,e001,0.3716
1,549,e002,0.407
1,549,e003,0.3891
1,549,e004,0.4161
1,549,e005,0.3893
1,549,e006,0.4529
1,549,e007,0.4501
1,549,e008,0.41
1,549,e009,0.4477
1,549,e010,0.3735
1,549,e011,0.4494
1,549,e012,0.4079
1,549,e013,0.4909
1,549,e014,0.4657
1,549,e015,0.4222
1,549,e016,0.4164
1,549,e017,0.4111
1,549,e018,0.457
1,549,e019,0.5961
1,549,e020,0.5562
1,549,e021,0.6103
1,549,e022,0.5671
1,549,e023,0.5473
1,549,e024,0.5355
1,550,e001,0.4344
1,550,e002,0.4113
1,550,e003,0.3874
1,550,e004,0.3978
1,550,e005,0.3598
1,550,e006,0.3435
1,550,e007,0.4067
1,550,e008,0.416
1,550,e009,0.449
1,550,e010,0.415
1,550,e011,0.3801
1,550,e012,0.4209
1,550,e013,0.3866
1,550,e014,0.4376
1,550,e015,0.3827
1,550,e016,0.4262
1,550,e017,0.3495
1,550,e018,0.3858
1,550,e019,0.5688
1,550,e020,0.485
1,550,e021,0.5584
1,550,e022,0.526
1,550,e023,0.5137
1,550,e024,0.5252
1,551,e001,0.4481
1,551,e002,0.3826
1,551,e003,0.4559
1,551,e004,0.4004
1,551,e005,0.4566
1,551,e006,0.4018
1,551,e007,0.3986
1,551,e008,0.4129
1,551,e009,0.4358
1,551,e010,0.438
1,551,e011,0.446
1,551,e012,0.4758
1,551,e013,0.4181
1,551,e014,0.3932
1,551,e015,0.4134
1,551,e016,0.4014
1,551,e017,0.4459
1,551,e018,0.4478
1,551,e019,0.5619
1,551,e020,0.583
1,551,e021,0.6147
1,551,e022,0.5354
1,551,e023,0.5768
1,551,e024,0.5386
1,552,e001,0.4174
1,552,e002,0.4265
1,552,e003,0.4599
1,552,e004,0.4281
1,552,e005,0.3777
1,552,e006,0.465
1,552,e007,0.4673
1,552,e008,0.4268
1,552,e009,0.4715
1,552,e010,0.4812
1,552,e011,0.4332
1,552,e012,0.4699
1,552,e013,0.4056
1,552,e014,0.4482
1,552,e015,0.4211
1,552,e016,0.4376
1,552,e017,0.4472
1,552,e018,0.4117
1,552,e019,0.6058
1,552,e020,0.5484
1,552,e021,0.5118
1,552,e022,0.5756
1,552,e023,0.5787
1,552,e024,0.5743
1,553,e001,0.4038
1,553,e002,0.4607
1,553,e003,0.4404
1,553,e004,0.4841
1,553,e005,0.4187
1,553,e006,0.4565
1,553,e007,0.4152
1,553,e008,0.4592
1,553,e009,0.4355
1,553,e010,0.4271
1,553,e011,0.4616
1,553,e012,0.4451
1,553,e013,0.4357
1,553,e014,0.4049
1,553,e015,0.4665
1,553,e016,0.4762
1,553,e017,0.4646
1,553,e018,0.3935
1,553,e019,0.5624
1,553,e020,0.5709
1,553,e021,0.5404
1,553,e022,0.5697
1,553,e023,0.5264
1,553,e024,0.5206
1,554,e001,0.4482
1,554,e002,0.5015
1,554,e003,0.51
1,554,e004,0.4535
1,554,e005,0.4458
1,554,e006,0.4774
1,554,e007,0.4364
1,554,e008,0.4328
1,554,e009,0.4488
1,554,e010,0.5494
1,554,e011,0.4698
1,554,e012,0.5096
1,554,e013,0.5044
1,554,e014,0.5035
1,554,e015,0.467
1,554,e016,0.4481
1,554,e017,0.5088
1,554,e018,0.4632
1,554,e019,0.5972
1,554,e020,0.5622
1,554,e021,0.5838
1,554,e022,0.6398
1,554,e023,0.6389
1,554,e024,0.6427
1,555,e001,0.4303
1,555,e002,0.4241
1,555,e003,0.389
1,555,e004,0.4255
1,555,e005,0.4183
1,555,e006,0.4794
1,555,e007,0.4733
1,555,e008,0.4593
1,555,e009,0.4432
1,555,e010,0.4183
1,555,e011,0.4
1,555,e012,0.4344
1,555,e013,0.4387
1,555,e014,0.424
1,555,e015,0.42
1,555,e016,0.367
1,555,e017,0.3854
1,555,e018,0.432
1,555,e019,0.5668
1,555,e020,0.5977
1,555,e021,0.5065
1,555,e022,0.5183
1,555,e023,0.589
1,555,e024,0.5482
1,556,e001,0.4975
1,556,e002,0.4372
1,556,e003,0.5018
1,556,e004,0.4328
1,556,e005,0.435
1,556,e006,0.4624
1,556,e007,0.4154
1,556,e008,0.4335
1,556,e009,0.4422
1,556,e010,0.4399
1,556,e011,0.4165
1,556,e012,0.4284
1,556,e013,0.4648
1,556,e014,0.3672
1,556,e015,0.431
1,556,e016,0.4773
1,556,e017,0.423
1,556,e018,0.4653
1,556,e019,0.6497
1,556,e020,0.6276
1,556,e021,0.5751
1,556,e022,0.6109
1,556,e023,0.6196
1,556,e024,0.5633
1,557,e001,0.437
1,557,e002,0.4146
1,557,e003,0.4611
1,557,e004,0.3942
1,557,e005,0.4882
1,557,e006,0.5213
1,557,e007,0.4058
1,557,e008,0.5016
1,557,e009,0.4636
1,557,e010,0.4276
1,557,e011,0.4578
1,557,e012,0.4775
1,557,e013,0.465
1,557,e014,0.5039
1,557,e015,0.4056
1,557,e016,0.4472
1,557,e017,0.4729
1,557,e018,0.4944
1,557,e019,0.6162
1,557,e020,0.603
1,557,e021,0.6312
1,557,e022,0.6118
1,557,e023,0.647
1,557,e024,0.5919
1,558,e001,0.4046
1,558,e002,0.4766
1,558,e003,0.4529
1,558,e004,0.455
1,558,e005,0.4494
1,558,e006,0.4954
1,558,e007,0.4736
1,558,e008,0.4939
1,558,e009,0.447
1,558,e010,0.397
1,558,e011,0.4439
1,558,e012,0.4868
1,558,e013,0.4278
1,558,e014,0.5079
1,558,e015,0.4276
1,558,e016,0.4273
1,558,e017,0.4017
1,558,e018,0.4945
1,558,e019,0.5801
1,558,e020,0.6283
1,558,e021,0.6183
1,558,e022,0.545
1,558,e023,0.6096
1,558,e024,0.5736
1,559,e001,0.4815
1,559,e002,0.5428
1,559,e003,0.4998
1,559,e004,0.5005
1,559,e005,0.4679
1,559,e006,0.4713
1,559,e007,0.4895
1,559,e008,0.4976
1,559,e009,0.4743
1,559,e010,0.4193
1,559,e011,0.4575
1,559,e012,0.5021
1,559,e013,0.4354
1,559,e014,0.4804
1,559,e015,0.4798
1,559,e016,0.4591
1,559,e017,0.5176
1,559,e018,0.4829
1,559,e019,0.543
1,559,e020,0.5609
1,559,e021,0.5762
1,559,e022,0.5366
1,559,e023,0.5941
1,559,e024,0.5716
1,560,e001,0.4806
1,560,e002,0.5343
1,560,e003,0.4639
1,560,e004,0.4458
1,560,e005,0.4787
1,560,e006,0.5091
1,560,e007,0.5171
1,560,e008,0.5014
1,560,e009,0.46
1,560,e010,0.5001
1,560,e011,0.4981
1,560,e012,0.4009
1,560,e013,0.4765
1,560,e014,0.4296
1,560,e015,0.5217
1,560,e016,0.4168
1,560,e017,0.4554
1,560,e018,0.5235
1,560,e019,0.8458
1,560,e020,0.755
1,560,e021,0.7776
1,560,e022,0.7751
1,560,e023,0.8081
1,560,e024,0.7889
1,561,e001,0.4187
1,561,e002,0.4912
1,561,e003,0.4793
1,561,e004,0.4702
1,561,e005,0.424
1,561,e006,0.4181
1,561,e007,0.5226
1,561,e008,0.4354
1,561,e009,0.3938
1,561,e010,0.4825
1,561,e011,0.4927
1,561,e012,0.4493
1,561,e013,0.4481
1,561,e014,0.4852
1,561,e015,0.5072
1,561,e016,0.5167
1,561,e017,0.4143
1,561,e018,0.5133
1,561,e019,0.762
1,561,e020,0.7795
1,561,e021,0.7702
1,561,e022,0.7599
1,561,e023,0.7879
1,561,e024,0.8014
1,562,e001,0.4171
1,562,e002,0.4378
1,562,e003,0.3907
1,562,e004,0.4521
1,562,e005,0.4488
1,562,e006,0.3911
1,562,e007,0.3812
1,562,e008,0.3383
1,562,e009,0.3771
1,562,e010,0.3745
1,562,e011,0.4405
1,562,e012,0.3526
1,562,e013,0.4232
1,562,e014,0.3611
1,562,e015,0.4199
1,562,e016,0.4249
1,562,e017,0.3841
1,562,e018,0.4329
1,562,e019,0.6596
1,562,e020,0.7528
1,562,e021,0.6835
1,562,e022,0.7028
1,562,e023,0.721
1,562,e024,0.7433
1,563,e001,0.4887
1,563,e002,0.4529
1,563,e003,0.446
1,563,e004,0.5147
1,563,e005,0.4653
1,563,e006,0.4104
1,563,e007,0.4648
1,563,e008,0.4335
1,563,e009,0.4397
1,563,e010,0.4775
1,563,e011,0.5201
1,563,e012,0.4283
1,563,e013,0.4569
1,563,e014,0.4281
1,563,e015,0.4822
1,563,e016,0.4718
1,563,e017,0.4562
1,563,e018,0.3913
1,563,e019,0.7579
1,563,e020,0.7446
1,563,e021,0.8068
1,563,e022,0.7249
1,563,e023,0.828
1,563,e024,0.7934
1,564,e001,0.4955
1,564,e002,0.5059
1,564,e003,0.4341
1,564,e004,0.4443
1,564,e005,0.4438
1,564,e006,0.4586
1,564,e007,0.4975
1,564,e008,0.5211
1,564,e009,0.4978
1,564,e010,0.4453
1,564,e011,0.421
1,564,e012,0.4395
1,564,e013,0.5243
1,564,e014,0.4392
1,564,e015,0.4682
1,564,e016,0.4828
1,564,e017,0.4884
1,564,e018,0.5185
1,564,e019,0.7899
1,564,e020,0.7995
1,564,e021,0.8124
1,564,e022,0.8449
1,564,e023,0.7868
1,564,e024,0.8027
1,565,e001,0.5166
1,565,e002,0.5138
1,565,e003,0.4157
1,565,e004,0.5278
1,565,e005,0.4529
1,565,e006,0.5402
1,565,e007,0.5603
1,565,e008,0.4749
1,565,e009,0.4725
1,565,e010,0.4878
1,565,e011,0.5124
1,565,e012,0.4645
1,565,e013,0.4668
1,565,e014,0.5281
1,565,e015,0.5221
1,565,e016,0.5219
1,565,e017,0.5089
1,565,e018,0.5075
1,565,e019,0.8145
1,565,e020,0.7785
1,565,e021,0.7887
1,565,e022,0.8083
1,565,e023,0.819
1,565,e024,0.7872
1,566,e001,0.5136
1,566,e002,0.46
1,566,e003,0.5065
1,566,e004,0.4866
1,566,e005,0.472
1,566,e006,0.4336
1,566,e007,0.4868
1,566,e008,0.4997
1,566,e009,0.4429
1,566,e010,0.4506
1,566,e011,0.5033
1,566,e012,0.4328
1,566,e013,0.4547
1,566,e014,0.4437
1,566,e015,0.503
1,566,e016,0.4839
1,566,e017,0.5004
1,566,e018,0.4444
1,566,e019,0.823
1,566,e020,0.7628
1,566,e021,0.7998
1,566,e022,0.7662
1,566,e023,0.7593
1,566,e024,0.8353
1,567,e001,0.5063
1,567,e002,0.4499
1,567,e003,0.478
1,567,e004,0.4839
1,567,e005,0.4472
1,567,e006,0.4223
1,567,e007,0.411
1,567,e008,0.4693
1,567,e009,0.4815
1,567,e010,0.4804
1,567,e011,0.4255
1,567,e012,0.5022
1,567,e013,0.5018
1,567,e014,0.4548
1,567,e015,0.4673
1,567,e016,0.4276
1,567,e017,0.421
1,567,e018,0.4674
1,567,e019,0.7959
1,567,e020,0.8248
1,567,e021,0.7465
1,567,e022,0.8337
1,567,e023,0.7681
1,567,e024,0.7523
1,568,e001,0.4393
1,568,e002,0.4653
1,568,e003,0.4233
1,568,e004,0.4235
1,568,e005,0.3979
1,568,e006,0.4678
1,568,e007,0.4693
1,568,e008,0.4918
1,568,e009,0.463
1,568,e010,0.4867
1,568,e011,0.4487
1,568,e012,0.443
1,568,e013,0.4806
1,568,e014,0.403
1,568,e015,0.4234
1,568,e016,0.4966
1,568,e017,0.4467
1,568,e018,0.4649
1,568,e019,0.7602
1,568,e020,0.7786
1,568,e021,0.7373
1,568,e022,0.7478
1,568,e023,0.7319
1,568,e024,0.7819
1,569,e001,0.5177
1,569,e002,0.5155
1,569,e003,0.5161
1,569,e004,0.4438
1,569,e005,0.4997
1,569,e006,0.4702
1,569,e007,0.5218
1,569,e008,0.4747
1,569,e009,0.5461
1,569,e010,0.4683
1,569,e011,0.5034
1,569,e012,0.521
1,569,e013,0.4513
1,569,e014,0.4635
1,569,e015,0.5524
1,569,e016,0.4855
1,569,e017,0.4948
1,569,e018,0.4518
1,569,e019,0.7941
1,569,e020,0.857
1,569,e021,0.8318
1,569,e022,0.8125
1,569,e023,0.8115
1,569,e024,0.8362
1,570,e001,0.5179
1,570,e002,0.5047
1,570,e003,0.4782
1,570,e004,0.438
1,570,e005,0.476
1,570,e006,0.4912
1,570,e007,0.4719
1,570,e008,0.4746
1,570,e009,0.4507
1,570,e010,0.5054
1,570,e011,0.505
1,570,e012,0.5072
1,570,e013,0.4736
1,570,e014,0.4862
1,570,e015,0.4846
1,570,e016,0.464
1,570,e017,0.4331
1,570,e018,0.5209
1,570,e019,0.7542
1,570,e020,0.766
1,570,e021,0.7465
1,570,e022,0.796
1,570,e023,0.7928
1,570,e024,0.7653
1,571,e001,0.461
1,571,e002,0.4525
1,571,e003,0.4705
1,571,e004,0.5046
1,571,e005,0.4662
1,571,e006,0.4888
1,571,e007,0.4205
1,571,e008,0.4653
1,571,e009,0.4336
1,571,e010,0.4091
1,571,e011,0.4812
1,571,e012,0.5121
1,571,e013,0.4772
1,571,e014,0.4683
1,571,e015,0.5217
1,571,e016,0.4325
1,571,e017,0.4455
1,571,e018,0.5144
1,571,e019,0.7335
1,571,e020,0.8108
1,571,e021,0.7991
1,571,e022,0.7671
1,571,e023,0.7978
1,571,e024,0.7937
1,572,e001,0.4349
1,572,e002,0.4547
1,572,e003,0.5374
1,572,e004,0.4878
1,572,e005,0.5101
1,572,e006,0.4507
1,572,e007,0.4511
1,572,e008,0.5347
1,572,e009,0.4803
1,572,e010,0.5272
1,572,e011,0.4355
1,572,e012,0.4714
1,572,e013,0.4935
1,572,e014,0.5391
1,572,e015,0.4471
1,572,e016,0.4578
1,572,e017,0.49
1,572,e018,0.5112
1,572,e019,0.858
1,572,e020,0.7951
1,572,e021,0.85
1,572,e022,0.8138
1,572,e023,0.8312
1,572,e024,0.8684
1,573,e001,0.4942
1,573,e002,0.4435
1,573,e003,0.4695
1,573,e004,0.4588
1,573,e005,0.4777
1,573,e006,0.5187
1,573,e007,0.4757
1,573,e008,0.5348
1,573,e009,0.4826
1,573,e010,0.4925
1,573,e011,0.4733
1,573,e012,0.5272
1,573,e013,0.5406
1,573,e014,0.4912
1,573,e015,0.5581
1,573,e016,0.4364
1,573,e017,0.5266
1,573,e018,0.4809
1,573,e019,0.8656
1,573,e020,0.7864
1,573,e021,0.8093
1,573,e022,0.7972
1,573,e023,0.8734
1,573,e024,0.8178
1,574,e001,0.4565
1,574,e002,0.4627
1,574,e003,0.4623
1,574,e004,0.413
1,574,e005,0.3895
1,574,e006,0.4767
1,574,e007,0.4217
1,574,e008,0.4038
1,574,e009,0.4943
1,574,e010,0.4005
1,574,e011,0.4485
1,574,e012,0.4574
1,574,e013,0.4822
1,574,e014,0.3902
1,574,e015,0.4077
1,574,e016,0.4052
1,574,e017,0.5057
1,574,e018,0.5198
1,574,e019,0.7654
1,574,e020,0.7801
1,574,e021,0.7854
1,574,e022,0.794
1,574,e023,0.7823
1,574,e024,0.7695
1,575,e001,0.5203
1,575,e002,0.5068
1,575,e003,0.4862
1,575,e004,0.4719
1,575,e005,0.4416
1,575,e006,0.5061
1,575,e007,0.4695
1,575,e008,0.4499
1,575,e009,0.4844
1,575,e010,0.4697
1,575,e011,0.5196
1,575,e012,0.4671
1,575,e013,0.4296
1,575,e014,0.5024
1,575,e015,0.4337
1,575,e016,0.4706
1,575,e017,0.5218
1,575,e018,0.5293
1,575,e019,0.7775
1,575,e020,0.7745
1,575,e021,0.8163
1,575,e022,0.8574
1,575,e023,0.7497
1,575,e024,0.7833
1,576,e001,0.4318
1,576,e002,0.4354
1,576,e003,0.457
1,576,e004,0.4262
1,576,e005,0.3952
1,576,e006,0.4455
1,576,e007,0.5024
1,576,e008,0.4947
1,576,e009,0.4829
1,576,e010,0.4964
1,576,e011,0.4722
1,576,e012,0.3854
1,576,e013,0.4343
1,576,e014,0.4572
1,576,e015,0.5053
1,576,e016,0.4714
1,576,e017,0.4363
1,576,e018,0.4873
1,576,e019,0.8046
1,576,e020,0.7352
1,576,e021,0.8036
1,576,e022,0.8272
1,576,e023,0.8371
1,576,e024,0.749
1,577,e001,0.4893
1,577,e002,0.5192
1,577,e003,0.4644
1,577,e004,0.4782
1,577,e005,0.4999
1,577,e006,0.4537
1,577,e007,0.4325
1,577,e008,0.4727
1,577,e009,0.4851
1,577,e010,0.4831
1,577,e011,0.508
1,577,e012,0.4744
1,577,e013,0.4831
1,577,e014,0.4867
1,577,e015,0.5014
1,577,e016,0.4583
1,577,e017,0.4784
1,577,e018,0.4961
1,577,e019,0.7987
1,577,e020,0.8184
1,577,e021,0.7896
1,577,e022,0.8552
1,577,e023,0.8191
1,577,e024,0.8141
1,578,e001,0.4806
1,578,e002,0.4781
1,578,e003,0.4572
1,578,e004,0.4735
1,578,e005,0.4446
1,578,e006,0.5359
1,578,e007,0.4969
1,578,e008,0.4593
1,578,e009,0.5091
1,578,e010,0.4666
1,578,e011,0.4718
1,578,e012,0.4719
1,578,e013,0.5037
1,578,e014,0.4665
1,578,e015,0.4586
1,578,e016,0.5032
1,578,e017,0.5157
1,578,e018,0.5153
1,578,e019,0.5696
1,578,e020,0.5633
1,578,e021,0.5567
1,578,e022,0.5923
1,578,e023,0.6329
1,578,e024,0.5765
1,579,e001,0.4824
1,579,e002,0.4396
1,579,e003,0.4307
1,579,e004,0.466
1,579,e005,0.5331
1,579,e006,0.4111
1,579,e007,0.4624
1,579,e008,0.4416
1,579,e009,0.5087
1,579,e010,0.5032
1,579,e011,0.4219
1,579,e012,0.4335
1,579,e013,0.518
1,579,e014,0.466
1,579,e015,0.4587
1,579,e016,0.5301
1,579,e017,0.4513
1,579,e018,0.499
1,579,e019,0.6143
1,579,e020,0.6396
1,579,e021,0.6055
1,579,e022,0.6003
1,579,e023,0.571
1,579,e024,0.5592
1,580,e001,0.4687
1,580,e002,0.4803
1,580,e003,0.4844
1,580,e004,0.4188
1,580,e005,0.4936
1,580,e006,0.4443
1,580,e007,0.4559
1,580,e008,0.4178
1,580,e009,0.4547
1,580,e010,0.4828
1,580,e011,0.4818
1,580,e012,0.401
1,580,e013,0.5066
1,580,e014,0.4786
1,580,e015,0.4517
1,580,e016,0.504
1,580,e017,0.4544
1,580,e018,0.4616
1,580,e019,0.5511
1,580,e020,0.5665
1,580,e021,0.5744
1,580,e022,0.6248
1,580,e023,0.6072
1,580,e024,0.5763
1,581,e001,0.4763
1,581,e002,0.4517
1,581,e003,0.4909
1,581,e004,0.5222
1,581,e005,0.5186
1,581,e006,0.4834
1,581,e007,0.4944
1,581,e008,0.5275
1,581,e009,0.4839
1,581,e010,0.4865
1,581,e011,0.4841
1,581,e012,0.5227
1,581,e013,0.4959
1,581,e014,0.5211
1,581,e015,0.4829
1,581,e016,0.497
1,581,e017,0.4744
1,581,e018,0.4282
1,581,e019,0.5694
1,581,e020,0.6503
1,581,e021,0.5796
1,581,e022,0.6403
1,581,e023,0.621
1,581,e024,0.5828
1,582,e001,0.4437
1,582,e002,0.4726
1,582,e003,0.4416
1,582,e004,0.4414
1,582,e005,0.4488
1,582,e006,0.4144
1,582,e007,0.4512
1,582,e008,0.509
1,582,e009,0.4233
1,582,e010,0.4965
1,582,e011,0.4672
1,582,e012,0.503
1,582,e013,0.4525
1,582,e014,0.4377
1,582,e015,0.4613
1,582,e016,0.4267
1,582,e017,0.3906
1,582,e018,0.4919
1,582,e019,0.59
1,582,e020,0.5721
1,582,e021,0.6289
1,582,e022,0.5535
1,582,e023,0.5538
1,582,e024,0.6583
1,583,e001,0.4417
1,583,e002,0.4489
1,583,e003,0.4551
1,583,e004,0.5405
1,583,e005,0.5
1,583,e006,0.4539
1,583,e007,0.4029
1,583,e008,0.4338
1,583,e009,0.4562
1,583,e010,0.4484
1,583,e011,0.466
1,583,e012,0.4908
1,583,e013,0.5206
1,583,e014,0.4799
1,583,e015,0.4102
1,583,e016,0.5162
1,583,e017,0.4635
1,583,e018,0.4622
1,583,e019,0.5998
1,583,e020,0.5688
1,583,e021,0.5969
1,583,e022,0.6257
1,583,e023,0.6622
1,583,e024,0.6344
1,584,e001,0.4993
1,584,e002,0.4933
1,584,e003,0.4473
1,584,e004,0.4056
1,584,e005,0.4846
1,584,e006,0.495
1,584,e007,0.4482
1,584,e008,0.4959
1,584,e009,0.4996
1,584,e010,0.4914
1,584,e011,0.5024
1,584,e012,0.4468
1,584,e013,0.4219
1,584,e014,0.4298
1,584,e015,0.4992
1,584,e016,0.4228
1,584,e017,0.4994
1,584,e018,0.4706
1,584,e019,0.6414
1,584,e020,0.5572
1,584,e021,0.6398
1,584,e022,0.5938
1,584,e023,0.5871
1,584,e024,0.6299
1,585,e001,0.4647
1,585,e002,0.4692
1,585,e003,0.4984
1,585,e004,0.4287
1,585,e005,0.4171
1,585,e006,0.5345
1,585,e007,0.5045
1,585,e008,0.4873
1,585,e009,0.4715
1,585,e010,0.451
1,585,e011,0.4553
1,585,e012,0.5182
1,585,e013,0.4833
1,585,e014,0.4733
1,585,e015,0.4459
1,585,e016,0.4861
1,585,e017,0.4995
1,585,e018,0.4776
1,585,e019,0.638
1,585,e020,0.5795
1,585,e021,0.5848
1,585,e022,0.62
1,585,e023,0.5953
1,585,e024,0.6023
1,586,e001,0.5126
1,586,e002,0.5627
1,586,e003,0.4821
1,586,e004,0.507
1,586,e005,0.5203
1,586,e006,0.4906
1,586,e007,0.4831
1,586,e008,0.4868
1,586,e009,0.5092
1,586,e010,0.5254
1,586,e011,0.4987
1,586,e012,0.5006
1,586,e013,0.5472
1,586,e014,0.503
1,586,e015,0.5039
1,586,e016,0.5161
1,586,e017,0.5317
1,586,e018,0.5715
1,586,e019,0.6804
1,586,e020,0.6586
1,586,e021,0.6256
1,586,e022,0.6802
1,586,e023,0.636
1,586,e024,0.6216
1,587,e001,0.4708
1,587,e002,0.4499
1,587,e003,0.5045
1,587,e004,0.472
1,587,e005,0.5136
1,587,e006,0.5027
1,587,e007,0.5023
1,587,e008,0.4709
1,587,e009,0.4999
1,587,e010,0.4946
1,587,e011,0.4827
1,587,e012,0.4597
1,587,e013,0.5091
1,587,e014,0.5103
1,587,e015,0.4979
1,587,e016,0.4501
1,587,e017,0.4838
1,587,e018,0.4498
1,587,e019,0.641
1,587,e020,0.5725
1,587,e021,0.5975
1,587,e022,0.6639
1,587,e023,0.6733
1,587,e024,0.586
1,588,e001,0.4708
1,588,e002,0.4519
1,588,e003,0.5063
1,588,e004,0.4458
1,588,e005,0.4337
1,588,e006,0.5108
1,588,e007,0.5023
1,588,e008,0.47
1,588,e009,0.4432
1,588,e010,0.4783
1,588,e011,0.5191
1,588,e012,0.4599
1,588,e013,0.4441
1,588,e014,0.45
1,588,e015,0.4394
1,588,e016,0.4458
1,588,e017,0.5116
1,588,e018,0.4616
1,588,e019,0.6545
1,588,e020,0.5736
1,588,e021,0.6562
1,588,e022,0.5639
1,588,e023,0.5949
1,588,e024,0.5673
1,589,e001,0.4967
1,589,e002,0.4957
1,589,e003,0.537
1,589,e004,0.4696
1,589,e005,0.4693
1,589,e006,0.5059
1,589,e007,0.4678
1,589,e008,0.4686
1,589,e009,0.4553
1,589,e010,0.4332
1,589,e011,0.5167
1,589,e012,0.4727
1,589,e013,0.4371
1,589,e014,0.4794
1,589,e015,0.483
1,589,e016,0.4812
1,589,e017,0.4493
1,589,e018,0.4598
1,589,e019,0.5821
1,589,e020,0.6174
1,589,e021,0.6347
1,589,e022,0.5747
1,589,e023,0.5851
1,589,e024,0.6531
1,590,e001,0.5031
1,590,e002,0.4643
1,590,e003,0.4796
1,590,e004,0.5073
1,590,e005,0.519
1,590,e006,0.4997
1,590,e007,0.4612
1,590,e008,0.5073
1,590,e009,0.4995
1,590,e010,0.5136
1,590,e011,0.4812
1,590,e012,0.4558
1,590,e013,0.5505
1,590,e014,0.4608
1,590,e015,0.473
1,590,e016,0.4451
1,590,e017,0.4943
1,590,e018,0.5137
1,590,e019,0.5736
1,590,e020,0.5794
1,590,e021,0.6152
1,590,e022,0.5737
1,590,e023,0.6435
1,590,e024,0.5768
1,591,e001,0.5326
1,591,e002,0.4816
1,591,e003,0.5022
1,591,e004,0.5431
1,591,e005,0.5178
1,591,e006,0.5229
1,591,e007,0.4859
1,591,e008,0.5336
1,591,e009,0.4738
1,591,e010,0.5329
1,591,e011,0.5705
1,591,e012,0.5264
1,591,e013,0.4859
1,591,e014,0.4541
1,591,e015,0.4612
1,591,e016,0.4769
1,591,e017,0.4924
1,591,e018,0.4824
1,591,e019,0.6139
1,591,e020,0.6293
1,591,e021,0.5975
1,591,e022,0.6743
1,591,e023,0.6569
1,591,e024,0.5753
1,592,e001,0.4704
1,592,e002,0.418
1,592,e003,0.4462
1,592,e004,0.3892
1,592,e005,0.4245
1,592,e006,0.4728
1,592,e007,0.4746
1,592,e008,0.396
1,592,e009,0.3855
1,592,e010,0.4614
1,592,e011,0.4322
1,592,e012,0.4714
1,592,e013,0.4827
1,592,e014,0.4673
1,592,e015,0.4005
1,592,e016,0.4327
1,592,e017,0.4256
1,592,e018,0.4084
1,592,e019,0.6029
1,592,e020,0.5356
1,592,e021,0.6116
1,592,e022,0.5339
1,592,e023,0.57
1,592,e024,0.5425
1,593,e001,0.4908
1,593,e002,0.5438
1,593,e003,0.4415
1,593,e004,0.5185
1,593,e005,0.5024
1,593,e006,0.4752
1,593,e007,0.4715
1,593,e008,0.5291
1,593,e009,0.4103
1,593,e010,0.4487
1,593,e011,0.4465
1,593,e012,0.5139
1,593,e013,0.4757
1,593,e014,0.5259
1,593,e015,0.5
1,593,e016,0.4831
1,593,e017,0.4771
1,593,e018,0.4932
1,593,e019,0.6147
1,593,e020,0.5906
1,593,e021,0.6097
1,593,e022,0.6235
1,593,e023,0.5556
1,593,e024,0.6218
1,594,e001,0.526
1,594,e002,0.4551
1,594,e003,0.4583
1,594,e004,0.4407
1,594,e005,0.498
1,594,e006,0.467
1,594,e007,0.5075
1,594,e008,0.4561
1,594,e009,0.5422
1,594,e010,0.5084
1,594,e011,0.4914
1,594,e012,0.517
1,594,e013,0.4745
1,594,e014,0.5107
1,594,e015,0.4741
1,594,e016,0.4565
1,594,e017,0.5356
1,594,e018,0.4963
1,594,e019,0.6794
1,594,e020,0.5718
1,594,e021,0.6339
1,594,e022,0.5697
1,594,e023,0.6324
1,594,e024,0.6205
1,595,e001,0.4102
1,595,e002,0.4212
1,595,e003,0.4475
1,595,e004,0.4137
1,595,e005,0.4205
1,595,e006,0.3667
1,595,e007,0.4336
1,595,e008,0.4124
1,595,e009,0.421
1,595,e010,0.4814
1,595,e011,0.4276
1,595,e012,0.4722
1,595,e013,0.3846
1,595,e014,0.4786
1,595,e015,0.4197
1,595,e016,0.4304
1,595,e017,0.4265
1,595,e018,0.3823
1,595,e019,0.5978
1,595,e020,0.5604
1,595,e021,0.5563
1,595,e022,0.5529
1,595,e023,0.6265
1,595,e024,0.6068
1,596,e001,0.4485
1,596,e002,0.4838
1,596,e003,0.4954
1,596,e004,0.4892
1,596,e005,0.5395
1,596,e006,0.4558
1,596,e007,0.4743
1,596,e008,0.4678
1,596,e009,0.448
1,596,e010,0.4212
1,596,e011,0.4849
1,596,e012,0.4528
1,596,e013,0.5098
1,596,e014,0.5037
1,596,e015,0.4145
1,596,e016,0.49
1,596,e017,0.4668
1,596,e018,0.5552
1,596,e019,0.6432
1,596,e020,0.5945
1,596,e021,0.5862
1,596,e022,0.6053
1,596,e023,0.6218
1,596,e024,0.6018
1,597,e001,0.4282
1,597,e002,0.4062
1,597,e003,0.5312
1,597,e004,0.4131
1,597,e005,0.4519
1,597,e006,0.4458
1,597,e007,0.4973
1,597,e008,0.4029
1,597,e009,0.4596
1,597,e010,0.4562
1,597,e011,0.4725
1,597,e012,0.4157
1,597,e013,0.4495
1,597,e014,0.4173
1,597,e015,0.5195
1,597,e016,0.4837
1,597,e017,0.4953
1,597,e018,0.4322
1,597,e019,0.5782
1,597,e020,0.6061
1,597,e021,0.618
1,597,e022,0.6294
1,597,e023,0.6268
1,597,e024,0.5633
1,598,e001,0.5285
1,598,e002,0.5078
1,598,e003,0.5019
1,598,e004,0.4698
1,598,e005,0.4209
1,598,e006,0.4531
1,598,e007,0.5136
1,598,e008,0.4077
1,598,e009,0.5166
1,598,e010,0.4615
1,598,e011,0.4533
1,598,e012,0.5064
1,598,e013,0.4587
1,598,e014,0.4855
1,598,e015,0.4799
1,598,e016,0.4375
1,598,e017,0.4775
1,598,e018,0.5048
1,598,e019,0.6073
1,598,e020,0.603
1,598,e021,0.5906
1,598,e022,0.5832
1,598,e023,0.5601
1,598,e024,0.573
1,599,e001,0.4222
1,599,e002,0.3867
1,599,e003,0.4393
1,599,e004,0.4442
1,599,e005,0.4151
1,599,e006,0.4884
1,599,e007,0.4697
1,599,e008,0.4755
1,599,e009,0.4705
1,599,e010,0.4239
1,599,e011,0.3812
1,599,e012,0.4941
1,599,e013,0.4335
1,599,e014,0.3879
1,599,e015,0.4323
1,599,e016,0.388
1,599,e017,0.4823
1,599,e018,0.4932
1,599,e019,0.5743
1,599,e020,0.5262
1,599,e021,0.5846
1,599,e022,0.5089
1,599,e023,0.5976
1,599,e024,0.6229
