seed,time_s,link_id,utilization
4,0,e001,0.5431
4,0,e002,0.4504
4,0,e003,0.4953
4,0,e004,0.4603
4,0,e005,0.5249
4,0,e006,0.5194
4,0,e007,0.3935
4,0,e008,0.3452
4,0,e009,0.4249
4,0,e010,0.388
4,0,e011,0.4369
4,0,e012,0.3725
4,0,e013,0.3863
4,0,e014,0.4445
4,0,e015,0.3542
4,0,e016,0.3788
4,0,e017,0.3978
4,0,e018,0.4443
4,0,e019,0.3926
4,0,e020,0.3729
4,0,e021,0.4252
4,0,e022,0.3723
4,0,e023,0.3421
4,0,e024,0.4296
4,1,e001,0.5465
4,1,e002,0.5785
4,1,e003,0.5567
4,1,e004,0.5294
4,1,e005,0.598
4,1,e006,0.5477
4,1,e007,0.443
4,1,e008,0.3908
4,1,e009,0.3635
4,1,e010,0.4425
4,1,e011,0.3917
4,1,e012,0.41
4,1,e013,0.3719
4,1,e014,0.3851
4,1,e015,0.4188
4,1,e016,0.3552
4,1,e017,0.3586
4,1,e018,0.3825
4,1,e019,0.4434
4,1,e020,0.3716
4,1,e021,0.3551
4,1,e022,0.3761
4,1,e023,0.399
4,1,e024,0.3897
4,2,e001,0.5541
4,2,e002,0.5423
4,2,e003,0.5423
4,2,e004,0.5598
4,2,e005,0.5963
4,2,e006,0.5511
4,2,e007,0.4298
4,2,e008,0.4821
4,2,e009,0.4465
4,2,e010,0.4091
4,2,e011,0.4883
4,2,e012,0.4219
4,2,e013,0.3892
4,2,e014,0.4375
4,2,e015,0.4774
4,2,e016,0.3936
4,2,e017,0.4939
4,2,e018,0.414
4,2,e019,0.476
4,2,e020,0.4709
4,2,e021,0.4576
4,2,e022,0.4373
4,2,e023,0.4542
4,2,e024,0.4979
4,3,e001,0.5474
4,3,e002,0.5339
4,3,e003,0.585
4,3,e004,0.5987
4,3,e005,0.6132
4,3,e006,0.5385
4,3,e007,0.4564
4,3,e008,0.4711
4,3,e009,0.4006
4,3,e010,0.4209
4,3,e011,0.4827
4,3,e012,0.4123
4,3,e013,0.4693
4,3,e014,0.4343
4,3,e015,0.466
4,3,e016,0.4373
4,3,e017,0.4019
4,3,e018,0.3767
4,3,e019,0.4107
4,3,e020,0.4031
4,3,e021,0.4096
4,3,e022,0.4063
4,3,e023,0.3985
4,3,e024,0.3725
4,4,e001,0.5458
4,4,e002,0.5681
4,4,e003,0.5998
4,4,e004,0.5876
4,4,e005,0.5996
4,4,e006,0.5465
4,4,e007,0.3454
4,4,e008,0.4023
4,4,e009,0.3669
4,4,e010,0.3943
4,4,e011,0.4167
4,4,e012,0.4731
4,4,e013,0.4593
4,4,e014,0.4664
4,4,e015,0.4997
4,4,e016,0.396
4,4,e017,0.45
4,4,e018,0.3908
4,4,e019,0.3926
4,4,e020,0.3664
4,4,e021,0.4161
4,4,e022,0.3839
4,4,e023,0.3903
4,4,e024,0.3561
4,5,e001,0.552
4,5,e002,0.554
4,5,e003,0.5833
4,5,e004,0.5984
4,5,e005,0.5612
4,5,e006,0.6083
4,5,e007,0.4005
4,5,e008,0.4142
4,5,e009,0.4842
4,5,e010,0.4675
4,5,e011,0.4286
4,5,e012,0.4666
4,5,e013,0.5185
4,5,e014,0.4844
4,5,e015,0.4492
4,5,e016,0.4551
4,5,e017,0.4284
4,5,e018,0.4719
4,5,e019,0.4004
4,5,e020,0.4063
4,5,e021,0.461
4,5,e022,0.4766
4,5,e023,0.4506
4,5,e024,0.4444
4,6,e001,0.565
4,6,e002,0.5292
4,6,e003,0.5299
4,6,e004,0.5386
4,6,e005,0.6077
4,6,e006,0.5121
4,6,e007,0.4104
4,6,e008,0.3919
4,6,e009,0.4461
4,6,e010,0.4259
4,6,e011,0.3819
4,6,e012,0.3663
4,6,e013,0.3668
4,6,e014,0.4167
4,6,e015,0.3676
4,6,e016,0.391
4,6,e017,0.4321
4,6,e018,0.3545
4,6,e019,0.4355
4,6,e020,0.4467
4,6,e021,0.4704
4,6,e022,0.3755
4,6,e023,0.3905
4,6,e024,0.407
4,7,e001,0.5414
4,7,e002,0.6065
4,7,e003,0.6124
4,7,e004,0.5941
4,7,e005,0.5986
4,7,e006,0.542
4,7,e007,0.466
4,7,e008,0.4618
4,7,e009,0.475
4,7,e010,0.5026
4,7,e011,0.4764
4,7,e012,0.4101
4,7,e013,0.4381
4,7,e014,0.4594
4,7,e015,0.4498
4,7,e016,0.4356
4,7,e017,0.3921
4,7,e018,0.4211
4,7,e019,0.402
4,7,e020,0.4178
4,7,e021,0.3945
4,7,e022,0.3937
4,7,e023,0.4843
4,7,e024,0.3953
4,8,e001,0.5212
4,8,e002,0.5488
4,8,e003,0.5077
4,8,e004,0.485
4,8,e005,0.5561
4,8,e006,0.5432
4,8,e007,0.3698
4,8,e008,0.3631
4,8,e009,0.4471
4,8,e010,0.3913
4,8,e011,0.3938
4,8,e012,0.3571
4,8,e013,0.4025
4,8,e014,0.4344
4,8,e015,0.3793
4,8,e016,0.437
4,8,e017,0.4295
4,8,e018,0.3741
4,8,e019,0.3711
4,8,e020,0.4261
4,8,e021,0.399
4,8,e022,0.3836
4,8,e023,0.3976
4,8,e024,0.343
4,9,e001,0.5644
4,9,e002,0.5866
4,9,e003,0.5496
4,9,e004,0.5656
4,9,e005,0.5663
4,9,e006,0.5641
4,9,e007,0.471
4,9,e008,0.4941
4,9,e009,0.4365
4,9,e010,0.4264
4,9,e011,0.4045
4,9,e012,0.4387
4,9,e013,0.4727
4,9,e014,0.4661
4,9,e015,0.4225
4,9,e016,0.4409
4,9,e017,0.4234
4,9,e018,0.4628
4,9,e019,0.4438
4,9,e020,0.4461
4,9,e021,0.4844
4,9,e022,0.4426
4,9,e023,0.5204
4,9,e024,0.4132
4,10,e001,0.518
4,10,e002,0.5759
4,10,e003,0.5845
4,10,e004,0.5133
4,10,e005,0.5459
4,10,e006,0.5047
4,10,e007,0.3663
4,10,e008,0.4025
4,10,e009,0.3552
4,10,e010,0.3982
4,10,e011,0.3537
4,10,e012,0.3715
4,10,e013,0.4576
4,10,e014,0.4095
4,10,e015,0.4376
4,10,e016,0.3647
4,10,e017,0.4526
4,10,e018,0.4125
4,10,e019,0.4221
4,10,e020,0.3672
4,10,e021,0.3618
4,10,e022,0.4111
4,10,e023,0.4305
4,10,e024,0.3691
4,11,e001,0.5442
4,11,e002,0.5795
4,11,e003,0.5797
4,11,e004,0.5686
4,11,e005,0.5401
4,11,e006,0.5152
4,11,e007,0.3864
4,11,e008,0.4843
4,11,e009,0.4015
4,11,e010,0.4362
4,11,e011,0.4131
4,11,e012,0.3829
4,11,e013,0.4079
4,11,e014,0.4866
4,11,e015,0.4084
4,11,e016,0.4585
4,11,e017,0.3925
4,11,e018,0.3744
4,11,e019,0.4069
4,11,e020,0.4323
4,11,e021,0.4619
4,11,e022,0.3899
4,11,e023,0.4507
4,11,e024,0.3437
4,12,e001,0.6067
4,12,e002,0.6018
4,12,e003,0.6313
4,12,e004,0.6156
4,12,e005,0.5637
4,12,e006,0.5433
4,12,e007,0.4624
4,12,e008,0.4863
4,12,e009,0.4238
4,12,e010,0.4469
4,12,e011,0.5129
4,12,e012,0.4587
4,12,e013,0.4739
4,12,e014,0.4496
4,12,e015,0.4867
4,12,e016,0.4907
4,12,e017,0.4581
4,12,e018,0.4338
4,12,e019,0.4798
4,12,e020,0.4387
4,12,e021,0.4641
4,12,e022,0.4693
4,12,e023,0.4633
4,12,e024,0.4789
4,13,e001,0.5961
4,13,e002,0.582
4,13,e003,0.587
4,13,e004,0.55
4,13,e005,0.5456
4,13,e006,0.5802
4,13,e007,0.414
4,13,e008,0.4539
4,13,e009,0.4828
4,13,e010,0.451
4,13,e011,0.4992
4,13,e012,0.4916
4,13,e013,0.4199
4,13,e014,0.4554
4,13,e015,0.4521
4,13,e016,0.4237
4,13,e017,0.4311
4,13,e018,0.4732
4,13,e019,0.5321
4,13,e020,0.4771
4,13,e021,0.4799
4,13,e022,0.436
4,13,e023,0.4176
4,13,e024,0.453
4,14,e001,0.5741
4,14,e002,0.6323
4,14,e003,0.6216
4,14,e004,0.5412
4,14,e005,0.5598
4,14,e006,0.5528
4,14,e007,0.4395
4,14,e008,0.4196
4,14,e009,0.4714
4,14,e010,0.4085
4,14,e011,0.4775
4,14,e012,0.397
4,14,e013,0.4198
4,14,e014,0.4186
4,14,e015,0.4122
4,14,e016,0.4347
4,14,e017,0.4686
4,14,e018,0.4817
4,14,e019,0.4444
4,14,e020,0.4858
4,14,e021,0.4779
4,14,e022,0.4589
4,14,e023,0.4603
4,14,e024,0.446
4,15,e001,0.5513
4,15,e002,0.5261
4,15,e003,0.5722
4,15,e004,0.5718
4,15,e005,0.5247
4,15,e006,0.5433
4,15,e007,0.4397
4,15,e008,0.4217
4,15,e009,0.4654
4,15,e010,0.4497
4,15,e011,0.4391
4,15,e012,0.461
4,15,e013,0.3628
4,15,e014,0.3898
4,15,e015,0.4555
4,15,e016,0.4148
4,15,e017,0.3883
4,15,e018,0.4282
4,15,e019,0.4058
4,15,e020,0.3729
4,15,e021,0.4177
4,15,e022,0.4457
4,15,e023,0.4445
4,15,e024,0.4056
4,16,e001,0.5723
4,16,e002,0.6513
4,16,e003,0.5611
4,16,e004,0.5852
4,16,e005,0.6272
4,16,e006,0.6323
4,16,e007,0.4943
4,16,e008,0.4123
4,16,e009,0.4892
4,16,e010,0.434
4,16,e011,0.4485
4,16,e012,0.4718
4,16,e013,0.5229
4,16,e014,0.4876
4,16,e015,0.5116
4,16,e016,0.4381
4,16,e017,0.509
4,16,e018,0.4976
4,16,e019,0.4451
4,16,e020,0.4951
4,16,e021,0.4555
4,16,e022,0.4951
4,16,e023,0.4156
4,16,e024,0.438
4,17,e001,0.6081
4,17,e002,0.5472
4,17,e003,0.568
4,17,e004,0.6305
4,17,e005,0.5284
4,17,e006,0.6167
4,17,e007,0.3922
4,17,e008,0.4115
4,17,e009,0.3868
4,17,e010,0.4421
4,17,e011,0.4228
4,17,e012,0.4828
4,17,e013,0.4339
4,17,e014,0.4103
4,17,e015,0.3874
4,17,e016,0.4054
4,17,e017,0.4092
4,17,e018,0.4605
4,17,e019,0.4542
4,17,e020,0.3871
4,17,e021,0.4063
4,17,e022,0.4661
4,17,e023,0.4641
4,17,e024,0.4232
4,18,e001,0.5698
4,18,e002,0.5697
4,18,e003,0.53
4,18,e004,0.5436
4,18,e005,0.5576
4,18,e006,0.5966
4,18,e007,0.4569
4,18,e008,0.4032
4,18,e009,0.4341
4,18,e010,0.3939
4,18,e011,0.3826
4,18,e012,0.3974
4,18,e013,0.456
4,18,e014,0.3756
4,18,e015,0.4492
4,18,e016,0.4395
4,18,e017,0.515
4,18,e018,0.4096
4,18,e019,0.3832
4,18,e020,0.445
4,18,e021,0.4459
4,18,e022,0.4792
4,18,e023,0.4904
4,18,e024,0.3908
4,19,e001,0.5243
4,19,e002,0.6148
4,19,e003,0.4909
4,19,e004,0.5256
4,19,e005,0.5484
4,19,e006,0.5767
4,19,e007,0.4003
4,19,e008,0.4356
4,19,e009,0.3971
4,19,e010,0.4564
4,19,e011,0.4174
4,19,e012,0.4543
4,19,e013,0.3636
4,19,e014,0.3601
4,19,e015,0.4291
4,19,e016,0.387
4,19,e017,0.4347
4,19,e018,0.4217
4,19,e019,0.433
4,19,e020,0.3791
4,19,e021,0.4724
4,19,e022,0.4277
4,19,e023,0.4305
4,19,e024,0.4314
4,20,e001,0.7629
4,20,e002,0.7938
4,20,e003,0.8327
4,20,e004,0.74
4,20,e005,0.8009
4,20,e006,0.793
4,20,e007,0.5033
4,20,e008,0.4522
4,20,e009,0.5002
4,20,e010,0.4627
4,20,e011,0.4189
4,20,e012,0.3889
4,20,e013,0.4036
4,20,e014,0.4367
4,20,e015,0.3976
4,20,e016,0.4535
4,20,e017,0.5007
4,20,e018,0.4144
4,20,e019,0.4972
4,20,e020,0.4347
4,20,e021,0.4895
4,20,e022,0.453
4,20,e023,0.4105
4,20,e024,0.427
4,21,e001,0.7879
4,21,e002,0.7677
4,21,e003,0.8081
4,21,e004,0.7701
4,21,e005,0.7861
4,21,e006,0.7676
4,21,e007,0.4043
4,21,e008,0.4116
4,21,e009,0.3994
4,21,e010,0.4551
4,21,e011,0.4773
4,21,e012,0.4604
4,21,e013,0.4228
4,21,e014,0.4991
4,21,e015,0.4082
4,21,e016,0.489
4,21,e017,0.4011
4,21,e018,0.4935
4,21,e019,0.4789
4,21,e020,0.5085
4,21,e021,0.4683
4,21,e022,0.4428
4,21,e023,0.4411
4,21,e024,0.5004
4,22,e001,0.8176
4,22,e002,0.7848
4,22,e003,0.8228
4,22,e004,0.7713
4,22,e005,0.8213
4,22,e006,0.838
4,22,e007,0.4996
4,22,e008,0.4609
4,22,e009,0.5276
4,22,e010,0.5062
4,22,e011,0.5481
4,22,e012,0.5019
4,22,e013,0.5018
4,22,e014,0.4418
4,22,e015,0.4649
4,22,e016,0.4651
4,22,e017,0.4505
4,22,e018,0.4388
4,22,e019,0.4727
4,22,e020,0.4497
4,22,e021,0.4495
4,22,e022,0.5067
4,22,e023,0.4838
4,22,e024,0.4398
4,23,e001,0.8358
4,23,e002,0.8098
4,23,e003,0.8606
4,23,e004,0.7968
4,23,e005,0.7449
4,23,e006,0.7758
4,23,e007,0.4452
4,23,e008,0.5228
4,23,e009,0.5077
4,23,e010,0.4387
4,23,e011,0.5183
4,23,e012,0.4575
4,23,e013,0.5011
4,23,e014,0.451
4,23,e015,0.4997
4,23,e016,0.4702
4,23,e017,0.3934
4,23,e018,0.5339
4,23,e019,0.4811
4,23,e020,0.4783
4,23,e021,0.5032
4,23,e022,0.4985
4,23,e023,0.4805
4,23,e024,0.4764
4,24,e001,0.7918
4,24,e002,0.7124
4,24,e003,0.7531
4,24,e004,0.7261
4,24,e005,0.8044
4,24,e006,0.7285
4,24,e007,0.4676
4,24,e008,0.4655
4,24,e009,0.5074
4,24,e010,0.4556
4,24,e011,0.4323
4,24,e012,0.412
4,24,e013,0.4104
4,24,e014,0.4053
4,24,e015,0.484
4,24,e016,0.389
4,24,e017,0.4242
4,24,e018,0.458
4,24,e019,0.399
4,24,e020,0.4368
4,24,e021,0.4537
4,24,e022,0.4275
4,24,e023,0.4413
4,24,e024,0.4156
4,25,e001,0.8332
4,25,e002,0.7382
4,25,e003,0.7383
4,25,e004,0.7422
4,25,e005,0.7547
4,25,e006,0.8062
4,25,e007,0.4251
4,25,e008,0.4357
4,25,e009,0.4018
4,25,e010,0.4515
4,25,e011,0.4233
4,25,e012,0.4808
4,25,e013,0.4027
4,25,e014,0.4034
4,25,e015,0.4746
4,25,e016,0.4702
4,25,e017,0.468
4,25,e018,0.3865
4,25,e019,0.4052
4,25,e020,0.4603
4,25,e021,0.3877
4,25,e022,0.4627
4,25,e023,0.4545
4,25,e024,0.3736
4,26,e001,0.7332
4,26,e002,0.7638
4,26,e003,0.7925
4,26,e004,0.7993
4,26,e005,0.7501
4,26,e006,0.749
4,26,e007,0.4057
4,26,e008,0.4316
4,26,e009,0.402
4,26,e010,0.4134
4,26,e011,0.5013
4,26,e012,0.3976
4,26,e013,0.5152
4,26,e014,0.4247
4,26,e015,0.4712
4,26,e016,0.4747
4,26,e017,0.4053
4,26,e018,0.3729
4,26,e019,0.49
4,26,e020,0.4091
4,26,e021,0.4746
4,26,e022,0.463
4,26,e023,0.4938
4,26,e024,0.426
4,27,e001,0.7403
4,27,e002,0.8457
4,27,e003,0.7427
4,27,e004,0.8343
4,27,e005,0.7987
4,27,e006,0.8117
4,27,e007,0.4929
4,27,e008,0.4988
4,27,e009,0.4356
4,27,e010,0.4864
4,27,e011,0.4368
4,27,e012,0.4837
4,27,e013,0.4638
4,27,e014,0.4746
4,27,e015,0.5008
4,27,e016,0.4381
4,27,e017,0.4252
4,27,e018,0.4666
4,27,e019,0.4573
4,27,e020,0.51
4,27,e021,0.4744
4,27,e022,0.5159
4,27,e023,0.5186
4,27,e024,0.4351
4,28,e001,0.8066
4,28,e002,0.7996
4,28,e003,0.7656
4,28,e004,0.7622
4,28,e005,0.8176
4,28,e006,0.7546
4,28,e007,0.4038
4,28,e008,0.4167
4,28,e009,0.4495
4,28,e010,0.4154
4,28,e011,0.433
4,28,e012,0.4058
4,28,e013,0.4124
4,28,e014,0.5123
4,28,e015,0.4061
4,28,e016,0.461
4,28,e017,0.3943
4,28,e018,0.4382
4,28,e019,0.4645
4,28,e020,0.4432
4,28,e021,0.4759
4,28,e022,0.4896
4,28,e023,0.4704
4,28,e024,0.4625
4,29,e001,0.7973
4,29,e002,0.7783
4,29,e003,0.7673
4,29,e004,0.7645
4,29,e005,0.7428
4,29,e006,0.811
4,29,e007,0.3852
4,29,e008,0.4603
4,29,e009,0.4604
4,29,e010,0.4371
4,29,e011,0.464
4,29,e012,0.3989
4,29,e013,0.4404
4,29,e014,0.3708
4,29,e015,0.3971
4,29,e016,0.4145
4,29,e017,0.4188
4,29,e018,0.434
4,29,e019,0.4691
4,29,e020,0.3967
4,29,e021,0.4191
4,29,e022,0.4262
4,29,e023,0.4465
4,29,e024,0.4647
4,30,e001,0.8625
4,30,e002,0.8196
4,30,e003,0.7861
4,30,e004,0.8701
4,30,e005,0.8095
4,30,e006,0.7905
4,30,e007,0.4731
4,30,e008,0.5382
4,30,e009,0.4662
4,30,e010,0.5085
4,30,e011,0.4874
4,30,e012,0.5
4,30,e013,0.4826
4,30,e014,0.439
4,30,e015,0.4431
4,30,e016,0.5183
4,30,e017,0.4486
4,30,e018,0.441
4,30,e019,0.5087
4,30,e020,0.488
4,30,e021,0.4988
4,30,e022,0.4499
4,30,e023,0.5005
4,30,e024,0.4549
4,31,e001,0.7838
4,31,e002,0.7498
4,31,e003,0.7502
4,31,e004,0.8108
4,31,e005,0.7371
4,31,e006,0.7458
4,31,e007,0.4617
4,31,e008,0.4318
4,31,e009,0.4316
4,31,e010,0.4869
4,31,e011,0.4582
4,31,e012,0.5288
4,31,e013,0.4269
4,31,e014,0.4964
4,31,e015,0.4626
4,31,e016,0.4844
4,31,e017,0.4557
4,31,e018,0.4571
4,31,e019,0.43
4,31,e020,0.4865
4,31,e021,0.4219
4,31,e022,0.4555
4,31,e023,0.5121
4,31,e024,0.5002
4,32,e001,0.8216
4,32,e002,0.7814
4,32,e003,0.7509
4,32,e004,0.8031
4,32,e005,0.7885
4,32,e006,0.782
4,32,e007,0.4478
4,32,e008,0.4804
4,32,e009,0.4063
4,32,e010,0.4305
4,32,e011,0.4267
4,32,e012,0.4486
4,32,e013,0.4488
4,32,e014,0.4332
4,32,e015,0.4764
4,32,e016,0.4272
4,32,e017,0.4694
4,32,e018,0.4519
4,32,e019,0.4742
4,32,e020,0.4498
4,32,e021,0.5239
4,32,e022,0.4143
4,32,e023,0.4902
4,32,e024,0.4764
4,33,e001,0.8424
4,33,e002,0.817
4,33,e003,0.7885
4,33,e004,0.8579
4,33,e005,0.8691
4,33,e006,0.8244
4,33,e007,0.5074
4,33,e008,0.4655
4,33,e009,0.5152
4,33,e010,0.4795
4,33,e011,0.5027
4,33,e012,0.4523
4,33,e013,0.529
4,33,e014,0.4731
4,33,e015,0.4881
4,33,e016,0.5411
4,33,e017,0.4335
4,33,e018,0.4891
4,33,e019,0.4687
4,33,e020,0.4459
4,33,e021,0.5184
4,33,e022,0.5577
4,33,e023,0.474
4,33,e024,0.4779
4,34,e001,0.841
4,34,e002,0.8606
4,34,e003,0.8014
4,34,e004,0.8306
4,34,e005,0.8307
4,34,e006,0.8221
4,34,e007,0.5511
4,34,e008,0.5548
4,34,e009,0.5463
4,34,e010,0.4987
4,34,e011,0.5199
4,34,e012,0.467
4,34,e013,0.5553
4,34,e014,0.5289
4,34,e015,0.4881
4,34,e016,0.4592
4,34,e017,0.4755
4,34,e018,0.5519
4,34,e019,0.5066
4,34,e020,0.5165
4,34,e021,0.5685
4,34,e022,0.5019
4,34,e023,0.5206
4,34,e024,0.4715
4,35,e001,0.8285
4,35,e002,0.838
4,35,e003,0.7889
4,35,e004,0.7854
4,35,e005,0.8247
4,35,e006,0.8148
4,35,e007,0.5414
4,35,e008,0.5471
4,35,e009,0.4919
4,35,e010,0.4612
4,35,e011,0.5392
4,35,e012,0.5318
4,35,e013,0.5423
4,35,e014,0.5228
4,35,e015,0.5234
4,35,e016,0.5447
4,35,e017,0.5172
4,35,e018,0.5473
4,35,e019,0.523
4,35,e020,0.4518
4,35,e021,0.4389
4,35,e022,0.5101
4,35,e023,0.4731
4,35,e024,0.5149
4,36,e001,0.8318
4,36,e002,0.7381
4,36,e003,0.7563
4,36,e004,0.788
4,36,e005,0.7626
4,36,e006,0.7877
4,36,e007,0.4384
4,36,e008,0.4219
4,36,e009,0.475
4,36,e010,0.5078
4,36,e011,0.4319
4,36,e012,0.4331
4,36,e013,0.411
4,36,e014,0.482
4,36,e015,0.4863
4,36,e016,0.4355
4,36,e017,0.5121
4,36,e018,0.4868
4,36,e019,0.4249
4,36,e020,0.4953
4,36,e021,0.4965
4,36,e022,0.4872
4,36,e023,0.4901
4,36,e024,0.4752
4,37,e001,0.8226
4,37,e002,0.7645
4,37,e003,0.7757
4,37,e004,0.8165
4,37,e005,0.7871
4,37,e006,0.768
4,37,e007,0.4674
4,37,e008,0.4733
4,37,e009,0.5076
4,37,e010,0.4629
4,37,e011,0.4854
4,37,e012,0.4206
4,37,e013,0.4233
4,37,e014,0.45
4,37,e015,0.463
4,37,e016,0.4296
4,37,e017,0.4888
4,37,e018,0.4368
4,37,e019,0.4592
4,37,e020,0.4843
4,37,e021,0.5193
4,37,e022,0.4379
4,37,e023,0.5065
4,37,e024,0.4406
4,38,e001,0.5865
4,38,e002,0.5802
4,38,e003,0.5702
4,38,e004,0.6037
4,38,e005,0.6243
4,38,e006,0.616
4,38,e007,0.4618
4,38,e008,0.4395
4,38,e009,0.4496
4,38,e010,0.4997
4,38,e011,0.5098
4,38,e012,0.4956
4,38,e013,0.4583
4,38,e014,0.4115
4,38,e015,0.4557
4,38,e016,0.4869
4,38,e017,0.4843
4,38,e018,0.458
4,38,e019,0.446
4,38,e020,0.485
4,38,e021,0.4502
4,38,e022,0.4722
4,38,e023,0.4723
4,38,e024,0.4837
4,39,e001,0.6124
4,39,e002,0.666
4,39,e003,0.5749
4,39,e004,0.6383
4,39,e005,0.5844
4,39,e006,0.6736
4,39,e007,0.5092
4,39,e008,0.4702
4,39,e009,0.4609
4,39,e010,0.5104
4,39,e011,0.4536
4,39,e012,0.5206
4,39,e013,0.5027
4,39,e014,0.5144
4,39,e015,0.4153
4,39,e016,0.4369
4,39,e017,0.4821
4,39,e018,0.4617
4,39,e019,0.5403
4,39,e020,0.5137
4,39,e021,0.5069
4,39,e022,0.4734
4,39,e023,0.5194
4,39,e024,0.4771
4,40,e001,0.6525
4,40,e002,0.6676
4,40,e003,0.678
4,40,e004,0.6748
4,40,e005,0.6177
4,40,e006,0.6802
4,40,e007,0.4906
4,40,e008,0.4394
4,40,e009,0.498
4,40,e010,0.4671
4,40,e011,0.5401
4,40,e012,0.5551
4,40,e013,0.5145
4,40,e014,0.5123
4,40,e015,0.4759
4,40,e016,0.5272
4,40,e017,0.4586
4,40,e018,0.5132
4,40,e019,0.4776
4,40,e020,0.4762
4,40,e021,0.5085
4,40,e022,0.5447
4,40,e023,0.4871
4,40,e024,0.4926
4,41,e001,0.6509
4,41,e002,0.6584
4,41,e003,0.6312
4,41,e004,0.7254
4,41,e005,0.6932
4,41,e006,0.6499
4,41,e007,0.4862
4,41,e008,0.4679
4,41,e009,0.5691
4,41,e010,0.4713
4,41,e011,0.486
4,41,e012,0.4793
4,41,e013,0.4936
4,41,e014,0.5095
4,41,e015,0.5175
4,41,e016,0.4675
4,41,e017,0.4711
4,41,e018,0.5045
4,41,e019,0.5434
4,41,e020,0.5302
4,41,e021,0.5726
4,41,e022,0.5459
4,41,e023,0.5211
4,41,e024,0.5698
4,42,e001,0.5737
4,42,e002,0.6389
4,42,e003,0.6292
4,42,e004,0.5913
4,42,e005,0.5551
4,42,e006,0.5857
4,42,e007,0.4332
4,42,e008,0.4638
4,42,e009,0.4754
4,42,e010,0.4111
4,42,e011,0.4253
4,42,e012,0.5132
4,42,e013,0.4585
4,42,e014,0.4413
4,42,e015,0.5283
4,42,e016,0.5221
4,42,e017,0.4308
4,42,e018,0.488
4,42,e019,0.5048
4,42,e020,0.5091
4,42,e021,0.5297
4,42,e022,0.4169
4,42,e023,0.5032
4,42,e024,0.4477
4,43,e001,0.6216
4,43,e002,0.634
4,43,e003,0.5749
4,43,e004,0.6001
4,43,e005,0.655
4,43,e006,0.6838
4,43,e007,0.5436
4,43,e008,0.4968
4,43,e009,0.4659
4,43,e010,0.4349
4,43,e011,0.4914
4,43,e012,0.5663
4,43,e013,0.4715
4,43,e014,0.4443
4,43,e015,0.5065
4,43,e016,0.4716
4,43,e017,0.4617
4,43,e018,0.5294
4,43,e019,0.4699
4,43,e020,0.512
4,43,e021,0.4978
4,43,e022,0.46
4,43,e023,0.5368
4,43,e024,0.4441
4,44,e001,0.593
4,44,e002,0.5703
4,44,e003,0.6053
4,44,e004,0.573
4,44,e005,0.5956
4,44,e006,0.5556
4,44,e007,0.4915
4,44,e008,0.4559
4,44,e009,0.4889
4,44,e010,0.4899
4,44,e011,0.4932
4,44,e012,0.4919
4,44,e013,0.4482
4,44,e014,0.5091
4,44,e015,0.4512
4,44,e016,0.4609
4,44,e017,0.4576
4,44,e018,0.5398
4,44,e019,0.4518
4,44,e020,0.5107
4,44,e021,0.4972
4,44,e022,0.4783
4,44,e023,0.4331
4,44,e024,0.4876
4,45,e001,0.591
4,45,e002,0.6271
4,45,e003,0.6074
4,45,e004,0.6132
4,45,e005,0.6089
4,45,e006,0.6842
4,45,e007,0.4827
4,45,e008,0.459
4,45,e009,0.5363
4,45,e010,0.5471
4,45,e011,0.4558
4,45,e012,0.5184
4,45,e013,0.523
4,45,e014,0.5257
4,45,e015,0.525
4,45,e016,0.5005
4,45,e017,0.4298
4,45,e018,0.5494
4,45,e019,0.5233
4,45,e020,0.502
4,45,e021,0.5391
4,45,e022,0.5386
4,45,e023,0.4381
4,45,e024,0.5715
4,46,e001,0.6342
4,46,e002,0.6721
4,46,e003,0.6159
4,46,e004,0.6499
4,46,e005,0.6331
4,46,e006,0.5703
4,46,e007,0.478
4,46,e008,0.4699
4,46,e009,0.5335
4,46,e010,0.5251
4,46,e011,0.4769
4,46,e012,0.4385
4,46,e013,0.4978
4,46,e014,0.4546
4,46,e015,0.4567
4,46,e016,0.495
4,46,e017,0.4582
4,46,e018,0.4567
4,46,e019,0.4769
4,46,e020,0.4486
4,46,e021,0.4493
4,46,e022,0.5296
4,46,e023,0.4558
4,46,e024,0.5118
4,47,e001,0.5896
4,47,e002,0.6145
4,47,e003,0.5904
4,47,e004,0.5527
4,47,e005,0.6575
4,47,e006,0.5441
4,47,e007,0.4709
4,47,e008,0.4964
4,47,e009,0.4532
4,47,e010,0.5269
4,47,e011,0.511
4,47,e012,0.5163
4,47,e013,0.4504
4,47,e014,0.4984
4,47,e015,0.5059
4,47,e016,0.4425
4,47,e017,0.4725
4,47,e018,0.4719
4,47,e019,0.4427
4,47,e020,0.5392
4,47,e021,0.5022
4,47,e022,0.4565
4,47,e023,0.4281
4,47,e024,0.4624
4,48,e001,0.619
4,48,e002,0.5905
4,48,e003,0.6129
4,48,e004,0.6143
4,48,e005,0.5784
4,48,e006,0.5999
4,48,e007,0.4167
4,48,e008,0.4607
4,48,e009,0.4633
4,48,e010,0.4759
4,48,e011,0.4253
4,48,e012,0.4637
4,48,e013,0.4027
4,48,e014,0.511
4,48,e015,0.4411
4,48,e016,0.4809
4,48,e017,0.4498
4,48,e018,0.4793
4,48,e019,0.5444
4,48,e020,0.5182
4,48,e021,0.5044
4,48,e022,0.4705
4,48,e023,0.4371
4,48,e024,0.4658
4,49,e001,0.5827
4,49,e002,0.6369
4,49,e003,0.6685
4,49,e004,0.6627
4,49,e005,0.6435
4,49,e006,0.6251
4,49,e007,0.5082
4,49,e008,0.5393
4,49,e009,0.5
4,49,e010,0.5258
4,49,e011,0.5628
4,49,e012,0.5273
4,49,e013,0.4918
4,49,e014,0.5361
4,49,e015,0.5171
4,49,e016,0.4711
4,49,e017,0.4571
4,49,e018,0.4582
4,49,e019,0.511
4,49,e020,0.5615
4,49,e021,0.4887
4,49,e022,0.4878
4,49,e023,0.4709
4,49,e024,0.4737
4,50,e001,0.6057
4,50,e002,0.5261
4,50,e003,0.5941
4,50,e004,0.5685
4,50,e005,0.5798
4,50,e006,0.6064
4,50,e007,0.4379
4,50,e008,0.4724
4,50,e009,0.4619
4,50,e010,0.48
4,50,e011,0.4103
4,50,e012,0.4025
4,50,e013,0.4093
4,50,e014,0.454
4,50,e015,0.4319
4,50,e016,0.4054
4,50,e017,0.4709
4,50,e018,0.4284
4,50,e019,0.4431
4,50,e020,0.4103
4,50,e021,0.4034
4,50,e022,0.4591
4,50,e023,0.4167
4,50,e024,0.4285
4,51,e001,0.6717
4,51,e002,0.6278
4,51,e003,0.5911
4,51,e004,0.5916
4,51,e005,0.6493
4,51,e006,0.6001
4,51,e007,0.487
4,51,e008,0.5597
4,51,e009,0.5399
4,51,e010,0.5231
4,51,e011,0.502
4,51,e012,0.4906
4,51,e013,0.5576
4,51,e014,0.4734
4,51,e015,0.5541
4,51,e016,0.5373
4,51,e017,0.5493
4,51,e018,0.5172
4,51,e019,0.4626
4,51,e020,0.475
4,51,e021,0.5029
4,51,e022,0.5226
4,51,e023,0.5612
4,51,e024,0.5305
4,52,e001,0.6347
4,52,e002,0.6837
4,52,e003,0.6518
4,52,e004,0.6328
4,52,e005,0.5689
4,52,e006,0.6551
4,52,e007,0.522
4,52,e008,0.5076
4,52,e009,0.5352
4,52,e010,0.4592
4,52,e011,0.5442
4,52,e012,0.5025
4,52,e013,0.4772
4,52,e014,0.5132
4,52,e015,0.5214
4,52,e016,0.5293
4,52,e017,0.4922
4,52,e018,0.5042
4,52,e019,0.4605
4,52,e020,0.5156
4,52,e021,0.5426
4,52,e022,0.4797
4,52,e023,0.5066
4,52,e024,0.5497
4,53,e001,0.601
4,53,e002,0.6211
4,53,e003,0.5905
4,53,e004,0.5628
4,53,e005,0.5737
4,53,e006,0.5499
4,53,e007,0.4128
4,53,e008,0.438
4,53,e009,0.4053
4,53,e010,0.4567
4,53,e011,0.4629
4,53,e012,0.4353
4,53,e013,0.4647
4,53,e014,0.4711
4,53,e015,0.4299
4,53,e016,0.5027
4,53,e017,0.4347
4,53,e018,0.3909
4,53,e019,0.4644
4,53,e020,0.4277
4,53,e021,0.4826
4,53,e022,0.4903
4,53,e023,0.4199
4,53,e024,0.4511
4,54,e001,0.6425
4,54,e002,0.5331
4,54,e003,0.6003
4,54,e004,0.574
4,54,e005,0.61
4,54,e006,0.6172
4,54,e007,0.4461
4,54,e008,0.4971
4,54,e009,0.456
4,54,e010,0.46
4,54,e011,0.428
4,54,e012,0.4279
4,54,e013,0.4298
4,54,e014,0.4859
4,54,e015,0.4925
4,54,e016,0.4343
4,54,e017,0.5079
4,54,e018,0.4591
4,54,e019,0.4431
4,54,e020,0.5054
4,54,e021,0.4101
4,54,e022,0.4297
4,54,e023,0.4262
4,54,e024,0.4783
4,55,e001,0.5762
4,55,e002,0.5919
4,55,e003,0.6407
4,55,e004,0.6242
4,55,e005,0.6345
4,55,e006,0.6056
4,55,e007,0.4916
4,55,e008,0.5111
4,55,e009,0.466
4,55,e010,0.4898
4,55,e011,0.4874
4,55,e012,0.4308
4,55,e013,0.4548
4,55,e014,0.5385
4,55,e015,0.4828
4,55,e016,0.4199
4,55,e017,0.4664
4,55,e018,0.4822
4,55,e019,0.4748
4,55,e020,0.4782
4,55,e021,0.443
4,55,e022,0.4863
4,55,e023,0.4041
4,55,e024,0.516
4,56,e001,0.5996
4,56,e002,0.5771
4,56,e003,0.6147
4,56,e004,0.5917
4,56,e005,0.5565
4,56,e006,0.6303
4,56,e007,0.4295
4,56,e008,0.4457
4,56,e009,0.5083
4,56,e010,0.4327
4,56,e011,0.4551
4,56,e012,0.4588
4,56,e013,0.4373
4,56,e014,0.4283
4,56,e015,0.5076
4,56,e016,0.4679
4,56,e017,0.4308
4,56,e018,0.4167
4,56,e019,0.4572
4,56,e020,0.465
4,56,e021,0.4521
4,56,e022,0.4184
4,56,e023,0.5392
4,56,e024,0.5205
4,57,e001,0.631
4,57,e002,0.5641
4,57,e003,0.558
4,57,e004,0.6454
4,57,e005,0.5953
4,57,e006,0.5848
4,57,e007,0.4396
4,57,e008,0.5293
4,57,e009,0.4491
4,57,e010,0.5075
4,57,e011,0.5187
4,57,e012,0.4518
4,57,e013,0.4934
4,57,e014,0.5279
4,57,e015,0.5345
4,57,e016,0.5037
4,57,e017,0.4353
4,57,e018,0.4798
4,57,e019,0.4958
4,57,e020,0.4672
4,57,e021,0.4342
4,57,e022,0.5014
4,57,e023,0.4662
4,57,e024,0.4546
4,58,e001,0.5905
4,58,e002,0.5733
4,58,e003,0.5626
4,58,e004,0.5683
4,58,e005,0.6126
4,58,e006,0.5715
4,58,e007,0.5238
4,58,e008,0.4906
4,58,e009,0.515
4,58,e010,0.472
4,58,e011,0.5234
4,58,e012,0.4563
4,58,e013,0.4677
4,58,e014,0.5412
4,58,e015,0.4939
4,58,e016,0.4741
4,58,e017,0.5336
4,58,e018,0.4452
4,58,e019,0.4265
4,58,e020,0.5185
4,58,e021,0.4771
4,58,e022,0.4955
4,58,e023,0.5403
4,58,e024,0.4585
4,59,e001,0.6276
4,59,e002,0.5906
4,59,e003,0.5811
4,59,e004,0.5523
4,59,e005,0.6331
4,59,e006,0.55
4,59,e007,0.4495
4,59,e008,0.4441
4,59,e009,0.4578
4,59,e010,0.4394
4,59,e011,0.4152
4,59,e012,0.4757
4,59,e013,0.4335
4,59,e014,0.4141
4,59,e015,0.4279
4,59,e016,0.4458
4,59,e017,0.4136
4,59,e018,0.4177
4,59,e019,0.489
4,59,e020,0.4866
4,59,e021,0.415
4,59,e022,0.4654
4,59,e023,0.4591
4,59,e024,0.4293
4,60,e001,0.6037
4,60,e002,0.5806
4,60,e003,0.5753
4,60,e004,0.6021
4,60,e005,0.5794
4,60,e006,0.5371
4,60,e007,0.4778
4,60,e008,0.4895
4,60,e009,0.4291
4,60,e010,0.4679
4,60,e011,0.5176
4,60,e012,0.4574
4,60,e013,0.4447
4,60,e014,0.471
4,60,e015,0.463
4,60,e016,0.4731
4,60,e017,0.4421
4,60,e018,0.4924
4,60,e019,0.5144
4,60,e020,0.4766
4,60,e021,0.4717
4,60,e022,0.4989
4,60,e023,0.4983
4,60,e024,0.4727
4,61,e001,0.5753
4,61,e002,0.6005
4,61,e003,0.6249
4,61,e004,0.5352
4,61,e005,0.5912
4,61,e006,0.6002
4,61,e007,0.4683
4,61,e008,0.4223
4,61,e009,0.4144
4,61,e010,0.3964
4,61,e011,0.4653
4,61,e012,0.4348
4,61,e013,0.4946
4,61,e014,0.4111
4,61,e015,0.4977
4,61,e016,0.4768
4,61,e017,0.4853
4,61,e018,0.4266
4,61,e019,0.4511
4,61,e020,0.479
4,61,e021,0.4786
4,61,e022,0.4729
4,61,e023,0.5049
4,61,e024,0.4508
4,62,e001,0.5893
4,62,e002,0.5118
4,62,e003,0.6152
4,62,e004,0.5538
4,62,e005,0.4979
4,62,e006,0.5744
4,62,e007,0.3912
4,62,e008,0.3882
4,62,e009,0.4574
4,62,e010,0.4576
4,62,e011,0.3738
4,62,e012,0.4792
4,62,e013,0.4238
4,62,e014,0.404
4,62,e015,0.4734
4,62,e016,0.4415
4,62,e017,0.4154
4,62,e018,0.4531
4,62,e019,0.384
4,62,e020,0.4305
4,62,e021,0.4683
4,62,e022,0.4597
4,62,e023,0.4669
4,62,e024,0.4625
4,63,e001,0.5581
4,63,e002,0.5686
4,63,e003,0.5459
4,63,e004,0.5625
4,63,e005,0.5937
4,63,e006,0.6355
4,63,e007,0.4363
4,63,e008,0.4849
4,63,e009,0.4928
4,63,e010,0.5213
4,63,e011,0.4917
4,63,e012,0.4964
4,63,e013,0.4682
4,63,e014,0.4053
4,63,e015,0.4545
4,63,e016,0.5267
4,63,e017,0.4192
4,63,e018,0.4264
4,63,e019,0.4423
4,63,e020,0.4072
4,63,e021,0.4482
4,63,e022,0.4335
4,63,e023,0.4624
4,63,e024,0.4062
4,64,e001,0.5515
4,64,e002,0.607
4,64,e003,0.608
4,64,e004,0.5544
4,64,e005,0.5927
4,64,e006,0.5853
4,64,e007,0.4661
4,64,e008,0.4013
4,64,e009,0.4616
4,64,e010,0.508
4,64,e011,0.4787
4,64,e012,0.5211
4,64,e013,0.4455
4,64,e014,0.4514
4,64,e015,0.5149
4,64,e016,0.4541
4,64,e017,0.4853
4,64,e018,0.4271
4,64,e019,0.4169
4,64,e020,0.5088
4,64,e021,0.466
4,64,e022,0.4249
4,64,e023,0.5109
4,64,e024,0.5255
4,65,e001,0.549
4,65,e002,0.6558
4,65,e003,0.5696
4,65,e004,0.5243
4,65,e005,0.6077
4,65,e006,0.5328
4,65,e007,0.4013
4,65,e008,0.486
4,65,e009,0.4283
4,65,e010,0.5013
4,65,e011,0.468
4,65,e012,0.4415
4,65,e013,0.3975
4,65,e014,0.4547
4,65,e015,0.4587
4,65,e016,0.4907
4,65,e017,0.4075
4,65,e018,0.4897
4,65,e019,0.4418
4,65,e020,0.4981
4,65,e021,0.4327
4,65,e022,0.4373
4,65,e023,0.4058
4,65,e024,0.4206
4,66,e001,0.6366
4,66,e002,0.6236
4,66,e003,0.573
4,66,e004,0.5403
4,66,e005,0.6436
4,66,e006,0.6056
4,66,e007,0.3967
4,66,e008,0.5085
4,66,e009,0.4685
4,66,e010,0.5038
4,66,e011,0.4012
4,66,e012,0.4258
4,66,e013,0.5187
4,66,e014,0.4874
4,66,e015,0.4068
4,66,e016,0.4203
4,66,e017,0.497
4,66,e018,0.4459
4,66,e019,0.4715
4,66,e020,0.488
4,66,e021,0.4295
4,66,e022,0.4853
4,66,e023,0.4458
4,66,e024,0.4697
4,67,e001,0.5356
4,67,e002,0.5542
4,67,e003,0.5668
4,67,e004,0.5257
4,67,e005,0.5471
4,67,e006,0.6146
4,67,e007,0.448
4,67,e008,0.4843
4,67,e009,0.408
4,67,e010,0.4561
4,67,e011,0.4334
4,67,e012,0.4116
4,67,e013,0.4523
4,67,e014,0.4256
4,67,e015,0.5063
4,67,e016,0.4415
4,67,e017,0.4604
4,67,e018,0.4437
4,67,e019,0.4863
4,67,e020,0.488
4,67,e021,0.4741
4,67,e022,0.4506
4,67,e023,0.4671
4,67,e024,0.499
4,68,e001,0.6127
4,68,e002,0.5532
4,68,e003,0.5186
4,68,e004,0.6103
4,68,e005,0.5691
4,68,e006,0.5402
4,68,e007,0.4846
4,68,e008,0.4472
4,68,e009,0.4957
4,68,e010,0.4031
4,68,e011,0.4786
4,68,e012,0.418
4,68,e013,0.4885
4,68,e014,0.4068
4,68,e015,0.4364
4,68,e016,0.4824
4,68,e017,0.4593
4,68,e018,0.4159
4,68,e019,0.3892
4,68,e020,0.4721
4,68,e021,0.4807
4,68,e022,0.4536
4,68,e023,0.3913
4,68,e024,0.4728
4,69,e001,0.6076
4,69,e002,0.5965
4,69,e003,0.5834
4,69,e004,0.5857
4,69,e005,0.5192
4,69,e006,0.5774
4,69,e007,0.4611
4,69,e008,0.4147
4,69,e009,0.3823
4,69,e010,0.4299
4,69,e011,0.3805
4,69,e012,0.3935
4,69,e013,0.4427
4,69,e014,0.465
4,69,e015,0.3857
4,69,e016,0.4405
4,69,e017,0.3741
4,69,e018,0.426
4,69,e019,0.4688
4,69,e020,0.3863
4,69,e021,0.4541
4,69,e022,0.4872
4,69,e023,0.4567
4,69,e024,0.3692
4,70,e001,0.6104
4,70,e002,0.5592
4,70,e003,0.6382
4,70,e004,0.6203
4,70,e005,0.5957
4,70,e006,0.614
4,70,e007,0.4206
4,70,e008,0.4809
4,70,e009,0.4312
4,70,e010,0.506
4,70,e011,0.4655
4,70,e012,0.5149
4,70,e013,0.433
4,70,e014,0.4728
4,70,e015,0.5163
4,70,e016,0.4467
4,70,e017,0.4352
4,70,e018,0.4443
4,70,e019,0.4729
4,70,e020,0.4513
4,70,e021,0.4764
4,70,e022,0.4597
4,70,e023,0.4687
4,70,e024,0.4683
4,71,e001,0.5447
4,71,e002,0.6104
4,71,e003,0.6164
4,71,e004,0.639
4,71,e005,0.5453
4,71,e006,0.5805
4,71,e007,0.4868
4,71,e008,0.5007
4,71,e009,0.4443
4,71,e010,0.4577
4,71,e011,0.4179
4,71,e012,0.4918
4,71,e013,0.4242
4,71,e014,0.4444
4,71,e015,0.4264
4,71,e016,0.4446
4,71,e017,0.5006
4,71,e018,0.4485
4,71,e019,0.434
4,71,e020,0.4897
4,71,e021,0.5315
4,71,e022,0.4727
4,71,e023,0.4941
4,71,e024,0.4419
4,72,e001,0.5627
4,72,e002,0.5242
4,72,e003,0.5646
4,72,e004,0.5703
4,72,e005,0.58
4,72,e006,0.5319
4,72,e007,0.3849
4,72,e008,0.4733
4,72,e009,0.4533
4,72,e010,0.4742
4,72,e011,0.4709
4,72,e012,0.4094
4,72,e013,0.3903
4,72,e014,0.4288
4,72,e015,0.4155
4,72,e016,0.4579
4,72,e017,0.4206
4,72,e018,0.3802
4,72,e019,0.3651
4,72,e020,0.3767
4,72,e021,0.4082
4,72,e022,0.404
4,72,e023,0.438
4,72,e024,0.4273
4,73,e001,0.5768
4,73,e002,0.599
4,73,e003,0.5847
4,73,e004,0.5889
4,73,e005,0.5811
4,73,e006,0.6356
4,73,e007,0.4248
4,73,e008,0.4699
4,73,e009,0.4024
4,73,e010,0.4364
4,73,e011,0.4269
4,73,e012,0.4294
4,73,e013,0.4928
4,73,e014,0.4338
4,73,e015,0.4576
4,73,e016,0.4894
4,73,e017,0.4397
4,73,e018,0.492
4,73,e019,0.4575
4,73,e020,0.5006
4,73,e021,0.5101
4,73,e022,0.4262
4,73,e023,0.4746
4,73,e024,0.4174
4,74,e001,0.5645
4,74,e002,0.5882
4,74,e003,0.615
4,74,e004,0.5467
4,74,e005,0.638
4,74,e006,0.5616
4,74,e007,0.4854
4,74,e008,0.4146
4,74,e009,0.4253
4,74,e010,0.4799
4,74,e011,0.4439
4,74,e012,0.4329
4,74,e013,0.4619
4,74,e014,0.4692
4,74,e015,0.4739
4,74,e016,0.4835
4,74,e017,0.4266
4,74,e018,0.4498
4,74,e019,0.4312
4,74,e020,0.4539
4,74,e021,0.5229
4,74,e022,0.4713
4,74,e023,0.4781
4,74,e024,0.4536
4,75,e001,0.595
4,75,e002,0.4943
4,75,e003,0.5392
4,75,e004,0.6158
4,75,e005,0.6125
4,75,e006,0.6181
4,75,e007,0.4035
4,75,e008,0.3824
4,75,e009,0.4584
4,75,e010,0.4178
4,75,e011,0.3743
4,75,e012,0.3708
4,75,e013,0.4508
4,75,e014,0.4026
4,75,e015,0.477
4,75,e016,0.4415
4,75,e017,0.4
4,75,e018,0.3981
4,75,e019,0.4032
4,75,e020,0.3943
4,75,e021,0.3921
4,75,e022,0.4502
4,75,e023,0.4635
4,75,e024,0.4422
4,76,e001,0.4582
4,76,e002,0.5215
4,76,e003,0.5319
4,76,e004,0.5211
4,76,e005,0.5443
4,76,e006,0.4629
4,76,e007,0.3706
4,76,e008,0.3656
4,76,e009,0.4147
4,76,e010,0.3471
4,76,e011,0.3571
4,76,e012,0.4296
4,76,e013,0.4339
4,76,e014,0.4362
4,76,e015,0.3992
4,76,e016,0.3639
4,76,e017,0.3656
4,76,e018,0.3526
4,76,e019,0.4385
4,76,e020,0.3482
4,76,e021,0.3747
4,76,e022,0.3464
4,76,e023,0.406
4,76,e024,0.4233
4,77,e001,0.483
4,77,e002,0.5514
4,77,e003,0.573
4,77,e004,0.4812
4,77,e005,0.498
4,77,e006,0.5038
4,77,e007,0.4281
4,77,e008,0.4352
4,77,e009,0.45
4,77,e010,0.4027
4,77,e011,0.411
4,77,e012,0.4625
4,77,e013,0.3843
4,77,e014,0.3991
4,77,e015,0.3465
4,77,e016,0.3864
4,77,e017,0.3977
4,77,e018,0.4116
4,77,e019,0.3721
4,77,e020,0.4185
4,77,e021,0.3451
4,77,e022,0.3715
4,77,e023,0.4296
4,77,e024,0.4455
4,78,e001,0.5699
4,78,e002,0.5651
4,78,e003,0.518
4,78,e004,0.5911
4,78,e005,0.5791
4,78,e006,0.6222
4,78,e007,0.4956
4,78,e008,0.4682
4,78,e009,0.4485
4,78,e010,0.3968
4,78,e011,0.4402
4,78,e012,0.4601
4,78,e013,0.4325
4,78,e014,0.437
4,78,e015,0.428
4,78,e016,0.4433
4,78,e017,0.4125
4,78,e018,0.4556
4,78,e019,0.383
4,78,e020,0.4614
4,78,e021,0.4268
4,78,e022,0.4451
4,78,e023,0.3962
4,78,e024,0.4443
4,79,e001,0.5286
4,79,e002,0.587
4,79,e003,0.5389
4,79,e004,0.6043
4,79,e005,0.5891
4,79,e006,0.6191
4,79,e007,0.4217
4,79,e008,0.417
4,79,e009,0.4144
4,79,e010,0.4341
4,79,e011,0.3808
4,79,e012,0.3983
4,79,e013,0.4474
4,79,e014,0.4662
4,79,e015,0.4225
4,79,e016,0.4587
4,79,e017,0.3955
4,79,e018,0.4778
4,79,e019,0.4847
4,79,e020,0.4889
4,79,e021,0.4163
4,79,e022,0.4072
4,79,e023,0.392
4,79,e024,0.4301
4,80,e001,0.5391
4,80,e002,0.5811
4,80,e003,0.535
4,80,e004,0.5735
4,80,e005,0.5377
4,80,e006,0.5179
4,80,e007,0.4644
4,80,e008,0.4092
4,80,e009,0.4887
4,80,e010,0.3902
4,80,e011,0.4233
4,80,e012,0.4924
4,80,e013,0.385
4,80,e014,0.4344
4,80,e015,0.4975
4,80,e016,0.4594
4,80,e017,0.4394
4,80,e018,0.4466
4,80,e019,0.4441
4,80,e020,0.4757
4,80,e021,0.4469
4,80,e022,0.5163
4,80,e023,0.4016
4,80,e024,0.4189
4,81,e001,0.5252
4,81,e002,0.5671
4,81,e003,0.6044
4,81,e004,0.5352
4,81,e005,0.5618
4,81,e006,0.586
4,81,e007,0.463
4,81,e008,0.4
4,81,e009,0.394
4,81,e010,0.491
4,81,e011,0.4684
4,81,e012,0.4075
4,81,e013,0.4961
4,81,e014,0.4528
4,81,e015,0.5229
4,81,e016,0.4402
4,81,e017,0.4598
4,81,e018,0.3977
4,81,e019,0.492
4,81,e020,0.4488
4,81,e021,0.4741
4,81,e022,0.4914
4,81,e023,0.4954
4,81,e024,0.4597
4,82,e001,0.5368
4,82,e002,0.5432
4,82,e003,0.5802
4,82,e004,0.543
4,82,e005,0.5716
4,82,e006,0.5252
4,82,e007,0.3936
4,82,e008,0.5123
4,82,e009,0.4076
4,82,e010,0.4668
4,82,e011,0.4273
4,82,e012,0.4162
4,82,e013,0.4275
4,82,e014,0.483
4,82,e015,0.4151
4,82,e016,0.4641
4,82,e017,0.4674
4,82,e018,0.3996
4,82,e019,0.4425
4,82,e020,0.4091
4,82,e021,0.4504
4,82,e022,0.4335
4,82,e023,0.3968
4,82,e024,0.4476
4,83,e001,0.5135
4,83,e002,0.5834
4,83,e003,0.5581
4,83,e004,0.5322
4,83,e005,0.5506
4,83,e006,0.5719
4,83,e007,0.3897
4,83,e008,0.439
4,83,e009,0.3596
4,83,e010,0.4329
4,83,e011,0.3862
4,83,e012,0.4709
4,83,e013,0.4571
4,83,e014,0.4932
4,83,e015,0.4872
4,83,e016,0.4034
4,83,e017,0.4047
4,83,e018,0.4386
4,83,e019,0.4239
4,83,e020,0.4171
4,83,e021,0.407
4,83,e022,0.4027
4,83,e023,0.4196
4,83,e024,0.46
4,84,e001,0.5277
4,84,e002,0.5066
4,84,e003,0.5945
4,84,e004,0.5428
4,84,e005,0.5389
4,84,e006,0.5604
4,84,e007,0.386
4,84,e008,0.4229
4,84,e009,0.4346
4,84,e010,0.4186
4,84,e011,0.3933
4,84,e012,0.4721
4,84,e013,0.4225
4,84,e014,0.4571
4,84,e015,0.4008
4,84,e016,0.424
4,84,e017,0.4462
4,84,e018,0.4027
4,84,e019,0.3873
4,84,e020,0.3824
4,84,e021,0.445
4,84,e022,0.3997
4,84,e023,0.4447
4,84,e024,0.4411
4,85,e001,0.5382
4,85,e002,0.5686
4,85,e003,0.5195
4,85,e004,0.5381
4,85,e005,0.4939
4,85,e006,0.5559
4,85,e007,0.4603
4,85,e008,0.3835
4,85,e009,0.4493
4,85,e010,0.4342
4,85,e011,0.3699
4,85,e012,0.4278
4,85,e013,0.4233
4,85,e014,0.3823
4,85,e015,0.3722
4,85,e016,0.4491
4,85,e017,0.4208
4,85,e018,0.432
4,85,e019,0.4435
4,85,e020,0.4196
4,85,e021,0.3675
4,85,e022,0.4395
4,85,e023,0.4326
4,85,e024,0.3882
4,86,e001,0.5693
4,86,e002,0.6147
4,86,e003,0.5276
4,86,e004,0.516
4,86,e005,0.5802
4,86,e006,0.5958
4,86,e007,0.4168
4,86,e008,0.4368
4,86,e009,0.4547
4,86,e010,0.3922
4,86,e011,0.3844
4,86,e012,0.41
4,86,e013,0.4781
4,86,e014,0.3876
4,86,e015,0.407
4,86,e016,0.4443
4,86,e017,0.3956
4,86,e018,0.4123
4,86,e019,0.4357
4,86,e020,0.4195
4,86,e021,0.4119
4,86,e022,0.4789
4,86,e023,0.4539
4,86,e024,0.4107
4,87,e001,0.5863
4,87,e002,0.485
4,87,e003,0.4932
4,87,e004,0.5634
4,87,e005,0.5088
4,87,e006,0.4931
4,87,e007,0.3819
4,87,e008,0.3724
4,87,e009,0.4077
4,87,e010,0.4385
4,87,e011,0.4584
4,87,e012,0.4011
4,87,e013,0.4595
4,87,e014,0.4504
4,87,e015,0.4314
4,87,e016,0.3942
4,87,e017,0.4591
4,87,e018,0.3935
4,87,e019,0.435
4,87,e020,0.3866
4,87,e021,0.3928
4,87,e022,0.4623
4,87,e023,0.3957
4,87,e024,0.3831
4,88,e001,0.5332
4,88,e002,0.5699
4,88,e003,0.5279
4,88,e004,0.5346
4,88,e005,0.4995
4,88,e006,0.5765
4,88,e007,0.358
4,88,e008,0.4298
4,88,e009,0.4345
4,88,e010,0.4156
4,88,e011,0.3956
4,88,e012,0.3928
4,88,e013,0.4203
4,88,e014,0.4374
4,88,e015,0.4014
4,88,e016,0.3541
4,88,e017,0.4352
4,88,e018,0.4383
4,88,e019,0.433
4,88,e020,0.434
4,88,e021,0.3892
4,88,e022,0.4351
4,88,e023,0.4097
4,88,e024,0.4431
4,89,e001,0.507
4,89,e002,0.5432
4,89,e003,0.5606
4,89,e004,0.5482
4,89,e005,0.5563
4,89,e006,0.541
4,89,e007,0.3734
4,89,e008,0.3989
4,89,e009,0.4588
4,89,e010,0.4457
4,89,e011,0.4225
4,89,e012,0.4145
4,89,e013,0.4494
4,89,e014,0.3704
4,89,e015,0.4156
4,89,e016,0.3792
4,89,e017,0.4567
4,89,e018,0.4508
4,89,e019,0.3759
4,89,e020,0.4177
4,89,e021,0.4275
4,89,e022,0.4279
4,89,e023,0.4197
4,89,e024,0.4429
4,90,e001,0.3836
4,90,e002,0.372
4,90,e003,0.3542
4,90,e004,0.3545
4,90,e005,0.4136
4,90,e006,0.346
4,90,e007,0.4081
4,90,e008,0.3714
4,90,e009,0.4219
4,90,e010,0.3565
4,90,e011,0.3038
4,90,e012,0.4136
4,90,e013,0.3418
4,90,e014,0.3887
4,90,e015,0.3902
4,90,e016,0.3721
4,90,e017,0.3614
4,90,e018,0.3774
4,90,e019,0.3798
4,90,e020,0.4131
4,90,e021,0.3665
4,90,e022,0.3984
4,90,e023,0.3789
4,90,e024,0.3723
4,91,e001,0.4321
4,91,e002,0.4261
4,91,e003,0.4058
4,91,e004,0.4725
4,91,e005,0.4367
4,91,e006,0.3761
4,91,e007,0.4532
4,91,e008,0.4401
4,91,e009,0.396
4,91,e010,0.3784
4,91,e011,0.3855
4,91,e012,0.4616
4,91,e013,0.3617
4,91,e014,0.3816
4,91,e015,0.4177
4,91,e016,0.401
4,91,e017,0.4171
4,91,e018,0.3853
4,91,e019,0.4104
4,91,e020,0.4202
4,91,e021,0.4131
4,91,e022,0.4105
4,91,e023,0.4399
4,91,e024,0.3972
4,92,e001,0.4568
4,92,e002,0.3922
4,92,e003,0.4265
4,92,e004,0.4181
4,92,e005,0.4249
4,92,e006,0.3796
4,92,e007,0.4366
4,92,e008,0.3755
4,92,e009,0.379
4,92,e010,0.4696
4,92,e011,0.4226
4,92,e012,0.3982
4,92,e013,0.4113
4,92,e014,0.4415
4,92,e015,0.4134
4,92,e016,0.3708
4,92,e017,0.3418
4,92,e018,0.4521
4,92,e019,0.3523
4,92,e020,0.4211
4,92,e021,0.3921
4,92,e022,0.3743
4,92,e023,0.3953
4,92,e024,0.4058
4,93,e001,0.4065
4,93,e002,0.4304
4,93,e003,0.3663
4,93,e004,0.3865
4,93,e005,0.3889
4,93,e006,0.3206
4,93,e007,0.4483
4,93,e008,0.3614
4,93,e009,0.377
4,93,e010,0.4121
4,93,e011,0.3882
4,93,e012,0.4324
4,93,e013,0.4016
4,93,e014,0.3985
4,93,e015,0.3979
4,93,e016,0.4381
4,93,e017,0.3605
4,93,e018,0.4282
4,93,e019,0.4093
4,93,e020,0.4068
4,93,e021,0.3695
4,93,e022,0.3849
4,93,e023,0.3911
4,93,e024,0.3812
4,94,e001,0.3444
4,94,e002,0.3524
4,94,e003,0.3717
4,94,e004,0.3613
4,94,e005,0.4115
4,94,e006,0.3865
4,94,e007,0.4236
4,94,e008,0.4181
4,94,e009,0.4292
4,94,e010,0.363
4,94,e011,0.3632
4,94,e012,0.3143
4,94,e013,0.4065
4,94,e014,0.4005
4,94,e015,0.4006
4,94,e016,0.3537
4,94,e017,0.4129
4,94,e018,0.3701
4,94,e019,0.4363
4,94,e020,0.3676
4,94,e021,0.3345
4,94,e022,0.3299
4,94,e023,0.4112
4,94,e024,0.342
4,95,e001,0.3172
4,95,e002,0.2971
4,95,e003,0.3418
4,95,e004,0.3911
4,95,e005,0.3792
4,95,e006,0.3461
4,95,e007,0.3534
4,95,e008,0.3399
4,95,e009,0.3378
4,95,e010,0.378
4,95,e011,0.3331
4,95,e012,0.4052
4,95,e013,0.3352
4,95,e014,0.2803
4,95,e015,0.3832
4,95,e016,0.3685
4,95,e017,0.3893
4,95,e018,0.3713
4,95,e019,0.3209
4,95,e020,0.3644
4,95,e021,0.3758
4,95,e022,0.381
4,95,e023,0.3256
4,95,e024,0.3297
4,96,e001,0.4418
4,96,e002,0.4337
4,96,e003,0.4325
4,96,e004,0.4065
4,96,e005,0.4813
4,96,e006,0.3917
4,96,e007,0.4639
4,96,e008,0.4038
4,96,e009,0.4769
4,96,e010,0.41
4,96,e011,0.4246
4,96,e012,0.4707
4,96,e013,0.4214
4,96,e014,0.4211
4,96,e015,0.4773
4,96,e016,0.429
4,96,e017,0.5026
4,96,e018,0.4281
4,96,e019,0.4606
4,96,e020,0.4839
4,96,e021,0.4494
4,96,e022,0.4699
4,96,e023,0.4493
4,96,e024,0.4131
4,97,e001,0.3733
4,97,e002,0.4345
4,97,e003,0.3572
4,97,e004,0.346
4,97,e005,0.3676
4,97,e006,0.3189
4,97,e007,0.3909
4,97,e008,0.3539
4,97,e009,0.426
4,97,e010,0.3246
4,97,e011,0.3875
4,97,e012,0.3578
4,97,e013,0.3682
4,97,e014,0.4095
4,97,e015,0.3632
4,97,e016,0.355
4,97,e017,0.3939
4,97,e018,0.3577
4,97,e019,0.3902
4,97,e020,0.3142
4,97,e021,0.3843
4,97,e022,0.3541
4,97,e023,0.4038
4,97,e024,0.3867
4,98,e001,0.3309
4,98,e002,0.3931
4,98,e003,0.3266
4,98,e004,0.354
4,98,e005,0.3978
4,98,e006,0.3766
4,98,e007,0.3467
4,98,e008,0.3175
4,98,e009,0.3497
4,98,e010,0.3967
4,98,e011,0.4174
4,98,e012,0.408
4,98,e013,0.379
4,98,e014,0.3153
4,98,e015,0.3035
4,98,e016,0.3411
4,98,e017,0.4063
4,98,e018,0.3966
4,98,e019,0.3601
4,98,e020,0.3681
4,98,e021,0.3401
4,98,e022,0.3708
4,98,e023,0.3169
4,98,e024,0.3962
4,99,e001,0.2916
4,99,e002,0.3334
4,99,e003,0.3916
4,99,e004,0.354
4,99,e005,0.3269
4,99,e006,0.3667
4,99,e007,0.3449
4,99,e008,0.3753
4,99,e009,0.3207
4,99,e010,0.3927
4,99,e011,0.3753
4,99,e012,0.3584
4,99,e013,0.3482
4,99,e014,0.3649
4,99,e015,0.3089
4,99,e016,0.3905
4,99,e017,0.3713
4,99,e018,0.3354
4,99,e019,0.414
4,99,e020,0.3278
4,99,e021,0.3422
4,99,e022,0.3571
4,99,e023,0.3424
4,99,e024,0.3977
4,100,e001,0.3981
4,100,e002,0.424
4,100,e003,0.3841
4,100,e004,0.3521
4,100,e005,0.4403
4,100,e006,0.3504
4,100,e007,0.3685
4,100,e008,0.346
4,100,e009,0.4092
4,100,e010,0.3557
4,100,e011,0.3249
4,100,e012,0.392
4,100,e013,0.3534
4,100,e014,0.4152
4,100,e015,0.3475
4,100,e016,0.3302
4,100,e017,0.4164
4,100,e018,0.3754
4,100,e019,0.4026
4,100,e020,0.3773
4,100,e021,0.3463
4,100,e022,0.3432
4,100,e023,0.4065
4,100,e024,0.3614
4,101,e001,0.3238
4,101,e002,0.4143
4,101,e003,0.3852
4,101,e004,0.3397
4,101,e005,0.3037
4,101,e006,0.3643
4,101,e007,0.343
4,101,e008,0.4465
4,101,e009,0.4107
4,101,e010,0.3467
4,101,e011,0.38
4,101,e012,0.4093
4,101,e013,0.4435
4,101,e014,0.3473
4,101,e015,0.4051
4,101,e016,0.3459
4,101,e017,0.3825
4,101,e018,0.354
4,101,e019,0.4155
4,101,e020,0.3601
4,101,e021,0.3844
4,101,e022,0.3756
4,101,e023,0.3983
4,101,e024,0.3927
4,102,e001,0.3411
4,102,e002,0.4515
4,102,e003,0.3909
4,102,e004,0.3363
4,102,e005,0.3416
4,102,e006,0.3778
4,102,e007,0.3716
4,102,e008,0.3746
4,102,e009,0.4231
4,102,e010,0.3613
4,102,e011,0.3721
4,102,e012,0.4187
4,102,e013,0.4218
4,102,e014,0.4022
4,102,e015,0.4048
4,102,e016,0.3802
4,102,e017,0.3707
4,102,e018,0.3511
4,102,e019,0.3263
4,102,e020,0.4028
4,102,e021,0.3791
4,102,e022,0.3908
4,102,e023,0.3858
4,102,e024,0.4021
4,103,e001,0.305
4,103,e002,0.3458
4,103,e003,0.3984
4,103,e004,0.407
4,103,e005,0.3745
4,103,e006,0.4011
4,103,e007,0.361
4,103,e008,0.3303
4,103,e009,0.3945
4,103,e010,0.3317
4,103,e011,0.3051
4,103,e012,0.288
4,103,e013,0.341
4,103,e014,0.301
4,103,e015,0.3124
4,103,e016,0.2856
4,103,e017,0.3446
4,103,e018,0.316
4,103,e019,0.3576
4,103,e020,0.3708
4,103,e021,0.3307
4,103,e022,0.3318
4,103,e023,0.4194
4,103,e024,0.3383
4,104,e001,0.3582
4,104,e002,0.3483
4,104,e003,0.3638
4,104,e004,0.3727
4,104,e005,0.4193
4,104,e006,0.3675
4,104,e007,0.3653
4,104,e008,0.3339
4,104,e009,0.3694
4,104,e010,0.4204
4,104,e011,0.4152
4,104,e012,0.4259
4,104,e013,0.3794
4,104,e014,0.3756
4,104,e015,0.3847
4,104,e016,0.4211
4,104,e017,0.4085
4,104,e018,0.4307
4,104,e019,0.4078
4,104,e020,0.3411
4,104,e021,0.3583
4,104,e022,0.3622
4,104,e023,0.3768
4,104,e024,0.3955
4,105,e001,0.3286
4,105,e002,0.3991
4,105,e003,0.358
4,105,e004,0.374
4,105,e005,0.3329
4,105,e006,0.3142
4,105,e007,0.3842
4,105,e008,0.3021
4,105,e009,0.4017
4,105,e010,0.3529
4,105,e011,0.3036
4,105,e012,0.3307
4,105,e013,0.3457
4,105,e014,0.2975
4,105,e015,0.3953
4,105,e016,0.3647
4,105,e017,0.3565
4,105,e018,0.3223
4,105,e019,0.3554
4,105,e020,0.3142
4,105,e021,0.3193
4,105,e022,0.372
4,105,e023,0.3861
4,105,e024,0.3214
4,106,e001,0.3419
4,106,e002,0.3775
4,106,e003,0.4139
4,106,e004,0.3117
4,106,e005,0.2853
4,106,e006,0.3562
4,106,e007,0.3713
4,106,e008,0.3168
4,106,e009,0.3169
4,106,e010,0.3716
4,106,e011,0.4311
4,106,e012,0.3101
4,106,e013,0.3027
4,106,e014,0.3847
4,106,e015,0.3048
4,106,e016,0.3436
4,106,e017,0.4104
4,106,e018,0.3653
4,106,e019,0.3854
4,106,e020,0.3302
4,106,e021,0.3598
4,106,e022,0.3092
4,106,e023,0.323
4,106,e024,0.3205
4,107,e001,0.3527
4,107,e002,0.3978
4,107,e003,0.2837
4,107,e004,0.3538
4,107,e005,0.3933
4,107,e006,0.37
4,107,e007,0.3368
4,107,e008,0.3809
4,107,e009,0.3526
4,107,e010,0.347
4,107,e011,0.2642
4,107,e012,0.3451
4,107,e013,0.2988
4,107,e014,0.3397
4,107,e015,0.3149
4,107,e016,0.3431
4,107,e017,0.2692
4,107,e018,0.2968
4,107,e019,0.3172
4,107,e020,0.2959
4,107,e021,0.3167
4,107,e022,0.3301
4,107,e023,0.3472
4,107,e024,0.2954
4,108,e001,0.3635
4,108,e002,0.3256
4,108,e003,0.3386
4,108,e004,0.3446
4,108,e005,0.3055
4,108,e006,0.3044
4,108,e007,0.3801
4,108,e008,0.3382
4,108,e009,0.3506
4,108,e010,0.3977
4,108,e011,0.3581
4,108,e012,0.3691
4,108,e013,0.3893
4,108,e014,0.3386
4,108,e015,0.3365
4,108,e016,0.3931
4,108,e017,0.274
4,108,e018,0.3255
4,108,e019,0.3422
4,108,e020,0.3657
4,108,e021,0.3457
4,108,e022,0.3018
4,108,e023,0.3666
4,108,e024,0.3103
4,109,e001,0.3305
4,109,e002,0.4101
4,109,e003,0.3571
4,109,e004,0.3522
4,109,e005,0.3138
4,109,e006,0.4012
4,109,e007,0.3507
4,109,e008,0.4145
4,109,e009,0.3584
4,109,e010,0.3408
4,109,e011,0.44
4,109,e012,0.3985
4,109,e013,0.3262
4,109,e014,0.3183
4,109,e015,0.4061
4,109,e016,0.3511
4,109,e017,0.3879
4,109,e018,0.34
4,109,e019,0.3149
4,109,e020,0.3293
4,109,e021,0.3185
4,109,e022,0.4016
4,109,e023,0.3765
4,109,e024,0.3734
4,110,e001,0.3249
4,110,e002,0.3236
4,110,e003,0.3308
4,110,e004,0.3927
4,110,e005,0.3694
4,110,e006,0.3845
4,110,e007,0.3439
4,110,e008,0.3102
4,110,e009,0.3673
4,110,e010,0.3617
4,110,e011,0.3659
4,110,e012,0.342
4,110,e013,0.3508
4,110,e014,0.3583
4,110,e015,0.3138
4,110,e016,0.3625
4,110,e017,0.372
4,110,e018,0.2974
4,110,e019,0.3905
4,110,e020,0.3874
4,110,e021,0.3048
4,110,e022,0.3687
4,110,e023,0.3186
4,110,e024,0.2881
4,111,e001,0.4178
4,111,e002,0.3227
4,111,e003,0.3926
4,111,e004,0.4035
4,111,e005,0.3796
4,111,e006,0.3802
4,111,e007,0.3735
4,111,e008,0.3369
4,111,e009,0.3668
4,111,e010,0.4042
4,111,e011,0.3875
4,111,e012,0.3407
4,111,e013,0.3337
4,111,e014,0.2961
4,111,e015,0.424
4,111,e016,0.3452
4,111,e017,0.4106
4,111,e018,0.3609
4,111,e019,0.3765
4,111,e020,0.371
4,111,e021,0.3824
4,111,e022,0.3776
4,111,e023,0.3788
4,111,e024,0.3466
4,112,e001,0.3425
4,112,e002,0.3756
4,112,e003,0.3484
4,112,e004,0.3645
4,112,e005,0.2948
4,112,e006,0.3297
4,112,e007,0.3502
4,112,e008,0.3511
4,112,e009,0.3183
4,112,e010,0.3149
4,112,e011,0.2804
4,112,e012,0.3451
4,112,e013,0.295
4,112,e014,0.3507
4,112,e015,0.3438
4,112,e016,0.3196
4,112,e017,0.3415
4,112,e018,0.3284
4,112,e019,0.2935
4,112,e020,0.3713
4,112,e021,0.312
4,112,e022,0.2911
4,112,e023,0.331
4,112,e024,0.3153
4,113,e001,0.3602
4,113,e002,0.3965
4,113,e003,0.3064
4,113,e004,0.3455
4,113,e005,0.3327
4,113,e006,0.3928
4,113,e007,0.3408
4,113,e008,0.3419
4,113,e009,0.3315
4,113,e010,0.3476
4,113,e011,0.3677
4,113,e012,0.3692
4,113,e013,0.3051
4,113,e014,0.3493
4,113,e015,0.3563
4,113,e016,0.3971
4,113,e017,0.3392
4,113,e018,0.3586
4,113,e019,0.3846
4,113,e020,0.3911
4,113,e021,0.3162
4,113,e022,0.3479
4,113,e023,0.3011
4,113,e024,0.3235
4,114,e001,0.299
4,114,e002,0.3731
4,114,e003,0.3272
4,114,e004,0.3365
4,114,e005,0.2987
4,114,e006,0.3353
4,114,e007,0.3051
4,114,e008,0.3023
4,114,e009,0.3732
4,114,e010,0.3404
4,114,e011,0.3367
4,114,e012,0.3241
4,114,e013,0.2935
4,114,e014,0.3923
4,114,e015,0.308
4,114,e016,0.3361
4,114,e017,0.2886
4,114,e018,0.2758
4,114,e019,0.3018
4,114,e020,0.3806
4,114,e021,0.2899
4,114,e022,0.363
4,114,e023,0.3632
4,114,e024,0.3684
4,115,e001,0.3373
4,115,e002,0.285
4,115,e003,0.3404
4,115,e004,0.2588
4,115,e005,0.3381
4,115,e006,0.3513
4,115,e007,0.364
4,115,e008,0.3277
4,115,e009,0.3495
4,115,e010,0.3627
4,115,e011,0.2784
4,115,e012,0.2719
4,115,e013,0.2925
4,115,e014,0.323
4,115,e015,0.3358
4,115,e016,0.3024
4,115,e017,0.2933
4,115,e018,0.2946
4,115,e019,0.3462
4,115,e020,0.3187
4,115,e021,0.3396
4,115,e022,0.3058
4,115,e023,0.3018
4,115,e024,0.3484
4,116,e001,0.3493
4,116,e002,0.3735
4,116,e003,0.3976
4,116,e004,0.3431
4,116,e005,0.3486
4,116,e006,0.3097
4,116,e007,0.3584
4,116,e008,0.387
4,116,e009,0.3558
4,116,e010,0.3743
4,116,e011,0.3969
4,116,e012,0.3305
4,116,e013,0.3916
4,116,e014,0.3724
4,116,e015,0.3027
4,116,e016,0.3738
4,116,e017,0.349
4,116,e018,0.3999
4,116,e019,0.3143
4,116,e020,0.3738
4,116,e021,0.3348
4,116,e022,0.3527
4,116,e023,0.3708
4,116,e024,0.3662
4,117,e001,0.2894
4,117,e002,0.337
4,117,e003,0.3719
4,117,e004,0.3564
4,117,e005,0.3563
4,117,e006,0.3098
4,117,e007,0.3357
4,117,e008,0.3189
4,117,e009,0.2824
4,117,e010,0.3659
4,117,e011,0.3275
4,117,e012,0.3375
4,117,e013,0.384
4,117,e014,0.2802
4,117,e015,0.3636
4,117,e016,0.3468
4,117,e017,0.2835
4,117,e018,0.3155
4,117,e019,0.3393
4,117,e020,0.3352
4,117,e021,0.3269
4,117,e022,0.4021
4,117,e023,0.3304
4,117,e024,0.275
4,118,e001,0.3561
4,118,e002,0.3303
4,118,e003,0.3443
4,118,e004,0.3187
4,118,e005,0.3149
4,118,e006,0.3525
4,118,e007,0.3125
4,118,e008,0.3227
4,118,e009,0.3605
4,118,e010,0.342
4,118,e011,0.3582
4,118,e012,0.3634
4,118,e013,0.3099
4,118,e014,0.2946
4,118,e015,0.3086
4,118,e016,0.3434
4,118,e017,0.3646
4,118,e018,0.3312
4,118,e019,0.3812
4,118,e020,0.3538
4,118,e021,0.2989
4,118,e022,0.3098
4,118,e023,0.3268
4,118,e024,0.3475
4,119,e001,0.2955
4,119,e002,0.2798
4,119,e003,0.3034
4,119,e004,0.297
4,119,e005,0.3472
4,119,e006,0.3236
4,119,e007,0.2776
4,119,e008,0.3349
4,119,e009,0.271
4,119,e010,0.3086
4,119,e011,0.3198
4,119,e012,0.3439
4,119,e013,0.2689
4,119,e014,0.3023
4,119,e015,0.3396
4,119,e016,0.3066
4,119,e017,0.3184
4,119,e018,0.2519
4,119,e019,0.2936
4,119,e020,0.3284
4,119,e021,0.3331
4,119,e022,0.2644
4,119,e023,0.243
4,119,e024,0.2825
4,120,e001,0.323
4,120,e002,0.3531
4,120,e003,0.3209
4,120,e004,0.3167
4,120,e005,0.3451
4,120,e006,0.2944
4,120,e007,0.3396
4,120,e008,0.3296
4,120,e009,0.3681
4,120,e010,0.2889
4,120,e011,0.3291
4,120,e012,0.327
4,120,e013,0.3015
4,120,e014,0.303
4,120,e015,0.3366
4,120,e016,0.3307
4,120,e017,0.2712
4,120,e018,0.3047
4,120,e019,0.3417
4,120,e020,0.332
4,120,e021,0.3607
4,120,e022,0.3181
4,120,e023,0.3376
4,120,e024,0.3761
4,121,e001,0.3564
4,121,e002,0.2723
4,121,e003,0.2938
4,121,e004,0.309
4,121,e005,0.3131
4,121,e006,0.3157
4,121,e007,0.2876
4,121,e008,0.3484
4,121,e009,0.3626
4,121,e010,0.2682
4,121,e011,0.3623
4,121,e012,0.3323
4,121,e013,0.3695
4,121,e014,0.3478
4,121,e015,0.3758
4,121,e016,0.3123
4,121,e017,0.3092
4,121,e018,0.34
4,121,e019,0.2943
4,121,e020,0.3029
4,121,e021,0.2776
4,121,e022,0.2958
4,121,e023,0.2858
4,121,e024,0.3382
4,122,e001,0.3879
4,122,e002,0.3177
4,122,e003,0.3499
4,122,e004,0.3957
4,122,e005,0.3488
4,122,e006,0.3898
4,122,e007,0.3942
4,122,e008,0.3388
4,122,e009,0.3593
4,122,e010,0.391
4,122,e011,0.4026
4,122,e012,0.35
4,122,e013,0.2964
4,122,e014,0.3923
4,122,e015,0.3535
4,122,e016,0.3996
4,122,e017,0.3579
4,122,e018,0.3714
4,122,e019,0.3735
4,122,e020,0.4266
4,122,e021,0.3679
4,122,e022,0.3699
4,122,e023,0.2975
4,122,e024,0.3698
4,123,e001,0.3109
4,123,e002,0.3277
4,123,e003,0.358
4,123,e004,0.3566
4,123,e005,0.391
4,123,e006,0.296
4,123,e007,0.3105
4,123,e008,0.3281
4,123,e009,0.2947
4,123,e010,0.3425
4,123,e011,0.3101
4,123,e012,0.3514
4,123,e013,0.3749
4,123,e014,0.3118
4,123,e015,0.3062
4,123,e016,0.3028
4,123,e017,0.3584
4,123,e018,0.3883
4,123,e019,0.376
4,123,e020,0.2962
4,123,e021,0.3333
4,123,e022,0.339
4,123,e023,0.2778
4,123,e024,0.2951
4,124,e001,0.3089
4,124,e002,0.2643
4,124,e003,0.2723
4,124,e004,0.2327
4,124,e005,0.3379
4,124,e006,0.3257
4,124,e007,0.242
4,124,e008,0.2828
4,124,e009,0.2925
4,124,e010,0.2785
4,124,e011,0.2788
4,124,e012,0.2879
4,124,e013,0.2942
4,124,e014,0.2767
4,124,e015,0.3265
4,124,e016,0.2681
4,124,e017,0.266
4,124,e018,0.2742
4,124,e019,0.3545
4,124,e020,0.2847
4,124,e021,0.2389
4,124,e022,0.3191
4,124,e023,0.3049
4,124,e024,0.3306
4,125,e001,0.3668
4,125,e002,0.4089
4,125,e003,0.3252
4,125,e004,0.3413
4,125,e005,0.4016
4,125,e006,0.3481
4,125,e007,0.3973
4,125,e008,0.3801
4,125,e009,0.2963
4,125,e010,0.3394
4,125,e011,0.36
4,125,e012,0.3549
4,125,e013,0.3551
4,125,e014,0.3581
4,125,e015,0.312
4,125,e016,0.3262
4,125,e017,0.4037
4,125,e018,0.3604
4,125,e019,0.3286
4,125,e020,0.3339
4,125,e021,0.3156
4,125,e022,0.3912
4,125,e023,0.3908
4,125,e024,0.3417
4,126,e001,0.3838
4,126,e002,0.3327
4,126,e003,0.3672
4,126,e004,0.3922
4,126,e005,0.3863
4,126,e006,0.3524
4,126,e007,0.3175
4,126,e008,0.3143
4,126,e009,0.276
4,126,e010,0.3356
4,126,e011,0.3312
4,126,e012,0.2621
4,126,e013,0.3628
4,126,e014,0.2869
4,126,e015,0.3348
4,126,e016,0.3732
4,126,e017,0.2956
4,126,e018,0.3567
4,126,e019,0.3547
4,126,e020,0.3008
4,126,e021,0.3162
4,126,e022,0.3386
4,126,e023,0.3525
4,126,e024,0.3853
4,127,e001,0.3593
4,127,e002,0.3489
4,127,e003,0.3123
4,127,e004,0.3682
4,127,e005,0.3323
4,127,e006,0.3209
4,127,e007,0.36
4,127,e008,0.3494
4,127,e009,0.3421
4,127,e010,0.3803
4,127,e011,0.3006
4,127,e012,0.3232
4,127,e013,0.3842
4,127,e014,0.336
4,127,e015,0.339
4,127,e016,0.279
4,127,e017,0.3397
4,127,e018,0.3359
4,127,e019,0.3059
4,127,e020,0.2771
4,127,e021,0.3709
4,127,e022,0.3295
4,127,e023,0.306
4,127,e024,0.3619
4,128,e001,0.3569
4,128,e002,0.2869
4,128,e003,0.3282
4,128,e004,0.3326
4,128,e005,0.3633
4,128,e006,0.2548
4,128,e007,0.3131
4,128,e008,0.2896
4,128,e009,0.3088
4,128,e010,0.3051
4,128,e011,0.323
4,128,e012,0.3264
4,128,e013,0.2548
4,128,e014,0.3234
4,128,e015,0.278
4,128,e016,0.3626
4,128,e017,0.3537
4,128,e018,0.3719
4,128,e019,0.3359
4,128,e020,0.3671
4,128,e021,0.2993
4,128,e022,0.3319
4,128,e023,0.2873
4,128,e024,0.2971
4,129,e001,0.3095
4,129,e002,0.3183
4,129,e003,0.3082
4,129,e004,0.3021
4,129,e005,0.3528
4,129,e006,0.2764
4,129,e007,0.3509
4,129,e008,0.2688
4,129,e009,0.2738
4,129,e010,0.3006
4,129,e011,0.3119
4,129,e012,0.2679
4,129,e013,0.318
4,129,e014,0.2914
4,129,e015,0.3389
4,129,e016,0.2902
4,129,e017,0.352
4,129,e018,0.2583
4,129,e019,0.3142
4,129,e020,0.2998
4,129,e021,0.2799
4,129,e022,0.2486
4,129,e023,0.3589
4,129,e024,0.2635
4,130,e001,0.2696
4,130,e002,0.294
4,130,e003,0.3532
4,130,e004,0.2842
4,130,e005,0.3296
4,130,e006,0.2522
4,130,e007,0.2875
4,130,e008,0.2697
4,130,e009,0.266
4,130,e010,0.336
4,130,e011,0.2748
4,130,e012,0.3368
4,130,e013,0.3006
4,130,e014,0.2838
4,130,e015,0.3078
4,130,e016,0.2951
4,130,e017,0.3232
4,130,e018,0.2724
4,130,e019,0.3363
4,130,e020,0.3253
4,130,e021,0.3258
4,130,e022,0.331
4,130,e023,0.3594
4,130,e024,0.2495
4,131,e001,0.272
4,131,e002,0.306
4,131,e003,0.2838
4,131,e004,0.3578
4,131,e005,0.309
4,131,e006,0.2837
4,131,e007,0.2936
4,131,e008,0.3241
4,131,e009,0.2697
4,131,e010,0.3245
4,131,e011,0.3526
4,131,e012,0.277
4,131,e013,0.2945
4,131,e014,0.3301
4,131,e015,0.3512
4,131,e016,0.3895
4,131,e017,0.4006
4,131,e018,0.313
4,131,e019,0.3071
4,131,e020,0.2884
4,131,e021,0.2961
4,131,e022,0.2936
4,131,e023,0.3482
4,131,e024,0.3
4,132,e001,0.3274
4,132,e002,0.2888
4,132,e003,0.2844
4,132,e004,0.3099
4,132,e005,0.3131
4,132,e006,0.317
4,132,e007,0.281
4,132,e008,0.2625
4,132,e009,0.2438
4,132,e010,0.2702
4,132,e011,0.3668
4,132,e012,0.3354
4,132,e013,0.3397
4,132,e014,0.2558
4,132,e015,0.3213
4,132,e016,0.3158
4,132,e017,0.329
4,132,e018,0.2753
4,132,e019,0.3257
4,132,e020,0.2436
4,132,e021,0.3124
4,132,e022,0.2977
4,132,e023,0.2695
4,132,e024,0.3156
4,133,e001,0.3352
4,133,e002,0.3616
4,133,e003,0.2601
4,133,e004,0.2855
4,133,e005,0.323
4,133,e006,0.2696
4,133,e007,0.3195
4,133,e008,0.2957
4,133,e009,0.3195
4,133,e010,0.295
4,133,e011,0.3394
4,133,e012,0.3202
4,133,e013,0.3407
4,133,e014,0.3312
4,133,e015,0.3379
4,133,e016,0.3185
4,133,e017,0.3387
4,133,e018,0.3522
4,133,e019,0.3213
4,133,e020,0.348
4,133,e021,0.2945
4,133,e022,0.2799
4,133,e023,0.2906
4,133,e024,0.3265
4,134,e001,0.3474
4,134,e002,0.3306
4,134,e003,0.3515
4,134,e004,0.3765
4,134,e005,0.3772
4,134,e006,0.3903
4,134,e007,0.3391
4,134,e008,0.3821
4,134,e009,0.3327
4,134,e010,0.3083
4,134,e011,0.3549
4,134,e012,0.386
4,134,e013,0.3281
4,134,e014,0.3474
4,134,e015,0.3389
4,134,e016,0.3694
4,134,e017,0.3807
4,134,e018,0.3596
4,134,e019,0.3127
4,134,e020,0.3621
4,134,e021,0.3345
4,134,e022,0.3451
4,134,e023,0.352
4,134,e024,0.37
4,135,e001,0.3269
4,135,e002,0.3439
4,135,e003,0.2561
4,135,e004,0.3383
4,135,e005,0.3361
4,135,e006,0.3071
4,135,e007,0.3066
4,135,e008,0.2662
4,135,e009,0.3306
4,135,e010,0.342
4,135,e011,0.2746
4,135,e012,0.2746
4,135,e013,0.2686
4,135,e014,0.2651
4,135,e015,0.2808
4,135,e016,0.3046
4,135,e017,0.2853
4,135,e018,0.2592
4,135,e019,0.3174
4,135,e020,0.3706
4,135,e021,0.2908
4,135,e022,0.3395
4,135,e023,0.3448
4,135,e024,0.2632
4,136,e001,0.3285
4,136,e002,0.3272
4,136,e003,0.2944
4,136,e004,0.3097
4,136,e005,0.2878
4,136,e006,0.3787
4,136,e007,0.3209
4,136,e008,0.3541
4,136,e009,0.3347
4,136,e010,0.3661
4,136,e011,0.2842
4,136,e012,0.3799
4,136,e013,0.3372
4,136,e014,0.328
4,136,e015,0.3148
4,136,e016,0.3353
4,136,e017,0.3441
4,136,e018,0.3181
4,136,e019,0.3069
4,136,e020,0.3065
4,136,e021,0.3571
4,136,e022,0.363
4,136,e023,0.2835
4,136,e024,0.2831
4,137,e001,0.2985
4,137,e002,0.345
4,137,e003,0.3008
4,137,e004,0.363
4,137,e005,0.2953
4,137,e006,0.2904
4,137,e007,0.3587
4,137,e008,0.3076
4,137,e009,0.3027
4,137,e010,0.267
4,137,e011,0.3527
4,137,e012,0.3461
4,137,e013,0.3537
4,137,e014,0.3166
4,137,e015,0.2729
4,137,e016,0.3043
4,137,e017,0.3288
4,137,e018,0.2778
4,137,e019,0.3612
4,137,e020,0.3854
4,137,e021,0.3722
4,137,e022,0.3301
4,137,e023,0.3086
4,137,e024,0.3608
4,138,e001,0.4204
4,138,e002,0.343
4,138,e003,0.3426
4,138,e004,0.3453
4,138,e005,0.4099
4,138,e006,0.332
4,138,e007,0.3137
4,138,e008,0.4232
4,138,e009,0.3082
4,138,e010,0.3435
4,138,e011,0.3768
4,138,e012,0.4108
4,138,e013,0.3644
4,138,e014,0.3513
4,138,e015,0.3937
4,138,e016,0.4241
4,138,e017,0.342
4,138,e018,0.3961
4,138,e019,0.3513
4,138,e020,0.4204
4,138,e021,0.3802
4,138,e022,0.3484
4,138,e023,0.3827
4,138,e024,0.3944
4,139,e001,0.2763
4,139,e002,0.2912
4,139,e003,0.3537
4,139,e004,0.3033
4,139,e005,0.3194
4,139,e006,0.327
4,139,e007,0.3885
4,139,e008,0.3541
4,139,e009,0.368
4,139,e010,0.3089
4,139,e011,0.2912
4,139,e012,0.3536
4,139,e013,0.3293
4,139,e014,0.3664
4,139,e015,0.3786
4,139,e016,0.3806
4,139,e017,0.3564
4,139,e018,0.3237
4,139,e019,0.3914
4,139,e020,0.3454
4,139,e021,0.3263
4,139,e022,0.3807
4,139,e023,0.3588
4,139,e024,0.2777
4,140,e001,0.2808
4,140,e002,0.339
4,140,e003,0.3358
4,140,e004,0.2466
4,140,e005,0.2857
4,140,e006,0.285
4,140,e007,0.3118
4,140,e008,0.3179
4,140,e009,0.3612
4,140,e010,0.2855
4,140,e011,0.3122
4,140,e012,0.3244
4,140,e013,0.2861
4,140,e014,0.3294
4,140,e015,0.3457
4,140,e016,0.3217
4,140,e017,0.3704
4,140,e018,0.3465
4,140,e019,0.275
4,140,e020,0.2629
4,140,e021,0.2776
4,140,e022,0.253
4,140,e023,0.2898
4,140,e024,0.2943
4,141,e001,0.2662
4,141,e002,0.3028
4,141,e003,0.3452
4,141,e004,0.3376
4,141,e005,0.3221
4,141,e006,0.3107
4,141,e007,0.2633
4,141,e008,0.3154
4,141,e009,0.2816
4,141,e010,0.301
4,141,e011,0.2685
4,141,e012,0.3728
4,141,e013,0.3439
4,141,e014,0.3519
4,141,e015,0.2651
4,141,e016,0.3315
4,141,e017,0.2732
4,141,e018,0.3153
4,141,e019,0.2676
4,141,e020,0.3106
4,141,e021,0.3557
4,141,e022,0.3127
4,141,e023,0.3109
4,141,e024,0.3207
4,142,e001,0.2747
4,142,e002,0.3713
4,142,e003,0.3244
4,142,e004,0.3519
4,142,e005,0.3624
4,142,e006,0.3437
4,142,e007,0.3461
4,142,e008,0.3019
4,142,e009,0.3346
4,142,e010,0.3775
4,142,e011,0.3589
4,142,e012,0.3277
4,142,e013,0.3585
4,142,e014,0.3279
4,142,e015,0.2688
4,142,e016,0.3366
4,142,e017,0.3665
4,142,e018,0.3219
4,142,e019,0.3057
4,142,e020,0.4022
4,142,e021,0.2794
4,142,e022,0.3284
4,142,e023,0.3211
4,142,e024,0.3597
4,143,e001,0.399
4,143,e002,0.3375
4,143,e003,0.3141
4,143,e004,0.3349
4,143,e005,0.3621
4,143,e006,0.3511
4,143,e007,0.3137
4,143,e008,0.3426
4,143,e009,0.3355
4,143,e010,0.3479
4,143,e011,0.3292
4,143,e012,0.334
4,143,e013,0.3271
4,143,e014,0.3095
4,143,e015,0.322
4,143,e016,0.3605
4,143,e017,0.3262
4,143,e018,0.3468
4,143,e019,0.3222
4,143,e020,0.3062
4,143,e021,0.3928
4,143,e022,0.3926
4,143,e023,0.3779
4,143,e024,0.3489
4,144,e001,0.3387
4,144,e002,0.3085
4,144,e003,0.288
4,144,e004,0.2911
4,144,e005,0.3272
4,144,e006,0.2882
4,144,e007,0.3025
4,144,e008,0.3361
4,144,e009,0.312
4,144,e010,0.3414
4,144,e011,0.2928
4,144,e012,0.3428
4,144,e013,0.3295
4,144,e014,0.317
4,144,e015,0.3809
4,144,e016,0.349
4,144,e017,0.3275
4,144,e018,0.3818
4,144,e019,0.3168
4,144,e020,0.3116
4,144,e021,0.3708
4,144,e022,0.3371
4,144,e023,0.2628
4,144,e024,0.2881
4,145,e001,0.3695
4,145,e002,0.3498
4,145,e003,0.3787
4,145,e004,0.312
4,145,e005,0.2809
4,145,e006,0.3125
4,145,e007,0.2965
4,145,e008,0.3574
4,145,e009,0.3455
4,145,e010,0.3529
4,145,e011,0.3155
4,145,e012,0.3337
4,145,e013,0.3688
4,145,e014,0.2964
4,145,e015,0.3663
4,145,e016,0.3715
4,145,e017,0.2712
4,145,e018,0.3728
4,145,e019,0.3387
4,145,e020,0.3099
4,145,e021,0.3916
4,145,e022,0.3199
4,145,e023,0.3501
4,145,e024,0.3123
4,146,e001,0.3615
4,146,e002,0.3444
4,146,e003,0.3244
4,146,e004,0.287
4,146,e005,0.3477
4,146,e006,0.3247
4,146,e007,0.3739
4,146,e008,0.3211
4,146,e009,0.3355
4,146,e010,0.3251
4,146,e011,0.3885
4,146,e012,0.3548
4,146,e013,0.3732
4,146,e014,0.3563
4,146,e015,0.3495
4,146,e016,0.3133
4,146,e017,0.3192
4,146,e018,0.3672
4,146,e019,0.347
4,146,e020,0.2601
4,146,e021,0.2966
4,146,e022,0.373
4,146,e023,0.3621
4,146,e024,0.3103
4,147,e001,0.3155
4,147,e002,0.3686
4,147,e003,0.3597
4,147,e004,0.2709
4,147,e005,0.2938
4,147,e006,0.3944
4,147,e007,0.3065
4,147,e008,0.3682
4,147,e009,0.3356
4,147,e010,0.3386
4,147,e011,0.3145
4,147,e012,0.2998
4,147,e013,0.2927
4,147,e014,0.3554
4,147,e015,0.3464
4,147,e016,0.3474
4,147,e017,0.2966
4,147,e018,0.3486
4,147,e019,0.3492
4,147,e020,0.3292
4,147,e021,0.3234
4,147,e022,0.3589
4,147,e023,0.3098
4,147,e024,0.3119
4,148,e001,0.2665
4,148,e002,0.311
4,148,e003,0.3479
4,148,e004,0.3077
4,148,e005,0.3335
4,148,e006,0.2415
4,148,e007,0.3348
4,148,e008,0.3368
4,148,e009,0.3207
4,148,e010,0.2829
4,148,e011,0.3641
4,148,e012,0.2716
4,148,e013,0.2842
4,148,e014,0.3419
4,148,e015,0.3232
4,148,e016,0.296
4,148,e017,0.3352
4,148,e018,0.2531
4,148,e019,0.2624
4,148,e020,0.251
4,148,e021,0.2859
4,148,e022,0.3136
4,148,e023,0.2787
4,148,e024,0.2936
4,149,e001,0.2963
4,149,e002,0.2821
4,149,e003,0.2789
4,149,e004,0.3681
4,149,e005,0.3412
4,149,e006,0.299
4,149,e007,0.318
4,149,e008,0.3363
4,149,e009,0.3473
4,149,e010,0.2748
4,149,e011,0.3572
4,149,e012,0.3009
4,149,e013,0.3126
4,149,e014,0.3463
4,149,e015,0.3401
4,149,e016,0.2849
4,149,e017,0.3512
4,149,e018,0.3227
4,149,e019,0.2981
4,149,e020,0.2832
4,149,e021,0.3149
4,149,e022,0.3566
4,149,e023,0.3011
4,149,e024,0.3215
4,150,e001,0.3777
4,150,e002,0.295
4,150,e003,0.3654
4,150,e004,0.3825
4,150,e005,0.3386
4,150,e006,0.4021
4,150,e007,0.2828
4,150,e008,0.298
4,150,e009,0.3194
4,150,e010,0.4065
4,150,e011,0.3096
4,150,e012,0.3494
4,150,e013,0.3281
4,150,e014,0.3675
4,150,e015,0.2873
4,150,e016,0.3827
4,150,e017,0.3282
4,150,e018,0.2766
4,150,e019,0.3107
4,150,e020,0.37
4,150,e021,0.3534
4,150,e022,0.3617
4,150,e023,0.2826
4,150,e024,0.285
4,151,e001,0.2536
4,151,e002,0.2942
4,151,e003,0.2912
4,151,e004,0.2472
4,151,e005,0.3244
4,151,e006,0.306
4,151,e007,0.2635
4,151,e008,0.2562
4,151,e009,0.2959
4,151,e010,0.2896
4,151,e011,0.2936
4,151,e012,0.3203
4,151,e013,0.2775
4,151,e014,0.279
4,151,e015,0.316
4,151,e016,0.2783
4,151,e017,0.3093
4,151,e018,0.331
4,151,e019,0.2644
4,151,e020,0.2971
4,151,e021,0.2619
4,151,e022,0.3154
4,151,e023,0.2539
4,151,e024,0.2455
4,152,e001,0.3211
4,152,e002,0.3848
4,152,e003,0.3087
4,152,e004,0.394
4,152,e005,0.3637
4,152,e006,0.3272
4,152,e007,0.3577
4,152,e008,0.3582
4,152,e009,0.3431
4,152,e010,0.3398
4,152,e011,0.3265
4,152,e012,0.3251
4,152,e013,0.293
4,152,e014,0.348
4,152,e015,0.3866
4,152,e016,0.2849
4,152,e017,0.2963
4,152,e018,0.3811
4,152,e019,0.3061
4,152,e020,0.4182
4,152,e021,0.3796
4,152,e022,0.3309
4,152,e023,0.3505
4,152,e024,0.372
4,153,e001,0.2478
4,153,e002,0.2573
4,153,e003,0.2775
4,153,e004,0.2686
4,153,e005,0.3146
4,153,e006,0.3059
4,153,e007,0.3572
4,153,e008,0.3572
4,153,e009,0.2379
4,153,e010,0.3308
4,153,e011,0.3645
4,153,e012,0.2899
4,153,e013,0.2349
4,153,e014,0.3728
4,153,e015,0.3351
4,153,e016,0.3309
4,153,e017,0.3069
4,153,e018,0.3398
4,153,e019,0.255
4,153,e020,0.2993
4,153,e021,0.279
4,153,e022,0.2877
4,153,e023,0.3021
4,153,e024,0.307
4,154,e001,0.3504
4,154,e002,0.4108
4,154,e003,0.3268
4,154,e004,0.3529
4,154,e005,0.426
4,154,e006,0.3949
4,154,e007,0.3407
4,154,e008,0.4204
4,154,e009,0.3198
4,154,e010,0.397
4,154,e011,0.411
4,154,e012,0.367
4,154,e013,0.3859
4,154,e014,0.3368
4,154,e015,0.3966
4,154,e016,0.393
4,154,e017,0.3954
4,154,e018,0.3632
4,154,e019,0.4019
4,154,e020,0.3232
4,154,e021,0.3434
4,154,e022,0.348
4,154,e023,0.3829
4,154,e024,0.4179
4,155,e001,0.3568
4,155,e002,0.3436
4,155,e003,0.2827
4,155,e004,0.3315
4,155,e005,0.2924
4,155,e006,0.3337
4,155,e007,0.332
4,155,e008,0.3465
4,155,e009,0.2784
4,155,e010,0.3111
4,155,e011,0.3255
4,155,e012,0.318
4,155,e013,0.3459
4,155,e014,0.2895
4,155,e015,0.3603
4,155,e016,0.3127
4,155,e017,0.3148
4,155,e018,0.3463
4,155,e019,0.3485
4,155,e020,0.3379
4,155,e021,0.3172
4,155,e022,0.323
4,155,e023,0.2997
4,155,e024,0.3811
4,156,e001,0.3498
4,156,e002,0.369
4,156,e003,0.3362
4,156,e004,0.3141
4,156,e005,0.3672
4,156,e006,0.3262
4,156,e007,0.3355
4,156,e008,0.3295
4,156,e009,0.3652
4,156,e010,0.3886
4,156,e011,0.4177
4,156,e012,0.3903
4,156,e013,0.3448
4,156,e014,0.3755
4,156,e015,0.402
4,156,e016,0.3142
4,156,e017,0.318
4,156,e018,0.3815
4,156,e019,0.4046
4,156,e020,0.3454
4,156,e021,0.3911
4,156,e022,0.4135
4,156,e023,0.3843
4,156,e024,0.3656
4,157,e001,0.2995
4,157,e002,0.3686
4,157,e003,0.3026
4,157,e004,0.3106
4,157,e005,0.3668
4,157,e006,0.3446
4,157,e007,0.3777
4,157,e008,0.3002
4,157,e009,0.3573
4,157,e010,0.3215
4,157,e011,0.3432
4,157,e012,0.3405
4,157,e013,0.3337
4,157,e014,0.3247
4,157,e015,0.3148
4,157,e016,0.3858
4,157,e017,0.3525
4,157,e018,0.3564
4,157,e019,0.3881
4,157,e020,0.3046
4,157,e021,0.2899
4,157,e022,0.3333
4,157,e023,0.3552
4,157,e024,0.372
4,158,e001,0.3451
4,158,e002,0.4226
4,158,e003,0.3768
4,158,e004,0.3305
4,158,e005,0.4131
4,158,e006,0.3303
4,158,e007,0.3796
4,158,e008,0.3518
4,158,e009,0.3474
4,158,e010,0.3965
4,158,e011,0.3568
4,158,e012,0.3327
4,158,e013,0.3286
4,158,e014,0.353
4,158,e015,0.3776
4,158,e016,0.3169
4,158,e017,0.3022
4,158,e018,0.3974
4,158,e019,0.3467
4,158,e020,0.3768
4,158,e021,0.3838
4,158,e022,0.2915
4,158,e023,0.3494
4,158,e024,0.3587
4,159,e001,0.3688
4,159,e002,0.3716
4,159,e003,0.4506
4,159,e004,0.4264
4,159,e005,0.3835
4,159,e006,0.3467
4,159,e007,0.4463
4,159,e008,0.4418
4,159,e009,0.3599
4,159,e010,0.3574
4,159,e011,0.3325
4,159,e012,0.4206
4,159,e013,0.3883
4,159,e014,0.417
4,159,e015,0.411
4,159,e016,0.3724
4,159,e017,0.3827
4,159,e018,0.3789
4,159,e019,0.363
4,159,e020,0.4015
4,159,e021,0.418
4,159,e022,0.3862
4,159,e023,0.3906
4,159,e024,0.3367
4,160,e001,0.3472
4,160,e002,0.4059
4,160,e003,0.3412
4,160,e004,0.4291
4,160,e005,0.3076
4,160,e006,0.3355
4,160,e007,0.3567
4,160,e008,0.3433
4,160,e009,0.3175
4,160,e010,0.3366
4,160,e011,0.3897
4,160,e012,0.3082
4,160,e013,0.4159
4,160,e014,0.3729
4,160,e015,0.3629
4,160,e016,0.3318
4,160,e017,0.3235
4,160,e018,0.2961
4,160,e019,0.3784
4,160,e020,0.4241
4,160,e021,0.3307
4,160,e022,0.3284
4,160,e023,0.3417
4,160,e024,0.3949
4,161,e001,0.3461
4,161,e002,0.3047
4,161,e003,0.3184
4,161,e004,0.3294
4,161,e005,0.3066
4,161,e006,0.313
4,161,e007,0.3313
4,161,e008,0.3237
4,161,e009,0.3183
4,161,e010,0.2896
4,161,e011,0.2973
4,161,e012,0.3479
4,161,e013,0.3751
4,161,e014,0.3019
4,161,e015,0.3175
4,161,e016,0.367
4,161,e017,0.3392
4,161,e018,0.3283
4,161,e019,0.3719
4,161,e020,0.3285
4,161,e021,0.2917
4,161,e022,0.3158
4,161,e023,0.3784
4,161,e024,0.3795
4,162,e001,0.42
4,162,e002,0.2939
4,162,e003,0.3693
4,162,e004,0.3086
4,162,e005,0.3055
4,162,e006,0.3687
4,162,e007,0.3646
4,162,e008,0.3301
4,162,e009,0.3661
4,162,e010,0.3898
4,162,e011,0.3799
4,162,e012,0.3544
4,162,e013,0.3938
4,162,e014,0.3955
4,162,e015,0.3065
4,162,e016,0.3794
4,162,e017,0.3684
4,162,e018,0.3831
4,162,e019,0.3145
4,162,e020,0.3611
4,162,e021,0.363
4,162,e022,0.3934
4,162,e023,0.3299
4,162,e024,0.3359
4,163,e001,0.3481
4,163,e002,0.3455
4,163,e003,0.3087
4,163,e004,0.3909
4,163,e005,0.3371
4,163,e006,0.327
4,163,e007,0.3357
4,163,e008,0.3554
4,163,e009,0.3101
4,163,e010,0.3689
4,163,e011,0.3606
4,163,e012,0.3485
4,163,e013,0.3373
4,163,e014,0.416
4,163,e015,0.3679
4,163,e016,0.3203
4,163,e017,0.3609
4,163,e018,0.2801
4,163,e019,0.3045
4,163,e020,0.3912
4,163,e021,0.3592
4,163,e022,0.4115
4,163,e023,0.3568
4,163,e024,0.3726
4,164,e001,0.3455
4,164,e002,0.3737
4,164,e003,0.3797
4,164,e004,0.3054
4,164,e005,0.3723
4,164,e006,0.3597
4,164,e007,0.4062
4,164,e008,0.4325
4,164,e009,0.3293
4,164,e010,0.3824
4,164,e011,0.3244
4,164,e012,0.4222
4,164,e013,0.3614
4,164,e014,0.425
4,164,e015,0.4392
4,164,e016,0.3113
4,164,e017,0.3556
4,164,e018,0.3315
4,164,e019,0.3358
4,164,e020,0.3831
4,164,e021,0.3221
4,164,e022,0.4122
4,164,e023,0.4239
4,164,e024,0.3775
4,165,e001,0.4016
4,165,e002,0.3801
4,165,e003,0.3282
4,165,e004,0.3839
4,165,e005,0.4046
4,165,e006,0.3973
4,165,e007,0.3625
4,165,e008,0.379
4,165,e009,0.4268
4,165,e010,0.4607
4,165,e011,0.417
4,165,e012,0.3362
4,165,e013,0.3981
4,165,e014,0.392
4,165,e015,0.3905
4,165,e016,0.3845
4,165,e017,0.3753
4,165,e018,0.3444
4,165,e019,0.4112
4,165,e020,0.3873
4,165,e021,0.3364
4,165,e022,0.4278
4,165,e023,0.3788
4,165,e024,0.3818
4,166,e001,0.3811
4,166,e002,0.3776
4,166,e003,0.3391
4,166,e004,0.4519
4,166,e005,0.3371
4,166,e006,0.3526
4,166,e007,0.4621
4,166,e008,0.3322
4,166,e009,0.3849
4,166,e010,0.3766
4,166,e011,0.405
4,166,e012,0.3788
4,166,e013,0.3769
4,166,e014,0.4401
4,166,e015,0.4465
4,166,e016,0.3606
4,166,e017,0.3786
4,166,e018,0.4292
4,166,e019,0.3456
4,166,e020,0.402
4,166,e021,0.4124
4,166,e022,0.3356
4,166,e023,0.3671
4,166,e024,0.3834
4,167,e001,0.3753
4,167,e002,0.3948
4,167,e003,0.4038
4,167,e004,0.39
4,167,e005,0.4078
4,167,e006,0.4128
4,167,e007,0.3763
4,167,e008,0.3974
4,167,e009,0.3272
4,167,e010,0.3453
4,167,e011,0.4117
4,167,e012,0.4265
4,167,e013,0.3763
4,167,e014,0.3226
4,167,e015,0.4099
4,167,e016,0.4067
4,167,e017,0.3372
4,167,e018,0.3978
4,167,e019,0.3945
4,167,e020,0.341
4,167,e021,0.4017
4,167,e022,0.354
4,167,e023,0.3565
4,167,e024,0.4081
4,168,e001,0.3749
4,168,e002,0.382
4,168,e003,0.3897
4,168,e004,0.3726
4,168,e005,0.3153
4,168,e006,0.2942
4,168,e007,0.3228
4,168,e008,0.3393
4,168,e009,0.3391
4,168,e010,0.4037
4,168,e011,0.3329
4,168,e012,0.3548
4,168,e013,0.408
4,168,e014,0.3506
4,168,e015,0.3529
4,168,e016,0.3594
4,168,e017,0.384
4,168,e018,0.3679
4,168,e019,0.3575
4,168,e020,0.3973
4,168,e021,0.4174
4,168,e022,0.3621
4,168,e023,0.3916
4,168,e024,0.3396
4,169,e001,0.388
4,169,e002,0.3356
4,169,e003,0.3405
4,169,e004,0.3719
4,169,e005,0.3633
4,169,e006,0.3889
4,169,e007,0.3796
4,169,e008,0.4012
4,169,e009,0.3074
4,169,e010,0.3442
4,169,e011,0.4168
4,169,e012,0.3739
4,169,e013,0.3869
4,169,e014,0.348
4,169,e015,0.3084
4,169,e016,0.3564
4,169,e017,0.3665
4,169,e018,0.345
4,169,e019,0.3188
4,169,e020,0.3171
4,169,e021,0.2783
4,169,e022,0.3808
4,169,e023,0.3495
4,169,e024,0.4057
4,170,e001,0.4073
4,170,e002,0.3993
4,170,e003,0.3649
4,170,e004,0.3196
4,170,e005,0.3327
4,170,e006,0.389
4,170,e007,0.361
4,170,e008,0.3324
4,170,e009,0.3596
4,170,e010,0.3488
4,170,e011,0.3926
4,170,e012,0.3906
4,170,e013,0.4173
4,170,e014,0.3287
4,170,e015,0.3616
4,170,e016,0.3183
4,170,e017,0.3857
4,170,e018,0.3365
4,170,e019,0.3061
4,170,e020,0.3774
4,170,e021,0.3188
4,170,e022,0.3613
4,170,e023,0.3887
4,170,e024,0.3519
4,171,e001,0.3658
4,171,e002,0.3937
4,171,e003,0.4125
4,171,e004,0.3269
4,171,e005,0.3321
4,171,e006,0.3722
4,171,e007,0.4152
4,171,e008,0.4129
4,171,e009,0.3981
4,171,e010,0.4124
4,171,e011,0.3398
4,171,e012,0.3619
4,171,e013,0.3747
4,171,e014,0.3442
4,171,e015,0.3997
4,171,e016,0.3589
4,171,e017,0.3436
4,171,e018,0.3587
4,171,e019,0.3932
4,171,e020,0.3296
4,171,e021,0.3806
4,171,e022,0.4282
4,171,e023,0.392
4,171,e024,0.3538
4,172,e001,0.4438
4,172,e002,0.3674
4,172,e003,0.3865
4,172,e004,0.3754
4,172,e005,0.3853
4,172,e006,0.3731
4,172,e007,0.3967
4,172,e008,0.4341
4,172,e009,0.3879
4,172,e010,0.4026
4,172,e011,0.3595
4,172,e012,0.4447
4,172,e013,0.4187
4,172,e014,0.4681
4,172,e015,0.3863
4,172,e016,0.3677
4,172,e017,0.4222
4,172,e018,0.3294
4,172,e019,0.4549
4,172,e020,0.4647
4,172,e021,0.3526
4,172,e022,0.4458
4,172,e023,0.4235
4,172,e024,0.4025
4,173,e001,0.4359
4,173,e002,0.404
4,173,e003,0.4412
4,173,e004,0.3461
4,173,e005,0.4061
4,173,e006,0.4182
4,173,e007,0.438
4,173,e008,0.4328
4,173,e009,0.3857
4,173,e010,0.3938
4,173,e011,0.3764
4,173,e012,0.3491
4,173,e013,0.4138
4,173,e014,0.3934
4,173,e015,0.453
4,173,e016,0.3595
4,173,e017,0.4549
4,173,e018,0.3893
4,173,e019,0.4216
4,173,e020,0.4164
4,173,e021,0.3974
4,173,e022,0.429
4,173,e023,0.3786
4,173,e024,0.3444
4,174,e001,0.4241
4,174,e002,0.4405
4,174,e003,0.3908
4,174,e004,0.3925
4,174,e005,0.3427
4,174,e006,0.4234
4,174,e007,0.4638
4,174,e008,0.4069
4,174,e009,0.3526
4,174,e010,0.4165
4,174,e011,0.3993
4,174,e012,0.4265
4,174,e013,0.3976
4,174,e014,0.3869
4,174,e015,0.4032
4,174,e016,0.4099
4,174,e017,0.4135
4,174,e018,0.4006
4,174,e019,0.4114
4,174,e020,0.3809
4,174,e021,0.3919
4,174,e022,0.3662
4,174,e023,0.4157
4,174,e024,0.3902
4,175,e001,0.3692
4,175,e002,0.34
4,175,e003,0.3874
4,175,e004,0.3829
4,175,e005,0.3645
4,175,e006,0.4241
4,175,e007,0.4243
4,175,e008,0.4191
4,175,e009,0.3916
4,175,e010,0.3415
4,175,e011,0.3863
4,175,e012,0.3928
4,175,e013,0.3843
4,175,e014,0.3749
4,175,e015,0.3884
4,175,e016,0.3995
4,175,e017,0.4031
4,175,e018,0.3723
4,175,e019,0.3864
4,175,e020,0.3679
4,175,e021,0.3844
4,175,e022,0.4453
4,175,e023,0.4149
4,175,e024,0.4341
4,176,e001,0.4373
4,176,e002,0.4331
4,176,e003,0.4024
4,176,e004,0.3718
4,176,e005,0.4058
4,176,e006,0.347
4,176,e007,0.4179
4,176,e008,0.4094
4,176,e009,0.4125
4,176,e010,0.3521
4,176,e011,0.392
4,176,e012,0.3342
4,176,e013,0.3845
4,176,e014,0.3838
4,176,e015,0.3943
4,176,e016,0.3638
4,176,e017,0.3374
4,176,e018,0.4172
4,176,e019,0.4447
4,176,e020,0.409
4,176,e021,0.3699
4,176,e022,0.3684
4,176,e023,0.3772
4,176,e024,0.3802
4,177,e001,0.4437
4,177,e002,0.4499
4,177,e003,0.3898
4,177,e004,0.4321
4,177,e005,0.4011
4,177,e006,0.4199
4,177,e007,0.473
4,177,e008,0.4402
4,177,e009,0.4054
4,177,e010,0.3548
4,177,e011,0.3894
4,177,e012,0.4372
4,177,e013,0.4626
4,177,e014,0.4032
4,177,e015,0.4172
4,177,e016,0.3557
4,177,e017,0.4634
4,177,e018,0.3998
4,177,e019,0.4673
4,177,e020,0.3824
4,177,e021,0.4012
4,177,e022,0.4058
4,177,e023,0.4322
4,177,e024,0.4322
4,178,e001,0.4357
4,178,e002,0.3961
4,178,e003,0.3887
4,178,e004,0.4303
4,178,e005,0.4064
4,178,e006,0.4216
4,178,e007,0.4161
4,178,e008,0.4602
4,178,e009,0.4224
4,178,e010,0.3748
4,178,e011,0.4902
4,178,e012,0.4462
4,178,e013,0.4468
4,178,e014,0.4355
4,178,e015,0.3805
4,178,e016,0.386
4,178,e017,0.4064
4,178,e018,0.3901
4,178,e019,0.3856
4,178,e020,0.4215
4,178,e021,0.4308
4,178,e022,0.39
4,178,e023,0.3486
4,178,e024,0.4414
4,179,e001,0.3843
4,179,e002,0.3628
4,179,e003,0.3769
4,179,e004,0.3309
4,179,e005,0.4088
4,179,e006,0.4073
4,179,e007,0.3713
4,179,e008,0.3983
4,179,e009,0.4317
4,179,e010,0.3975
4,179,e011,0.3713
4,179,e012,0.4008
4,179,e013,0.3794
4,179,e014,0.3225
4,179,e015,0.4042
4,179,e016,0.4123
4,179,e017,0.4097
4,179,e018,0.3412
4,179,e019,0.3627
4,179,e020,0.3269
4,179,e021,0.3784
4,179,e022,0.4378
4,179,e023,0.418
4,179,e024,0.4319
4,180,e001,0.3956
4,180,e002,0.4086
4,180,e003,0.3746
4,180,e004,0.3673
4,180,e005,0.389
4,180,e006,0.4298
4,180,e007,0.5135
4,180,e008,0.5543
4,180,e009,0.5393
4,180,e010,0.4904
4,180,e011,0.5816
4,180,e012,0.4962
4,180,e013,0.4209
4,180,e014,0.4523
4,180,e015,0.4513
4,180,e016,0.4354
4,180,e017,0.382
4,180,e018,0.4642
4,180,e019,0.4512
4,180,e020,0.4116
4,180,e021,0.3874
4,180,e022,0.364
4,180,e023,0.3832
4,180,e024,0.4354
4,181,e001,0.4199
4,181,e002,0.476
4,181,e003,0.4162
4,181,e004,0.3781
4,181,e005,0.4739
4,181,e006,0.4533
4,181,e007,0.5247
4,181,e008,0.5368
4,181,e009,0.5882
4,181,e010,0.528
4,181,e011,0.5259
4,181,e012,0.5687
4,181,e013,0.4306
4,181,e014,0.4106
4,181,e015,0.374
4,181,e016,0.3964
4,181,e017,0.4066
4,181,e018,0.4196
4,181,e019,0.3821
4,181,e020,0.4085
4,181,e021,0.3891
4,181,e022,0.4223
4,181,e023,0.3823
4,181,e024,0.4194
4,182,e001,0.4094
4,182,e002,0.448
4,182,e003,0.4261
4,182,e004,0.3814
4,182,e005,0.4376
4,182,e006,0.4454
4,182,e007,0.4999
4,182,e008,0.5326
4,182,e009,0.5047
4,182,e010,0.5165
4,182,e011,0.5317
4,182,e012,0.5697
4,182,e013,0.4295
4,182,e014,0.4435
4,182,e015,0.4246
4,182,e016,0.4156
4,182,e017,0.4279
4,182,e018,0.4179
4,182,e019,0.4453
4,182,e020,0.3724
4,182,e021,0.425
4,182,e022,0.4117
4,182,e023,0.3816
4,182,e024,0.3637
4,183,e001,0.446
4,183,e002,0.4328
4,183,e003,0.3495
4,183,e004,0.4128
4,183,e005,0.4119
4,183,e006,0.4088
4,183,e007,0.5311
4,183,e008,0.5667
4,183,e009,0.4685
4,183,e010,0.5449
4,183,e011,0.5073
4,183,e012,0.4727
4,183,e013,0.4321
4,183,e014,0.4066
4,183,e015,0.3863
4,183,e016,0.4164
4,183,e017,0.3535
4,183,e018,0.4433
4,183,e019,0.3604
4,183,e020,0.3644
4,183,e021,0.401
4,183,e022,0.4142
4,183,e023,0.405
4,183,e024,0.4143
4,184,e001,0.31
4,184,e002,0.3594
4,184,e003,0.33
4,184,e004,0.422
4,184,e005,0.3949
4,184,e006,0.4376
4,184,e007,0.4614
4,184,e008,0.5527
4,184,e009,0.4671
4,184,e010,0.5409
4,184,e011,0.5037
4,184,e012,0.4484
4,184,e013,0.3579
4,184,e014,0.3725
4,184,e015,0.387
4,184,e016,0.3649
4,184,e017,0.3986
4,184,e018,0.3682
4,184,e019,0.3204
4,184,e020,0.4045
4,184,e021,0.4087
4,184,e022,0.3573
4,184,e023,0.4359
4,184,e024,0.3941
4,185,e001,0.3778
4,185,e002,0.44
4,185,e003,0.3738
4,185,e004,0.4181
4,185,e005,0.448
4,185,e006,0.3629
4,185,e007,0.5641
4,185,e008,0.5595
4,185,e009,0.5198
4,185,e010,0.5172
4,185,e011,0.5232
4,185,e012,0.5474
4,185,e013,0.4088
4,185,e014,0.4275
4,185,e015,0.408
4,185,e016,0.4046
4,185,e017,0.4183
4,185,e018,0.37
4,185,e019,0.3216
4,185,e020,0.4117
4,185,e021,0.3907
4,185,e022,0.3218
4,185,e023,0.3909
4,185,e024,0.3668
4,186,e001,0.428
4,186,e002,0.4516
4,186,e003,0.4643
4,186,e004,0.4169
4,186,e005,0.4248
4,186,e006,0.4493
4,186,e007,0.5856
4,186,e008,0.5604
4,186,e009,0.529
4,186,e010,0.5773
4,186,e011,0.556
4,186,e012,0.5192
4,186,e013,0.4532
4,186,e014,0.4412
4,186,e015,0.3822
4,186,e016,0.4692
4,186,e017,0.4078
4,186,e018,0.3832
4,186,e019,0.434
4,186,e020,0.4174
4,186,e021,0.4744
4,186,e022,0.4679
4,186,e023,0.4307
4,186,e024,0.3751
4,187,e001,0.3633
4,187,e002,0.423
4,187,e003,0.4256
4,187,e004,0.4329
4,187,e005,0.4376
4,187,e006,0.4278
4,187,e007,0.5104
4,187,e008,0.5122
4,187,e009,0.5038
4,187,e010,0.5064
4,187,e011,0.5677
4,187,e012,0.5482
4,187,e013,0.3959
4,187,e014,0.3811
4,187,e015,0.4263
4,187,e016,0.4658
4,187,e017,0.4102
4,187,e018,0.3657
4,187,e019,0.4678
4,187,e020,0.3955
4,187,e021,0.3952
4,187,e022,0.4461
4,187,e023,0.3897
4,187,e024,0.4162
4,188,e001,0.3885
4,188,e002,0.4064
4,188,e003,0.4401
4,188,e004,0.4605
4,188,e005,0.4499
4,188,e006,0.3953
4,188,e007,0.527
4,188,e008,0.5794
4,188,e009,0.6008
4,188,e010,0.5559
4,188,e011,0.5261
4,188,e012,0.5829
4,188,e013,0.459
4,188,e014,0.421
4,188,e015,0.4334
4,188,e016,0.4207
4,188,e017,0.4086
4,188,e018,0.4382
4,188,e019,0.4237
4,188,e020,0.4494
4,188,e021,0.4176
4,188,e022,0.4048
4,188,e023,0.4163
4,188,e024,0.3619
4,189,e001,0.4161
4,189,e002,0.3791
4,189,e003,0.4389
4,189,e004,0.3755
4,189,e005,0.4011
4,189,e006,0.4216
4,189,e007,0.5583
4,189,e008,0.5098
4,189,e009,0.5707
4,189,e010,0.5354
4,189,e011,0.5909
4,189,e012,0.5334
4,189,e013,0.4333
4,189,e014,0.4675
4,189,e015,0.4797
4,189,e016,0.4545
4,189,e017,0.4751
4,189,e018,0.4062
4,189,e019,0.3752
4,189,e020,0.4187
4,189,e021,0.4188
4,189,e022,0.415
4,189,e023,0.4523
4,189,e024,0.4721
4,190,e001,0.3898
4,190,e002,0.3998
4,190,e003,0.4389
4,190,e004,0.4342
4,190,e005,0.3797
4,190,e006,0.4082
4,190,e007,0.5896
4,190,e008,0.4876
4,190,e009,0.5642
4,190,e010,0.5593
4,190,e011,0.5159
4,190,e012,0.5433
4,190,e013,0.3917
4,190,e014,0.4057
4,190,e015,0.4474
4,190,e016,0.3638
4,190,e017,0.3712
4,190,e018,0.3603
4,190,e019,0.4089
4,190,e020,0.3725
4,190,e021,0.4013
4,190,e022,0.3946
4,190,e023,0.4523
4,190,e024,0.4438
4,191,e001,0.4421
4,191,e002,0.4258
4,191,e003,0.3891
4,191,e004,0.4259
4,191,e005,0.4768
4,191,e006,0.4413
4,191,e007,0.5602
4,191,e008,0.6292
4,191,e009,0.6034
4,191,e010,0.5557
4,191,e011,0.593
4,191,e012,0.5361
4,191,e013,0.4039
4,191,e014,0.4065
4,191,e015,0.4769
4,191,e016,0.4421
4,191,e017,0.4784
4,191,e018,0.5275
4,191,e019,0.4694
4,191,e020,0.4768
4,191,e021,0.4137
4,191,e022,0.447
4,191,e023,0.4059
4,191,e024,0.454
4,192,e001,0.4144
4,192,e002,0.427
4,192,e003,0.4809
4,192,e004,0.3818
4,192,e005,0.4524
4,192,e006,0.4245
4,192,e007,0.5809
4,192,e008,0.5357
4,192,e009,0.601
4,192,e010,0.5736
4,192,e011,0.5826
4,192,e012,0.4964
4,192,e013,0.4048
4,192,e014,0.45
4,192,e015,0.4572
4,192,e016,0.4739
4,192,e017,0.3898
4,192,e018,0.4156
4,192,e019,0.3995
4,192,e020,0.403
4,192,e021,0.4762
4,192,e022,0.3768
4,192,e023,0.492
4,192,e024,0.3962
4,193,e001,0.5085
4,193,e002,0.4858
4,193,e003,0.4857
4,193,e004,0.5438
4,193,e005,0.5042
4,193,e006,0.488
4,193,e007,0.576
4,193,e008,0.5878
4,193,e009,0.6847
4,193,e010,0.5854
4,193,e011,0.6106
4,193,e012,0.5869
4,193,e013,0.5123
4,193,e014,0.4579
4,193,e015,0.4592
4,193,e016,0.4431
4,193,e017,0.4824
4,193,e018,0.5144
4,193,e019,0.536
4,193,e020,0.4571
4,193,e021,0.4629
4,193,e022,0.5105
4,193,e023,0.4502
4,193,e024,0.4643
4,194,e001,0.4768
4,194,e002,0.471
4,194,e003,0.4708
4,194,e004,0.4098
4,194,e005,0.4915
4,194,e006,0.4692
4,194,e007,0.6004
4,194,e008,0.607
4,194,e009,0.5475
4,194,e010,0.5154
4,194,e011,0.5726
4,194,e012,0.5386
4,194,e013,0.4524
4,194,e014,0.4225
4,194,e015,0.4343
4,194,e016,0.4689
4,194,e017,0.3989
4,194,e018,0.4466
4,194,e019,0.5084
4,194,e020,0.4825
4,194,e021,0.4674
4,194,e022,0.4006
4,194,e023,0.414
4,194,e024,0.4853
4,195,e001,0.4581
4,195,e002,0.4109
4,195,e003,0.4925
4,195,e004,0.5023
4,195,e005,0.4494
4,195,e006,0.4245
4,195,e007,0.5731
4,195,e008,0.5962
4,195,e009,0.6061
4,195,e010,0.6396
4,195,e011,0.6132
4,195,e012,0.6066
4,195,e013,0.4082
4,195,e014,0.4947
4,195,e015,0.4325
4,195,e016,0.4231
4,195,e017,0.4567
4,195,e018,0.477
4,195,e019,0.4692
4,195,e020,0.482
4,195,e021,0.5396
4,195,e022,0.4723
4,195,e023,0.5144
4,195,e024,0.5078
4,196,e001,0.5028
4,196,e002,0.4017
4,196,e003,0.3894
4,196,e004,0.4391
4,196,e005,0.4188
4,196,e006,0.4502
4,196,e007,0.5178
4,196,e008,0.5968
4,196,e009,0.5408
4,196,e010,0.6214
4,196,e011,0.5935
4,196,e012,0.5511
4,196,e013,0.4962
4,196,e014,0.4791
4,196,e015,0.4661
4,196,e016,0.3762
4,196,e017,0.4138
4,196,e018,0.4674
4,196,e019,0.4323
4,196,e020,0.4436
4,196,e021,0.4471
4,196,e022,0.4454
4,196,e023,0.4034
4,196,e024,0.4127
4,197,e001,0.4471
4,197,e002,0.414
4,197,e003,0.3866
4,197,e004,0.4826
4,197,e005,0.514
4,197,e006,0.4177
4,197,e007,0.5607
4,197,e008,0.5903
4,197,e009,0.6514
4,197,e010,0.631
4,197,e011,0.5418
4,197,e012,0.5492
4,197,e013,0.4424
4,197,e014,0.4843
4,197,e015,0.4653
4,197,e016,0.4368
4,197,e017,0.3941
4,197,e018,0.4314
4,197,e019,0.4287
4,197,e020,0.4256
4,197,e021,0.4224
4,197,e022,0.4524
4,197,e023,0.4609
4,197,e024,0.4906
4,198,e001,0.469
4,198,e002,0.4855
4,198,e003,0.4931
4,198,e004,0.5011
4,198,e005,0.4574
4,198,e006,0.424
4,198,e007,0.5939
4,198,e008,0.6177
4,198,e009,0.6125
4,198,e010,0.6156
4,198,e011,0.6146
4,198,e012,0.6562
4,198,e013,0.4891
4,198,e014,0.4746
4,198,e015,0.5104
4,198,e016,0.5028
4,198,e017,0.4754
4,198,e018,0.445
4,198,e019,0.4288
4,198,e020,0.5026
4,198,e021,0.4952
4,198,e022,0.4555
4,198,e023,0.4284
4,198,e024,0.4793
4,199,e001,0.4785
4,199,e002,0.4656
4,199,e003,0.4586
4,199,e004,0.4436
4,199,e005,0.491
4,199,e006,0.4644
4,199,e007,0.6064
4,199,e008,0.6247
4,199,e009,0.6022
4,199,e010,0.5678
4,199,e011,0.5349
4,199,e012,0.5985
4,199,e013,0.4814
4,199,e014,0.4178
4,199,e015,0.4602
4,199,e016,0.4332
4,199,e017,0.4118
4,199,e018,0.4303
4,199,e019,0.4761
4,199,e020,0.4946
4,199,e021,0.3958
4,199,e022,0.515
4,199,e023,0.3749
4,199,e024,0.5024
4,200,e001,0.4647
4,200,e002,0.4949
4,200,e003,0.5037
4,200,e004,0.4763
4,200,e005,0.4817
4,200,e006,0.4544
4,200,e007,0.758
4,200,e008,0.7677
4,200,e009,0.7384
4,200,e010,0.8317
4,200,e011,0.7707
4,200,e012,0.7395
4,200,e013,0.4892
4,200,e014,0.4636
4,200,e015,0.4533
4,200,e016,0.4935
4,200,e017,0.4934
4,200,e018,0.4983
4,200,e019,0.5188
4,200,e020,0.4281
4,200,e021,0.4538
4,200,e022,0.4542
4,200,e023,0.4791
4,200,e024,0.4975
4,201,e001,0.4908
4,201,e002,0.4908
4,201,e003,0.43
4,201,e004,0.4987
4,201,e005,0.4479
4,201,e006,0.4777
4,201,e007,0.7628
4,201,e008,0.7575
4,201,e009,0.7441
4,201,e010,0.7956
4,201,e011,0.8229
4,201,e012,0.8124
4,201,e013,0.4287
4,201,e014,0.4646
4,201,e015,0.4581
4,201,e016,0.4981
4,201,e017,0.4575
4,201,e018,0.5194
4,201,e019,0.5003
4,201,e020,0.4997
4,201,e021,0.4421
4,201,e022,0.4471
4,201,e023,0.4878
4,201,e024,0.4461
4,202,e001,0.4681
4,202,e002,0.4035
4,202,e003,0.429
4,202,e004,0.3924
4,202,e005,0.4299
4,202,e006,0.4117
4,202,e007,0.7994
4,202,e008,0.7482
4,202,e009,0.7846
4,202,e010,0.8126
4,202,e011,0.765
4,202,e012,0.7481
4,202,e013,0.4292
4,202,e014,0.4109
4,202,e015,0.4356
4,202,e016,0.4178
4,202,e017,0.3799
4,202,e018,0.4141
4,202,e019,0.428
4,202,e020,0.4826
4,202,e021,0.4535
4,202,e022,0.4249
4,202,e023,0.474
4,202,e024,0.4246
4,203,e001,0.4622
4,203,e002,0.4217
4,203,e003,0.4325
4,203,e004,0.4329
4,203,e005,0.4601
4,203,e006,0.4611
4,203,e007,0.7553
4,203,e008,0.7247
4,203,e009,0.767
4,203,e010,0.8171
4,203,e011,0.8013
4,203,e012,0.7456
4,203,e013,0.41
4,203,e014,0.4026
4,203,e015,0.4238
4,203,e016,0.4435
4,203,e017,0.49
4,203,e018,0.4396
4,203,e019,0.4154
4,203,e020,0.4869
4,203,e021,0.4235
4,203,e022,0.4709
4,203,e023,0.4626
4,203,e024,0.3973
4,204,e001,0.4734
4,204,e002,0.4489
4,204,e003,0.4444
4,204,e004,0.4342
4,204,e005,0.4542
4,204,e006,0.4453
4,204,e007,0.7248
4,204,e008,0.7805
4,204,e009,0.7898
4,204,e010,0.7745
4,204,e011,0.8339
4,204,e012,0.829
4,204,e013,0.3821
4,204,e014,0.4691
4,204,e015,0.5024
4,204,e016,0.4885
4,204,e017,0.4922
4,204,e018,0.4355
4,204,e019,0.4716
4,204,e020,0.5073
4,204,e021,0.4248
4,204,e022,0.4274
4,204,e023,0.4586
4,204,e024,0.4551
4,205,e001,0.522
4,205,e002,0.4763
4,205,e003,0.5195
4,205,e004,0.5183
4,205,e005,0.4972
4,205,e006,0.5438
4,205,e007,0.849
4,205,e008,0.8558
4,205,e009,0.879
4,205,e010,0.8815
4,205,e011,0.8065
4,205,e012,0.7836
4,205,e013,0.5048
4,205,e014,0.4529
4,205,e015,0.4907
4,205,e016,0.5002
4,205,e017,0.4884
4,205,e018,0.497
4,205,e019,0.4461
4,205,e020,0.5414
4,205,e021,0.566
4,205,e022,0.5067
4,205,e023,0.5006
4,205,e024,0.4781
4,206,e001,0.4244
4,206,e002,0.4521
4,206,e003,0.4372
4,206,e004,0.4777
4,206,e005,0.4282
4,206,e006,0.4342
4,206,e007,0.7964
4,206,e008,0.8295
4,206,e009,0.7251
4,206,e010,0.7954
4,206,e011,0.8007
4,206,e012,0.7811
4,206,e013,0.4608
4,206,e014,0.4785
4,206,e015,0.454
4,206,e016,0.4591
4,206,e017,0.484
4,206,e018,0.4897
4,206,e019,0.483
4,206,e020,0.4586
4,206,e021,0.4861
4,206,e022,0.4315
4,206,e023,0.3903
4,206,e024,0.4739
4,207,e001,0.4775
4,207,e002,0.4254
4,207,e003,0.3896
4,207,e004,0.4244
4,207,e005,0.4834
4,207,e006,0.4712
4,207,e007,0.7795
4,207,e008,0.7257
4,207,e009,0.7386
4,207,e010,0.7577
4,207,e011,0.8077
4,207,e012,0.7767
4,207,e013,0.3836
4,207,e014,0.4724
4,207,e015,0.4205
4,207,e016,0.4573
4,207,e017,0.4122
4,207,e018,0.4471
4,207,e019,0.433
4,207,e020,0.4048
4,207,e021,0.4357
4,207,e022,0.3903
4,207,e023,0.4219
4,207,e024,0.477
4,208,e001,0.4208
4,208,e002,0.4183
4,208,e003,0.4811
4,208,e004,0.4448
4,208,e005,0.3692
4,208,e006,0.4831
4,208,e007,0.8066
4,208,e008,0.791
4,208,e009,0.7609
4,208,e010,0.7336
4,208,e011,0.8121
4,208,e012,0.7605
4,208,e013,0.4821
4,208,e014,0.4704
4,208,e015,0.4475
4,208,e016,0.4835
4,208,e017,0.3999
4,208,e018,0.4343
4,208,e019,0.4898
4,208,e020,0.4464
4,208,e021,0.5054
4,208,e022,0.4027
4,208,e023,0.4877
4,208,e024,0.4837
4,209,e001,0.4956
4,209,e002,0.4404
4,209,e003,0.4562
4,209,e004,0.4812
4,209,e005,0.4672
4,209,e006,0.4562
4,209,e007,0.8463
4,209,e008,0.8312
4,209,e009,0.8181
4,209,e010,0.7635
4,209,e011,0.8186
4,209,e012,0.7482
4,209,e013,0.3975
4,209,e014,0.4599
4,209,e015,0.428
4,209,e016,0.4858
4,209,e017,0.4401
4,209,e018,0.4318
4,209,e019,0.4722
4,209,e020,0.484
4,209,e021,0.4227
4,209,e022,0.4781
4,209,e023,0.4526
4,209,e024,0.5176
4,210,e001,0.4563
4,210,e002,0.437
4,210,e003,0.4947
4,210,e004,0.4169
4,210,e005,0.5167
4,210,e006,0.4632
4,210,e007,0.7355
4,210,e008,0.7915
4,210,e009,0.828
4,210,e010,0.8424
4,210,e011,0.8211
4,210,e012,0.8135
4,210,e013,0.5208
4,210,e014,0.5169
4,210,e015,0.4453
4,210,e016,0.4302
4,210,e017,0.4742
4,210,e018,0.4742
4,210,e019,0.5193
4,210,e020,0.5481
4,210,e021,0.5482
4,210,e022,0.485
4,210,e023,0.4453
4,210,e024,0.4354
4,211,e001,0.459
4,211,e002,0.4959
4,211,e003,0.4925
4,211,e004,0.4128
4,211,e005,0.4705
4,211,e006,0.4036
4,211,e007,0.7873
4,211,e008,0.8515
4,211,e009,0.7671
4,211,e010,0.795
4,211,e011,0.8257
4,211,e012,0.8189
4,211,e013,0.4348
4,211,e014,0.4636
4,211,e015,0.4348
4,211,e016,0.4979
4,211,e017,0.4805
4,211,e018,0.4821
4,211,e019,0.4648
4,211,e020,0.4843
4,211,e021,0.4506
4,211,e022,0.4975
4,211,e023,0.5325
4,211,e024,0.4691
4,212,e001,0.5377
4,212,e002,0.5251
4,212,e003,0.4608
4,212,e004,0.4985
4,212,e005,0.5555
4,212,e006,0.4839
4,212,e007,0.7611
4,212,e008,0.8031
4,212,e009,0.8739
4,212,e010,0.8533
4,212,e011,0.8829
4,212,e012,0.8357
4,212,e013,0.4471
4,212,e014,0.4797
4,212,e015,0.5121
4,212,e016,0.5342
4,212,e017,0.4546
4,212,e018,0.4802
4,212,e019,0.543
4,212,e020,0.4745
4,212,e021,0.5456
4,212,e022,0.5203
4,212,e023,0.5202
4,212,e024,0.5025
4,213,e001,0.5023
4,213,e002,0.4457
4,213,e003,0.5038
4,213,e004,0.514
4,213,e005,0.434
4,213,e006,0.5146
4,213,e007,0.8363
4,213,e008,0.7678
4,213,e009,0.7672
4,213,e010,0.8181
4,213,e011,0.8119
4,213,e012,0.7867
4,213,e013,0.4736
4,213,e014,0.4838
4,213,e015,0.4993
4,213,e016,0.4684
4,213,e017,0.4632
4,213,e018,0.4423
4,213,e019,0.4491
4,213,e020,0.5186
4,213,e021,0.5157
4,213,e022,0.5087
4,213,e023,0.4922
4,213,e024,0.508
4,214,e001,0.4216
4,214,e002,0.4749
4,214,e003,0.5127
4,214,e004,0.5146
4,214,e005,0.458
4,214,e006,0.4945
4,214,e007,0.8294
4,214,e008,0.8151
4,214,e009,0.7599
4,214,e010,0.7943
4,214,e011,0.7876
4,214,e012,0.7751
4,214,e013,0.4885
4,214,e014,0.4797
4,214,e015,0.4779
4,214,e016,0.4667
4,214,e017,0.4636
4,214,e018,0.4899
4,214,e019,0.5236
4,214,e020,0.5049
4,214,e021,0.5375
4,214,e022,0.4439
4,214,e023,0.4342
4,214,e024,0.5539
4,215,e001,0.4915
4,215,e002,0.5326
4,215,e003,0.4975
4,215,e004,0.5143
4,215,e005,0.5532
4,215,e006,0.5167
4,215,e007,0.8978
4,215,e008,0.7898
4,215,e009,0.8693
4,215,e010,0.7736
4,215,e011,0.831
4,215,e012,0.8304
4,215,e013,0.55
4,215,e014,0.5494
4,215,e015,0.5152
4,215,e016,0.5009
4,215,e017,0.4519
4,215,e018,0.5201
4,215,e019,0.5241
4,215,e020,0.4856
4,215,e021,0.5174
4,215,e022,0.5189
4,215,e023,0.5268
4,215,e024,0.4793
4,216,e001,0.471
4,216,e002,0.4653
4,216,e003,0.5036
4,216,e004,0.4003
4,216,e005,0.5184
4,216,e006,0.4333
4,216,e007,0.8266
4,216,e008,0.8143
4,216,e009,0.7708
4,216,e010,0.8401
4,216,e011,0.753
4,216,e012,0.7596
4,216,e013,0.4964
4,216,e014,0.4379
4,216,e015,0.4059
4,216,e016,0.4342
4,216,e017,0.4059
4,216,e018,0.4684
4,216,e019,0.4733
4,216,e020,0.4624
4,216,e021,0.4104
4,216,e022,0.4286
4,216,e023,0.4278
4,216,e024,0.4462
4,217,e001,0.4607
4,217,e002,0.4312
4,217,e003,0.5059
4,217,e004,0.4899
4,217,e005,0.4533
4,217,e006,0.5108
4,217,e007,0.7897
4,217,e008,0.7772
4,217,e009,0.7481
4,217,e010,0.7818
4,217,e011,0.772
4,217,e012,0.7676
4,217,e013,0.4687
4,217,e014,0.4231
4,217,e015,0.429
4,217,e016,0.4122
4,217,e017,0.4435
4,217,e018,0.4791
4,217,e019,0.4658
4,217,e020,0.4546
4,217,e021,0.4752
4,217,e022,0.4211
4,217,e023,0.4721
4,217,e024,0.445
4,218,e001,0.483
4,218,e002,0.4475
4,218,e003,0.4716
4,218,e004,0.4821
4,218,e005,0.518
4,218,e006,0.5258
4,218,e007,0.5678
4,218,e008,0.6068
4,218,e009,0.6233
4,218,e010,0.6213
4,218,e011,0.6372
4,218,e012,0.5816
4,218,e013,0.519
4,218,e014,0.4371
4,218,e015,0.5262
4,218,e016,0.4579
4,218,e017,0.4317
4,218,e018,0.447
4,218,e019,0.4505
4,218,e020,0.5384
4,218,e021,0.4982
4,218,e022,0.5449
4,218,e023,0.4922
4,218,e024,0.5091
4,219,e001,0.4416
4,219,e002,0.4461
4,219,e003,0.4485
4,219,e004,0.4816
4,219,e005,0.4116
4,219,e006,0.4761
4,219,e007,0.6481
4,219,e008,0.6022
4,219,e009,0.6054
4,219,e010,0.6111
4,219,e011,0.5734
4,219,e012,0.5541
4,219,e013,0.4414
4,219,e014,0.4338
4,219,e015,0.4185
4,219,e016,0.4055
4,219,e017,0.4925
4,219,e018,0.5227
4,219,e019,0.4602
4,219,e020,0.4764
4,219,e021,0.5001
4,219,e022,0.4723
4,219,e023,0.4132
4,219,e024,0.4784
4,220,e001,0.4876
4,220,e002,0.4394
4,220,e003,0.4387
4,220,e004,0.5424
4,220,e005,0.5502
4,220,e006,0.4707
4,220,e007,0.5633
4,220,e008,0.6129
4,220,e009,0.6116
4,220,e010,0.5906
4,220,e011,0.5757
4,220,e012,0.6666
4,220,e013,0.4643
4,220,e014,0.507
4,220,e015,0.4428
4,220,e016,0.4902
4,220,e017,0.4674
4,220,e018,0.4719
4,220,e019,0.5012
4,220,e020,0.5144
4,220,e021,0.4914
4,220,e022,0.4427
4,220,e023,0.4846
4,220,e024,0.4868
4,221,e001,0.4719
4,221,e002,0.484
4,221,e003,0.4842
4,221,e004,0.4962
4,221,e005,0.5071
4,221,e006,0.4953
4,221,e007,0.5714
4,221,e008,0.6458
4,221,e009,0.6104
4,221,e010,0.6286
4,221,e011,0.6224
4,221,e012,0.6082
4,221,e013,0.46
4,221,e014,0.5069
4,221,e015,0.495
4,221,e016,0.5114
4,221,e017,0.4587
4,221,e018,0.4994
4,221,e019,0.5096
4,221,e020,0.426
4,221,e021,0.4513
4,221,e022,0.5062
4,221,e023,0.5021
4,221,e024,0.4858
4,222,e001,0.4207
4,222,e002,0.3802
4,222,e003,0.4169
4,222,e004,0.4119
4,222,e005,0.4385
4,222,e006,0.4606
4,222,e007,0.6217
4,222,e008,0.5927
4,222,e009,0.6158
4,222,e010,0.5421
4,222,e011,0.5237
4,222,e012,0.5972
4,222,e013,0.4148
4,222,e014,0.4517
4,222,e015,0.3994
4,222,e016,0.414
4,222,e017,0.4321
4,222,e018,0.4942
4,222,e019,0.4407
4,222,e020,0.4691
4,222,e021,0.4329
4,222,e022,0.4677
4,222,e023,0.4938
4,222,e024,0.4936
4,223,e001,0.5141
4,223,e002,0.4757
4,223,e003,0.5589
4,223,e004,0.5382
4,223,e005,0.4607
4,223,e006,0.4709
4,223,e007,0.6225
4,223,e008,0.594
4,223,e009,0.6539
4,223,e010,0.6135
4,223,e011,0.6885
4,223,e012,0.6483
4,223,e013,0.5309
4,223,e014,0.4936
4,223,e015,0.4421
4,223,e016,0.5098
4,223,e017,0.43
4,223,e018,0.5129
4,223,e019,0.5423
4,223,e020,0.5218
4,223,e021,0.504
4,223,e022,0.48
4,223,e023,0.5051
4,223,e024,0.5142
4,224,e001,0.5799
4,224,e002,0.4868
4,224,e003,0.4739
4,224,e004,0.4808
4,224,e005,0.4995
4,224,e006,0.4401
4,224,e007,0.6617
4,224,e008,0.6674
4,224,e009,0.6803
4,224,e010,0.6232
4,224,e011,0.6347
4,224,e012,0.5985
4,224,e013,0.5633
4,224,e014,0.5337
4,224,e015,0.5521
4,224,e016,0.4888
4,224,e017,0.5236
4,224,e018,0.5677
4,224,e019,0.5341
4,224,e020,0.4676
4,224,e021,0.5158
4,224,e022,0.4955
4,224,e023,0.6047
4,224,e024,0.522
4,225,e001,0.5109
4,225,e002,0.4993
4,225,e003,0.5024
4,225,e004,0.4908
4,225,e005,0.5285
4,225,e006,0.4789
4,225,e007,0.6036
4,225,e008,0.5911
4,225,e009,0.6085
4,225,e010,0.61
4,225,e011,0.5789
4,225,e012,0.6262
4,225,e013,0.4937
4,225,e014,0.4653
4,225,e015,0.4849
4,225,e016,0.466
4,225,e017,0.4811
4,225,e018,0.4571
4,225,e019,0.5045
4,225,e020,0.4956
4,225,e021,0.4789
4,225,e022,0.5355
4,225,e023,0.4897
4,225,e024,0.4951
4,226,e001,0.4861
4,226,e002,0.4705
4,226,e003,0.4885
4,226,e004,0.5113
4,226,e005,0.4873
4,226,e006,0.4481
4,226,e007,0.6108
4,226,e008,0.586
4,226,e009,0.6913
4,226,e010,0.6219
4,226,e011,0.6192
4,226,e012,0.5994
4,226,e013,0.4995
4,226,e014,0.4762
4,226,e015,0.4771
4,226,e016,0.5262
4,226,e017,0.5119
4,226,e018,0.5368
4,226,e019,0.4971
4,226,e020,0.5077
4,226,e021,0.4902
4,226,e022,0.4614
4,226,e023,0.4919
4,226,e024,0.4693
4,227,e001,0.4162
4,227,e002,0.4804
4,227,e003,0.427
4,227,e004,0.4043
4,227,e005,0.4891
4,227,e006,0.526
4,227,e007,0.6007
4,227,e008,0.5338
4,227,e009,0.5614
4,227,e010,0.5603
4,227,e011,0.5968
4,227,e012,0.535
4,227,e013,0.4607
4,227,e014,0.4495
4,227,e015,0.4282
4,227,e016,0.4676
4,227,e017,0.3935
4,227,e018,0.4407
4,227,e019,0.4795
4,227,e020,0.448
4,227,e021,0.3942
4,227,e022,0.4295
4,227,e023,0.4494
4,227,e024,0.4686
4,228,e001,0.4973
4,228,e002,0.4381
4,228,e003,0.4442
4,228,e004,0.4648
4,228,e005,0.4765
4,228,e006,0.4777
4,228,e007,0.607
4,228,e008,0.5989
4,228,e009,0.6344
4,228,e010,0.5616
4,228,e011,0.5735
4,228,e012,0.5841
4,228,e013,0.4866
4,228,e014,0.4474
4,228,e015,0.4727
4,228,e016,0.4544
4,228,e017,0.4847
4,228,e018,0.4586
4,228,e019,0.5351
4,228,e020,0.5054
4,228,e021,0.4844
4,228,e022,0.5324
4,228,e023,0.4897
4,228,e024,0.4594
4,229,e001,0.4066
4,229,e002,0.5221
4,229,e003,0.5133
4,229,e004,0.4736
4,229,e005,0.4651
4,229,e006,0.4701
4,229,e007,0.6342
4,229,e008,0.6357
4,229,e009,0.6412
4,229,e010,0.6181
4,229,e011,0.6186
4,229,e012,0.62
4,229,e013,0.4914
4,229,e014,0.4313
4,229,e015,0.5412
4,229,e016,0.4598
4,229,e017,0.5243
4,229,e018,0.5148
4,229,e019,0.4888
4,229,e020,0.5254
4,229,e021,0.4846
4,229,e022,0.4363
4,229,e023,0.4633
4,229,e024,0.4743
4,230,e001,0.4635
4,230,e002,0.4502
4,230,e003,0.4367
4,230,e004,0.4671
4,230,e005,0.4855
4,230,e006,0.4762
4,230,e007,0.6372
4,230,e008,0.6001
4,230,e009,0.6134
4,230,e010,0.5787
4,230,e011,0.5813
4,230,e012,0.5866
4,230,e013,0.4931
4,230,e014,0.4709
4,230,e015,0.4875
4,230,e016,0.454
4,230,e017,0.5368
4,230,e018,0.4864
4,230,e019,0.4712
4,230,e020,0.4467
4,230,e021,0.4933
4,230,e022,0.4914
4,230,e023,0.5318
4,230,e024,0.4473
4,231,e001,0.4385
4,231,e002,0.4463
4,231,e003,0.4841
4,231,e004,0.4526
4,231,e005,0.4968
4,231,e006,0.4068
4,231,e007,0.596
4,231,e008,0.6322
4,231,e009,0.577
4,231,e010,0.6375
4,231,e011,0.5969
4,231,e012,0.6034
4,231,e013,0.4765
4,231,e014,0.4563
4,231,e015,0.4799
4,231,e016,0.4757
4,231,e017,0.4657
4,231,e018,0.4587
4,231,e019,0.4546
4,231,e020,0.5045
4,231,e021,0.4276
4,231,e022,0.4436
4,231,e023,0.4858
4,231,e024,0.4014
4,232,e001,0.461
4,232,e002,0.5116
4,232,e003,0.5047
4,232,e004,0.5292
4,232,e005,0.4351
4,232,e006,0.4628
4,232,e007,0.5848
4,232,e008,0.6007
4,232,e009,0.6171
4,232,e010,0.6399
4,232,e011,0.6433
4,232,e012,0.6117
4,232,e013,0.4253
4,232,e014,0.4874
4,232,e015,0.5263
4,232,e016,0.5153
4,232,e017,0.444
4,232,e018,0.465
4,232,e019,0.4772
4,232,e020,0.496
4,232,e021,0.4731
4,232,e022,0.5344
4,232,e023,0.4655
4,232,e024,0.528
4,233,e001,0.4562
4,233,e002,0.4465
4,233,e003,0.442
4,233,e004,0.521
4,233,e005,0.5146
4,233,e006,0.4577
4,233,e007,0.5657
4,233,e008,0.6388
4,233,e009,0.6555
4,233,e010,0.5814
4,233,e011,0.6788
4,233,e012,0.6344
4,233,e013,0.4907
4,233,e014,0.4888
4,233,e015,0.4867
4,233,e016,0.5578
4,233,e017,0.4378
4,233,e018,0.445
4,233,e019,0.5041
4,233,e020,0.5049
4,233,e021,0.4874
4,233,e022,0.4298
4,233,e023,0.5145
4,233,e024,0.4368
4,234,e001,0.439
4,234,e002,0.513
4,234,e003,0.4991
4,234,e004,0.4396
4,234,e005,0.4349
4,234,e006,0.4529
4,234,e007,0.6068
4,234,e008,0.61
4,234,e009,0.599
4,234,e010,0.5415
4,234,e011,0.6042
4,234,e012,0.5915
4,234,e013,0.461
4,234,e014,0.4381
4,234,e015,0.4444
4,234,e016,0.4544
4,234,e017,0.5295
4,234,e018,0.4264
4,234,e019,0.4394
4,234,e020,0.4777
4,234,e021,0.4397
4,234,e022,0.4736
4,234,e023,0.5075
4,234,e024,0.421
4,235,e001,0.4544
4,235,e002,0.4426
4,235,e003,0.4399
4,235,e004,0.4488
4,235,e005,0.4947
4,235,e006,0.4274
4,235,e007,0.6178
4,235,e008,0.5833
4,235,e009,0.6611
4,235,e010,0.605
4,235,e011,0.5737
4,235,e012,0.6494
4,235,e013,0.4837
4,235,e014,0.5212
4,235,e015,0.4238
4,235,e016,0.4992
4,235,e017,0.5401
4,235,e018,0.4866
4,235,e019,0.518
4,235,e020,0.464
4,235,e021,0.4665
4,235,e022,0.4654
4,235,e023,0.5362
4,235,e024,0.4328
4,236,e001,0.4428
4,236,e002,0.504
4,236,e003,0.4673
4,236,e004,0.4832
4,236,e005,0.5114
4,236,e006,0.5685
4,236,e007,0.6279
4,236,e008,0.5793
4,236,e009,0.5378
4,236,e010,0.5941
4,236,e011,0.641
4,236,e012,0.6078
4,236,e013,0.4898
4,236,e014,0.4336
4,236,e015,0.5093
4,236,e016,0.4933
4,236,e017,0.5211
4,236,e018,0.4956
4,236,e019,0.5147
4,236,e020,0.4729
4,236,e021,0.5029
4,236,e022,0.4877
4,236,e023,0.4378
4,236,e024,0.4364
4,237,e001,0.4388
4,237,e002,0.5074
4,237,e003,0.4575
4,237,e004,0.5197
4,237,e005,0.4686
4,237,e006,0.5242
4,237,e007,0.5924
4,237,e008,0.6173
4,237,e009,0.5749
4,237,e010,0.5783
4,237,e011,0.5535
4,237,e012,0.536
4,237,e013,0.5028
4,237,e014,0.5119
4,237,e015,0.4486
4,237,e016,0.4409
4,237,e017,0.448
4,237,e018,0.4578
4,237,e019,0.4406
4,237,e020,0.4935
4,237,e021,0.4871
4,237,e022,0.494
4,237,e023,0.4411
4,237,e024,0.5165
4,238,e001,0.4937
4,238,e002,0.4999
4,238,e003,0.4848
4,238,e004,0.5052
4,238,e005,0.4621
4,238,e006,0.5072
4,238,e007,0.6201
4,238,e008,0.6177
4,238,e009,0.6121
4,238,e010,0.6498
4,238,e011,0.6147
4,238,e012,0.6074
4,238,e013,0.5147
4,238,e014,0.4721
4,238,e015,0.5138
4,238,e016,0.5122
4,238,e017,0.5264
4,238,e018,0.5177
4,238,e019,0.4503
4,238,e020,0.4518
4,238,e021,0.4798
4,238,e022,0.5425
4,238,e023,0.5136
4,238,e024,0.4627
4,239,e001,0.4851
4,239,e002,0.4114
4,239,e003,0.4328
4,239,e004,0.5064
4,239,e005,0.4167
4,239,e006,0.4197
4,239,e007,0.5538
4,239,e008,0.6262
4,239,e009,0.6105
4,239,e010,0.5726
4,239,e011,0.5658
4,239,e012,0.6266
4,239,e013,0.4622
4,239,e014,0.4538
4,239,e015,0.4062
4,239,e016,0.3957
4,239,e017,0.4276
4,239,e018,0.5001
4,239,e019,0.4922
4,239,e020,0.506
4,239,e021,0.4272
4,239,e022,0.4223
4,239,e023,0.4424
4,239,e024,0.4154
4,240,e001,0.489
4,240,e002,0.4456
4,240,e003,0.5128
4,240,e004,0.5519
4,240,e005,0.4551
4,240,e006,0.509
4,240,e007,0.6397
4,240,e008,0.6313
4,240,e009,0.633
4,240,e010,0.7001
4,240,e011,0.6177
4,240,e012,0.6062
4,240,e013,0.5501
4,240,e014,0.4761
4,240,e015,0.5695
4,240,e016,0.512
4,240,e017,0.5437
4,240,e018,0.5326
4,240,e019,0.5469
4,240,e020,0.4635
4,240,e021,0.5576
4,240,e022,0.5073
4,240,e023,0.4544
4,240,e024,0.4994
4,241,e001,0.4771
4,241,e002,0.4998
4,241,e003,0.4487
4,241,e004,0.4823
4,241,e005,0.4277
4,241,e006,0.4782
4,241,e007,0.5755
4,241,e008,0.5854
4,241,e009,0.5344
4,241,e010,0.5958
4,241,e011,0.6112
4,241,e012,0.6376
4,241,e013,0.4219
4,241,e014,0.4663
4,241,e015,0.4923
4,241,e016,0.4321
4,241,e017,0.4352
4,241,e018,0.4711
4,241,e019,0.4068
4,241,e020,0.4766
4,241,e021,0.5261
4,241,e022,0.4426
4,241,e023,0.4768
4,241,e024,0.4585
4,242,e001,0.4711
4,242,e002,0.5119
4,242,e003,0.4818
4,242,e004,0.472
4,242,e005,0.4694
4,242,e006,0.4841
4,242,e007,0.5755
4,242,e008,0.5629
4,242,e009,0.5969
4,242,e010,0.5887
4,242,e011,0.5588
4,242,e012,0.617
4,242,e013,0.3912
4,242,e014,0.4006
4,242,e015,0.4004
4,242,e016,0.3876
4,242,e017,0.4165
4,242,e018,0.4557
4,242,e019,0.3861
4,242,e020,0.4454
4,242,e021,0.4286
4,242,e022,0.534
4,242,e023,0.5011
4,242,e024,0.515
4,243,e001,0.4035
4,243,e002,0.4354
4,243,e003,0.409
4,243,e004,0.4747
4,243,e005,0.4695
4,243,e006,0.4425
4,243,e007,0.5465
4,243,e008,0.5695
4,243,e009,0.6283
4,243,e010,0.579
4,243,e011,0.6358
4,243,e012,0.5727
4,243,e013,0.4515
4,243,e014,0.423
4,243,e015,0.5064
4,243,e016,0.4186
4,243,e017,0.4025
4,243,e018,0.5202
4,243,e019,0.4686
4,243,e020,0.4365
4,243,e021,0.4079
4,243,e022,0.455
4,243,e023,0.4213
4,243,e024,0.4508
4,244,e001,0.4761
4,244,e002,0.4034
4,244,e003,0.403
4,244,e004,0.4564
4,244,e005,0.3672
4,244,e006,0.4446
4,244,e007,0.5728
4,244,e008,0.5653
4,244,e009,0.6022
4,244,e010,0.6097
4,244,e011,0.588
4,244,e012,0.5332
4,244,e013,0.4946
4,244,e014,0.462
4,244,e015,0.3766
4,244,e016,0.3978
4,244,e017,0.4053
4,244,e018,0.4431
4,244,e019,0.4403
4,244,e020,0.4703
4,244,e021,0.483
4,244,e022,0.4932
4,244,e023,0.4722
4,244,e024,0.4349
4,245,e001,0.5318
4,245,e002,0.4689
4,245,e003,0.468
4,245,e004,0.4275
4,245,e005,0.4355
4,245,e006,0.3954
4,245,e007,0.5345
4,245,e008,0.6305
4,245,e009,0.5719
4,245,e010,0.6279
4,245,e011,0.5975
4,245,e012,0.6143
4,245,e013,0.5013
4,245,e014,0.4118
4,245,e015,0.4846
4,245,e016,0.4664
4,245,e017,0.4192
4,245,e018,0.4823
4,245,e019,0.481
4,245,e020,0.4975
4,245,e021,0.4442
4,245,e022,0.4275
4,245,e023,0.4117
4,245,e024,0.4766
4,246,e001,0.4353
4,246,e002,0.5354
4,246,e003,0.5137
4,246,e004,0.4537
4,246,e005,0.5041
4,246,e006,0.4448
4,246,e007,0.5891
4,246,e008,0.5809
4,246,e009,0.597
4,246,e010,0.6379
4,246,e011,0.5835
4,246,e012,0.6659
4,246,e013,0.532
4,246,e014,0.4687
4,246,e015,0.4731
4,246,e016,0.3923
4,246,e017,0.4625
4,246,e018,0.5268
4,246,e019,0.5149
4,246,e020,0.4539
4,246,e021,0.5425
4,246,e022,0.3955
4,246,e023,0.4422
4,246,e024,0.4312
4,247,e001,0.3838
4,247,e002,0.4148
4,247,e003,0.4262
4,247,e004,0.4564
4,247,e005,0.3805
4,247,e006,0.4227
4,247,e007,0.5357
4,247,e008,0.5675
4,247,e009,0.518
4,247,e010,0.5744
4,247,e011,0.4873
4,247,e012,0.5803
4,247,e013,0.3775
4,247,e014,0.4209
4,247,e015,0.368
4,247,e016,0.4032
4,247,e017,0.4084
4,247,e018,0.3844
4,247,e019,0.456
4,247,e020,0.4128
4,247,e021,0.407
4,247,e022,0.3994
4,247,e023,0.3832
4,247,e024,0.377
4,248,e001,0.4349
4,248,e002,0.4142
4,248,e003,0.4383
4,248,e004,0.4103
4,248,e005,0.3695
4,248,e006,0.4393
4,248,e007,0.5384
4,248,e008,0.57
4,248,e009,0.5828
4,248,e010,0.5393
4,248,e011,0.5793
4,248,e012,0.522
4,248,e013,0.4226
4,248,e014,0.4147
4,248,e015,0.4336
4,248,e016,0.3843
4,248,e017,0.4405
4,248,e018,0.3917
4,248,e019,0.4637
4,248,e020,0.4554
4,248,e021,0.4769
4,248,e022,0.404
4,248,e023,0.4467
4,248,e024,0.4676
4,249,e001,0.5246
4,249,e002,0.498
4,249,e003,0.4304
4,249,e004,0.4972
4,249,e005,0.4711
4,249,e006,0.43
4,249,e007,0.6101
4,249,e008,0.6385
4,249,e009,0.5985
4,249,e010,0.5996
4,249,e011,0.6132
4,249,e012,0.6349
4,249,e013,0.5033
4,249,e014,0.3959
4,249,e015,0.4338
4,249,e016,0.4403
4,249,e017,0.5062
4,249,e018,0.415
4,249,e019,0.4423
4,249,e020,0.4725
4,249,e021,0.5133
4,249,e022,0.4702
4,249,e023,0.4597
4,249,e024,0.465
4,250,e001,0.4676
4,250,e002,0.4558
4,250,e003,0.4731
4,250,e004,0.4683
4,250,e005,0.4812
4,250,e006,0.5095
4,250,e007,0.6245
4,250,e008,0.5638
4,250,e009,0.6181
4,250,e010,0.5227
4,250,e011,0.6323
4,250,e012,0.5803
4,250,e013,0.4975
4,250,e014,0.4748
4,250,e015,0.4654
4,250,e016,0.4637
4,250,e017,0.4971
4,250,e018,0.4594
4,250,e019,0.4461
4,250,e020,0.4692
4,250,e021,0.4681
4,250,e022,0.4721
4,250,e023,0.4616
4,250,e024,0.4172
4,251,e001,0.4632
4,251,e002,0.4376
4,251,e003,0.4745
4,251,e004,0.4565
4,251,e005,0.4462
4,251,e006,0.4079
4,251,e007,0.5471
4,251,e008,0.5843
4,251,e009,0.5431
4,251,e010,0.5791
4,251,e011,0.5448
4,251,e012,0.5763
4,251,e013,0.413
4,251,e014,0.4493
4,251,e015,0.4801
4,251,e016,0.4757
4,251,e017,0.4807
4,251,e018,0.3871
4,251,e019,0.432
4,251,e020,0.4743
4,251,e021,0.471
4,251,e022,0.472
4,251,e023,0.4943
4,251,e024,0.4221
4,252,e001,0.4582
4,252,e002,0.479
4,252,e003,0.472
4,252,e004,0.4829
4,252,e005,0.4505
4,252,e006,0.5028
4,252,e007,0.5662
4,252,e008,0.5726
4,252,e009,0.5702
4,252,e010,0.6068
4,252,e011,0.6357
4,252,e012,0.6116
4,252,e013,0.4638
4,252,e014,0.4709
4,252,e015,0.4291
4,252,e016,0.5082
4,252,e017,0.4551
4,252,e018,0.5138
4,252,e019,0.4788
4,252,e020,0.456
4,252,e021,0.4593
4,252,e022,0.5014
4,252,e023,0.4533
4,252,e024,0.5516
4,253,e001,0.4355
4,253,e002,0.4952
4,253,e003,0.4783
4,253,e004,0.4958
4,253,e005,0.4898
4,253,e006,0.4879
4,253,e007,0.5709
4,253,e008,0.5904
4,253,e009,0.5946
4,253,e010,0.5557
4,253,e011,0.5955
4,253,e012,0.5921
4,253,e013,0.3977
4,253,e014,0.4428
4,253,e015,0.498
4,253,e016,0.3781
4,253,e017,0.426
4,253,e018,0.3956
4,253,e019,0.4665
4,253,e020,0.399
4,253,e021,0.4565
4,253,e022,0.4357
4,253,e023,0.4785
4,253,e024,0.4537
4,254,e001,0.4028
4,254,e002,0.5044
4,254,e003,0.4104
4,254,e004,0.4135
4,254,e005,0.4147
4,254,e006,0.4266
4,254,e007,0.5947
4,254,e008,0.529
4,254,e009,0.5261
4,254,e010,0.5578
4,254,e011,0.615
4,254,e012,0.5551
4,254,e013,0.404
4,254,e014,0.4281
4,254,e015,0.3602
4,254,e016,0.4139
4,254,e017,0.4435
4,254,e018,0.3662
4,254,e019,0.3764
4,254,e020,0.4934
4,254,e021,0.4004
4,254,e022,0.4352
4,254,e023,0.4363
4,254,e024,0.47
4,255,e001,0.444
4,255,e002,0.5114
4,255,e003,0.4037
4,255,e004,0.4584
4,255,e005,0.4113
4,255,e006,0.4593
4,255,e007,0.5298
4,255,e008,0.6528
4,255,e009,0.6326
4,255,e010,0.6105
4,255,e011,0.5397
4,255,e012,0.5723
4,255,e013,0.5156
4,255,e014,0.4552
4,255,e015,0.4821
4,255,e016,0.4618
4,255,e017,0.461
4,255,e018,0.434
4,255,e019,0.4115
4,255,e020,0.4042
4,255,e021,0.4215
4,255,e022,0.4831
4,255,e023,0.4384
4,255,e024,0.5049
4,256,e001,0.4495
4,256,e002,0.4948
4,256,e003,0.4296
4,256,e004,0.4419
4,256,e005,0.5012
4,256,e006,0.5067
4,256,e007,0.5684
4,256,e008,0.5916
4,256,e009,0.6045
4,256,e010,0.6343
4,256,e011,0.5825
4,256,e012,0.5892
4,256,e013,0.4966
4,256,e014,0.4545
4,256,e015,0.4487
4,256,e016,0.4997
4,256,e017,0.4457
4,256,e018,0.4938
4,256,e019,0.4578
4,256,e020,0.4703
4,256,e021,0.479
4,256,e022,0.5091
4,256,e023,0.452
4,256,e024,0.4638
4,257,e001,0.3648
4,257,e002,0.4355
4,257,e003,0.4471
4,257,e004,0.4224
4,257,e005,0.3986
4,257,e006,0.3902
4,257,e007,0.5482
4,257,e008,0.5902
4,257,e009,0.5313
4,257,e010,0.588
4,257,e011,0.4885
4,257,e012,0.5628
4,257,e013,0.3633
4,257,e014,0.3957
4,257,e015,0.4256
4,257,e016,0.4307
4,257,e017,0.4575
4,257,e018,0.374
4,257,e019,0.4539
4,257,e020,0.4578
4,257,e021,0.4397
4,257,e022,0.4318
4,257,e023,0.4173
4,257,e024,0.3826
4,258,e001,0.4162
4,258,e002,0.4697
4,258,e003,0.4267
4,258,e004,0.4495
4,258,e005,0.4197
4,258,e006,0.4281
4,258,e007,0.5103
4,258,e008,0.5905
4,258,e009,0.5476
4,258,e010,0.5605
4,258,e011,0.5585
4,258,e012,0.4764
4,258,e013,0.4372
4,258,e014,0.412
4,258,e015,0.4131
4,258,e016,0.4043
4,258,e017,0.3819
4,258,e018,0.395
4,258,e019,0.3728
4,258,e020,0.3986
4,258,e021,0.471
4,258,e022,0.412
4,258,e023,0.4629
4,258,e024,0.3915
4,259,e001,0.3839
4,259,e002,0.4032
4,259,e003,0.4553
4,259,e004,0.4997
4,259,e005,0.4018
4,259,e006,0.4311
4,259,e007,0.5318
4,259,e008,0.5246
4,259,e009,0.6165
4,259,e010,0.4802
4,259,e011,0.5729
4,259,e012,0.5203
4,259,e013,0.4138
4,259,e014,0.4589
4,259,e015,0.423
4,259,e016,0.3966
4,259,e017,0.38
4,259,e018,0.4614
4,259,e019,0.4939
4,259,e020,0.3723
4,259,e021,0.392
4,259,e022,0.4519
4,259,e023,0.4684
4,259,e024,0.389
4,260,e001,0.4309
4,260,e002,0.3592
4,260,e003,0.4309
4,260,e004,0.4746
4,260,e005,0.4241
4,260,e006,0.4206
4,260,e007,0.5564
4,260,e008,0.5543
4,260,e009,0.582
4,260,e010,0.5656
4,260,e011,0.4869
4,260,e012,0.4923
4,260,e013,0.4048
4,260,e014,0.3659
4,260,e015,0.377
4,260,e016,0.4194
4,260,e017,0.4252
4,260,e018,0.4143
4,260,e019,0.3667
4,260,e020,0.4414
4,260,e021,0.3905
4,260,e022,0.4364
4,260,e023,0.4349
4,260,e024,0.4177
4,261,e001,0.3566
4,261,e002,0.4569
4,261,e003,0.3983
4,261,e004,0.3951
4,261,e005,0.374
4,261,e006,0.4199
4,261,e007,0.5414
4,261,e008,0.563
4,261,e009,0.5314
4,261,e010,0.5819
4,261,e011,0.5743
4,261,e012,0.492
4,261,e013,0.4011
4,261,e014,0.4562
4,261,e015,0.4105
4,261,e016,0.4178
4,261,e017,0.3822
4,261,e018,0.4075
4,261,e019,0.4569
4,261,e020,0.3855
4,261,e021,0.3815
4,261,e022,0.3511
4,261,e023,0.4045
4,261,e024,0.4475
4,262,e001,0.3811
4,262,e002,0.3626
4,262,e003,0.406
4,262,e004,0.3438
4,262,e005,0.4227
4,262,e006,0.3681
4,262,e007,0.5286
4,262,e008,0.5164
4,262,e009,0.4729
4,262,e010,0.508
4,262,e011,0.4852
4,262,e012,0.4771
4,262,e013,0.3678
4,262,e014,0.3975
4,262,e015,0.363
4,262,e016,0.4044
4,262,e017,0.4197
4,262,e018,0.4134
4,262,e019,0.4066
4,262,e020,0.3728
4,262,e021,0.3788
4,262,e022,0.3518
4,262,e023,0.3121
4,262,e024,0.3281
4,263,e001,0.3979
4,263,e002,0.4359
4,263,e003,0.4679
4,263,e004,0.4092
4,263,e005,0.421
4,263,e006,0.4163
4,263,e007,0.5517
4,263,e008,0.5878
4,263,e009,0.5903
4,263,e010,0.6087
4,263,e011,0.6377
4,263,e012,0.5187
4,263,e013,0.4135
4,263,e014,0.4156
4,263,e015,0.4518
4,263,e016,0.4026
4,263,e017,0.4296
4,263,e018,0.4055
4,263,e019,0.413
4,263,e020,0.4344
4,263,e021,0.4599
4,263,e022,0.4829
4,263,e023,0.3956
4,263,e024,0.4085
4,264,e001,0.4573
4,264,e002,0.4081
4,264,e003,0.442
4,264,e004,0.3917
4,264,e005,0.3766
4,264,e006,0.3934
4,264,e007,0.5437
4,264,e008,0.5833
4,264,e009,0.5507
4,264,e010,0.5415
4,264,e011,0.5495
4,264,e012,0.5631
4,264,e013,0.4665
4,264,e014,0.4427
4,264,e015,0.4262
4,264,e016,0.3873
4,264,e017,0.4425
4,264,e018,0.4104
4,264,e019,0.3861
4,264,e020,0.4306
4,264,e021,0.4303
4,264,e022,0.4087
4,264,e023,0.4724
4,264,e024,0.379
4,265,e001,0.4146
4,265,e002,0.4814
4,265,e003,0.4243
4,265,e004,0.3968
4,265,e005,0.3881
4,265,e006,0.4622
4,265,e007,0.5549
4,265,e008,0.5876
4,265,e009,0.5317
4,265,e010,0.6039
4,265,e011,0.5447
4,265,e012,0.4997
4,265,e013,0.4235
4,265,e014,0.3805
4,265,e015,0.3818
4,265,e016,0.4237
4,265,e017,0.4347
4,265,e018,0.4228
4,265,e019,0.4203
4,265,e020,0.3657
4,265,e021,0.3731
4,265,e022,0.3897
4,265,e023,0.436
4,265,e024,0.3711
4,266,e001,0.5106
4,266,e002,0.4137
4,266,e003,0.3893
4,266,e004,0.4407
4,266,e005,0.4741
4,266,e006,0.4326
4,266,e007,0.6293
4,266,e008,0.5719
4,266,e009,0.5477
4,266,e010,0.535
4,266,e011,0.5603
4,266,e012,0.556
4,266,e013,0.464
4,266,e014,0.3921
4,266,e015,0.4136
4,266,e016,0.4071
4,266,e017,0.5134
4,266,e018,0.4507
4,266,e019,0.4581
4,266,e020,0.4663
4,266,e021,0.4498
4,266,e022,0.3838
4,266,e023,0.4838
4,266,e024,0.4004
4,267,e001,0.3818
4,267,e002,0.4358
4,267,e003,0.437
4,267,e004,0.4012
4,267,e005,0.415
4,267,e006,0.4196
4,267,e007,0.5539
4,267,e008,0.5276
4,267,e009,0.5577
4,267,e010,0.5804
4,267,e011,0.4896
4,267,e012,0.5722
4,267,e013,0.3995
4,267,e014,0.3474
4,267,e015,0.4288
4,267,e016,0.4489
4,267,e017,0.4092
4,267,e018,0.4063
4,267,e019,0.3565
4,267,e020,0.4251
4,267,e021,0.3705
4,267,e022,0.42
4,267,e023,0.4247
4,267,e024,0.3785
4,268,e001,0.3461
4,268,e002,0.3919
4,268,e003,0.3897
4,268,e004,0.3507
4,268,e005,0.3501
4,268,e006,0.4384
4,268,e007,0.541
4,268,e008,0.5719
4,268,e009,0.4966
4,268,e010,0.5696
4,268,e011,0.5768
4,268,e012,0.5758
4,268,e013,0.4087
4,268,e014,0.4063
4,268,e015,0.3623
4,268,e016,0.447
4,268,e017,0.411
4,268,e018,0.4151
4,268,e019,0.3832
4,268,e020,0.3367
4,268,e021,0.3843
4,268,e022,0.352
4,268,e023,0.4313
4,268,e024,0.4406
4,269,e001,0.3656
4,269,e002,0.4014
4,269,e003,0.3927
4,269,e004,0.353
4,269,e005,0.3935
4,269,e006,0.4604
4,269,e007,0.5563
4,269,e008,0.5412
4,269,e009,0.5646
4,269,e010,0.5765
4,269,e011,0.5118
4,269,e012,0.5378
4,269,e013,0.4417
4,269,e014,0.388
4,269,e015,0.3746
4,269,e016,0.441
4,269,e017,0.3484
4,269,e018,0.3839
4,269,e019,0.4666
4,269,e020,0.4103
4,269,e021,0.4491
4,269,e022,0.3713
4,269,e023,0.4038
4,269,e024,0.3836
4,270,e001,0.3357
4,270,e002,0.4257
4,270,e003,0.3656
4,270,e004,0.3669
4,270,e005,0.3362
4,270,e006,0.3323
4,270,e007,0.4207
4,270,e008,0.3286
4,270,e009,0.3742
4,270,e010,0.4184
4,270,e011,0.3776
4,270,e012,0.4326
4,270,e013,0.3862
4,270,e014,0.4311
4,270,e015,0.4122
4,270,e016,0.3612
4,270,e017,0.3876
4,270,e018,0.396
4,270,e019,0.3489
4,270,e020,0.3232
4,270,e021,0.4266
4,270,e022,0.3706
4,270,e023,0.3489
4,270,e024,0.3348
4,271,e001,0.4219
4,271,e002,0.429
4,271,e003,0.4425
4,271,e004,0.3979
4,271,e005,0.4167
4,271,e006,0.4465
4,271,e007,0.4265
4,271,e008,0.426
4,271,e009,0.4236
4,271,e010,0.4291
4,271,e011,0.429
4,271,e012,0.4094
4,271,e013,0.4545
4,271,e014,0.4319
4,271,e015,0.4757
4,271,e016,0.4711
4,271,e017,0.3892
4,271,e018,0.4346
4,271,e019,0.3955
4,271,e020,0.4066
4,271,e021,0.4304
4,271,e022,0.4716
4,271,e023,0.4829
4,271,e024,0.475
4,272,e001,0.3263
4,272,e002,0.3644
4,272,e003,0.4039
4,272,e004,0.443
4,272,e005,0.4207
4,272,e006,0.4211
4,272,e007,0.3994
4,272,e008,0.3844
4,272,e009,0.4179
4,272,e010,0.4397
4,272,e011,0.3942
4,272,e012,0.4116
4,272,e013,0.3684
4,272,e014,0.41
4,272,e015,0.3447
4,272,e016,0.3947
4,272,e017,0.3727
4,272,e018,0.3525
4,272,e019,0.3362
4,272,e020,0.3638
4,272,e021,0.3842
4,272,e022,0.4191
4,272,e023,0.3901
4,272,e024,0.434
4,273,e001,0.3545
4,273,e002,0.3473
4,273,e003,0.3987
4,273,e004,0.3705
4,273,e005,0.3388
4,273,e006,0.3594
4,273,e007,0.4233
4,273,e008,0.4087
4,273,e009,0.3874
4,273,e010,0.3676
4,273,e011,0.3999
4,273,e012,0.338
4,273,e013,0.3782
4,273,e014,0.3837
4,273,e015,0.3671
4,273,e016,0.4079
4,273,e017,0.3849
4,273,e018,0.3555
4,273,e019,0.3619
4,273,e020,0.3994
4,273,e021,0.3805
4,273,e022,0.332
4,273,e023,0.364
4,273,e024,0.4135
4,274,e001,0.3705
4,274,e002,0.3549
4,274,e003,0.3329
4,274,e004,0.421
4,274,e005,0.417
4,274,e006,0.3955
4,274,e007,0.3939
4,274,e008,0.3865
4,274,e009,0.3431
4,274,e010,0.4167
4,274,e011,0.3419
4,274,e012,0.3484
4,274,e013,0.4183
4,274,e014,0.3942
4,274,e015,0.4128
4,274,e016,0.3769
4,274,e017,0.3936
4,274,e018,0.3721
4,274,e019,0.3982
4,274,e020,0.3974
4,274,e021,0.3771
4,274,e022,0.3805
4,274,e023,0.368
4,274,e024,0.4148
4,275,e001,0.3993
4,275,e002,0.3825
4,275,e003,0.4338
4,275,e004,0.3924
4,275,e005,0.4406
4,275,e006,0.3693
4,275,e007,0.3997
4,275,e008,0.4277
4,275,e009,0.3765
4,275,e010,0.4489
4,275,e011,0.3502
4,275,e012,0.4556
4,275,e013,0.4028
4,275,e014,0.3408
4,275,e015,0.4141
4,275,e016,0.4359
4,275,e017,0.3705
4,275,e018,0.3709
4,275,e019,0.4266
4,275,e020,0.3919
4,275,e021,0.4003
4,275,e022,0.4035
4,275,e023,0.4071
4,275,e024,0.376
4,276,e001,0.3841
4,276,e002,0.3589
4,276,e003,0.4151
4,276,e004,0.3816
4,276,e005,0.3574
4,276,e006,0.4266
4,276,e007,0.4181
4,276,e008,0.3835
4,276,e009,0.3783
4,276,e010,0.3221
4,276,e011,0.3609
4,276,e012,0.396
4,276,e013,0.4109
4,276,e014,0.4369
4,276,e015,0.4196
4,276,e016,0.4135
4,276,e017,0.4203
4,276,e018,0.3942
4,276,e019,0.394
4,276,e020,0.3828
4,276,e021,0.3516
4,276,e022,0.3683
4,276,e023,0.4522
4,276,e024,0.3857
4,277,e001,0.4217
4,277,e002,0.378
4,277,e003,0.378
4,277,e004,0.4248
4,277,e005,0.3741
4,277,e006,0.4469
4,277,e007,0.4116
4,277,e008,0.4107
4,277,e009,0.338
4,277,e010,0.3807
4,277,e011,0.3815
4,277,e012,0.3792
4,277,e013,0.3925
4,277,e014,0.3946
4,277,e015,0.3883
4,277,e016,0.3881
4,277,e017,0.36
4,277,e018,0.3689
4,277,e019,0.4192
4,277,e020,0.4108
4,277,e021,0.3828
4,277,e022,0.3582
4,277,e023,0.3729
4,277,e024,0.395
4,278,e001,0.4301
4,278,e002,0.3748
4,278,e003,0.3402
4,278,e004,0.3933
4,278,e005,0.3752
4,278,e006,0.3272
4,278,e007,0.4317
4,278,e008,0.3257
4,278,e009,0.3603
4,278,e010,0.3614
4,278,e011,0.3911
4,278,e012,0.3423
4,278,e013,0.4157
4,278,e014,0.3629
4,278,e015,0.3732
4,278,e016,0.3811
4,278,e017,0.3693
4,278,e018,0.3241
4,278,e019,0.3145
4,278,e020,0.4056
4,278,e021,0.4151
4,278,e022,0.2968
4,278,e023,0.3791
4,278,e024,0.3852
4,279,e001,0.3269
4,279,e002,0.3448
4,279,e003,0.3806
4,279,e004,0.4058
4,279,e005,0.3509
4,279,e006,0.3437
4,279,e007,0.4125
4,279,e008,0.356
4,279,e009,0.3481
4,279,e010,0.3707
4,279,e011,0.3516
4,279,e012,0.3797
4,279,e013,0.3187
4,279,e014,0.3416
4,279,e015,0.3032
4,279,e016,0.3257
4,279,e017,0.3308
4,279,e018,0.4044
4,279,e019,0.3442
4,279,e020,0.3316
4,279,e021,0.339
4,279,e022,0.3658
4,279,e023,0.3917
4,279,e024,0.329
4,280,e001,0.3823
4,280,e002,0.3996
4,280,e003,0.398
4,280,e004,0.4028
4,280,e005,0.3434
4,280,e006,0.3553
4,280,e007,0.34
4,280,e008,0.3677
4,280,e009,0.3463
4,280,e010,0.3627
4,280,e011,0.3118
4,280,e012,0.3803
4,280,e013,0.3562
4,280,e014,0.3414
4,280,e015,0.3602
4,280,e016,0.2799
4,280,e017,0.316
4,280,e018,0.3801
4,280,e019,0.351
4,280,e020,0.3447
4,280,e021,0.3702
4,280,e022,0.3631
4,280,e023,0.3215
4,280,e024,0.3991
4,281,e001,0.4001
4,281,e002,0.3468
4,281,e003,0.3881
4,281,e004,0.3127
4,281,e005,0.3645
4,281,e006,0.3978
4,281,e007,0.381
4,281,e008,0.354
4,281,e009,0.3198
4,281,e010,0.359
4,281,e011,0.4186
4,281,e012,0.3364
4,281,e013,0.3501
4,281,e014,0.4118
4,281,e015,0.3268
4,281,e016,0.3352
4,281,e017,0.3679
4,281,e018,0.2797
4,281,e019,0.3848
4,281,e020,0.3277
4,281,e021,0.3504
4,281,e022,0.3967
4,281,e023,0.4164
4,281,e024,0.3641
4,282,e001,0.3359
4,282,e002,0.3778
4,282,e003,0.3405
4,282,e004,0.3835
4,282,e005,0.4097
4,282,e006,0.3915
4,282,e007,0.4209
4,282,e008,0.3501
4,282,e009,0.4048
4,282,e010,0.4143
4,282,e011,0.3418
4,282,e012,0.4
4,282,e013,0.4399
4,282,e014,0.3871
4,282,e015,0.4077
4,282,e016,0.3569
4,282,e017,0.3386
4,282,e018,0.3311
4,282,e019,0.3907
4,282,e020,0.3273
4,282,e021,0.3966
4,282,e022,0.4256
4,282,e023,0.3793
4,282,e024,0.3477
4,283,e001,0.281
4,283,e002,0.3726
4,283,e003,0.3951
4,283,e004,0.282
4,283,e005,0.3876
4,283,e006,0.3554
4,283,e007,0.3643
4,283,e008,0.395
4,283,e009,0.3359
4,283,e010,0.3571
4,283,e011,0.3115
4,283,e012,0.3654
4,283,e013,0.3409
4,283,e014,0.3719
4,283,e015,0.3363
4,283,e016,0.3119
4,283,e017,0.3642
4,283,e018,0.3575
4,283,e019,0.3336
4,283,e020,0.3787
4,283,e021,0.3415
4,283,e022,0.3212
4,283,e023,0.2698
4,283,e024,0.3337
4,284,e001,0.3714
4,284,e002,0.3782
4,284,e003,0.3519
4,284,e004,0.342
4,284,e005,0.3482
4,284,e006,0.3204
4,284,e007,0.3948
4,284,e008,0.3641
4,284,e009,0.3885
4,284,e010,0.3058
4,284,e011,0.3279
4,284,e012,0.3236
4,284,e013,0.3428
4,284,e014,0.3829
4,284,e015,0.3639
4,284,e016,0.3722
4,284,e017,0.3397
4,284,e018,0.3022
4,284,e019,0.3339
4,284,e020,0.3228
4,284,e021,0.3724
4,284,e022,0.4071
4,284,e023,0.3474
4,284,e024,0.3209
4,285,e001,0.3959
4,285,e002,0.403
4,285,e003,0.3793
4,285,e004,0.4197
4,285,e005,0.3743
4,285,e006,0.3503
4,285,e007,0.3588
4,285,e008,0.3944
4,285,e009,0.3754
4,285,e010,0.3582
4,285,e011,0.3041
4,285,e012,0.429
4,285,e013,0.4138
4,285,e014,0.3966
4,285,e015,0.399
4,285,e016,0.3371
4,285,e017,0.3665
4,285,e018,0.3618
4,285,e019,0.3267
4,285,e020,0.3755
4,285,e021,0.3649
4,285,e022,0.3271
4,285,e023,0.3371
4,285,e024,0.4265
4,286,e001,0.3143
4,286,e002,0.2898
4,286,e003,0.3278
4,286,e004,0.3653
4,286,e005,0.3829
4,286,e006,0.395
4,286,e007,0.3362
4,286,e008,0.3492
4,286,e009,0.3349
4,286,e010,0.3508
4,286,e011,0.369
4,286,e012,0.3865
4,286,e013,0.4263
4,286,e014,0.3409
4,286,e015,0.382
4,286,e016,0.3905
4,286,e017,0.3373
4,286,e018,0.3736
4,286,e019,0.3507
4,286,e020,0.3656
4,286,e021,0.3624
4,286,e022,0.4282
4,286,e023,0.3974
4,286,e024,0.3863
4,287,e001,0.3778
4,287,e002,0.3439
4,287,e003,0.3067
4,287,e004,0.3811
4,287,e005,0.4002
4,287,e006,0.3685
4,287,e007,0.4031
4,287,e008,0.302
4,287,e009,0.3454
4,287,e010,0.3651
4,287,e011,0.3848
4,287,e012,0.4182
4,287,e013,0.3596
4,287,e014,0.3319
4,287,e015,0.3147
4,287,e016,0.3521
4,287,e017,0.3739
4,287,e018,0.3338
4,287,e019,0.3701
4,287,e020,0.3866
4,287,e021,0.3955
4,287,e022,0.3857
4,287,e023,0.3976
4,287,e024,0.4139
4,288,e001,0.3215
4,288,e002,0.3463
4,288,e003,0.3824
4,288,e004,0.2896
4,288,e005,0.3322
4,288,e006,0.3449
4,288,e007,0.3793
4,288,e008,0.354
4,288,e009,0.3647
4,288,e010,0.348
4,288,e011,0.3119
4,288,e012,0.3284
4,288,e013,0.3354
4,288,e014,0.3265
4,288,e015,0.2686
4,288,e016,0.3641
4,288,e017,0.3147
4,288,e018,0.3586
4,288,e019,0.3272
4,288,e020,0.3159
4,288,e021,0.2804
4,288,e022,0.3095
4,288,e023,0.3839
4,288,e024,0.4019
4,289,e001,0.3834
4,289,e002,0.396
4,289,e003,0.3348
4,289,e004,0.4032
4,289,e005,0.429
4,289,e006,0.3434
4,289,e007,0.3749
4,289,e008,0.3696
4,289,e009,0.3605
4,289,e010,0.3452
4,289,e011,0.3288
4,289,e012,0.3333
4,289,e013,0.3929
4,289,e014,0.3348
4,289,e015,0.3476
4,289,e016,0.3607
4,289,e017,0.3673
4,289,e018,0.3695
4,289,e019,0.3292
4,289,e020,0.3489
4,289,e021,0.3507
4,289,e022,0.3881
4,289,e023,0.3711
4,289,e024,0.383
4,290,e001,0.3686
4,290,e002,0.3213
4,290,e003,0.2717
4,290,e004,0.3678
4,290,e005,0.2914
4,290,e006,0.3384
4,290,e007,0.2997
4,290,e008,0.3283
4,290,e009,0.3261
4,290,e010,0.3377
4,290,e011,0.3695
4,290,e012,0.3003
4,290,e013,0.3093
4,290,e014,0.2639
4,290,e015,0.3546
4,290,e016,0.3257
4,290,e017,0.312
4,290,e018,0.3234
4,290,e019,0.3201
4,290,e020,0.318
4,290,e021,0.2898
4,290,e022,0.3626
4,290,e023,0.3854
4,290,e024,0.3047
4,291,e001,0.3497
4,291,e002,0.3495
4,291,e003,0.3355
4,291,e004,0.2934
4,291,e005,0.2879
4,291,e006,0.35
4,291,e007,0.3396
4,291,e008,0.2797
4,291,e009,0.3546
4,291,e010,0.3707
4,291,e011,0.3276
4,291,e012,0.2776
4,291,e013,0.3406
4,291,e014,0.3753
4,291,e015,0.261
4,291,e016,0.3621
4,291,e017,0.3808
4,291,e018,0.3347
4,291,e019,0.3365
4,291,e020,0.3471
4,291,e021,0.3055
4,291,e022,0.3581
4,291,e023,0.3221
4,291,e024,0.3238
4,292,e001,0.2936
4,292,e002,0.3341
4,292,e003,0.3873
4,292,e004,0.3465
4,292,e005,0.2995
4,292,e006,0.3804
4,292,e007,0.3551
4,292,e008,0.3287
4,292,e009,0.3267
4,292,e010,0.2928
4,292,e011,0.355
4,292,e012,0.3936
4,292,e013,0.3636
4,292,e014,0.3769
4,292,e015,0.3977
4,292,e016,0.3022
4,292,e017,0.3059
4,292,e018,0.3898
4,292,e019,0.3587
4,292,e020,0.3224
4,292,e021,0.3004
4,292,e022,0.2957
4,292,e023,0.3686
4,292,e024,0.3791
4,293,e001,0.3389
4,293,e002,0.3286
4,293,e003,0.3651
4,293,e004,0.3593
4,293,e005,0.2717
4,293,e006,0.3257
4,293,e007,0.4104
4,293,e008,0.3024
4,293,e009,0.357
4,293,e010,0.4093
4,293,e011,0.317
4,293,e012,0.3137
4,293,e013,0.3772
4,293,e014,0.339
4,293,e015,0.3284
4,293,e016,0.3734
4,293,e017,0.3429
4,293,e018,0.3493
4,293,e019,0.3306
4,293,e020,0.3948
4,293,e021,0.422
4,293,e022,0.3198
4,293,e023,0.3824
4,293,e024,0.3537
4,294,e001,0.3291
4,294,e002,0.3423
4,294,e003,0.315
4,294,e004,0.3714
4,294,e005,0.3049
4,294,e006,0.3446
4,294,e007,0.3433
4,294,e008,0.3251
4,294,e009,0.372
4,294,e010,0.3121
4,294,e011,0.2947
4,294,e012,0.2963
4,294,e013,0.3637
4,294,e014,0.342
4,294,e015,0.2996
4,294,e016,0.3313
4,294,e017,0.3288
4,294,e018,0.3749
4,294,e019,0.3157
4,294,e020,0.3297
4,294,e021,0.3319
4,294,e022,0.3131
4,294,e023,0.2694
4,294,e024,0.3336
4,295,e001,0.3219
4,295,e002,0.3473
4,295,e003,0.3268
4,295,e004,0.3579
4,295,e005,0.332
4,295,e006,0.3131
4,295,e007,0.3235
4,295,e008,0.3621
4,295,e009,0.3984
4,295,e010,0.3413
4,295,e011,0.3552
4,295,e012,0.3292
4,295,e013,0.3511
4,295,e014,0.379
4,295,e015,0.3697
4,295,e016,0.3851
4,295,e017,0.3094
4,295,e018,0.3116
4,295,e019,0.3705
4,295,e020,0.3263
4,295,e021,0.3161
4,295,e022,0.3552
4,295,e023,0.3333
4,295,e024,0.3371
4,296,e001,0.3516
4,296,e002,0.3067
4,296,e003,0.3184
4,296,e004,0.2837
4,296,e005,0.3333
4,296,e006,0.3106
4,296,e007,0.2994
4,296,e008,0.3169
4,296,e009,0.2592
4,296,e010,0.2818
4,296,e011,0.2671
4,296,e012,0.2726
4,296,e013,0.3607
4,296,e014,0.255
4,296,e015,0.3602
4,296,e016,0.2728
4,296,e017,0.3036
4,296,e018,0.2821
4,296,e019,0.29
4,296,e020,0.323
4,296,e021,0.3147
4,296,e022,0.2926
4,296,e023,0.3173
4,296,e024,0.2899
4,297,e001,0.3262
4,297,e002,0.3539
4,297,e003,0.3952
4,297,e004,0.3468
4,297,e005,0.3074
4,297,e006,0.3378
4,297,e007,0.3657
4,297,e008,0.397
4,297,e009,0.3563
4,297,e010,0.3365
4,297,e011,0.3472
4,297,e012,0.3324
4,297,e013,0.3419
4,297,e014,0.2997
4,297,e015,0.3723
4,297,e016,0.3314
4,297,e017,0.4097
4,297,e018,0.3579
4,297,e019,0.356
4,297,e020,0.306
4,297,e021,0.3514
4,297,e022,0.3251
4,297,e023,0.3907
4,297,e024,0.3995
4,298,e001,0.3286
4,298,e002,0.3841
4,298,e003,0.3507
4,298,e004,0.3191
4,298,e005,0.3072
4,298,e006,0.3773
4,298,e007,0.3236
4,298,e008,0.3546
4,298,e009,0.3202
4,298,e010,0.3796
4,298,e011,0.3708
4,298,e012,0.3043
4,298,e013,0.3467
4,298,e014,0.377
4,298,e015,0.3729
4,298,e016,0.3932
4,298,e017,0.3472
4,298,e018,0.315
4,298,e019,0.3504
4,298,e020,0.3907
4,298,e021,0.3648
4,298,e022,0.3311
4,298,e023,0.3363
4,298,e024,0.3408
4,299,e001,0.3104
4,299,e002,0.3607
4,299,e003,0.3185
4,299,e004,0.3242
4,299,e005,0.2998
4,299,e006,0.2948
4,299,e007,0.2904
4,299,e008,0.3253
4,299,e009,0.3388
4,299,e010,0.2963
4,299,e011,0.2882
4,299,e012,0.2925
4,299,e013,0.3144
4,299,e014,0.3552
4,299,e015,0.3266
4,299,e016,0.3102
4,299,e017,0.377
4,299,e018,0.3154
4,299,e019,0.3736
4,299,e020,0.3469
4,299,e021,0.349
4,299,e022,0.2594
4,299,e023,0.3159
4,299,e024,0.3689
4,300,e001,0.2737
4,300,e002,0.392
4,300,e003,0.349
4,300,e004,0.328
4,300,e005,0.3647
4,300,e006,0.3018
4,300,e007,0.3917
4,300,e008,0.3151
4,300,e009,0.3007
4,300,e010,0.3475
4,300,e011,0.3007
4,300,e012,0.3746
4,300,e013,0.3708
4,300,e014,0.3079
4,300,e015,0.3684
4,300,e016,0.3645
4,300,e017,0.2972
4,300,e018,0.3631
4,300,e019,0.3316
4,300,e020,0.3159
4,300,e021,0.3546
4,300,e022,0.3573
4,300,e023,0.3006
4,300,e024,0.3347
4,301,e001,0.332
4,301,e002,0.3456
4,301,e003,0.4062
4,301,e004,0.2827
4,301,e005,0.3806
4,301,e006,0.4295
4,301,e007,0.3912
4,301,e008,0.3372
4,301,e009,0.3233
4,301,e010,0.3664
4,301,e011,0.3461
4,301,e012,0.3919
4,301,e013,0.3595
4,301,e014,0.2949
4,301,e015,0.3872
4,301,e016,0.3801
4,301,e017,0.3441
4,301,e018,0.4007
4,301,e019,0.3565
4,301,e020,0.3521
4,301,e021,0.407
4,301,e022,0.3586
4,301,e023,0.3742
4,301,e024,0.3283
4,302,e001,0.3699
4,302,e002,0.3786
4,302,e003,0.2973
4,302,e004,0.2982
4,302,e005,0.3691
4,302,e006,0.363
4,302,e007,0.3515
4,302,e008,0.2885
4,302,e009,0.3552
4,302,e010,0.3661
4,302,e011,0.3178
4,302,e012,0.3104
4,302,e013,0.4003
4,302,e014,0.3439
4,302,e015,0.2606
4,302,e016,0.3257
4,302,e017,0.3424
4,302,e018,0.3131
4,302,e019,0.3407
4,302,e020,0.3773
4,302,e021,0.3076
4,302,e022,0.3409
4,302,e023,0.3601
4,302,e024,0.3932
4,303,e001,0.351
4,303,e002,0.3279
4,303,e003,0.3196
4,303,e004,0.3212
4,303,e005,0.3674
4,303,e006,0.3372
4,303,e007,0.3703
4,303,e008,0.3247
4,303,e009,0.3062
4,303,e010,0.3414
4,303,e011,0.3024
4,303,e012,0.3485
4,303,e013,0.3366
4,303,e014,0.3702
4,303,e015,0.3288
4,303,e016,0.3467
4,303,e017,0.3683
4,303,e018,0.3311
4,303,e019,0.3162
4,303,e020,0.3063
4,303,e021,0.3083
4,303,e022,0.2909
4,303,e023,0.3898
4,303,e024,0.3558
4,304,e001,0.2805
4,304,e002,0.3415
4,304,e003,0.3266
4,304,e004,0.2451
4,304,e005,0.3144
4,304,e006,0.274
4,304,e007,0.3029
4,304,e008,0.2595
4,304,e009,0.2848
4,304,e010,0.348
4,304,e011,0.3263
4,304,e012,0.26
4,304,e013,0.3203
4,304,e014,0.3089
4,304,e015,0.2947
4,304,e016,0.2852
4,304,e017,0.3432
4,304,e018,0.259
4,304,e019,0.3583
4,304,e020,0.3048
4,304,e021,0.3474
4,304,e022,0.3362
4,304,e023,0.2599
4,304,e024,0.3538
4,305,e001,0.3263
4,305,e002,0.3529
4,305,e003,0.313
4,305,e004,0.3552
4,305,e005,0.3008
4,305,e006,0.3141
4,305,e007,0.3341
4,305,e008,0.3424
4,305,e009,0.3024
4,305,e010,0.2963
4,305,e011,0.3617
4,305,e012,0.348
4,305,e013,0.36
4,305,e014,0.3547
4,305,e015,0.343
4,305,e016,0.3389
4,305,e017,0.3236
4,305,e018,0.3391
4,305,e019,0.2825
4,305,e020,0.3593
4,305,e021,0.3129
4,305,e022,0.342
4,305,e023,0.3165
4,305,e024,0.3413
4,306,e001,0.2788
4,306,e002,0.3329
4,306,e003,0.3549
4,306,e004,0.3419
4,306,e005,0.3309
4,306,e006,0.2739
4,306,e007,0.3132
4,306,e008,0.3017
4,306,e009,0.3027
4,306,e010,0.2941
4,306,e011,0.2535
4,306,e012,0.3613
4,306,e013,0.33
4,306,e014,0.3452
4,306,e015,0.3338
4,306,e016,0.3601
4,306,e017,0.344
4,306,e018,0.3499
4,306,e019,0.3227
4,306,e020,0.2788
4,306,e021,0.2695
4,306,e022,0.3167
4,306,e023,0.3018
4,306,e024,0.3389
4,307,e001,0.2789
4,307,e002,0.2819
4,307,e003,0.2835
4,307,e004,0.354
4,307,e005,0.3229
4,307,e006,0.3828
4,307,e007,0.3085
4,307,e008,0.3756
4,307,e009,0.286
4,307,e010,0.336
4,307,e011,0.2783
4,307,e012,0.2901
4,307,e013,0.3354
4,307,e014,0.3339
4,307,e015,0.2879
4,307,e016,0.3437
4,307,e017,0.3308
4,307,e018,0.3179
4,307,e019,0.2553
4,307,e020,0.3455
4,307,e021,0.3393
4,307,e022,0.2984
4,307,e023,0.3406
4,307,e024,0.3644
4,308,e001,0.3247
4,308,e002,0.2894
4,308,e003,0.2656
4,308,e004,0.2922
4,308,e005,0.3219
4,308,e006,0.284
4,308,e007,0.2991
4,308,e008,0.3175
4,308,e009,0.2706
4,308,e010,0.266
4,308,e011,0.2633
4,308,e012,0.2564
4,308,e013,0.2394
4,308,e014,0.3688
4,308,e015,0.3218
4,308,e016,0.29
4,308,e017,0.3262
4,308,e018,0.2434
4,308,e019,0.2915
4,308,e020,0.2343
4,308,e021,0.2816
4,308,e022,0.3188
4,308,e023,0.3289
4,308,e024,0.2646
4,309,e001,0.3383
4,309,e002,0.3489
4,309,e003,0.3103
4,309,e004,0.3709
4,309,e005,0.3816
4,309,e006,0.3474
4,309,e007,0.3664
4,309,e008,0.3006
4,309,e009,0.3655
4,309,e010,0.2941
4,309,e011,0.3568
4,309,e012,0.2659
4,309,e013,0.3377
4,309,e014,0.3064
4,309,e015,0.353
4,309,e016,0.2635
4,309,e017,0.3002
4,309,e018,0.2852
4,309,e019,0.3055
4,309,e020,0.3554
4,309,e021,0.3072
4,309,e022,0.3334
4,309,e023,0.2916
4,309,e024,0.3078
4,310,e001,0.3277
4,310,e002,0.3208
4,310,e003,0.3264
4,310,e004,0.3143
4,310,e005,0.3522
4,310,e006,0.2848
4,310,e007,0.3274
4,310,e008,0.3801
4,310,e009,0.3408
4,310,e010,0.2796
4,310,e011,0.2864
4,310,e012,0.3134
4,310,e013,0.3068
4,310,e014,0.3425
4,310,e015,0.3453
4,310,e016,0.2664
4,310,e017,0.3203
4,310,e018,0.2674
4,310,e019,0.2925
4,310,e020,0.3684
4,310,e021,0.2853
4,310,e022,0.3763
4,310,e023,0.3431
4,310,e024,0.3469
4,311,e001,0.2657
4,311,e002,0.3387
4,311,e003,0.2911
4,311,e004,0.2712
4,311,e005,0.3109
4,311,e006,0.3223
4,311,e007,0.2514
4,311,e008,0.2998
4,311,e009,0.3239
4,311,e010,0.2508
4,311,e011,0.2823
4,311,e012,0.3116
4,311,e013,0.3005
4,311,e014,0.3236
4,311,e015,0.2598
4,311,e016,0.2709
4,311,e017,0.2711
4,311,e018,0.3486
4,311,e019,0.2272
4,311,e020,0.2621
4,311,e021,0.2688
4,311,e022,0.2559
4,311,e023,0.2142
4,311,e024,0.3087
4,312,e001,0.251
4,312,e002,0.2916
4,312,e003,0.3189
4,312,e004,0.2686
4,312,e005,0.3122
4,312,e006,0.2627
4,312,e007,0.2841
4,312,e008,0.282
4,312,e009,0.3131
4,312,e010,0.2839
4,312,e011,0.268
4,312,e012,0.2803
4,312,e013,0.3018
4,312,e014,0.2626
4,312,e015,0.2649
4,312,e016,0.2836
4,312,e017,0.2598
4,312,e018,0.3029
4,312,e019,0.2436
4,312,e020,0.2942
4,312,e021,0.3073
4,312,e022,0.286
4,312,e023,0.3162
4,312,e024,0.2756
4,313,e001,0.2967
4,313,e002,0.2927
4,313,e003,0.3651
4,313,e004,0.2913
4,313,e005,0.2746
4,313,e006,0.3042
4,313,e007,0.3346
4,313,e008,0.2831
4,313,e009,0.3131
4,313,e010,0.2858
4,313,e011,0.2733
4,313,e012,0.3128
4,313,e013,0.2869
4,313,e014,0.3156
4,313,e015,0.3044
4,313,e016,0.2842
4,313,e017,0.3713
4,313,e018,0.3434
4,313,e019,0.3133
4,313,e020,0.2856
4,313,e021,0.2889
4,313,e022,0.2741
4,313,e023,0.2671
4,313,e024,0.3103
4,314,e001,0.3127
4,314,e002,0.3669
4,314,e003,0.3937
4,314,e004,0.3303
4,314,e005,0.3596
4,314,e006,0.3657
4,314,e007,0.282
4,314,e008,0.2985
4,314,e009,0.3399
4,314,e010,0.3138
4,314,e011,0.3542
4,314,e012,0.3403
4,314,e013,0.3188
4,314,e014,0.3106
4,314,e015,0.3187
4,314,e016,0.3228
4,314,e017,0.3197
4,314,e018,0.3931
4,314,e019,0.2938
4,314,e020,0.365
4,314,e021,0.295
4,314,e022,0.3437
4,314,e023,0.3502
4,314,e024,0.296
4,315,e001,0.3892
4,315,e002,0.3648
4,315,e003,0.3993
4,315,e004,0.3143
4,315,e005,0.3793
4,315,e006,0.3874
4,315,e007,0.3585
4,315,e008,0.3806
4,315,e009,0.3514
4,315,e010,0.3033
4,315,e011,0.3745
4,315,e012,0.3008
4,315,e013,0.3683
4,315,e014,0.3373
4,315,e015,0.3074
4,315,e016,0.3951
4,315,e017,0.3056
4,315,e018,0.3451
4,315,e019,0.3434
4,315,e020,0.3039
4,315,e021,0.4101
4,315,e022,0.3375
4,315,e023,0.402
4,315,e024,0.4045
4,316,e001,0.2931
4,316,e002,0.2832
4,316,e003,0.2575
4,316,e004,0.2745
4,316,e005,0.3013
4,316,e006,0.3453
4,316,e007,0.3186
4,316,e008,0.2966
4,316,e009,0.281
4,316,e010,0.331
4,316,e011,0.3025
4,316,e012,0.2922
4,316,e013,0.3392
4,316,e014,0.2869
4,316,e015,0.3712
4,316,e016,0.3643
4,316,e017,0.314
4,316,e018,0.3303
4,316,e019,0.3187
4,316,e020,0.3187
4,316,e021,0.3547
4,316,e022,0.3151
4,316,e023,0.3625
4,316,e024,0.2922
4,317,e001,0.3108
4,317,e002,0.3851
4,317,e003,0.3946
4,317,e004,0.3942
4,317,e005,0.3627
4,317,e006,0.3722
4,317,e007,0.4143
4,317,e008,0.2934
4,317,e009,0.4029
4,317,e010,0.3476
4,317,e011,0.3704
4,317,e012,0.3056
4,317,e013,0.4073
4,317,e014,0.3414
4,317,e015,0.3261
4,317,e016,0.385
4,317,e017,0.3082
4,317,e018,0.3091
4,317,e019,0.3134
4,317,e020,0.3084
4,317,e021,0.341
4,317,e022,0.3849
4,317,e023,0.3629
4,317,e024,0.315
4,318,e001,0.3264
4,318,e002,0.3165
4,318,e003,0.3138
4,318,e004,0.3255
4,318,e005,0.3329
4,318,e006,0.2964
4,318,e007,0.2745
4,318,e008,0.3482
4,318,e009,0.2716
4,318,e010,0.266
4,318,e011,0.3392
4,318,e012,0.3002
4,318,e013,0.2416
4,318,e014,0.3253
4,318,e015,0.3185
4,318,e016,0.3215
4,318,e017,0.2697
4,318,e018,0.2766
4,318,e019,0.2729
4,318,e020,0.3411
4,318,e021,0.3346
4,318,e022,0.334
4,318,e023,0.257
4,318,e024,0.2751
4,319,e001,0.296
4,319,e002,0.2803
4,319,e003,0.3241
4,319,e004,0.3602
4,319,e005,0.2681
4,319,e006,0.3133
4,319,e007,0.3288
4,319,e008,0.2489
4,319,e009,0.2988
4,319,e010,0.3143
4,319,e011,0.3545
4,319,e012,0.2959
4,319,e013,0.2874
4,319,e014,0.3333
4,319,e015,0.366
4,319,e016,0.2719
4,319,e017,0.294
4,319,e018,0.2737
4,319,e019,0.35
4,319,e020,0.3159
4,319,e021,0.2725
4,319,e022,0.2556
4,319,e023,0.3069
4,319,e024,0.2713
4,320,e001,0.2986
4,320,e002,0.2808
4,320,e003,0.2939
4,320,e004,0.2835
4,320,e005,0.2815
4,320,e006,0.3217
4,320,e007,0.2985
4,320,e008,0.2519
4,320,e009,0.2874
4,320,e010,0.2635
4,320,e011,0.3515
4,320,e012,0.3038
4,320,e013,0.2594
4,320,e014,0.3062
4,320,e015,0.3208
4,320,e016,0.2794
4,320,e017,0.2322
4,320,e018,0.3097
4,320,e019,0.2725
4,320,e020,0.3149
4,320,e021,0.2591
4,320,e022,0.3583
4,320,e023,0.2983
4,320,e024,0.2475
4,321,e001,0.2841
4,321,e002,0.3011
4,321,e003,0.3215
4,321,e004,0.2623
4,321,e005,0.3499
4,321,e006,0.3203
4,321,e007,0.2614
4,321,e008,0.2647
4,321,e009,0.3335
4,321,e010,0.3289
4,321,e011,0.3048
4,321,e012,0.2704
4,321,e013,0.3637
4,321,e014,0.2624
4,321,e015,0.2765
4,321,e016,0.3317
4,321,e017,0.2588
4,321,e018,0.2814
4,321,e019,0.3335
4,321,e020,0.2615
4,321,e021,0.3471
4,321,e022,0.3576
4,321,e023,0.3458
4,321,e024,0.2348
4,322,e001,0.3569
4,322,e002,0.2357
4,322,e003,0.2954
4,322,e004,0.341
4,322,e005,0.2911
4,322,e006,0.2995
4,322,e007,0.2564
4,322,e008,0.3305
4,322,e009,0.3362
4,322,e010,0.3275
4,322,e011,0.3079
4,322,e012,0.2588
4,322,e013,0.3779
4,322,e014,0.2718
4,322,e015,0.3155
4,322,e016,0.3182
4,322,e017,0.3193
4,322,e018,0.3477
4,322,e019,0.31
4,322,e020,0.2976
4,322,e021,0.3515
4,322,e022,0.3219
4,322,e023,0.3305
4,322,e024,0.2882
4,323,e001,0.4242
4,323,e002,0.3701
4,323,e003,0.3539
4,323,e004,0.4166
4,323,e005,0.3135
4,323,e006,0.3441
4,323,e007,0.3415
4,323,e008,0.3802
4,323,e009,0.3568
4,323,e010,0.3792
4,323,e011,0.3634
4,323,e012,0.3548
4,323,e013,0.4092
4,323,e014,0.3552
4,323,e015,0.2985
4,323,e016,0.3078
4,323,e017,0.2629
4,323,e018,0.3492
4,323,e019,0.3253
4,323,e020,0.3376
4,323,e021,0.3372
4,323,e022,0.3904
4,323,e023,0.4049
4,323,e024,0.2859
4,324,e001,0.2733
4,324,e002,0.3673
4,324,e003,0.2689
4,324,e004,0.3538
4,324,e005,0.2953
4,324,e006,0.3676
4,324,e007,0.3227
4,324,e008,0.3671
4,324,e009,0.3387
4,324,e010,0.3112
4,324,e011,0.3301
4,324,e012,0.2514
4,324,e013,0.3609
4,324,e014,0.3103
4,324,e015,0.3465
4,324,e016,0.2533
4,324,e017,0.2804
4,324,e018,0.3386
4,324,e019,0.3183
4,324,e020,0.3596
4,324,e021,0.2974
4,324,e022,0.3259
4,324,e023,0.2979
4,324,e024,0.2977
4,325,e001,0.3256
4,325,e002,0.3064
4,325,e003,0.3991
4,325,e004,0.3131
4,325,e005,0.3449
4,325,e006,0.353
4,325,e007,0.3674
4,325,e008,0.3294
4,325,e009,0.3491
4,325,e010,0.3292
4,325,e011,0.3129
4,325,e012,0.3305
4,325,e013,0.2678
4,325,e014,0.3527
4,325,e015,0.3451
4,325,e016,0.3141
4,325,e017,0.3256
4,325,e018,0.3572
4,325,e019,0.3346
4,325,e020,0.3106
4,325,e021,0.3369
4,325,e022,0.3825
4,325,e023,0.3281
4,325,e024,0.3263
4,326,e001,0.3164
4,326,e002,0.2376
4,326,e003,0.2827
4,326,e004,0.2375
4,326,e005,0.3222
4,326,e006,0.2533
4,326,e007,0.3269
4,326,e008,0.3239
4,326,e009,0.2626
4,326,e010,0.3449
4,326,e011,0.3414
4,326,e012,0.2383
4,326,e013,0.2933
4,326,e014,0.2979
4,326,e015,0.3366
4,326,e016,0.2925
4,326,e017,0.3578
4,326,e018,0.2804
4,326,e019,0.3122
4,326,e020,0.3381
4,326,e021,0.2499
4,326,e022,0.2604
4,326,e023,0.2699
4,326,e024,0.2613
4,327,e001,0.2933
4,327,e002,0.3264
4,327,e003,0.3387
4,327,e004,0.2827
4,327,e005,0.3334
4,327,e006,0.2953
4,327,e007,0.3047
4,327,e008,0.3559
4,327,e009,0.3145
4,327,e010,0.3502
4,327,e011,0.3016
4,327,e012,0.3156
4,327,e013,0.3726
4,327,e014,0.2772
4,327,e015,0.2945
4,327,e016,0.3261
4,327,e017,0.3692
4,327,e018,0.2963
4,327,e019,0.3433
4,327,e020,0.3363
4,327,e021,0.3585
4,327,e022,0.2886
4,327,e023,0.3515
4,327,e024,0.332
4,328,e001,0.3653
4,328,e002,0.3504
4,328,e003,0.3254
4,328,e004,0.3048
4,328,e005,0.3272
4,328,e006,0.3469
4,328,e007,0.3943
4,328,e008,0.3286
4,328,e009,0.2662
4,328,e010,0.3731
4,328,e011,0.2914
4,328,e012,0.3586
4,328,e013,0.3151
4,328,e014,0.3434
4,328,e015,0.2818
4,328,e016,0.336
4,328,e017,0.3459
4,328,e018,0.3513
4,328,e019,0.3796
4,328,e020,0.347
4,328,e021,0.3228
4,328,e022,0.2865
4,328,e023,0.2968
4,328,e024,0.2945
4,329,e001,0.2614
4,329,e002,0.307
4,329,e003,0.2754
4,329,e004,0.3662
4,329,e005,0.3139
4,329,e006,0.3366
4,329,e007,0.3727
4,329,e008,0.3081
4,329,e009,0.3209
4,329,e010,0.2855
4,329,e011,0.2671
4,329,e012,0.3607
4,329,e013,0.3411
4,329,e014,0.339
4,329,e015,0.2921
4,329,e016,0.2983
4,329,e017,0.3072
4,329,e018,0.3666
4,329,e019,0.3103
4,329,e020,0.3524
4,329,e021,0.2919
4,329,e022,0.3487
4,329,e023,0.3481
4,329,e024,0.3286
4,330,e001,0.3583
4,330,e002,0.3433
4,330,e003,0.3401
4,330,e004,0.3149
4,330,e005,0.3644
4,330,e006,0.3013
4,330,e007,0.3315
4,330,e008,0.3399
4,330,e009,0.3371
4,330,e010,0.3633
4,330,e011,0.3119
4,330,e012,0.2943
4,330,e013,0.2839
4,330,e014,0.3065
4,330,e015,0.3176
4,330,e016,0.3622
4,330,e017,0.266
4,330,e018,0.3431
4,330,e019,0.268
4,330,e020,0.2907
4,330,e021,0.337
4,330,e022,0.3179
4,330,e023,0.3455
4,330,e024,0.3277
4,331,e001,0.3397
4,331,e002,0.3121
4,331,e003,0.3156
4,331,e004,0.311
4,331,e005,0.3094
4,331,e006,0.3775
4,331,e007,0.3461
4,331,e008,0.3155
4,331,e009,0.3225
4,331,e010,0.355
4,331,e011,0.2995
4,331,e012,0.2875
4,331,e013,0.3848
4,331,e014,0.3355
4,331,e015,0.3524
4,331,e016,0.3455
4,331,e017,0.2798
4,331,e018,0.3248
4,331,e019,0.3713
4,331,e020,0.3067
4,331,e021,0.3438
4,331,e022,0.2803
4,331,e023,0.3162
4,331,e024,0.2922
4,332,e001,0.3149
4,332,e002,0.3333
4,332,e003,0.3529
4,332,e004,0.3209
4,332,e005,0.3894
4,332,e006,0.3767
4,332,e007,0.3111
4,332,e008,0.2764
4,332,e009,0.3139
4,332,e010,0.3346
4,332,e011,0.3424
4,332,e012,0.2984
4,332,e013,0.395
4,332,e014,0.3
4,332,e015,0.344
4,332,e016,0.2889
4,332,e017,0.3595
4,332,e018,0.3332
4,332,e019,0.3775
4,332,e020,0.4
4,332,e021,0.3169
4,332,e022,0.3055
4,332,e023,0.3517
4,332,e024,0.3177
4,333,e001,0.3641
4,333,e002,0.3816
4,333,e003,0.3528
4,333,e004,0.4056
4,333,e005,0.3605
4,333,e006,0.3089
4,333,e007,0.3689
4,333,e008,0.4106
4,333,e009,0.3337
4,333,e010,0.3439
4,333,e011,0.3488
4,333,e012,0.3277
4,333,e013,0.3886
4,333,e014,0.3813
4,333,e015,0.3398
4,333,e016,0.3661
4,333,e017,0.2962
4,333,e018,0.3423
4,333,e019,0.323
4,333,e020,0.3909
4,333,e021,0.3629
4,333,e022,0.3202
4,333,e023,0.3679
4,333,e024,0.3196
4,334,e001,0.3248
4,334,e002,0.3482
4,334,e003,0.3475
4,334,e004,0.3931
4,334,e005,0.3665
4,334,e006,0.3536
4,334,e007,0.3203
4,334,e008,0.3748
4,334,e009,0.3867
4,334,e010,0.3515
4,334,e011,0.3688
4,334,e012,0.329
4,334,e013,0.2865
4,334,e014,0.2926
4,334,e015,0.2871
4,334,e016,0.3115
4,334,e017,0.3666
4,334,e018,0.3188
4,334,e019,0.3311
4,334,e020,0.3038
4,334,e021,0.3647
4,334,e022,0.296
4,334,e023,0.3117
4,334,e024,0.2884
4,335,e001,0.3426
4,335,e002,0.4063
4,335,e003,0.3014
4,335,e004,0.423
4,335,e005,0.3571
4,335,e006,0.3651
4,335,e007,0.3632
4,335,e008,0.3625
4,335,e009,0.3882
4,335,e010,0.3465
4,335,e011,0.3773
4,335,e012,0.3122
4,335,e013,0.3525
4,335,e014,0.4226
4,335,e015,0.3329
4,335,e016,0.3488
4,335,e017,0.3513
4,335,e018,0.3805
4,335,e019,0.3332
4,335,e020,0.3299
4,335,e021,0.309
4,335,e022,0.3498
4,335,e023,0.3442
4,335,e024,0.3304
4,336,e001,0.3449
4,336,e002,0.3248
4,336,e003,0.3831
4,336,e004,0.3773
4,336,e005,0.3107
4,336,e006,0.3295
4,336,e007,0.322
4,336,e008,0.3136
4,336,e009,0.3383
4,336,e010,0.3369
4,336,e011,0.3709
4,336,e012,0.3065
4,336,e013,0.3263
4,336,e014,0.331
4,336,e015,0.3714
4,336,e016,0.2984
4,336,e017,0.3148
4,336,e018,0.3042
4,336,e019,0.2893
4,336,e020,0.3793
4,336,e021,0.4023
4,336,e022,0.344
4,336,e023,0.3223
4,336,e024,0.401
4,337,e001,0.3438
4,337,e002,0.3713
4,337,e003,0.3053
4,337,e004,0.3845
4,337,e005,0.3013
4,337,e006,0.3541
4,337,e007,0.3836
4,337,e008,0.3971
4,337,e009,0.3433
4,337,e010,0.36
4,337,e011,0.3167
4,337,e012,0.3284
4,337,e013,0.3095
4,337,e014,0.3748
4,337,e015,0.3424
4,337,e016,0.3773
4,337,e017,0.3179
4,337,e018,0.3683
4,337,e019,0.3827
4,337,e020,0.3637
4,337,e021,0.3869
4,337,e022,0.3231
4,337,e023,0.3993
4,337,e024,0.3747
4,338,e001,0.3444
4,338,e002,0.3337
4,338,e003,0.3965
4,338,e004,0.3797
4,338,e005,0.3599
4,338,e006,0.3842
4,338,e007,0.4151
4,338,e008,0.3515
4,338,e009,0.406
4,338,e010,0.3035
4,338,e011,0.3523
4,338,e012,0.3295
4,338,e013,0.3985
4,338,e014,0.3147
4,338,e015,0.3979
4,338,e016,0.3302
4,338,e017,0.4048
4,338,e018,0.3349
4,338,e019,0.3598
4,338,e020,0.3439
4,338,e021,0.3201
4,338,e022,0.3301
4,338,e023,0.3706
4,338,e024,0.3123
4,339,e001,0.3096
4,339,e002,0.3394
4,339,e003,0.3969
4,339,e004,0.3999
4,339,e005,0.3013
4,339,e006,0.3657
4,339,e007,0.4004
4,339,e008,0.3632
4,339,e009,0.3899
4,339,e010,0.3556
4,339,e011,0.3882
4,339,e012,0.373
4,339,e013,0.3531
4,339,e014,0.39
4,339,e015,0.3423
4,339,e016,0.2978
4,339,e017,0.3512
4,339,e018,0.3688
4,339,e019,0.3608
4,339,e020,0.4203
4,339,e021,0.352
4,339,e022,0.3798
4,339,e023,0.4083
4,339,e024,0.3145
4,340,e001,0.3209
4,340,e002,0.3812
4,340,e003,0.3809
4,340,e004,0.3694
4,340,e005,0.2903
4,340,e006,0.382
4,340,e007,0.3792
4,340,e008,0.3555
4,340,e009,0.3075
4,340,e010,0.2796
4,340,e011,0.3648
4,340,e012,0.4029
4,340,e013,0.4048
4,340,e014,0.4035
4,340,e015,0.3818
4,340,e016,0.3704
4,340,e017,0.3496
4,340,e018,0.2841
4,340,e019,0.3732
4,340,e020,0.3899
4,340,e021,0.3212
4,340,e022,0.3766
4,340,e023,0.3549
4,340,e024,0.3478
4,341,e001,0.353
4,341,e002,0.3207
4,341,e003,0.3772
4,341,e004,0.3387
4,341,e005,0.3552
4,341,e006,0.3582
4,341,e007,0.4143
4,341,e008,0.3478
4,341,e009,0.3469
4,341,e010,0.3324
4,341,e011,0.3559
4,341,e012,0.3012
4,341,e013,0.3772
4,341,e014,0.326
4,341,e015,0.3884
4,341,e016,0.2957
4,341,e017,0.3486
4,341,e018,0.3562
4,341,e019,0.374
4,341,e020,0.3712
4,341,e021,0.3732
4,341,e022,0.3569
4,341,e023,0.321
4,341,e024,0.3785
4,342,e001,0.4048
4,342,e002,0.3541
4,342,e003,0.3499
4,342,e004,0.381
4,342,e005,0.3887
4,342,e006,0.3024
4,342,e007,0.2892
4,342,e008,0.3119
4,342,e009,0.3212
4,342,e010,0.3529
4,342,e011,0.3391
4,342,e012,0.316
4,342,e013,0.3618
4,342,e014,0.3639
4,342,e015,0.3276
4,342,e016,0.3758
4,342,e017,0.3716
4,342,e018,0.3507
4,342,e019,0.2901
4,342,e020,0.3843
4,342,e021,0.28
4,342,e022,0.3158
4,342,e023,0.2749
4,342,e024,0.3806
4,343,e001,0.3902
4,343,e002,0.3952
4,343,e003,0.338
4,343,e004,0.3774
4,343,e005,0.3879
4,343,e006,0.3048
4,343,e007,0.3237
4,343,e008,0.348
4,343,e009,0.3128
4,343,e010,0.3499
4,343,e011,0.343
4,343,e012,0.3811
4,343,e013,0.3678
4,343,e014,0.2947
4,343,e015,0.3264
4,343,e016,0.3406
4,343,e017,0.3445
4,343,e018,0.3758
4,343,e019,0.3296
4,343,e020,0.324
4,343,e021,0.3061
4,343,e022,0.3721
4,343,e023,0.2931
4,343,e024,0.3674
4,344,e001,0.3111
4,344,e002,0.3123
4,344,e003,0.3077
4,344,e004,0.3569
4,344,e005,0.3694
4,344,e006,0.3382
4,344,e007,0.2967
4,344,e008,0.379
4,344,e009,0.3937
4,344,e010,0.3155
4,344,e011,0.3733
4,344,e012,0.3607
4,344,e013,0.3947
4,344,e014,0.3764
4,344,e015,0.3395
4,344,e016,0.4027
4,344,e017,0.3339
4,344,e018,0.3558
4,344,e019,0.3024
4,344,e020,0.3599
4,344,e021,0.3108
4,344,e022,0.3435
4,344,e023,0.3999
4,344,e024,0.3491
4,345,e001,0.3193
4,345,e002,0.2986
4,345,e003,0.337
4,345,e004,0.3138
4,345,e005,0.3684
4,345,e006,0.3611
4,345,e007,0.4004
4,345,e008,0.3736
4,345,e009,0.3695
4,345,e010,0.3581
4,345,e011,0.3128
4,345,e012,0.2992
4,345,e013,0.2997
4,345,e014,0.2918
4,345,e015,0.2938
4,345,e016,0.3624
4,345,e017,0.2553
4,345,e018,0.3884
4,345,e019,0.2976
4,345,e020,0.3085
4,345,e021,0.341
4,345,e022,0.2958
4,345,e023,0.2875
4,345,e024,0.3812
4,346,e001,0.3821
4,346,e002,0.2955
4,346,e003,0.4055
4,346,e004,0.3114
4,346,e005,0.3716
4,346,e006,0.3525
4,346,e007,0.3096
4,346,e008,0.3323
4,346,e009,0.327
4,346,e010,0.3201
4,346,e011,0.3579
4,346,e012,0.3564
4,346,e013,0.3585
4,346,e014,0.3726
4,346,e015,0.3599
4,346,e016,0.3672
4,346,e017,0.3184
4,346,e018,0.3053
4,346,e019,0.3266
4,346,e020,0.3973
4,346,e021,0.3619
4,346,e022,0.3541
4,346,e023,0.3616
4,346,e024,0.2947
4,347,e001,0.4043
4,347,e002,0.4036
4,347,e003,0.3572
4,347,e004,0.3878
4,347,e005,0.4073
4,347,e006,0.3803
4,347,e007,0.3561
4,347,e008,0.3961
4,347,e009,0.3942
4,347,e010,0.337
4,347,e011,0.3594
4,347,e012,0.3754
4,347,e013,0.4125
4,347,e014,0.369
4,347,e015,0.338
4,347,e016,0.3831
4,347,e017,0.3252
4,347,e018,0.4214
4,347,e019,0.4162
4,347,e020,0.3409
4,347,e021,0.3682
4,347,e022,0.3366
4,347,e023,0.3048
4,347,e024,0.3548
4,348,e001,0.3295
4,348,e002,0.3434
4,348,e003,0.3832
4,348,e004,0.3203
4,348,e005,0.3887
4,348,e006,0.3411
4,348,e007,0.3015
4,348,e008,0.3396
4,348,e009,0.3239
4,348,e010,0.3441
4,348,e011,0.3661
4,348,e012,0.3437
4,348,e013,0.3802
4,348,e014,0.3553
4,348,e015,0.3172
4,348,e016,0.3352
4,348,e017,0.3386
4,348,e018,0.3436
4,348,e019,0.3133
4,348,e020,0.3688
4,348,e021,0.3848
4,348,e022,0.2994
4,348,e023,0.3311
4,348,e024,0.3252
4,349,e001,0.2955
4,349,e002,0.3798
4,349,e003,0.4068
4,349,e004,0.3895
4,349,e005,0.3982
4,349,e006,0.3503
4,349,e007,0.3536
4,349,e008,0.3835
4,349,e009,0.3664
4,349,e010,0.3862
4,349,e011,0.3824
4,349,e012,0.427
4,349,e013,0.4048
4,349,e014,0.3618
4,349,e015,0.3349
4,349,e016,0.3016
4,349,e017,0.3433
4,349,e018,0.3998
4,349,e019,0.3541
4,349,e020,0.3604
4,349,e021,0.3373
4,349,e022,0.3788
4,349,e023,0.4016
4,349,e024,0.3306
4,350,e001,0.3515
4,350,e002,0.3488
4,350,e003,0.4023
4,350,e004,0.4636
4,350,e005,0.3812
4,350,e006,0.3558
4,350,e007,0.3496
4,350,e008,0.4377
4,350,e009,0.3788
4,350,e010,0.3451
4,350,e011,0.3172
4,350,e012,0.3587
4,350,e013,0.3133
4,350,e014,0.375
4,350,e015,0.4118
4,350,e016,0.3806
4,350,e017,0.3677
4,350,e018,0.4263
4,350,e019,0.3306
4,350,e020,0.3869
4,350,e021,0.3588
4,350,e022,0.3814
4,350,e023,0.4002
4,350,e024,0.3737
4,351,e001,0.3581
4,351,e002,0.4168
4,351,e003,0.2918
4,351,e004,0.338
4,351,e005,0.3901
4,351,e006,0.3059
4,351,e007,0.2791
4,351,e008,0.3044
4,351,e009,0.3483
4,351,e010,0.3535
4,351,e011,0.3099
4,351,e012,0.3842
4,351,e013,0.3637
4,351,e014,0.3777
4,351,e015,0.3139
4,351,e016,0.3796
4,351,e017,0.3892
4,351,e018,0.4201
4,351,e019,0.3174
4,351,e020,0.3202
4,351,e021,0.3824
4,351,e022,0.3095
4,351,e023,0.3251
4,351,e024,0.3984
4,352,e001,0.3975
4,352,e002,0.3893
4,352,e003,0.4064
4,352,e004,0.4113
4,352,e005,0.3817
4,352,e006,0.3225
4,352,e007,0.341
4,352,e008,0.3372
4,352,e009,0.3583
4,352,e010,0.393
4,352,e011,0.351
4,352,e012,0.3571
4,352,e013,0.3988
4,352,e014,0.3245
4,352,e015,0.3954
4,352,e016,0.3347
4,352,e017,0.322
4,352,e018,0.3966
4,352,e019,0.4154
4,352,e020,0.3689
4,352,e021,0.3326
4,352,e022,0.3876
4,352,e023,0.3358
4,352,e024,0.3504
4,353,e001,0.3575
4,353,e002,0.436
4,353,e003,0.3483
4,353,e004,0.3264
4,353,e005,0.4087
4,353,e006,0.3476
4,353,e007,0.3714
4,353,e008,0.3333
4,353,e009,0.3672
4,353,e010,0.4114
4,353,e011,0.2967
4,353,e012,0.306
4,353,e013,0.3206
4,353,e014,0.3802
4,353,e015,0.3733
4,353,e016,0.3269
4,353,e017,0.4094
4,353,e018,0.3297
4,353,e019,0.3743
4,353,e020,0.3763
4,353,e021,0.3306
4,353,e022,0.3106
4,353,e023,0.3192
4,353,e024,0.3629
4,354,e001,0.3459
4,354,e002,0.3326
4,354,e003,0.4107
4,354,e004,0.377
4,354,e005,0.3385
4,354,e006,0.3828
4,354,e007,0.3806
4,354,e008,0.3359
4,354,e009,0.3796
4,354,e010,0.3318
4,354,e011,0.3703
4,354,e012,0.4272
4,354,e013,0.4434
4,354,e014,0.3685
4,354,e015,0.3765
4,354,e016,0.3513
4,354,e017,0.4121
4,354,e018,0.3962
4,354,e019,0.4227
4,354,e020,0.3448
4,354,e021,0.351
4,354,e022,0.3361
4,354,e023,0.38
4,354,e024,0.3549
4,355,e001,0.4241
4,355,e002,0.4811
4,355,e003,0.4111
4,355,e004,0.3848
4,355,e005,0.4298
4,355,e006,0.3689
4,355,e007,0.4205
4,355,e008,0.4667
4,355,e009,0.4005
4,355,e010,0.3839
4,355,e011,0.3818
4,355,e012,0.4423
4,355,e013,0.4576
4,355,e014,0.4091
4,355,e015,0.3825
4,355,e016,0.4439
4,355,e017,0.4263
4,355,e018,0.3943
4,355,e019,0.3918
4,355,e020,0.3686
4,355,e021,0.3996
4,355,e022,0.3963
4,355,e023,0.4454
4,355,e024,0.5004
4,356,e001,0.432
4,356,e002,0.3832
4,356,e003,0.4337
4,356,e004,0.4037
4,356,e005,0.4043
4,356,e006,0.4041
4,356,e007,0.4134
4,356,e008,0.3973
4,356,e009,0.4057
4,356,e010,0.4068
4,356,e011,0.3582
4,356,e012,0.4252
4,356,e013,0.3953
4,356,e014,0.3999
4,356,e015,0.4273
4,356,e016,0.3982
4,356,e017,0.4332
4,356,e018,0.3421
4,356,e019,0.3929
4,356,e020,0.364
4,356,e021,0.433
4,356,e022,0.4313
4,356,e023,0.4498
4,356,e024,0.4262
4,357,e001,0.4119
4,357,e002,0.4264
4,357,e003,0.4544
4,357,e004,0.3661
4,357,e005,0.4083
4,357,e006,0.4517
4,357,e007,0.3932
4,357,e008,0.3357
4,357,e009,0.4065
4,357,e010,0.3809
4,357,e011,0.4431
4,357,e012,0.3752
4,357,e013,0.4748
4,357,e014,0.4473
4,357,e015,0.4537
4,357,e016,0.4266
4,357,e017,0.4209
4,357,e018,0.3936
4,357,e019,0.4215
4,357,e020,0.3877
4,357,e021,0.4639
4,357,e022,0.3752
4,357,e023,0.4852
4,357,e024,0.3604
4,358,e001,0.38
4,358,e002,0.4368
4,358,e003,0.4071
4,358,e004,0.4401
4,358,e005,0.3759
4,358,e006,0.374
4,358,e007,0.4294
4,358,e008,0.3654
4,358,e009,0.4385
4,358,e010,0.3993
4,358,e011,0.3741
4,358,e012,0.3986
4,358,e013,0.4206
4,358,e014,0.4032
4,358,e015,0.412
4,358,e016,0.3477
4,358,e017,0.3455
4,358,e018,0.3499
4,358,e019,0.3951
4,358,e020,0.3634
4,358,e021,0.3927
4,358,e022,0.3817
4,358,e023,0.3955
4,358,e024,0.3607
4,359,e001,0.3367
4,359,e002,0.3848
4,359,e003,0.3489
4,359,e004,0.3462
4,359,e005,0.3402
4,359,e006,0.3558
4,359,e007,0.3968
4,359,e008,0.318
4,359,e009,0.3053
4,359,e010,0.3992
4,359,e011,0.4032
4,359,e012,0.3232
4,359,e013,0.4262
4,359,e014,0.3563
4,359,e015,0.378
4,359,e016,0.3576
4,359,e017,0.3809
4,359,e018,0.4006
4,359,e019,0.3612
4,359,e020,0.3819
4,359,e021,0.3507
4,359,e022,0.4142
4,359,e023,0.3662
4,359,e024,0.3115
4,360,e001,0.3625
4,360,e002,0.3516
4,360,e003,0.3899
4,360,e004,0.3392
4,360,e005,0.3017
4,360,e006,0.3731
4,360,e007,0.3736
4,360,e008,0.4094
4,360,e009,0.3524
4,360,e010,0.3491
4,360,e011,0.4136
4,360,e012,0.3975
4,360,e013,0.5089
4,360,e014,0.4536
4,360,e015,0.5167
4,360,e016,0.4783
4,360,e017,0.5415
4,360,e018,0.425
4,360,e019,0.3259
4,360,e020,0.3771
4,360,e021,0.3487
4,360,e022,0.3553
4,360,e023,0.3463
4,360,e024,0.3972
4,361,e001,0.4313
4,361,e002,0.355
4,361,e003,0.3613
4,361,e004,0.3591
4,361,e005,0.3999
4,361,e006,0.4327
4,361,e007,0.3325
4,361,e008,0.3928
4,361,e009,0.3646
4,361,e010,0.4276
4,361,e011,0.3732
4,361,e012,0.3616
4,361,e013,0.5568
4,361,e014,0.4665
4,361,e015,0.5141
4,361,e016,0.528
4,361,e017,0.5925
4,361,e018,0.5433
4,361,e019,0.4236
4,361,e020,0.3669
4,361,e021,0.3502
4,361,e022,0.3544
4,361,e023,0.3565
4,361,e024,0.3405
4,362,e001,0.4268
4,362,e002,0.4425
4,362,e003,0.329
4,362,e004,0.417
4,362,e005,0.3929
4,362,e006,0.3864
4,362,e007,0.4066
4,362,e008,0.4013
4,362,e009,0.4465
4,362,e010,0.4468
4,362,e011,0.3816
4,362,e012,0.3306
4,362,e013,0.4847
4,362,e014,0.5627
4,362,e015,0.5357
4,362,e016,0.5631
4,362,e017,0.5119
4,362,e018,0.5139
4,362,e019,0.4005
4,362,e020,0.431
4,362,e021,0.4469
4,362,e022,0.3339
4,362,e023,0.3658
4,362,e024,0.4313
4,363,e001,0.4178
4,363,e002,0.4523
4,363,e003,0.4543
4,363,e004,0.4117
4,363,e005,0.4
4,363,e006,0.4196
4,363,e007,0.3662
4,363,e008,0.3575
4,363,e009,0.4426
4,363,e010,0.3918
4,363,e011,0.42
4,363,e012,0.355
4,363,e013,0.556
4,363,e014,0.5291
4,363,e015,0.5809
4,363,e016,0.5972
4,363,e017,0.5304
4,363,e018,0.5355
4,363,e019,0.4479
4,363,e020,0.4116
4,363,e021,0.4331
4,363,e022,0.4419
4,363,e023,0.3904
4,363,e024,0.4045
4,364,e001,0.399
4,364,e002,0.4408
4,364,e003,0.4426
4,364,e004,0.3712
4,364,e005,0.4383
4,364,e006,0.4089
4,364,e007,0.4334
4,364,e008,0.3758
4,364,e009,0.4868
4,364,e010,0.4039
4,364,e011,0.4825
4,364,e012,0.404
4,364,e013,0.6118
4,364,e014,0.6057
4,364,e015,0.5664
4,364,e016,0.532
4,364,e017,0.5612
4,364,e018,0.5583
4,364,e019,0.4516
4,364,e020,0.3862
4,364,e021,0.4566
4,364,e022,0.4054
4,364,e023,0.3593
4,364,e024,0.4618
4,365,e001,0.375
4,365,e002,0.4651
4,365,e003,0.4003
4,365,e004,0.4196
4,365,e005,0.4023
4,365,e006,0.3918
4,365,e007,0.4579
4,365,e008,0.4756
4,365,e009,0.5018
4,365,e010,0.4655
4,365,e011,0.3804
4,365,e012,0.5098
4,365,e013,0.504
4,365,e014,0.561
4,365,e015,0.6216
4,365,e016,0.5232
4,365,e017,0.535
4,365,e018,0.5415
4,365,e019,0.511
4,365,e020,0.3772
4,365,e021,0.4331
4,365,e022,0.4243
4,365,e023,0.4084
4,365,e024,0.398
4,366,e001,0.39
4,366,e002,0.3724
4,366,e003,0.4307
4,366,e004,0.3882
4,366,e005,0.4372
4,366,e006,0.4356
4,366,e007,0.4018
4,366,e008,0.3955
4,366,e009,0.3647
4,366,e010,0.4288
4,366,e011,0.4211
4,366,e012,0.3374
4,366,e013,0.4732
4,366,e014,0.5217
4,366,e015,0.5594
4,366,e016,0.506
4,366,e017,0.5149
4,366,e018,0.5192
4,366,e019,0.4351
4,366,e020,0.4167
4,366,e021,0.444
4,366,e022,0.4155
4,366,e023,0.3958
4,366,e024,0.3443
4,367,e001,0.3948
4,367,e002,0.4101
4,367,e003,0.3984
4,367,e004,0.3764
4,367,e005,0.4336
4,367,e006,0.4657
4,367,e007,0.4271
4,367,e008,0.4309
4,367,e009,0.3448
4,367,e010,0.3814
4,367,e011,0.3959
4,367,e012,0.4058
4,367,e013,0.5329
4,367,e014,0.5034
4,367,e015,0.5155
4,367,e016,0.4948
4,367,e017,0.5004
4,367,e018,0.5194
4,367,e019,0.39
4,367,e020,0.4071
4,367,e021,0.4041
4,367,e022,0.3628
4,367,e023,0.4111
4,367,e024,0.4052
4,368,e001,0.3891
4,368,e002,0.4613
4,368,e003,0.3603
4,368,e004,0.4242
4,368,e005,0.4676
4,368,e006,0.4139
4,368,e007,0.4403
4,368,e008,0.4257
4,368,e009,0.4147
4,368,e010,0.4502
4,368,e011,0.3703
4,368,e012,0.4343
4,368,e013,0.5286
4,368,e014,0.5194
4,368,e015,0.5597
4,368,e016,0.6034
4,368,e017,0.5857
4,368,e018,0.5935
4,368,e019,0.4123
4,368,e020,0.4005
4,368,e021,0.3686
4,368,e022,0.4424
4,368,e023,0.4264
4,368,e024,0.4204
4,369,e001,0.4604
4,369,e002,0.4513
4,369,e003,0.4316
4,369,e004,0.376
4,369,e005,0.398
4,369,e006,0.3871
4,369,e007,0.4452
4,369,e008,0.4798
4,369,e009,0.4397
4,369,e010,0.4308
4,369,e011,0.469
4,369,e012,0.4405
4,369,e013,0.5853
4,369,e014,0.6127
4,369,e015,0.5334
4,369,e016,0.6003
4,369,e017,0.5763
4,369,e018,0.5787
4,369,e019,0.4401
4,369,e020,0.3887
4,369,e021,0.3771
4,369,e022,0.4535
4,369,e023,0.4077
4,369,e024,0.456
4,370,e001,0.4533
4,370,e002,0.3672
4,370,e003,0.4617
4,370,e004,0.4197
4,370,e005,0.4368
4,370,e006,0.4157
4,370,e007,0.4292
4,370,e008,0.4094
4,370,e009,0.3734
4,370,e010,0.4085
4,370,e011,0.4187
4,370,e012,0.4746
4,370,e013,0.5877
4,370,e014,0.6071
4,370,e015,0.4916
4,370,e016,0.5607
4,370,e017,0.5174
4,370,e018,0.5727
4,370,e019,0.4536
4,370,e020,0.3777
4,370,e021,0.4078
4,370,e022,0.4041
4,370,e023,0.4214
4,370,e024,0.3785
4,371,e001,0.3408
4,371,e002,0.4255
4,371,e003,0.4045
4,371,e004,0.3841
4,371,e005,0.3878
4,371,e006,0.363
4,371,e007,0.4305
4,371,e008,0.4412
4,371,e009,0.4266
4,371,e010,0.3896
4,371,e011,0.4534
4,371,e012,0.4062
4,371,e013,0.5638
4,371,e014,0.5444
4,371,e015,0.5113
4,371,e016,0.5258
4,371,e017,0.5311
4,371,e018,0.5164
4,371,e019,0.4023
4,371,e020,0.4178
4,371,e021,0.4345
4,371,e022,0.4352
4,371,e023,0.4086
4,371,e024,0.4082
4,372,e001,0.3973
4,372,e002,0.3965
4,372,e003,0.4551
4,372,e004,0.5057
4,372,e005,0.4621
4,372,e006,0.4104
4,372,e007,0.489
4,372,e008,0.4165
4,372,e009,0.3735
4,372,e010,0.3962
4,372,e011,0.4389
4,372,e012,0.438
4,372,e013,0.5449
4,372,e014,0.5585
4,372,e015,0.5424
4,372,e016,0.6252
4,372,e017,0.5222
4,372,e018,0.5543
4,372,e019,0.4365
4,372,e020,0.4043
4,372,e021,0.445
4,372,e022,0.3872
4,372,e023,0.4627
4,372,e024,0.434
4,373,e001,0.4885
4,373,e002,0.4176
4,373,e003,0.4568
4,373,e004,0.4299
4,373,e005,0.4558
4,373,e006,0.4846
4,373,e007,0.4554
4,373,e008,0.4798
4,373,e009,0.4561
4,373,e010,0.3944
4,373,e011,0.4339
4,373,e012,0.4771
4,373,e013,0.6015
4,373,e014,0.5282
4,373,e015,0.6086
4,373,e016,0.5678
4,373,e017,0.6024
4,373,e018,0.5074
4,373,e019,0.4955
4,373,e020,0.4037
4,373,e021,0.4869
4,373,e022,0.4843
4,373,e023,0.4727
4,373,e024,0.4398
4,374,e001,0.4291
4,374,e002,0.4534
4,374,e003,0.425
4,374,e004,0.44
4,374,e005,0.4445
4,374,e006,0.4225
4,374,e007,0.4322
4,374,e008,0.4368
4,374,e009,0.4141
4,374,e010,0.4057
4,374,e011,0.4048
4,374,e012,0.445
4,374,e013,0.6172
4,374,e014,0.5914
4,374,e015,0.5939
4,374,e016,0.5713
4,374,e017,0.5344
4,374,e018,0.5676
4,374,e019,0.4439
4,374,e020,0.4593
4,374,e021,0.4383
4,374,e022,0.4765
4,374,e023,0.3947
4,374,e024,0.4798
4,375,e001,0.4417
4,375,e002,0.424
4,375,e003,0.4795
4,375,e004,0.4897
4,375,e005,0.4131
4,375,e006,0.4272
4,375,e007,0.4625
4,375,e008,0.4529
4,375,e009,0.3933
4,375,e010,0.4036
4,375,e011,0.4427
4,375,e012,0.4334
4,375,e013,0.6511
4,375,e014,0.5279
4,375,e015,0.568
4,375,e016,0.5372
4,375,e017,0.5402
4,375,e018,0.5897
4,375,e019,0.4386
4,375,e020,0.4756
4,375,e021,0.5068
4,375,e022,0.4771
4,375,e023,0.4189
4,375,e024,0.4936
4,376,e001,0.4191
4,376,e002,0.4932
4,376,e003,0.4036
4,376,e004,0.4022
4,376,e005,0.4417
4,376,e006,0.4713
4,376,e007,0.4129
4,376,e008,0.4176
4,376,e009,0.431
4,376,e010,0.3817
4,376,e011,0.4143
4,376,e012,0.4854
4,376,e013,0.5903
4,376,e014,0.5163
4,376,e015,0.5957
4,376,e016,0.5545
4,376,e017,0.5188
4,376,e018,0.5755
4,376,e019,0.3985
4,376,e020,0.3799
4,376,e021,0.4061
4,376,e022,0.4431
4,376,e023,0.4702
4,376,e024,0.3819
4,377,e001,0.3886
4,377,e002,0.4329
4,377,e003,0.4192
4,377,e004,0.4401
4,377,e005,0.4266
4,377,e006,0.4092
4,377,e007,0.3992
4,377,e008,0.4748
4,377,e009,0.4955
4,377,e010,0.4292
4,377,e011,0.4439
4,377,e012,0.4078
4,377,e013,0.5784
4,377,e014,0.6196
4,377,e015,0.5058
4,377,e016,0.5776
4,377,e017,0.5732
4,377,e018,0.546
4,377,e019,0.4116
4,377,e020,0.3955
4,377,e021,0.4552
4,377,e022,0.4011
4,377,e023,0.4623
4,377,e024,0.4447
4,378,e001,0.4627
4,378,e002,0.492
4,378,e003,0.4555
4,378,e004,0.4438
4,378,e005,0.4052
4,378,e006,0.4987
4,378,e007,0.4486
4,378,e008,0.5248
4,378,e009,0.4837
4,378,e010,0.4608
4,378,e011,0.3948
4,378,e012,0.4235
4,378,e013,0.6165
4,378,e014,0.5953
4,378,e015,0.6235
4,378,e016,0.6351
4,378,e017,0.5818
4,378,e018,0.539
4,378,e019,0.4364
4,378,e020,0.4891
4,378,e021,0.4743
4,378,e022,0.466
4,378,e023,0.4293
4,378,e024,0.4817
4,379,e001,0.3991
4,379,e002,0.4982
4,379,e003,0.4386
4,379,e004,0.4302
4,379,e005,0.4088
4,379,e006,0.4663
4,379,e007,0.4649
4,379,e008,0.4521
4,379,e009,0.4848
4,379,e010,0.4507
4,379,e011,0.4579
4,379,e012,0.4479
4,379,e013,0.55
4,379,e014,0.578
4,379,e015,0.5752
4,379,e016,0.5417
4,379,e017,0.5803
4,379,e018,0.6132
4,379,e019,0.4804
4,379,e020,0.4414
4,379,e021,0.4453
4,379,e022,0.4835
4,379,e023,0.4568
4,379,e024,0.4953
4,380,e001,0.5024
4,380,e002,0.5143
4,380,e003,0.5084
4,380,e004,0.4578
4,380,e005,0.4246
4,380,e006,0.4834
4,380,e007,0.4125
4,380,e008,0.4851
4,380,e009,0.4772
4,380,e010,0.4907
4,380,e011,0.4719
4,380,e012,0.4747
4,380,e013,0.7805
4,380,e014,0.8062
4,380,e015,0.7744
4,380,e016,0.7872
4,380,e017,0.8605
4,380,e018,0.7989
4,380,e019,0.4415
4,380,e020,0.5368
4,380,e021,0.4882
4,380,e022,0.4876
4,380,e023,0.5279
4,380,e024,0.4892
4,381,e001,0.4846
4,381,e002,0.4985
4,381,e003,0.5282
4,381,e004,0.4881
4,381,e005,0.5688
4,381,e006,0.5387
4,381,e007,0.509
4,381,e008,0.5342
4,381,e009,0.4367
4,381,e010,0.4896
4,381,e011,0.5213
4,381,e012,0.5246
4,381,e013,0.7758
4,381,e014,0.8047
4,381,e015,0.856
4,381,e016,0.7945
4,381,e017,0.8541
4,381,e018,0.8457
4,381,e019,0.5091
4,381,e020,0.4983
4,381,e021,0.5008
4,381,e022,0.4653
4,381,e023,0.4998
4,381,e024,0.4362
4,382,e001,0.4826
4,382,e002,0.465
4,382,e003,0.4152
4,382,e004,0.5205
4,382,e005,0.4296
4,382,e006,0.4281
4,382,e007,0.4656
4,382,e008,0.4143
4,382,e009,0.4143
4,382,e010,0.4249
4,382,e011,0.4968
4,382,e012,0.4338
4,382,e013,0.7522
4,382,e014,0.8422
4,382,e015,0.7947
4,382,e016,0.7505
4,382,e017,0.7738
4,382,e018,0.7376
4,382,e019,0.4783
4,382,e020,0.4045
4,382,e021,0.4516
4,382,e022,0.4628
4,382,e023,0.4026
4,382,e024,0.4003
4,383,e001,0.4729
4,383,e002,0.4416
4,383,e003,0.4862
4,383,e004,0.4051
4,383,e005,0.5222
4,383,e006,0.5114
4,383,e007,0.4549
4,383,e008,0.5008
4,383,e009,0.483
4,383,e010,0.4557
4,383,e011,0.4497
4,383,e012,0.471
4,383,e013,0.8182
4,383,e014,0.8081
4,383,e015,0.7912
4,383,e016,0.79
4,383,e017,0.8688
4,383,e018,0.7889
4,383,e019,0.5105
4,383,e020,0.5026
4,383,e021,0.4605
4,383,e022,0.4411
4,383,e023,0.4427
4,383,e024,0.4383
4,384,e001,0.4568
4,384,e002,0.4448
4,384,e003,0.4363
4,384,e004,0.4635
4,384,e005,0.4567
4,384,e006,0.4849
4,384,e007,0.4294
4,384,e008,0.4963
4,384,e009,0.4376
4,384,e010,0.4647
4,384,e011,0.4122
4,384,e012,0.4174
4,384,e013,0.8378
4,384,e014,0.7227
4,384,e015,0.83
4,384,e016,0.7361
4,384,e017,0.7608
4,384,e018,0.8453
4,384,e019,0.422
4,384,e020,0.4478
4,384,e021,0.4512
4,384,e022,0.496
4,384,e023,0.5024
4,384,e024,0.491
4,385,e001,0.4733
4,385,e002,0.4928
4,385,e003,0.4997
4,385,e004,0.4529
4,385,e005,0.4776
4,385,e006,0.4513
4,385,e007,0.448
4,385,e008,0.4802
4,385,e009,0.4253
4,385,e010,0.4724
4,385,e011,0.4283
4,385,e012,0.4846
4,385,e013,0.8431
4,385,e014,0.8068
4,385,e015,0.7811
4,385,e016,0.7566
4,385,e017,0.8309
4,385,e018,0.7523
4,385,e019,0.4557
4,385,e020,0.4501
4,385,e021,0.4847
4,385,e022,0.4909
4,385,e023,0.5102
4,385,e024,0.4851
4,386,e001,0.411
4,386,e002,0.5368
4,386,e003,0.4857
4,386,e004,0.5118
4,386,e005,0.4853
4,386,e006,0.4858
4,386,e007,0.4301
4,386,e008,0.3936
4,386,e009,0.4569
4,386,e010,0.4398
4,386,e011,0.4557
4,386,e012,0.456
4,386,e013,0.8591
4,386,e014,0.817
4,386,e015,0.7753
4,386,e016,0.795
4,386,e017,0.77
4,386,e018,0.7506
4,386,e019,0.4886
4,386,e020,0.4797
4,386,e021,0.5173
4,386,e022,0.4767
4,386,e023,0.4191
4,386,e024,0.4417
4,387,e001,0.4101
4,387,e002,0.4501
4,387,e003,0.5039
4,387,e004,0.4335
4,387,e005,0.3793
4,387,e006,0.4405
4,387,e007,0.4474
4,387,e008,0.4688
4,387,e009,0.4241
4,387,e010,0.3762
4,387,e011,0.4966
4,387,e012,0.4995
4,387,e013,0.7552
4,387,e014,0.8106
4,387,e015,0.7878
4,387,e016,0.7312
4,387,e017,0.7842
4,387,e018,0.7636
4,387,e019,0.4824
4,387,e020,0.4433
4,387,e021,0.4849
4,387,e022,0.4597
4,387,e023,0.4145
4,387,e024,0.4753
4,388,e001,0.3971
4,388,e002,0.402
4,388,e003,0.4171
4,388,e004,0.4146
4,388,e005,0.4242
4,388,e006,0.4054
4,388,e007,0.4073
4,388,e008,0.4196
4,388,e009,0.4458
4,388,e010,0.4285
4,388,e011,0.419
4,388,e012,0.3888
4,388,e013,0.7826
4,388,e014,0.6939
4,388,e015,0.8077
4,388,e016,0.7163
4,388,e017,0.7383
4,388,e018,0.7698
4,388,e019,0.463
4,388,e020,0.4109
4,388,e021,0.4545
4,388,e022,0.4162
4,388,e023,0.4188
4,388,e024,0.4803
4,389,e001,0.4143
4,389,e002,0.4864
4,389,e003,0.4349
4,389,e004,0.4457
4,389,e005,0.4025
4,389,e006,0.4079
4,389,e007,0.4547
4,389,e008,0.464
4,389,e009,0.4444
4,389,e010,0.4304
4,389,e011,0.3959
4,389,e012,0.4562
4,389,e013,0.7814
4,389,e014,0.7718
4,389,e015,0.8291
4,389,e016,0.7516
4,389,e017,0.7678
4,389,e018,0.8022
4,389,e019,0.4231
4,389,e020,0.4169
4,389,e021,0.4002
4,389,e022,0.3868
4,389,e023,0.4639
4,389,e024,0.4071
4,390,e001,0.4872
4,390,e002,0.4596
4,390,e003,0.4707
4,390,e004,0.5043
4,390,e005,0.5349
4,390,e006,0.4518
4,390,e007,0.4581
4,390,e008,0.4757
4,390,e009,0.4416
4,390,e010,0.4385
4,390,e011,0.4689
4,390,e012,0.4407
4,390,e013,0.8633
4,390,e014,0.8778
4,390,e015,0.8033
4,390,e016,0.8433
4,390,e017,0.8235
4,390,e018,0.7867
4,390,e019,0.4451
4,390,e020,0.5488
4,390,e021,0.4936
4,390,e022,0.4819
4,390,e023,0.5522
4,390,e024,0.4441
4,391,e001,0.5623
4,391,e002,0.5579
4,391,e003,0.5237
4,391,e004,0.5567
4,391,e005,0.4766
4,391,e006,0.4472
4,391,e007,0.4783
4,391,e008,0.5365
4,391,e009,0.4621
4,391,e010,0.498
4,391,e011,0.4964
4,391,e012,0.455
4,391,e013,0.8056
4,391,e014,0.8706
4,391,e015,0.8438
4,391,e016,0.9133
4,391,e017,0.8577
4,391,e018,0.8126
4,391,e019,0.4904
4,391,e020,0.5001
4,391,e021,0.4964
4,391,e022,0.4838
4,391,e023,0.5244
4,391,e024,0.5603
4,392,e001,0.4912
4,392,e002,0.4145
4,392,e003,0.4899
4,392,e004,0.4675
4,392,e005,0.4984
4,392,e006,0.4128
4,392,e007,0.4298
4,392,e008,0.4625
4,392,e009,0.4373
4,392,e010,0.4617
4,392,e011,0.3823
4,392,e012,0.4421
4,392,e013,0.7786
4,392,e014,0.8063
4,392,e015,0.7559
4,392,e016,0.7913
4,392,e017,0.7844
4,392,e018,0.7795
4,392,e019,0.4109
4,392,e020,0.4935
4,392,e021,0.4298
4,392,e022,0.4673
4,392,e023,0.4364
4,392,e024,0.4877
4,393,e001,0.5249
4,393,e002,0.4791
4,393,e003,0.4658
4,393,e004,0.4856
4,393,e005,0.4379
4,393,e006,0.4745
4,393,e007,0.4424
4,393,e008,0.5213
4,393,e009,0.4858
4,393,e010,0.5329
4,393,e011,0.4312
4,393,e012,0.5059
4,393,e013,0.8136
4,393,e014,0.8415
4,393,e015,0.7806
4,393,e016,0.8461
4,393,e017,0.8293
4,393,e018,0.841
4,393,e019,0.5
4,393,e020,0.5189
4,393,e021,0.4695
4,393,e022,0.4851
4,393,e023,0.4907
4,393,e024,0.5108
4,394,e001,0.4839
4,394,e002,0.416
4,394,e003,0.4461
4,394,e004,0.4842
4,394,e005,0.4634
4,394,e006,0.4942
4,394,e007,0.4997
4,394,e008,0.4865
4,394,e009,0.4453
4,394,e010,0.4791
4,394,e011,0.4642
4,394,e012,0.4303
4,394,e013,0.7968
4,394,e014,0.749
4,394,e015,0.7843
4,394,e016,0.7706
4,394,e017,0.8198
4,394,e018,0.8226
4,394,e019,0.4386
4,394,e020,0.454
4,394,e021,0.4171
4,394,e022,0.4528
4,394,e023,0.4675
4,394,e024,0.4734
4,395,e001,0.4837
4,395,e002,0.5191
4,395,e003,0.4485
4,395,e004,0.5159
4,395,e005,0.5159
4,395,e006,0.5237
4,395,e007,0.4513
4,395,e008,0.4962
4,395,e009,0.4929
4,395,e010,0.443
4,395,e011,0.5043
4,395,e012,0.4881
4,395,e013,0.8278
4,395,e014,0.8498
4,395,e015,0.819
4,395,e016,0.7415
4,395,e017,0.8781
4,395,e018,0.8373
4,395,e019,0.5245
4,395,e020,0.4659
4,395,e021,0.4447
4,395,e022,0.4912
4,395,e023,0.5033
4,395,e024,0.4621
4,396,e001,0.3744
4,396,e002,0.4435
4,396,e003,0.4823
4,396,e004,0.38
4,396,e005,0.4458
4,396,e006,0.4708
4,396,e007,0.4291
4,396,e008,0.4879
4,396,e009,0.3673
4,396,e010,0.4118
4,396,e011,0.4716
4,396,e012,0.4054
4,396,e013,0.7686
4,396,e014,0.8082
4,396,e015,0.7609
4,396,e016,0.8184
4,396,e017,0.7341
4,396,e018,0.7354
4,396,e019,0.3783
4,396,e020,0.4421
4,396,e021,0.4246
4,396,e022,0.4558
4,396,e023,0.3837
4,396,e024,0.4056
4,397,e001,0.4516
4,397,e002,0.4934
4,397,e003,0.4942
4,397,e004,0.5607
4,397,e005,0.4966
4,397,e006,0.4841
4,397,e007,0.503
4,397,e008,0.4543
4,397,e009,0.4459
4,397,e010,0.5039
4,397,e011,0.4397
4,397,e012,0.45
4,397,e013,0.7748
4,397,e014,0.7594
4,397,e015,0.8475
4,397,e016,0.7822
4,397,e017,0.7995
4,397,e018,0.7871
4,397,e019,0.4919
4,397,e020,0.4886
4,397,e021,0.522
4,397,e022,0.4767
4,397,e023,0.4578
4,397,e024,0.5163
4,398,e001,0.4335
4,398,e002,0.4002
4,398,e003,0.4275
4,398,e004,0.4733
4,398,e005,0.4604
4,398,e006,0.3818
4,398,e007,0.4511
4,398,e008,0.375
4,398,e009,0.4162
4,398,e010,0.3879
4,398,e011,0.4205
4,398,e012,0.4763
4,398,e013,0.5134
4,398,e014,0.6205
4,398,e015,0.5902
4,398,e016,0.5734
4,398,e017,0.4687
4,398,e018,0.5999
4,398,e019,0.4492
4,398,e020,0.4429
4,398,e021,0.4589
4,398,e022,0.4586
4,398,e023,0.4426
4,398,e024,0.4716
4,399,e001,0.471
4,399,e002,0.5273
4,399,e003,0.4792
4,399,e004,0.5007
4,399,e005,0.4484
4,399,e006,0.5052
4,399,e007,0.4508
4,399,e008,0.501
4,399,e009,0.4958
4,399,e010,0.4977
4,399,e011,0.4731
4,399,e012,0.5024
4,399,e013,0.6572
4,399,e014,0.5873
4,399,e015,0.5966
4,399,e016,0.6009
4,399,e017,0.5678
4,399,e018,0.5684
4,399,e019,0.4299
4,399,e020,0.4713
4,399,e021,0.5116
4,399,e022,0.4783
4,399,e023,0.4984
4,399,e024,0.4798
4,400,e001,0.4718
4,400,e002,0.4843
4,400,e003,0.4794
4,400,e004,0.3882
4,400,e005,0.4079
4,400,e006,0.3776
4,400,e007,0.474
4,400,e008,0.4606
4,400,e009,0.4086
4,400,e010,0.4399
4,400,e011,0.452
4,400,e012,0.3981
4,400,e013,0.5319
4,400,e014,0.5297
4,400,e015,0.5719
4,400,e016,0.5274
4,400,e017,0.5274
4,400,e018,0.5392
4,400,e019,0.5008
4,400,e020,0.4033
4,400,e021,0.4741
4,400,e022,0.4328
4,400,e023,0.4218
4,400,e024,0.419
4,401,e001,0.5066
4,401,e002,0.5236
4,401,e003,0.4547
4,401,e004,0.4458
4,401,e005,0.5054
4,401,e006,0.5489
4,401,e007,0.5587
4,401,e008,0.5205
4,401,e009,0.5235
4,401,e010,0.5422
4,401,e011,0.4572
4,401,e012,0.4931
4,401,e013,0.684
4,401,e014,0.6863
4,401,e015,0.619
4,401,e016,0.643
4,401,e017,0.659
4,401,e018,0.6009
4,401,e019,0.4611
4,401,e020,0.4787
4,401,e021,0.5245
4,401,e022,0.5539
4,401,e023,0.5168
4,401,e024,0.5164
4,402,e001,0.5132
4,402,e002,0.5327
4,402,e003,0.5039
4,402,e004,0.5025
4,402,e005,0.4675
4,402,e006,0.5449
4,402,e007,0.4826
4,402,e008,0.482
4,402,e009,0.479
4,402,e010,0.5131
4,402,e011,0.5415
4,402,e012,0.5557
4,402,e013,0.6438
4,402,e014,0.6627
4,402,e015,0.6673
4,402,e016,0.6341
4,402,e017,0.6071
4,402,e018,0.6058
4,402,e019,0.5251
4,402,e020,0.4682
4,402,e021,0.5181
4,402,e022,0.5116
4,402,e023,0.526
4,402,e024,0.5691
4,403,e001,0.5439
4,403,e002,0.4965
4,403,e003,0.4906
4,403,e004,0.5338
4,403,e005,0.432
4,403,e006,0.4912
4,403,e007,0.4926
4,403,e008,0.4856
4,403,e009,0.5284
4,403,e010,0.4639
4,403,e011,0.5082
4,403,e012,0.5342
4,403,e013,0.6091
4,403,e014,0.6365
4,403,e015,0.5746
4,403,e016,0.6388
4,403,e017,0.6351
4,403,e018,0.5862
4,403,e019,0.5308
4,403,e020,0.4755
4,403,e021,0.5191
4,403,e022,0.4869
4,403,e023,0.4858
4,403,e024,0.4951
4,404,e001,0.4681
4,404,e002,0.5085
4,404,e003,0.4608
4,404,e004,0.4636
4,404,e005,0.4558
4,404,e006,0.4979
4,404,e007,0.5145
4,404,e008,0.4605
4,404,e009,0.5228
4,404,e010,0.4923
4,404,e011,0.4693
4,404,e012,0.4403
4,404,e013,0.6308
4,404,e014,0.654
4,404,e015,0.6175
4,404,e016,0.6543
4,404,e017,0.5783
4,404,e018,0.5664
4,404,e019,0.5031
4,404,e020,0.4848
4,404,e021,0.4498
4,404,e022,0.464
4,404,e023,0.4992
4,404,e024,0.5132
4,405,e001,0.5309
4,405,e002,0.5424
4,405,e003,0.4894
4,405,e004,0.4773
4,405,e005,0.4367
4,405,e006,0.4958
4,405,e007,0.4505
4,405,e008,0.4921
4,405,e009,0.5189
4,405,e010,0.5159
4,405,e011,0.485
4,405,e012,0.4629
4,405,e013,0.6066
4,405,e014,0.5723
4,405,e015,0.579
4,405,e016,0.5938
4,405,e017,0.6532
4,405,e018,0.6046
4,405,e019,0.5237
4,405,e020,0.5031
4,405,e021,0.4785
4,405,e022,0.5287
4,405,e023,0.504
4,405,e024,0.4603
4,406,e001,0.5183
4,406,e002,0.4289
4,406,e003,0.4611
4,406,e004,0.4749
4,406,e005,0.4493
4,406,e006,0.4592
4,406,e007,0.5042
4,406,e008,0.5265
4,406,e009,0.4301
4,406,e010,0.4928
4,406,e011,0.5217
4,406,e012,0.42
4,406,e013,0.6083
4,406,e014,0.5953
4,406,e015,0.5961
4,406,e016,0.6379
4,406,e017,0.5796
4,406,e018,0.6303
4,406,e019,0.5408
4,406,e020,0.487
4,406,e021,0.483
4,406,e022,0.4487
4,406,e023,0.4585
4,406,e024,0.4344
4,407,e001,0.4707
4,407,e002,0.5244
4,407,e003,0.4497
4,407,e004,0.4545
4,407,e005,0.482
4,407,e006,0.4974
4,407,e007,0.5177
4,407,e008,0.5371
4,407,e009,0.4616
4,407,e010,0.4866
4,407,e011,0.488
4,407,e012,0.446
4,407,e013,0.5995
4,407,e014,0.6141
4,407,e015,0.5777
4,407,e016,0.6435
4,407,e017,0.663
4,407,e018,0.5809
4,407,e019,0.4368
4,407,e020,0.4745
4,407,e021,0.4847
4,407,e022,0.5191
4,407,e023,0.475
4,407,e024,0.5231
4,408,e001,0.4495
4,408,e002,0.5021
4,408,e003,0.5261
4,408,e004,0.4739
4,408,e005,0.4649
4,408,e006,0.5188
4,408,e007,0.5394
4,408,e008,0.4653
4,408,e009,0.4579
4,408,e010,0.4317
4,408,e011,0.527
4,408,e012,0.497
4,408,e013,0.5988
4,408,e014,0.5913
4,408,e015,0.584
4,408,e016,0.6386
4,408,e017,0.6585
4,408,e018,0.5955
4,408,e019,0.5049
4,408,e020,0.5282
4,408,e021,0.4841
4,408,e022,0.4905
4,408,e023,0.5066
4,408,e024,0.49
4,409,e001,0.5074
4,409,e002,0.5402
4,409,e003,0.4643
4,409,e004,0.5082
4,409,e005,0.492
4,409,e006,0.4276
4,409,e007,0.4878
4,409,e008,0.4285
4,409,e009,0.4255
4,409,e010,0.4747
4,409,e011,0.4691
4,409,e012,0.4547
4,409,e013,0.5828
4,409,e014,0.6299
4,409,e015,0.6159
4,409,e016,0.545
4,409,e017,0.6162
4,409,e018,0.5806
4,409,e019,0.4431
4,409,e020,0.4662
4,409,e021,0.475
4,409,e022,0.47
4,409,e023,0.4891
4,409,e024,0.4987
4,410,e001,0.4386
4,410,e002,0.4572
4,410,e003,0.4206
4,410,e004,0.4136
4,410,e005,0.4143
4,410,e006,0.4754
4,410,e007,0.434
4,410,e008,0.4858
4,410,e009,0.4652
4,410,e010,0.5345
4,410,e011,0.4501
4,410,e012,0.5067
4,410,e013,0.6101
4,410,e014,0.6324
4,410,e015,0.6318
4,410,e016,0.5827
4,410,e017,0.5794
4,410,e018,0.6153
4,410,e019,0.4967
4,410,e020,0.4636
4,410,e021,0.431
4,410,e022,0.5284
4,410,e023,0.5324
4,410,e024,0.4743
4,411,e001,0.3866
4,411,e002,0.4639
4,411,e003,0.5051
4,411,e004,0.4422
4,411,e005,0.4758
4,411,e006,0.4531
4,411,e007,0.4283
4,411,e008,0.4126
4,411,e009,0.376
4,411,e010,0.4752
4,411,e011,0.4918
4,411,e012,0.4663
4,411,e013,0.5953
4,411,e014,0.6276
4,411,e015,0.5999
4,411,e016,0.5861
4,411,e017,0.5397
4,411,e018,0.5494
4,411,e019,0.4363
4,411,e020,0.4658
4,411,e021,0.4284
4,411,e022,0.4133
4,411,e023,0.4475
4,411,e024,0.4459
4,412,e001,0.448
4,412,e002,0.4813
4,412,e003,0.4304
4,412,e004,0.4277
4,412,e005,0.4316
4,412,e006,0.4902
4,412,e007,0.4591
4,412,e008,0.4584
4,412,e009,0.4447
4,412,e010,0.439
4,412,e011,0.4146
4,412,e012,0.4661
4,412,e013,0.6227
4,412,e014,0.5684
4,412,e015,0.5991
4,412,e016,0.6031
4,412,e017,0.5996
4,412,e018,0.5955
4,412,e019,0.4935
4,412,e020,0.4717
4,412,e021,0.4893
4,412,e022,0.4891
4,412,e023,0.4652
4,412,e024,0.4678
4,413,e001,0.4643
4,413,e002,0.5081
4,413,e003,0.5029
4,413,e004,0.4609
4,413,e005,0.4937
4,413,e006,0.4387
4,413,e007,0.4895
4,413,e008,0.4931
4,413,e009,0.522
4,413,e010,0.5077
4,413,e011,0.5201
4,413,e012,0.4508
4,413,e013,0.6143
4,413,e014,0.5733
4,413,e015,0.6167
4,413,e016,0.5465
4,413,e017,0.5538
4,413,e018,0.6443
4,413,e019,0.4653
4,413,e020,0.4601
4,413,e021,0.5361
4,413,e022,0.5108
4,413,e023,0.5138
4,413,e024,0.4479
4,414,e001,0.4649
4,414,e002,0.4709
4,414,e003,0.4648
4,414,e004,0.4354
4,414,e005,0.4658
4,414,e006,0.4466
4,414,e007,0.5268
4,414,e008,0.4556
4,414,e009,0.4772
4,414,e010,0.5085
4,414,e011,0.4599
4,414,e012,0.4866
4,414,e013,0.5579
4,414,e014,0.6522
4,414,e015,0.5709
4,414,e016,0.5846
4,414,e017,0.5745
4,414,e018,0.5903
4,414,e019,0.4784
4,414,e020,0.4729
4,414,e021,0.4897
4,414,e022,0.4941
4,414,e023,0.5079
4,414,e024,0.4674
4,415,e001,0.5247
4,415,e002,0.4252
4,415,e003,0.4937
4,415,e004,0.4743
4,415,e005,0.5389
4,415,e006,0.4943
4,415,e007,0.4987
4,415,e008,0.4962
4,415,e009,0.4665
4,415,e010,0.501
4,415,e011,0.457
4,415,e012,0.4638
4,415,e013,0.5949
4,415,e014,0.5879
4,415,e015,0.54
4,415,e016,0.6196
4,415,e017,0.5566
4,415,e018,0.6451
4,415,e019,0.4664
4,415,e020,0.5173
4,415,e021,0.5076
4,415,e022,0.5165
4,415,e023,0.4912
4,415,e024,0.4349
4,416,e001,0.5081
4,416,e002,0.5248
4,416,e003,0.5098
4,416,e004,0.4696
4,416,e005,0.4553
4,416,e006,0.5609
4,416,e007,0.479
4,416,e008,0.5024
4,416,e009,0.4753
4,416,e010,0.4536
4,416,e011,0.4575
4,416,e012,0.5228
4,416,e013,0.5826
4,416,e014,0.669
4,416,e015,0.6544
4,416,e016,0.665
4,416,e017,0.6796
4,416,e018,0.6256
4,416,e019,0.5339
4,416,e020,0.5003
4,416,e021,0.5005
4,416,e022,0.442
4,416,e023,0.4804
4,416,e024,0.5747
4,417,e001,0.4632
4,417,e002,0.4991
4,417,e003,0.4528
4,417,e004,0.4466
4,417,e005,0.4515
4,417,e006,0.4917
4,417,e007,0.4664
4,417,e008,0.4926
4,417,e009,0.4718
4,417,e010,0.462
4,417,e011,0.3923
4,417,e012,0.4246
4,417,e013,0.5502
4,417,e014,0.5988
4,417,e015,0.5434
4,417,e016,0.6273
4,417,e017,0.5658
4,417,e018,0.5975
4,417,e019,0.4527
4,417,e020,0.4448
4,417,e021,0.4927
4,417,e022,0.5168
4,417,e023,0.4494
4,417,e024,0.4705
4,418,e001,0.4573
4,418,e002,0.4461
4,418,e003,0.4756
4,418,e004,0.4573
4,418,e005,0.4891
4,418,e006,0.4679
4,418,e007,0.4845
4,418,e008,0.4649
4,418,e009,0.4782
4,418,e010,0.4844
4,418,e011,0.4047
4,418,e012,0.4613
4,418,e013,0.5771
4,418,e014,0.5959
4,418,e015,0.6104
4,418,e016,0.6478
4,418,e017,0.5966
4,418,e018,0.5814
4,418,e019,0.4245
4,418,e020,0.4497
4,418,e021,0.4397
4,418,e022,0.4853
4,418,e023,0.4679
4,418,e024,0.4385
4,419,e001,0.4247
4,419,e002,0.4665
4,419,e003,0.4061
4,419,e004,0.396
4,419,e005,0.4949
4,419,e006,0.4019
4,419,e007,0.4266
4,419,e008,0.4839
4,419,e009,0.474
4,419,e010,0.4772
4,419,e011,0.4352
4,419,e012,0.5141
4,419,e013,0.5689
4,419,e014,0.5589
4,419,e015,0.6023
4,419,e016,0.5721
4,419,e017,0.5632
4,419,e018,0.5774
4,419,e019,0.4324
4,419,e020,0.4369
4,419,e021,0.4366
4,419,e022,0.4033
4,419,e023,0.5161
4,419,e024,0.4651
4,420,e001,0.4953
4,420,e002,0.51
4,420,e003,0.4883
4,420,e004,0.4542
4,420,e005,0.469
4,420,e006,0.4659
4,420,e007,0.4113
4,420,e008,0.5083
4,420,e009,0.435
4,420,e010,0.4706
4,420,e011,0.4352
4,420,e012,0.4847
4,420,e013,0.5585
4,420,e014,0.6131
4,420,e015,0.5855
4,420,e016,0.5932
4,420,e017,0.5623
4,420,e018,0.5969
4,420,e019,0.4163
4,420,e020,0.4466
4,420,e021,0.4304
4,420,e022,0.4789
4,420,e023,0.4858
4,420,e024,0.4737
4,421,e001,0.4369
4,421,e002,0.3933
4,421,e003,0.4076
4,421,e004,0.3895
4,421,e005,0.4453
4,421,e006,0.4685
4,421,e007,0.4345
4,421,e008,0.3994
4,421,e009,0.3977
4,421,e010,0.3864
4,421,e011,0.3819
4,421,e012,0.393
4,421,e013,0.5743
4,421,e014,0.5585
4,421,e015,0.5393
4,421,e016,0.5659
4,421,e017,0.6259
4,421,e018,0.5639
4,421,e019,0.4313
4,421,e020,0.3929
4,421,e021,0.4301
4,421,e022,0.3851
4,421,e023,0.4078
4,421,e024,0.4654
4,422,e001,0.4331
4,422,e002,0.4112
4,422,e003,0.4647
4,422,e004,0.4659
4,422,e005,0.5115
4,422,e006,0.4508
4,422,e007,0.4701
4,422,e008,0.4526
4,422,e009,0.4976
4,422,e010,0.4887
4,422,e011,0.4539
4,422,e012,0.4641
4,422,e013,0.6097
4,422,e014,0.563
4,422,e015,0.5355
4,422,e016,0.585
4,422,e017,0.6318
4,422,e018,0.5162
4,422,e019,0.4836
4,422,e020,0.4307
4,422,e021,0.4821
4,422,e022,0.4731
4,422,e023,0.4625
4,422,e024,0.503
4,423,e001,0.4905
4,423,e002,0.4955
4,423,e003,0.4219
4,423,e004,0.4767
4,423,e005,0.4775
4,423,e006,0.5285
4,423,e007,0.4847
4,423,e008,0.4704
4,423,e009,0.4375
4,423,e010,0.4997
4,423,e011,0.5023
4,423,e012,0.4466
4,423,e013,0.6074
4,423,e014,0.6259
4,423,e015,0.659
4,423,e016,0.5325
4,423,e017,0.5635
4,423,e018,0.568
4,423,e019,0.4957
4,423,e020,0.4875
4,423,e021,0.5018
4,423,e022,0.4083
4,423,e023,0.4842
4,423,e024,0.4668
4,424,e001,0.4686
4,424,e002,0.4728
4,424,e003,0.48
4,424,e004,0.4569
4,424,e005,0.4846
4,424,e006,0.52
4,424,e007,0.4866
4,424,e008,0.4046
4,424,e009,0.3952
4,424,e010,0.4558
4,424,e011,0.476
4,424,e012,0.448
4,424,e013,0.5253
4,424,e014,0.5519
4,424,e015,0.5385
4,424,e016,0.6198
4,424,e017,0.5799
4,424,e018,0.6231
4,424,e019,0.5144
4,424,e020,0.4846
4,424,e021,0.4062
4,424,e022,0.4723
4,424,e023,0.4933
4,424,e024,0.4478
4,425,e001,0.4504
4,425,e002,0.4272
4,425,e003,0.4934
4,425,e004,0.4557
4,425,e005,0.4081
4,425,e006,0.4415
4,425,e007,0.5079
4,425,e008,0.4589
4,425,e009,0.4385
4,425,e010,0.464
4,425,e011,0.4628
4,425,e012,0.4771
4,425,e013,0.6096
4,425,e014,0.5944
4,425,e015,0.6314
4,425,e016,0.6399
4,425,e017,0.5272
4,425,e018,0.6059
4,425,e019,0.4581
4,425,e020,0.4183
4,425,e021,0.4099
4,425,e022,0.4161
4,425,e023,0.4879
4,425,e024,0.4771
4,426,e001,0.4018
4,426,e002,0.4095
4,426,e003,0.3744
4,426,e004,0.4489
4,426,e005,0.4518
4,426,e006,0.4526
4,426,e007,0.4222
4,426,e008,0.383
4,426,e009,0.4165
4,426,e010,0.3806
4,426,e011,0.4281
4,426,e012,0.4542
4,426,e013,0.541
4,426,e014,0.5134
4,426,e015,0.5344
4,426,e016,0.5892
4,426,e017,0.5292
4,426,e018,0.5862
4,426,e019,0.4463
4,426,e020,0.3852
4,426,e021,0.4765
4,426,e022,0.4816
4,426,e023,0.408
4,426,e024,0.3962
4,427,e001,0.4308
4,427,e002,0.4903
4,427,e003,0.5002
4,427,e004,0.477
4,427,e005,0.4286
4,427,e006,0.3933
4,427,e007,0.5187
4,427,e008,0.5036
4,427,e009,0.431
4,427,e010,0.4609
4,427,e011,0.5011
4,427,e012,0.493
4,427,e013,0.567
4,427,e014,0.5861
4,427,e015,0.5927
4,427,e016,0.5744
4,427,e017,0.5914
4,427,e018,0.6463
4,427,e019,0.4743
4,427,e020,0.4762
4,427,e021,0.4977
4,427,e022,0.4705
4,427,e023,0.5321
4,427,e024,0.454
4,428,e001,0.4697
4,428,e002,0.401
4,428,e003,0.4903
4,428,e004,0.4724
4,428,e005,0.4545
4,428,e006,0.4163
4,428,e007,0.4247
4,428,e008,0.3898
4,428,e009,0.4127
4,428,e010,0.4581
4,428,e011,0.3999
4,428,e012,0.4824
4,428,e013,0.5563
4,428,e014,0.5444
4,428,e015,0.5803
4,428,e016,0.5421
4,428,e017,0.588
4,428,e018,0.5782
4,428,e019,0.3944
4,428,e020,0.4689
4,428,e021,0.4328
4,428,e022,0.4601
4,428,e023,0.4071
4,428,e024,0.3953
4,429,e001,0.5238
4,429,e002,0.5167
4,429,e003,0.4235
4,429,e004,0.4726
4,429,e005,0.4955
4,429,e006,0.4892
4,429,e007,0.4531
4,429,e008,0.4365
4,429,e009,0.4638
4,429,e010,0.4721
4,429,e011,0.418
4,429,e012,0.5221
4,429,e013,0.5807
4,429,e014,0.5535
4,429,e015,0.6329
4,429,e016,0.6037
4,429,e017,0.5806
4,429,e018,0.5541
4,429,e019,0.4514
4,429,e020,0.4803
4,429,e021,0.4815
4,429,e022,0.5278
4,429,e023,0.4989
4,429,e024,0.524
4,430,e001,0.4453
4,430,e002,0.4957
4,430,e003,0.4406
4,430,e004,0.4431
4,430,e005,0.5034
4,430,e006,0.4787
4,430,e007,0.5004
4,430,e008,0.498
4,430,e009,0.5277
4,430,e010,0.5212
4,430,e011,0.4215
4,430,e012,0.4767
4,430,e013,0.6141
4,430,e014,0.5726
4,430,e015,0.6144
4,430,e016,0.6443
4,430,e017,0.5682
4,430,e018,0.5655
4,430,e019,0.438
4,430,e020,0.4859
4,430,e021,0.521
4,430,e022,0.5154
4,430,e023,0.488
4,430,e024,0.4618
4,431,e001,0.465
4,431,e002,0.4201
4,431,e003,0.4833
4,431,e004,0.4594
4,431,e005,0.4853
4,431,e006,0.4806
4,431,e007,0.5057
4,431,e008,0.3903
4,431,e009,0.4693
4,431,e010,0.5212
4,431,e011,0.4804
4,431,e012,0.4969
4,431,e013,0.54
4,431,e014,0.5915
4,431,e015,0.534
4,431,e016,0.6014
4,431,e017,0.5637
4,431,e018,0.5937
4,431,e019,0.4082
4,431,e020,0.4007
4,431,e021,0.4481
4,431,e022,0.4723
4,431,e023,0.4224
4,431,e024,0.4279
4,432,e001,0.4167
4,432,e002,0.4367
4,432,e003,0.4291
4,432,e004,0.5013
4,432,e005,0.4193
4,432,e006,0.4461
4,432,e007,0.4597
4,432,e008,0.4628
4,432,e009,0.4349
4,432,e010,0.4665
4,432,e011,0.4695
4,432,e012,0.4374
4,432,e013,0.6251
4,432,e014,0.6007
4,432,e015,0.6145
4,432,e016,0.5597
4,432,e017,0.615
4,432,e018,0.5863
4,432,e019,0.4889
4,432,e020,0.425
4,432,e021,0.4814
4,432,e022,0.4269
4,432,e023,0.5108
4,432,e024,0.4668
4,433,e001,0.4798
4,433,e002,0.3908
4,433,e003,0.4773
4,433,e004,0.4433
4,433,e005,0.4271
4,433,e006,0.4511
4,433,e007,0.5164
4,433,e008,0.4968
4,433,e009,0.3974
4,433,e010,0.4267
4,433,e011,0.4849
4,433,e012,0.4322
4,433,e013,0.5637
4,433,e014,0.5096
4,433,e015,0.5534
4,433,e016,0.5267
4,433,e017,0.5639
4,433,e018,0.6008
4,433,e019,0.4113
4,433,e020,0.4681
4,433,e021,0.4191
4,433,e022,0.4569
4,433,e023,0.4223
4,433,e024,0.4229
4,434,e001,0.4203
4,434,e002,0.4495
4,434,e003,0.4619
4,434,e004,0.4429
4,434,e005,0.4602
4,434,e006,0.4859
4,434,e007,0.4794
4,434,e008,0.4725
4,434,e009,0.4794
4,434,e010,0.4772
4,434,e011,0.4538
4,434,e012,0.4397
4,434,e013,0.6211
4,434,e014,0.6214
4,434,e015,0.5605
4,434,e016,0.636
4,434,e017,0.5537
4,434,e018,0.6125
4,434,e019,0.4917
4,434,e020,0.4399
4,434,e021,0.5067
4,434,e022,0.4932
4,434,e023,0.5066
4,434,e024,0.4345
4,435,e001,0.3581
4,435,e002,0.4252
4,435,e003,0.4315
4,435,e004,0.3849
4,435,e005,0.4388
4,435,e006,0.4477
4,435,e007,0.412
4,435,e008,0.3754
4,435,e009,0.4255
4,435,e010,0.3873
4,435,e011,0.4523
4,435,e012,0.3703
4,435,e013,0.498
4,435,e014,0.546
4,435,e015,0.5452
4,435,e016,0.521
4,435,e017,0.598
4,435,e018,0.5045
4,435,e019,0.4381
4,435,e020,0.4332
4,435,e021,0.4435
4,435,e022,0.4013
4,435,e023,0.3749
4,435,e024,0.3557
4,436,e001,0.3946
4,436,e002,0.4034
4,436,e003,0.465
4,436,e004,0.5017
4,436,e005,0.411
4,436,e006,0.4538
4,436,e007,0.4784
4,436,e008,0.4848
4,436,e009,0.4852
4,436,e010,0.4325
4,436,e011,0.4777
4,436,e012,0.4218
4,436,e013,0.606
4,436,e014,0.5677
4,436,e015,0.6505
4,436,e016,0.5188
4,436,e017,0.5648
4,436,e018,0.6181
4,436,e019,0.4225
4,436,e020,0.4012
4,436,e021,0.403
4,436,e022,0.4458
4,436,e023,0.4727
4,436,e024,0.4386
4,437,e001,0.4231
4,437,e002,0.4535
4,437,e003,0.4268
4,437,e004,0.4816
4,437,e005,0.4429
4,437,e006,0.3623
4,437,e007,0.3836
4,437,e008,0.4225
4,437,e009,0.3952
4,437,e010,0.4995
4,437,e011,0.3991
4,437,e012,0.4689
4,437,e013,0.5642
4,437,e014,0.5398
4,437,e015,0.5044
4,437,e016,0.5353
4,437,e017,0.5327
4,437,e018,0.5284
4,437,e019,0.4278
4,437,e020,0.4597
4,437,e021,0.4235
4,437,e022,0.4962
4,437,e023,0.3986
4,437,e024,0.4031
4,438,e001,0.3901
4,438,e002,0.3918
4,438,e003,0.4268
4,438,e004,0.4088
4,438,e005,0.4554
4,438,e006,0.4727
4,438,e007,0.3962
4,438,e008,0.4567
4,438,e009,0.4223
4,438,e010,0.3752
4,438,e011,0.4098
4,438,e012,0.3855
4,438,e013,0.5616
4,438,e014,0.5165
4,438,e015,0.542
4,438,e016,0.5533
4,438,e017,0.5302
4,438,e018,0.5519
4,438,e019,0.3936
4,438,e020,0.4454
4,438,e021,0.4202
4,438,e022,0.4141
4,438,e023,0.3883
4,438,e024,0.4036
4,439,e001,0.3758
4,439,e002,0.3956
4,439,e003,0.4118
4,439,e004,0.4856
4,439,e005,0.3914
4,439,e006,0.4182
4,439,e007,0.4641
4,439,e008,0.4664
4,439,e009,0.4623
4,439,e010,0.3928
4,439,e011,0.4628
4,439,e012,0.4474
4,439,e013,0.5175
4,439,e014,0.5862
4,439,e015,0.5107
4,439,e016,0.5829
4,439,e017,0.5495
4,439,e018,0.5531
4,439,e019,0.4026
4,439,e020,0.4229
4,439,e021,0.4456
4,439,e022,0.3973
4,439,e023,0.4616
4,439,e024,0.3769
4,440,e001,0.4862
4,440,e002,0.4272
4,440,e003,0.4537
4,440,e004,0.4139
4,440,e005,0.4501
4,440,e006,0.4086
4,440,e007,0.423
4,440,e008,0.403
4,440,e009,0.3561
4,440,e010,0.3952
4,440,e011,0.3968
4,440,e012,0.3636
4,440,e013,0.525
4,440,e014,0.5544
4,440,e015,0.5093
4,440,e016,0.5516
4,440,e017,0.5153
4,440,e018,0.5978
4,440,e019,0.3778
4,440,e020,0.4277
4,440,e021,0.4371
4,440,e022,0.3944
4,440,e023,0.4639
4,440,e024,0.4493
4,441,e001,0.4125
4,441,e002,0.4397
4,441,e003,0.4734
4,441,e004,0.3712
4,441,e005,0.4676
4,441,e006,0.4216
4,441,e007,0.4635
4,441,e008,0.4458
4,441,e009,0.4213
4,441,e010,0.3801
4,441,e011,0.475
4,441,e012,0.4313
4,441,e013,0.5683
4,441,e014,0.5023
4,441,e015,0.5046
4,441,e016,0.5143
4,441,e017,0.4954
4,441,e018,0.517
4,441,e019,0.3826
4,441,e020,0.4094
4,441,e021,0.4475
4,441,e022,0.3837
4,441,e023,0.4522
4,441,e024,0.4943
4,442,e001,0.4491
4,442,e002,0.4741
4,442,e003,0.4499
4,442,e004,0.5356
4,442,e005,0.4369
4,442,e006,0.4564
4,442,e007,0.4749
4,442,e008,0.4945
4,442,e009,0.5128
4,442,e010,0.4488
4,442,e011,0.49
4,442,e012,0.4509
4,442,e013,0.5621
4,442,e014,0.6435
4,442,e015,0.5867
4,442,e016,0.6147
4,442,e017,0.6329
4,442,e018,0.6241
4,442,e019,0.5016
4,442,e020,0.4923
4,442,e021,0.4559
4,442,e022,0.4556
4,442,e023,0.5353
4,442,e024,0.4812
4,443,e001,0.4402
4,443,e002,0.4219
4,443,e003,0.4763
4,443,e004,0.4152
4,443,e005,0.4441
4,443,e006,0.4806
4,443,e007,0.4947
4,443,e008,0.3832
4,443,e009,0.4691
4,443,e010,0.4454
4,443,e011,0.3801
4,443,e012,0.428
4,443,e013,0.5348
4,443,e014,0.5454
4,443,e015,0.5721
4,443,e016,0.5715
4,443,e017,0.5048
4,443,e018,0.537
4,443,e019,0.4728
4,443,e020,0.4379
4,443,e021,0.4093
4,443,e022,0.4586
4,443,e023,0.4008
4,443,e024,0.4711
4,444,e001,0.4958
4,444,e002,0.4418
4,444,e003,0.404
4,444,e004,0.442
4,444,e005,0.4698
4,444,e006,0.4637
4,444,e007,0.3968
4,444,e008,0.3837
4,444,e009,0.4625
4,444,e010,0.4352
4,444,e011,0.4017
4,444,e012,0.407
4,444,e013,0.5879
4,444,e014,0.5775
4,444,e015,0.5867
4,444,e016,0.593
4,444,e017,0.5427
4,444,e018,0.5739
4,444,e019,0.449
4,444,e020,0.418
4,444,e021,0.4903
4,444,e022,0.4956
4,444,e023,0.4446
4,444,e024,0.4067
4,445,e001,0.4132
4,445,e002,0.4281
4,445,e003,0.4242
4,445,e004,0.4122
4,445,e005,0.4489
4,445,e006,0.4096
4,445,e007,0.426
4,445,e008,0.34
4,445,e009,0.3546
4,445,e010,0.3498
4,445,e011,0.4228
4,445,e012,0.3554
4,445,e013,0.5252
4,445,e014,0.4846
4,445,e015,0.5147
4,445,e016,0.523
4,445,e017,0.514
4,445,e018,0.4673
4,445,e019,0.3864
4,445,e020,0.3825
4,445,e021,0.4236
4,445,e022,0.4779
4,445,e023,0.4066
4,445,e024,0.4111
4,446,e001,0.4509
4,446,e002,0.4463
4,446,e003,0.4698
4,446,e004,0.4692
4,446,e005,0.4507
4,446,e006,0.3985
4,446,e007,0.4539
4,446,e008,0.377
4,446,e009,0.3887
4,446,e010,0.4791
4,446,e011,0.3835
4,446,e012,0.4752
4,446,e013,0.5491
4,446,e014,0.6057
4,446,e015,0.5378
4,446,e016,0.5197
4,446,e017,0.4912
4,446,e018,0.5876
4,446,e019,0.4709
4,446,e020,0.4819
4,446,e021,0.3916
4,446,e022,0.4123
4,446,e023,0.4279
4,446,e024,0.4178
4,447,e001,0.3276
4,447,e002,0.3517
4,447,e003,0.3804
4,447,e004,0.3146
4,447,e005,0.3406
4,447,e006,0.3328
4,447,e007,0.3718
4,447,e008,0.3212
4,447,e009,0.3796
4,447,e010,0.3977
4,447,e011,0.3062
4,447,e012,0.3937
4,447,e013,0.4963
4,447,e014,0.5385
4,447,e015,0.5266
4,447,e016,0.4729
4,447,e017,0.5167
4,447,e018,0.541
4,447,e019,0.352
4,447,e020,0.3615
4,447,e021,0.4194
4,447,e022,0.3437
4,447,e023,0.3468
4,447,e024,0.3721
4,448,e001,0.4247
4,448,e002,0.4392
4,448,e003,0.4478
4,448,e004,0.4024
4,448,e005,0.4033
4,448,e006,0.374
4,448,e007,0.4559
4,448,e008,0.4166
4,448,e009,0.4608
4,448,e010,0.4055
4,448,e011,0.3677
4,448,e012,0.3789
4,448,e013,0.5628
4,448,e014,0.5381
4,448,e015,0.569
4,448,e016,0.5465
4,448,e017,0.5609
4,448,e018,0.5936
4,448,e019,0.4088
4,448,e020,0.3838
4,448,e021,0.4481
4,448,e022,0.4223
4,448,e023,0.4599
4,448,e024,0.3763
4,449,e001,0.3907
4,449,e002,0.4674
4,449,e003,0.397
4,449,e004,0.4501
4,449,e005,0.4291
4,449,e006,0.4869
4,449,e007,0.4763
4,449,e008,0.4327
4,449,e009,0.3609
4,449,e010,0.4431
4,449,e011,0.422
4,449,e012,0.3966
4,449,e013,0.5282
4,449,e014,0.6225
4,449,e015,0.5513
4,449,e016,0.595
4,449,e017,0.5177
4,449,e018,0.5173
4,449,e019,0.4144
4,449,e020,0.4531
4,449,e021,0.4273
4,449,e022,0.407
4,449,e023,0.4563
4,449,e024,0.4442
4,450,e001,0.3397
4,450,e002,0.4206
4,450,e003,0.391
4,450,e004,0.4032
4,450,e005,0.345
4,450,e006,0.4162
4,450,e007,0.4082
4,450,e008,0.4004
4,450,e009,0.4147
4,450,e010,0.4188
4,450,e011,0.3797
4,450,e012,0.424
4,450,e013,0.3625
4,450,e014,0.4102
4,450,e015,0.4198
4,450,e016,0.3354
4,450,e017,0.4171
4,450,e018,0.4159
4,450,e019,0.4491
4,450,e020,0.4523
4,450,e021,0.3845
4,450,e022,0.3915
4,450,e023,0.3778
4,450,e024,0.3859
4,451,e001,0.4079
4,451,e002,0.4669
4,451,e003,0.4123
4,451,e004,0.408
4,451,e005,0.4244
4,451,e006,0.432
4,451,e007,0.4468
4,451,e008,0.4908
4,451,e009,0.3724
4,451,e010,0.4115
4,451,e011,0.3936
4,451,e012,0.4461
4,451,e013,0.4431
4,451,e014,0.3952
4,451,e015,0.3853
4,451,e016,0.4637
4,451,e017,0.4042
4,451,e018,0.4385
4,451,e019,0.4157
4,451,e020,0.4473
4,451,e021,0.4266
4,451,e022,0.4239
4,451,e023,0.4162
4,451,e024,0.4151
4,452,e001,0.3477
4,452,e002,0.3994
4,452,e003,0.4195
4,452,e004,0.366
4,452,e005,0.4299
4,452,e006,0.3697
4,452,e007,0.381
4,452,e008,0.4198
4,452,e009,0.4024
4,452,e010,0.3623
4,452,e011,0.3337
4,452,e012,0.3715
4,452,e013,0.3235
4,452,e014,0.3128
4,452,e015,0.4062
4,452,e016,0.3586
4,452,e017,0.3865
4,452,e018,0.3819
4,452,e019,0.3906
4,452,e020,0.3979
4,452,e021,0.3193
4,452,e022,0.395
4,452,e023,0.369
4,452,e024,0.4117
4,453,e001,0.3478
4,453,e002,0.3602
4,453,e003,0.3727
4,453,e004,0.3759
4,453,e005,0.3551
4,453,e006,0.3116
4,453,e007,0.363
4,453,e008,0.3356
4,453,e009,0.3645
4,453,e010,0.3717
4,453,e011,0.391
4,453,e012,0.3489
4,453,e013,0.4058
4,453,e014,0.336
4,453,e015,0.4002
4,453,e016,0.3755
4,453,e017,0.3804
4,453,e018,0.361
4,453,e019,0.3989
4,453,e020,0.3904
4,453,e021,0.3207
4,453,e022,0.3539
4,453,e023,0.4013
4,453,e024,0.3561
4,454,e001,0.3943
4,454,e002,0.387
4,454,e003,0.3929
4,454,e004,0.4214
4,454,e005,0.4125
4,454,e006,0.3371
4,454,e007,0.3725
4,454,e008,0.3566
4,454,e009,0.3319
4,454,e010,0.3354
4,454,e011,0.3418
4,454,e012,0.4153
4,454,e013,0.3547
4,454,e014,0.4363
4,454,e015,0.3791
4,454,e016,0.4332
4,454,e017,0.3676
4,454,e018,0.4326
4,454,e019,0.3937
4,454,e020,0.4114
4,454,e021,0.3319
4,454,e022,0.3856
4,454,e023,0.3643
4,454,e024,0.3667
4,455,e001,0.376
4,455,e002,0.3862
4,455,e003,0.3915
4,455,e004,0.367
4,455,e005,0.3676
4,455,e006,0.372
4,455,e007,0.3554
4,455,e008,0.387
4,455,e009,0.3775
4,455,e010,0.395
4,455,e011,0.4316
4,455,e012,0.4
4,455,e013,0.3657
4,455,e014,0.3561
4,455,e015,0.4122
4,455,e016,0.368
4,455,e017,0.3248
4,455,e018,0.4288
4,455,e019,0.3548
4,455,e020,0.3689
4,455,e021,0.4209
4,455,e022,0.3817
4,455,e023,0.4046
4,455,e024,0.4027
4,456,e001,0.4519
4,456,e002,0.4085
4,456,e003,0.4534
4,456,e004,0.4434
4,456,e005,0.4457
4,456,e006,0.3512
4,456,e007,0.4059
4,456,e008,0.3833
4,456,e009,0.4421
4,456,e010,0.4211
4,456,e011,0.4231
4,456,e012,0.3599
4,456,e013,0.4024
4,456,e014,0.3707
4,456,e015,0.3993
4,456,e016,0.4016
4,456,e017,0.3679
4,456,e018,0.3697
4,456,e019,0.4242
4,456,e020,0.4232
4,456,e021,0.4174
4,456,e022,0.3608
4,456,e023,0.375
4,456,e024,0.4175
4,457,e001,0.3118
4,457,e002,0.3615
4,457,e003,0.3177
4,457,e004,0.3163
4,457,e005,0.3654
4,457,e006,0.3722
4,457,e007,0.3282
4,457,e008,0.3467
4,457,e009,0.3292
4,457,e010,0.387
4,457,e011,0.3
4,457,e012,0.3475
4,457,e013,0.3112
4,457,e014,0.3511
4,457,e015,0.3546
4,457,e016,0.3793
4,457,e017,0.3931
4,457,e018,0.3428
4,457,e019,0.384
4,457,e020,0.3226
4,457,e021,0.368
4,457,e022,0.3251
4,457,e023,0.345
4,457,e024,0.288
4,458,e001,0.3992
4,458,e002,0.3468
4,458,e003,0.3946
4,458,e004,0.3362
4,458,e005,0.3545
4,458,e006,0.4102
4,458,e007,0.3406
4,458,e008,0.3913
4,458,e009,0.3841
4,458,e010,0.3901
4,458,e011,0.3533
4,458,e012,0.3331
4,458,e013,0.3087
4,458,e014,0.3438
4,458,e015,0.3654
4,458,e016,0.34
4,458,e017,0.438
4,458,e018,0.3917
4,458,e019,0.4007
4,458,e020,0.4191
4,458,e021,0.3576
4,458,e022,0.3251
4,458,e023,0.3504
4,458,e024,0.3884
4,459,e001,0.3188
4,459,e002,0.4063
4,459,e003,0.4044
4,459,e004,0.3293
4,459,e005,0.3203
4,459,e006,0.3459
4,459,e007,0.3519
4,459,e008,0.3875
4,459,e009,0.3496
4,459,e010,0.3775
4,459,e011,0.3289
4,459,e012,0.3989
4,459,e013,0.3807
4,459,e014,0.3415
4,459,e015,0.3327
4,459,e016,0.3598
4,459,e017,0.351
4,459,e018,0.3271
4,459,e019,0.3564
4,459,e020,0.3505
4,459,e021,0.3383
4,459,e022,0.4093
4,459,e023,0.3992
4,459,e024,0.3347
4,460,e001,0.411
4,460,e002,0.3217
4,460,e003,0.4203
4,460,e004,0.3389
4,460,e005,0.3336
4,460,e006,0.3163
4,460,e007,0.4016
4,460,e008,0.46
4,460,e009,0.3892
4,460,e010,0.3595
4,460,e011,0.3827
4,460,e012,0.3424
4,460,e013,0.402
4,460,e014,0.3706
4,460,e015,0.3259
4,460,e016,0.4011
4,460,e017,0.3828
4,460,e018,0.4306
4,460,e019,0.3594
4,460,e020,0.3646
4,460,e021,0.4017
4,460,e022,0.4249
4,460,e023,0.3629
4,460,e024,0.3657
4,461,e001,0.387
4,461,e002,0.4062
4,461,e003,0.347
4,461,e004,0.3672
4,461,e005,0.3135
4,461,e006,0.3966
4,461,e007,0.3292
4,461,e008,0.3967
4,461,e009,0.337
4,461,e010,0.3787
4,461,e011,0.4299
4,461,e012,0.3332
4,461,e013,0.3735
4,461,e014,0.3157
4,461,e015,0.3806
4,461,e016,0.4111
4,461,e017,0.3441
4,461,e018,0.3337
4,461,e019,0.4142
4,461,e020,0.3121
4,461,e021,0.3258
4,461,e022,0.3974
4,461,e023,0.3379
4,461,e024,0.3562
4,462,e001,0.2982
4,462,e002,0.3098
4,462,e003,0.3314
4,462,e004,0.3696
4,462,e005,0.3333
4,462,e006,0.3697
4,462,e007,0.352
4,462,e008,0.3362
4,462,e009,0.321
4,462,e010,0.3142
4,462,e011,0.317
4,462,e012,0.342
4,462,e013,0.309
4,462,e014,0.3667
4,462,e015,0.3909
4,462,e016,0.3991
4,462,e017,0.363
4,462,e018,0.3976
4,462,e019,0.3858
4,462,e020,0.4246
4,462,e021,0.3412
4,462,e022,0.3609
4,462,e023,0.329
4,462,e024,0.3496
4,463,e001,0.3407
4,463,e002,0.3432
4,463,e003,0.4026
4,463,e004,0.3462
4,463,e005,0.3456
4,463,e006,0.3586
4,463,e007,0.3345
4,463,e008,0.3744
4,463,e009,0.4016
4,463,e010,0.4002
4,463,e011,0.3731
4,463,e012,0.3856
4,463,e013,0.3578
4,463,e014,0.4197
4,463,e015,0.4039
4,463,e016,0.3597
4,463,e017,0.3641
4,463,e018,0.34
4,463,e019,0.3372
4,463,e020,0.3371
4,463,e021,0.3859
4,463,e022,0.3223
4,463,e023,0.401
4,463,e024,0.3313
4,464,e001,0.35
4,464,e002,0.3295
4,464,e003,0.3009
4,464,e004,0.3769
4,464,e005,0.364
4,464,e006,0.3674
4,464,e007,0.2829
4,464,e008,0.3928
4,464,e009,0.3491
4,464,e010,0.2967
4,464,e011,0.3252
4,464,e012,0.3697
4,464,e013,0.3355
4,464,e014,0.3446
4,464,e015,0.3322
4,464,e016,0.3044
4,464,e017,0.3502
4,464,e018,0.2825
4,464,e019,0.3817
4,464,e020,0.3099
4,464,e021,0.3661
4,464,e022,0.3708
4,464,e023,0.3602
4,464,e024,0.3654
4,465,e001,0.3256
4,465,e002,0.3568
4,465,e003,0.3188
4,465,e004,0.3328
4,465,e005,0.3638
4,465,e006,0.328
4,465,e007,0.2758
4,465,e008,0.3921
4,465,e009,0.3515
4,465,e010,0.3764
4,465,e011,0.3275
4,465,e012,0.3874
4,465,e013,0.3634
4,465,e014,0.3575
4,465,e015,0.3923
4,465,e016,0.3255
4,465,e017,0.3183
4,465,e018,0.311
4,465,e019,0.3638
4,465,e020,0.3337
4,465,e021,0.3058
4,465,e022,0.3416
4,465,e023,0.4021
4,465,e024,0.364
4,466,e001,0.3918
4,466,e002,0.3602
4,466,e003,0.3132
4,466,e004,0.3199
4,466,e005,0.3305
4,466,e006,0.3789
4,466,e007,0.3838
4,466,e008,0.3915
4,466,e009,0.3486
4,466,e010,0.3728
4,466,e011,0.3101
4,466,e012,0.3875
4,466,e013,0.3772
4,466,e014,0.3644
4,466,e015,0.3831
4,466,e016,0.3834
4,466,e017,0.3985
4,466,e018,0.3465
4,466,e019,0.3732
4,466,e020,0.366
4,466,e021,0.3642
4,466,e022,0.3727
4,466,e023,0.3251
4,466,e024,0.3091
4,467,e001,0.3411
4,467,e002,0.3312
4,467,e003,0.3531
4,467,e004,0.3757
4,467,e005,0.414
4,467,e006,0.3439
4,467,e007,0.3392
4,467,e008,0.3643
4,467,e009,0.4049
4,467,e010,0.3301
4,467,e011,0.3873
4,467,e012,0.3789
4,467,e013,0.3447
4,467,e014,0.3728
4,467,e015,0.398
4,467,e016,0.4025
4,467,e017,0.3964
4,467,e018,0.339
4,467,e019,0.3529
4,467,e020,0.4008
4,467,e021,0.3223
4,467,e022,0.338
4,467,e023,0.3473
4,467,e024,0.3967
4,468,e001,0.3169
4,468,e002,0.3688
4,468,e003,0.3039
4,468,e004,0.3536
4,468,e005,0.3328
4,468,e006,0.3746
4,468,e007,0.3288
4,468,e008,0.3476
4,468,e009,0.2907
4,468,e010,0.2987
4,468,e011,0.3436
4,468,e012,0.3018
4,468,e013,0.3501
4,468,e014,0.3029
4,468,e015,0.2816
4,468,e016,0.2917
4,468,e017,0.3716
4,468,e018,0.2966
4,468,e019,0.3498
4,468,e020,0.3378
4,468,e021,0.3211
4,468,e022,0.3566
4,468,e023,0.3637
4,468,e024,0.4019
4,469,e001,0.3978
4,469,e002,0.3795
4,469,e003,0.3517
4,469,e004,0.3635
4,469,e005,0.3408
4,469,e006,0.3104
4,469,e007,0.4494
4,469,e008,0.3995
4,469,e009,0.3516
4,469,e010,0.3719
4,469,e011,0.3647
4,469,e012,0.4024
4,469,e013,0.3387
4,469,e014,0.3493
4,469,e015,0.3895
4,469,e016,0.3839
4,469,e017,0.3869
4,469,e018,0.3901
4,469,e019,0.4163
4,469,e020,0.3664
4,469,e021,0.3225
4,469,e022,0.3595
4,469,e023,0.2993
4,469,e024,0.3344
4,470,e001,0.356
4,470,e002,0.2986
4,470,e003,0.3836
4,470,e004,0.3124
4,470,e005,0.381
4,470,e006,0.3041
4,470,e007,0.2925
4,470,e008,0.355
4,470,e009,0.3127
4,470,e010,0.322
4,470,e011,0.3496
4,470,e012,0.3123
4,470,e013,0.3731
4,470,e014,0.3408
4,470,e015,0.3489
4,470,e016,0.3664
4,470,e017,0.3178
4,470,e018,0.3121
4,470,e019,0.2977
4,470,e020,0.3018
4,470,e021,0.3099
4,470,e022,0.3124
4,470,e023,0.3231
4,470,e024,0.3396
4,471,e001,0.3182
4,471,e002,0.3509
4,471,e003,0.3288
4,471,e004,0.3082
4,471,e005,0.3091
4,471,e006,0.2826
4,471,e007,0.313
4,471,e008,0.3943
4,471,e009,0.3371
4,471,e010,0.3087
4,471,e011,0.3847
4,471,e012,0.3885
4,471,e013,0.2957
4,471,e014,0.3126
4,471,e015,0.343
4,471,e016,0.3502
4,471,e017,0.3181
4,471,e018,0.2852
4,471,e019,0.3712
4,471,e020,0.3288
4,471,e021,0.3079
4,471,e022,0.361
4,471,e023,0.3294
4,471,e024,0.4076
4,472,e001,0.3509
4,472,e002,0.378
4,472,e003,0.3366
4,472,e004,0.3307
4,472,e005,0.3756
4,472,e006,0.3817
4,472,e007,0.4005
4,472,e008,0.3482
4,472,e009,0.4296
4,472,e010,0.3697
4,472,e011,0.2921
4,472,e012,0.4168
4,472,e013,0.4056
4,472,e014,0.3181
4,472,e015,0.415
4,472,e016,0.3721
4,472,e017,0.3486
4,472,e018,0.3941
4,472,e019,0.3273
4,472,e020,0.334
4,472,e021,0.3515
4,472,e022,0.3459
4,472,e023,0.36
4,472,e024,0.34
4,473,e001,0.2639
4,473,e002,0.3494
4,473,e003,0.3337
4,473,e004,0.3431
4,473,e005,0.3818
4,473,e006,0.2566
4,473,e007,0.3161
4,473,e008,0.3731
4,473,e009,0.2807
4,473,e010,0.2994
4,473,e011,0.3222
4,473,e012,0.3363
4,473,e013,0.3892
4,473,e014,0.2865
4,473,e015,0.3376
4,473,e016,0.3851
4,473,e017,0.356
4,473,e018,0.2712
4,473,e019,0.2835
4,473,e020,0.3454
4,473,e021,0.3224
4,473,e022,0.3006
4,473,e023,0.2967
4,473,e024,0.3175
4,474,e001,0.3457
4,474,e002,0.345
4,474,e003,0.2962
4,474,e004,0.333
4,474,e005,0.3365
4,474,e006,0.3564
4,474,e007,0.3092
4,474,e008,0.3537
4,474,e009,0.3151
4,474,e010,0.3093
4,474,e011,0.2788
4,474,e012,0.3404
4,474,e013,0.2913
4,474,e014,0.3661
4,474,e015,0.3276
4,474,e016,0.3604
4,474,e017,0.3178
4,474,e018,0.3481
4,474,e019,0.3224
4,474,e020,0.2916
4,474,e021,0.3398
4,474,e022,0.2724
4,474,e023,0.3381
4,474,e024,0.264
4,475,e001,0.3611
4,475,e002,0.3979
4,475,e003,0.3161
4,475,e004,0.3842
4,475,e005,0.373
4,475,e006,0.294
4,475,e007,0.3688
4,475,e008,0.295
4,475,e009,0.3599
4,475,e010,0.3403
4,475,e011,0.3181
4,475,e012,0.29
4,475,e013,0.3282
4,475,e014,0.3464
4,475,e015,0.3717
4,475,e016,0.3859
4,475,e017,0.2954
4,475,e018,0.4032
4,475,e019,0.355
4,475,e020,0.3053
4,475,e021,0.3764
4,475,e022,0.3689
4,475,e023,0.3419
4,475,e024,0.2971
4,476,e001,0.2979
4,476,e002,0.3662
4,476,e003,0.307
4,476,e004,0.3673
4,476,e005,0.3431
4,476,e006,0.3196
4,476,e007,0.3608
4,476,e008,0.3747
4,476,e009,0.3717
4,476,e010,0.3329
4,476,e011,0.3228
4,476,e012,0.2841
4,476,e013,0.3216
4,476,e014,0.3037
4,476,e015,0.3877
4,476,e016,0.3348
4,476,e017,0.3494
4,476,e018,0.3453
4,476,e019,0.3959
4,476,e020,0.3118
4,476,e021,0.3363
4,476,e022,0.3413
4,476,e023,0.383
4,476,e024,0.298
4,477,e001,0.2736
4,477,e002,0.3486
4,477,e003,0.2776
4,477,e004,0.2788
4,477,e005,0.3072
4,477,e006,0.3535
4,477,e007,0.2805
4,477,e008,0.3072
4,477,e009,0.2947
4,477,e010,0.3427
4,477,e011,0.2908
4,477,e012,0.2494
4,477,e013,0.3041
4,477,e014,0.3125
4,477,e015,0.3404
4,477,e016,0.2815
4,477,e017,0.2955
4,477,e018,0.3272
4,477,e019,0.3113
4,477,e020,0.3191
4,477,e021,0.3442
4,477,e022,0.3109
4,477,e023,0.355
4,477,e024,0.2712
4,478,e001,0.3358
4,478,e002,0.2907
4,478,e003,0.3525
4,478,e004,0.2918
4,478,e005,0.2824
4,478,e006,0.2933
4,478,e007,0.2514
4,478,e008,0.388
4,478,e009,0.3178
4,478,e010,0.3347
4,478,e011,0.2837
4,478,e012,0.3611
4,478,e013,0.2971
4,478,e014,0.3437
4,478,e015,0.3659
4,478,e016,0.3096
4,478,e017,0.3314
4,478,e018,0.3702
4,478,e019,0.3237
4,478,e020,0.315
4,478,e021,0.3094
4,478,e022,0.358
4,478,e023,0.3386
4,478,e024,0.3437
4,479,e001,0.3367
4,479,e002,0.3122
4,479,e003,0.3733
4,479,e004,0.3233
4,479,e005,0.3164
4,479,e006,0.3735
4,479,e007,0.3575
4,479,e008,0.3987
4,479,e009,0.343
4,479,e010,0.297
4,479,e011,0.3358
4,479,e012,0.2977
4,479,e013,0.3412
4,479,e014,0.3366
4,479,e015,0.3221
4,479,e016,0.3061
4,479,e017,0.3348
4,479,e018,0.3016
4,479,e019,0.3618
4,479,e020,0.3458
4,479,e021,0.3248
4,479,e022,0.3708
4,479,e023,0.316
4,479,e024,0.3382
4,480,e001,0.3706
4,480,e002,0.279
4,480,e003,0.3061
4,480,e004,0.3725
4,480,e005,0.3133
4,480,e006,0.277
4,480,e007,0.3228
4,480,e008,0.396
4,480,e009,0.3172
4,480,e010,0.3458
4,480,e011,0.319
4,480,e012,0.3136
4,480,e013,0.3444
4,480,e014,0.2912
4,480,e015,0.329
4,480,e016,0.3587
4,480,e017,0.3099
4,480,e018,0.3953
4,480,e019,0.3135
4,480,e020,0.3632
4,480,e021,0.3086
4,480,e022,0.3717
4,480,e023,0.3869
4,480,e024,0.3965
4,481,e001,0.3148
4,481,e002,0.3746
4,481,e003,0.387
4,481,e004,0.3702
4,481,e005,0.4139
4,481,e006,0.3493
4,481,e007,0.3096
4,481,e008,0.3923
4,481,e009,0.404
4,481,e010,0.3796
4,481,e011,0.3821
4,481,e012,0.351
4,481,e013,0.3811
4,481,e014,0.3488
4,481,e015,0.3446
4,481,e016,0.3135
4,481,e017,0.382
4,481,e018,0.3989
4,481,e019,0.4286
4,481,e020,0.3351
4,481,e021,0.4055
4,481,e022,0.3319
4,481,e023,0.4017
4,481,e024,0.4188
4,482,e001,0.2857
4,482,e002,0.3065
4,482,e003,0.2815
4,482,e004,0.3289
4,482,e005,0.302
4,482,e006,0.2855
4,482,e007,0.3362
4,482,e008,0.341
4,482,e009,0.3354
4,482,e010,0.3566
4,482,e011,0.2662
4,482,e012,0.3579
4,482,e013,0.2908
4,482,e014,0.3446
4,482,e015,0.3713
4,482,e016,0.2905
4,482,e017,0.3236
4,482,e018,0.3151
4,482,e019,0.352
4,482,e020,0.3325
4,482,e021,0.3773
4,482,e022,0.3701
4,482,e023,0.2765
4,482,e024,0.3359
4,483,e001,0.3516
4,483,e002,0.363
4,483,e003,0.3022
4,483,e004,0.3807
4,483,e005,0.3319
4,483,e006,0.3864
4,483,e007,0.4018
4,483,e008,0.4138
4,483,e009,0.294
4,483,e010,0.319
4,483,e011,0.3679
4,483,e012,0.3614
4,483,e013,0.3185
4,483,e014,0.2613
4,483,e015,0.3379
4,483,e016,0.3097
4,483,e017,0.392
4,483,e018,0.3425
4,483,e019,0.4078
4,483,e020,0.3625
4,483,e021,0.3189
4,483,e022,0.3767
4,483,e023,0.3006
4,483,e024,0.4005
4,484,e001,0.3371
4,484,e002,0.3424
4,484,e003,0.2973
4,484,e004,0.3301
4,484,e005,0.3058
4,484,e006,0.2859
4,484,e007,0.3312
4,484,e008,0.2815
4,484,e009,0.366
4,484,e010,0.2811
4,484,e011,0.3316
4,484,e012,0.2706
4,484,e013,0.3555
4,484,e014,0.3167
4,484,e015,0.2777
4,484,e016,0.2965
4,484,e017,0.263
4,484,e018,0.3168
4,484,e019,0.2913
4,484,e020,0.2809
4,484,e021,0.2596
4,484,e022,0.3093
4,484,e023,0.3233
4,484,e024,0.3508
4,485,e001,0.3127
4,485,e002,0.3906
4,485,e003,0.3325
4,485,e004,0.367
4,485,e005,0.3227
4,485,e006,0.3135
4,485,e007,0.3369
4,485,e008,0.2801
4,485,e009,0.3583
4,485,e010,0.3196
4,485,e011,0.3435
4,485,e012,0.323
4,485,e013,0.3884
4,485,e014,0.321
4,485,e015,0.3269
4,485,e016,0.329
4,485,e017,0.3488
4,485,e018,0.3242
4,485,e019,0.3404
4,485,e020,0.3876
4,485,e021,0.3297
4,485,e022,0.395
4,485,e023,0.3027
4,485,e024,0.3314
4,486,e001,0.2872
4,486,e002,0.3585
4,486,e003,0.3451
4,486,e004,0.2591
4,486,e005,0.3514
4,486,e006,0.2921
4,486,e007,0.3262
4,486,e008,0.3528
4,486,e009,0.3037
4,486,e010,0.3063
4,486,e011,0.2636
4,486,e012,0.3321
4,486,e013,0.3533
4,486,e014,0.3219
4,486,e015,0.3192
4,486,e016,0.2854
4,486,e017,0.3266
4,486,e018,0.2924
4,486,e019,0.3221
4,486,e020,0.2626
4,486,e021,0.3392
4,486,e022,0.2477
4,486,e023,0.2492
4,486,e024,0.3001
4,487,e001,0.3088
4,487,e002,0.2833
4,487,e003,0.3145
4,487,e004,0.3153
4,487,e005,0.3195
4,487,e006,0.392
4,487,e007,0.2828
4,487,e008,0.3432
4,487,e009,0.3513
4,487,e010,0.3183
4,487,e011,0.3303
4,487,e012,0.3208
4,487,e013,0.2785
4,487,e014,0.3052
4,487,e015,0.3293
4,487,e016,0.3004
4,487,e017,0.3588
4,487,e018,0.2733
4,487,e019,0.3384
4,487,e020,0.3716
4,487,e021,0.3678
4,487,e022,0.2868
4,487,e023,0.3719
4,487,e024,0.3576
4,488,e001,0.3697
4,488,e002,0.3637
4,488,e003,0.3296
4,488,e004,0.3277
4,488,e005,0.3381
4,488,e006,0.3631
4,488,e007,0.3493
4,488,e008,0.3389
4,488,e009,0.2805
4,488,e010,0.3452
4,488,e011,0.3036
4,488,e012,0.3394
4,488,e013,0.3141
4,488,e014,0.3164
4,488,e015,0.2991
4,488,e016,0.2656
4,488,e017,0.2996
4,488,e018,0.3043
4,488,e019,0.3406
4,488,e020,0.2919
4,488,e021,0.304
4,488,e022,0.3325
4,488,e023,0.2706
4,488,e024,0.2762
4,489,e001,0.3339
4,489,e002,0.3457
4,489,e003,0.3417
4,489,e004,0.3076
4,489,e005,0.3012
4,489,e006,0.2995
4,489,e007,0.3016
4,489,e008,0.3381
4,489,e009,0.3416
4,489,e010,0.3753
4,489,e011,0.2559
4,489,e012,0.3249
4,489,e013,0.2672
4,489,e014,0.3407
4,489,e015,0.3023
4,489,e016,0.2825
4,489,e017,0.2725
4,489,e018,0.275
4,489,e019,0.351
4,489,e020,0.3203
4,489,e021,0.2851
4,489,e022,0.2832
4,489,e023,0.3386
4,489,e024,0.3446
4,490,e001,0.2339
4,490,e002,0.3261
4,490,e003,0.2497
4,490,e004,0.2717
4,490,e005,0.3167
4,490,e006,0.3177
4,490,e007,0.2467
4,490,e008,0.3148
4,490,e009,0.2059
4,490,e010,0.2558
4,490,e011,0.2745
4,490,e012,0.233
4,490,e013,0.2931
4,490,e014,0.3119
4,490,e015,0.3091
4,490,e016,0.3491
4,490,e017,0.2476
4,490,e018,0.2723
4,490,e019,0.3114
4,490,e020,0.2471
4,490,e021,0.2567
4,490,e022,0.34
4,490,e023,0.3285
4,490,e024,0.2549
4,491,e001,0.3057
4,491,e002,0.3077
4,491,e003,0.3152
4,491,e004,0.3685
4,491,e005,0.3017
4,491,e006,0.2718
4,491,e007,0.3487
4,491,e008,0.3231
4,491,e009,0.2825
4,491,e010,0.2707
4,491,e011,0.2719
4,491,e012,0.2803
4,491,e013,0.3309
4,491,e014,0.2781
4,491,e015,0.2698
4,491,e016,0.3477
4,491,e017,0.2657
4,491,e018,0.2686
4,491,e019,0.3389
4,491,e020,0.322
4,491,e021,0.2805
4,491,e022,0.2812
4,491,e023,0.3398
4,491,e024,0.3517
4,492,e001,0.3364
4,492,e002,0.3234
4,492,e003,0.3645
4,492,e004,0.3048
4,492,e005,0.3818
4,492,e006,0.3409
4,492,e007,0.3285
4,492,e008,0.3585
4,492,e009,0.2818
4,492,e010,0.3145
4,492,e011,0.3412
4,492,e012,0.3833
4,492,e013,0.3331
4,492,e014,0.3385
4,492,e015,0.3148
4,492,e016,0.3497
4,492,e017,0.3878
4,492,e018,0.2905
4,492,e019,0.295
4,492,e020,0.3442
4,492,e021,0.3066
4,492,e022,0.3561
4,492,e023,0.3058
4,492,e024,0.3603
4,493,e001,0.2852
4,493,e002,0.2947
4,493,e003,0.2515
4,493,e004,0.2499
4,493,e005,0.2867
4,493,e006,0.316
4,493,e007,0.2186
4,493,e008,0.3177
4,493,e009,0.2295
4,493,e010,0.3138
4,493,e011,0.298
4,493,e012,0.2622
4,493,e013,0.296
4,493,e014,0.3539
4,493,e015,0.2921
4,493,e016,0.2218
4,493,e017,0.2675
4,493,e018,0.3396
4,493,e019,0.2644
4,493,e020,0.3314
4,493,e021,0.3235
4,493,e022,0.3546
4,493,e023,0.2395
4,493,e024,0.2134
4,494,e001,0.273
4,494,e002,0.3328
4,494,e003,0.3162
4,494,e004,0.3285
4,494,e005,0.2208
4,494,e006,0.3384
4,494,e007,0.3313
4,494,e008,0.3008
4,494,e009,0.2344
4,494,e010,0.237
4,494,e011,0.3146
4,494,e012,0.2541
4,494,e013,0.2507
4,494,e014,0.249
4,494,e015,0.2257
4,494,e016,0.2783
4,494,e017,0.2569
4,494,e018,0.3251
4,494,e019,0.3044
4,494,e020,0.2748
4,494,e021,0.2799
4,494,e022,0.258
4,494,e023,0.2477
4,494,e024,0.3212
4,495,e001,0.3092
4,495,e002,0.2801
4,495,e003,0.3093
4,495,e004,0.278
4,495,e005,0.3493
4,495,e006,0.289
4,495,e007,0.3447
4,495,e008,0.3398
4,495,e009,0.2926
4,495,e010,0.3006
4,495,e011,0.3307
4,495,e012,0.3046
4,495,e013,0.3056
4,495,e014,0.3664
4,495,e015,0.3359
4,495,e016,0.3454
4,495,e017,0.2941
4,495,e018,0.3786
4,495,e019,0.3555
4,495,e020,0.3189
4,495,e021,0.3184
4,495,e022,0.2702
4,495,e023,0.3025
4,495,e024,0.3294
4,496,e001,0.2924
4,496,e002,0.3661
4,496,e003,0.3288
4,496,e004,0.3052
4,496,e005,0.332
4,496,e006,0.3
4,496,e007,0.257
4,496,e008,0.322
4,496,e009,0.2748
4,496,e010,0.3345
4,496,e011,0.3067
4,496,e012,0.3073
4,496,e013,0.298
4,496,e014,0.292
4,496,e015,0.3983
4,496,e016,0.3565
4,496,e017,0.2896
4,496,e018,0.293
4,496,e019,0.2897
4,496,e020,0.3893
4,496,e021,0.4031
4,496,e022,0.3542
4,496,e023,0.3279
4,496,e024,0.2907
4,497,e001,0.331
4,497,e002,0.3357
4,497,e003,0.3123
4,497,e004,0.363
4,497,e005,0.339
4,497,e006,0.3342
4,497,e007,0.3512
4,497,e008,0.3399
4,497,e009,0.3017
4,497,e010,0.3846
4,497,e011,0.3151
4,497,e012,0.3617
4,497,e013,0.3774
4,497,e014,0.3387
4,497,e015,0.3547
4,497,e016,0.3138
4,497,e017,0.3399
4,497,e018,0.3559
4,497,e019,0.3817
4,497,e020,0.3237
4,497,e021,0.4078
4,497,e022,0.2817
4,497,e023,0.3839
4,497,e024,0.3466
4,498,e001,0.2976
4,498,e002,0.296
4,498,e003,0.2461
4,498,e004,0.2318
4,498,e005,0.2624
4,498,e006,0.3156
4,498,e007,0.3282
4,498,e008,0.2874
4,498,e009,0.2802
4,498,e010,0.2511
4,498,e011,0.2567
4,498,e012,0.302
4,498,e013,0.2239
4,498,e014,0.2957
4,498,e015,0.2583
4,498,e016,0.2263
4,498,e017,0.2811
4,498,e018,0.2547
4,498,e019,0.277
4,498,e020,0.2301
4,498,e021,0.2274
4,498,e022,0.3186
4,498,e023,0.1972
4,498,e024,0.2962
4,499,e001,0.2978
4,499,e002,0.3268
4,499,e003,0.2863
4,499,e004,0.349
4,499,e005,0.2855
4,499,e006,0.3424
4,499,e007,0.3365
4,499,e008,0.339
4,499,e009,0.344
4,499,e010,0.3014
4,499,e011,0.2975
4,499,e012,0.3289
4,499,e013,0.3529
4,499,e014,0.3556
4,499,e015,0.3373
4,499,e016,0.2978
4,499,e017,0.3366
4,499,e018,0.355
4,499,e019,0.3361
4,499,e020,0.2926
4,499,e021,0.2735
4,499,e022,0.2841
4,499,e023,0.3011
4,499,e024,0.334
4,500,e001,0.3666
4,500,e002,0.3196
4,500,e003,0.2989
4,500,e004,0.3085
4,500,e005,0.2914
4,500,e006,0.3273
4,500,e007,0.3095
4,500,e008,0.3901
4,500,e009,0.3329
4,500,e010,0.3605
4,500,e011,0.3952
4,500,e012,0.2959
4,500,e013,0.3825
4,500,e014,0.3173
4,500,e015,0.3022
4,500,e016,0.4107
4,500,e017,0.3245
4,500,e018,0.3275
4,500,e019,0.3478
4,500,e020,0.3417
4,500,e021,0.3553
4,500,e022,0.3873
4,500,e023,0.3783
4,500,e024,0.3383
4,501,e001,0.3328
4,501,e002,0.3263
4,501,e003,0.3461
4,501,e004,0.3174
4,501,e005,0.3799
4,501,e006,0.3087
4,501,e007,0.3075
4,501,e008,0.3217
4,501,e009,0.3734
4,501,e010,0.3578
4,501,e011,0.3526
4,501,e012,0.4019
4,501,e013,0.3676
4,501,e014,0.3386
4,501,e015,0.379
4,501,e016,0.3805
4,501,e017,0.3015
4,501,e018,0.3796
4,501,e019,0.3102
4,501,e020,0.3993
4,501,e021,0.345
4,501,e022,0.3786
4,501,e023,0.3197
4,501,e024,0.3943
4,502,e001,0.3897
4,502,e002,0.3893
4,502,e003,0.323
4,502,e004,0.3976
4,502,e005,0.3605
4,502,e006,0.3851
4,502,e007,0.4052
4,502,e008,0.3006
4,502,e009,0.3387
4,502,e010,0.3851
4,502,e011,0.3932
4,502,e012,0.3925
4,502,e013,0.3902
4,502,e014,0.3341
4,502,e015,0.3183
4,502,e016,0.3313
4,502,e017,0.4145
4,502,e018,0.3549
4,502,e019,0.378
4,502,e020,0.3719
4,502,e021,0.3411
4,502,e022,0.3503
4,502,e023,0.3026
4,502,e024,0.3449
4,503,e001,0.3771
4,503,e002,0.3195
4,503,e003,0.385
4,503,e004,0.3255
4,503,e005,0.3809
4,503,e006,0.3734
4,503,e007,0.2968
4,503,e008,0.3469
4,503,e009,0.3834
4,503,e010,0.3195
4,503,e011,0.3128
4,503,e012,0.3635
4,503,e013,0.3828
4,503,e014,0.3784
4,503,e015,0.3753
4,503,e016,0.3287
4,503,e017,0.3297
4,503,e018,0.3684
4,503,e019,0.3457
4,503,e020,0.3427
4,503,e021,0.327
4,503,e022,0.3526
4,503,e023,0.3364
4,503,e024,0.3523
4,504,e001,0.3287
4,504,e002,0.3724
4,504,e003,0.3162
4,504,e004,0.3881
4,504,e005,0.3232
4,504,e006,0.3377
4,504,e007,0.3437
4,504,e008,0.3384
4,504,e009,0.3105
4,504,e010,0.3687
4,504,e011,0.3385
4,504,e012,0.3705
4,504,e013,0.3603
4,504,e014,0.3146
4,504,e015,0.2786
4,504,e016,0.3421
4,504,e017,0.2962
4,504,e018,0.298
4,504,e019,0.3461
4,504,e020,0.3159
4,504,e021,0.2644
4,504,e022,0.3098
4,504,e023,0.323
4,504,e024,0.3646
4,505,e001,0.257
4,505,e002,0.3073
4,505,e003,0.2617
4,505,e004,0.3146
4,505,e005,0.3045
4,505,e006,0.2661
4,505,e007,0.3175
4,505,e008,0.245
4,505,e009,0.3096
4,505,e010,0.314
4,505,e011,0.2934
4,505,e012,0.2957
4,505,e013,0.2394
4,505,e014,0.3225
4,505,e015,0.2984
4,505,e016,0.2644
4,505,e017,0.2671
4,505,e018,0.2808
4,505,e019,0.3219
4,505,e020,0.3254
4,505,e021,0.323
4,505,e022,0.2836
4,505,e023,0.2641
4,505,e024,0.2764
4,506,e001,0.3014
4,506,e002,0.405
4,506,e003,0.3588
4,506,e004,0.3077
4,506,e005,0.3658
4,506,e006,0.3347
4,506,e007,0.3138
4,506,e008,0.3683
4,506,e009,0.3665
4,506,e010,0.3294
4,506,e011,0.3875
4,506,e012,0.3178
4,506,e013,0.3354
4,506,e014,0.3002
4,506,e015,0.3561
4,506,e016,0.3955
4,506,e017,0.3044
4,506,e018,0.3208
4,506,e019,0.3665
4,506,e020,0.2917
4,506,e021,0.3893
4,506,e022,0.311
4,506,e023,0.3944
4,506,e024,0.285
4,507,e001,0.3933
4,507,e002,0.3754
4,507,e003,0.3184
4,507,e004,0.3195
4,507,e005,0.3525
4,507,e006,0.3411
4,507,e007,0.3311
4,507,e008,0.3941
4,507,e009,0.3619
4,507,e010,0.371
4,507,e011,0.3005
4,507,e012,0.3155
4,507,e013,0.2937
4,507,e014,0.3737
4,507,e015,0.417
4,507,e016,0.3193
4,507,e017,0.3477
4,507,e018,0.3563
4,507,e019,0.3203
4,507,e020,0.4068
4,507,e021,0.3785
4,507,e022,0.3124
4,507,e023,0.3724
4,507,e024,0.3016
4,508,e001,0.2923
4,508,e002,0.2484
4,508,e003,0.3046
4,508,e004,0.2839
4,508,e005,0.2835
4,508,e006,0.2575
4,508,e007,0.2961
4,508,e008,0.3035
4,508,e009,0.3601
4,508,e010,0.3059
4,508,e011,0.3304
4,508,e012,0.3052
4,508,e013,0.3259
4,508,e014,0.3471
4,508,e015,0.3031
4,508,e016,0.3004
4,508,e017,0.2883
4,508,e018,0.2897
4,508,e019,0.2787
4,508,e020,0.2769
4,508,e021,0.2749
4,508,e022,0.3503
4,508,e023,0.3258
4,508,e024,0.2489
4,509,e001,0.3881
4,509,e002,0.3998
4,509,e003,0.3672
4,509,e004,0.3157
4,509,e005,0.3638
4,509,e006,0.3209
4,509,e007,0.369
4,509,e008,0.3891
4,509,e009,0.3249
4,509,e010,0.3222
4,509,e011,0.3924
4,509,e012,0.3821
4,509,e013,0.2762
4,509,e014,0.398
4,509,e015,0.3511
4,509,e016,0.3706
4,509,e017,0.3051
4,509,e018,0.3838
4,509,e019,0.4006
4,509,e020,0.3133
4,509,e021,0.388
4,509,e022,0.3152
4,509,e023,0.3864
4,509,e024,0.3926
4,510,e001,0.378
4,510,e002,0.3097
4,510,e003,0.3582
4,510,e004,0.3208
4,510,e005,0.349
4,510,e006,0.2891
4,510,e007,0.3286
4,510,e008,0.2892
4,510,e009,0.3651
4,510,e010,0.3565
4,510,e011,0.28
4,510,e012,0.268
4,510,e013,0.3212
4,510,e014,0.2899
4,510,e015,0.3568
4,510,e016,0.391
4,510,e017,0.3617
4,510,e018,0.2929
4,510,e019,0.2704
4,510,e020,0.294
4,510,e021,0.2833
4,510,e022,0.2928
4,510,e023,0.3582
4,510,e024,0.3361
4,511,e001,0.327
4,511,e002,0.2746
4,511,e003,0.3032
4,511,e004,0.2602
4,511,e005,0.3627
4,511,e006,0.3171
4,511,e007,0.3082
4,511,e008,0.2673
4,511,e009,0.2727
4,511,e010,0.2756
4,511,e011,0.3131
4,511,e012,0.3078
4,511,e013,0.3013
4,511,e014,0.3868
4,511,e015,0.3169
4,511,e016,0.2965
4,511,e017,0.2579
4,511,e018,0.3175
4,511,e019,0.3125
4,511,e020,0.3389
4,511,e021,0.3071
4,511,e022,0.3738
4,511,e023,0.3143
4,511,e024,0.3
4,512,e001,0.3085
4,512,e002,0.2751
4,512,e003,0.3384
4,512,e004,0.3116
4,512,e005,0.3069
4,512,e006,0.3034
4,512,e007,0.3435
4,512,e008,0.2958
4,512,e009,0.2754
4,512,e010,0.296
4,512,e011,0.3056
4,512,e012,0.3426
4,512,e013,0.3579
4,512,e014,0.4004
4,512,e015,0.3551
4,512,e016,0.2913
4,512,e017,0.3144
4,512,e018,0.3214
4,512,e019,0.3499
4,512,e020,0.3517
4,512,e021,0.3668
4,512,e022,0.3156
4,512,e023,0.3573
4,512,e024,0.2828
4,513,e001,0.3046
4,513,e002,0.3208
4,513,e003,0.3403
4,513,e004,0.389
4,513,e005,0.3759
4,513,e006,0.3207
4,513,e007,0.3184
4,513,e008,0.2978
4,513,e009,0.3134
4,513,e010,0.3112
4,513,e011,0.2809
4,513,e012,0.3025
4,513,e013,0.3723
4,513,e014,0.3172
4,513,e015,0.3747
4,513,e016,0.2998
4,513,e017,0.3463
4,513,e018,0.3646
4,513,e019,0.2949
4,513,e020,0.326
4,513,e021,0.3103
4,513,e022,0.3043
4,513,e023,0.3091
4,513,e024,0.3449
4,514,e001,0.3305
4,514,e002,0.3359
4,514,e003,0.3116
4,514,e004,0.3403
4,514,e005,0.3788
4,514,e006,0.3394
4,514,e007,0.2753
4,514,e008,0.3301
4,514,e009,0.2832
4,514,e010,0.3408
4,514,e011,0.3387
4,514,e012,0.3807
4,514,e013,0.3081
4,514,e014,0.2785
4,514,e015,0.3208
4,514,e016,0.319
4,514,e017,0.3482
4,514,e018,0.3166
4,514,e019,0.3497
4,514,e020,0.3308
4,514,e021,0.2905
4,514,e022,0.3584
4,514,e023,0.3038
4,514,e024,0.3389
4,515,e001,0.3062
4,515,e002,0.3408
4,515,e003,0.2759
4,515,e004,0.3074
4,515,e005,0.3465
4,515,e006,0.324
4,515,e007,0.3272
4,515,e008,0.3441
4,515,e009,0.331
4,515,e010,0.3356
4,515,e011,0.2759
4,515,e012,0.2537
4,515,e013,0.3035
4,515,e014,0.3402
4,515,e015,0.3091
4,515,e016,0.3351
4,515,e017,0.3554
4,515,e018,0.3139
4,515,e019,0.325
4,515,e020,0.3078
4,515,e021,0.3578
4,515,e022,0.3148
4,515,e023,0.3336
4,515,e024,0.3003
4,516,e001,0.3921
4,516,e002,0.4057
4,516,e003,0.3069
4,516,e004,0.3965
4,516,e005,0.3719
4,516,e006,0.3053
4,516,e007,0.3772
4,516,e008,0.3346
4,516,e009,0.3838
4,516,e010,0.3381
4,516,e011,0.3002
4,516,e012,0.3384
4,516,e013,0.3802
4,516,e014,0.318
4,516,e015,0.3292
4,516,e016,0.3836
4,516,e017,0.3955
4,516,e018,0.3702
4,516,e019,0.3856
4,516,e020,0.3626
4,516,e021,0.3082
4,516,e022,0.3175
4,516,e023,0.3381
4,516,e024,0.3067
4,517,e001,0.3671
4,517,e002,0.3685
4,517,e003,0.3441
4,517,e004,0.3833
4,517,e005,0.4048
4,517,e006,0.3923
4,517,e007,0.4305
4,517,e008,0.3796
4,517,e009,0.3168
4,517,e010,0.3702
4,517,e011,0.3402
4,517,e012,0.3845
4,517,e013,0.3434
4,517,e014,0.3773
4,517,e015,0.3497
4,517,e016,0.346
4,517,e017,0.4239
4,517,e018,0.4175
4,517,e019,0.3332
4,517,e020,0.3576
4,517,e021,0.4077
4,517,e022,0.4013
4,517,e023,0.4131
4,517,e024,0.3763
4,518,e001,0.3225
4,518,e002,0.3256
4,518,e003,0.2843
4,518,e004,0.3397
4,518,e005,0.3006
4,518,e006,0.3568
4,518,e007,0.31
4,518,e008,0.3608
4,518,e009,0.3179
4,518,e010,0.3615
4,518,e011,0.3686
4,518,e012,0.4139
4,518,e013,0.3354
4,518,e014,0.3384
4,518,e015,0.3698
4,518,e016,0.3346
4,518,e017,0.3751
4,518,e018,0.3777
4,518,e019,0.3709
4,518,e020,0.3545
4,518,e021,0.3395
4,518,e022,0.3104
4,518,e023,0.3634
4,518,e024,0.3281
4,519,e001,0.3882
4,519,e002,0.3978
4,519,e003,0.3234
4,519,e004,0.381
4,519,e005,0.3457
4,519,e006,0.3632
4,519,e007,0.3414
4,519,e008,0.3285
4,519,e009,0.3099
4,519,e010,0.3346
4,519,e011,0.3259
4,519,e012,0.3049
4,519,e013,0.4011
4,519,e014,0.3291
4,519,e015,0.385
4,519,e016,0.3332
4,519,e017,0.3493
4,519,e018,0.3162
4,519,e019,0.3561
4,519,e020,0.3505
4,519,e021,0.3149
4,519,e022,0.2979
4,519,e023,0.3651
4,519,e024,0.4161
4,520,e001,0.3118
4,520,e002,0.352
4,520,e003,0.3317
4,520,e004,0.3922
4,520,e005,0.3479
4,520,e006,0.4055
4,520,e007,0.3366
4,520,e008,0.3186
4,520,e009,0.3126
4,520,e010,0.3669
4,520,e011,0.3722
4,520,e012,0.3341
4,520,e013,0.3436
4,520,e014,0.3519
4,520,e015,0.3678
4,520,e016,0.3272
4,520,e017,0.3472
4,520,e018,0.3924
4,520,e019,0.3513
4,520,e020,0.3047
4,520,e021,0.3704
4,520,e022,0.3504
4,520,e023,0.3992
4,520,e024,0.2929
4,521,e001,0.386
4,521,e002,0.3319
4,521,e003,0.3394
4,521,e004,0.3908
4,521,e005,0.397
4,521,e006,0.2945
4,521,e007,0.3997
4,521,e008,0.3315
4,521,e009,0.302
4,521,e010,0.3576
4,521,e011,0.3297
4,521,e012,0.3251
4,521,e013,0.3034
4,521,e014,0.3653
4,521,e015,0.3596
4,521,e016,0.3766
4,521,e017,0.3166
4,521,e018,0.3742
4,521,e019,0.324
4,521,e020,0.3405
4,521,e021,0.3168
4,521,e022,0.3048
4,521,e023,0.3438
4,521,e024,0.3662
4,522,e001,0.4352
4,522,e002,0.3469
4,522,e003,0.4083
4,522,e004,0.3846
4,522,e005,0.4251
4,522,e006,0.4638
4,522,e007,0.449
4,522,e008,0.3729
4,522,e009,0.3736
4,522,e010,0.4324
4,522,e011,0.3804
4,522,e012,0.3984
4,522,e013,0.3937
4,522,e014,0.3755
4,522,e015,0.4349
4,522,e016,0.4019
4,522,e017,0.3581
4,522,e018,0.3744
4,522,e019,0.3568
4,522,e020,0.4032
4,522,e021,0.3791
4,522,e022,0.4245
4,522,e023,0.3327
4,522,e024,0.3861
4,523,e001,0.404
4,523,e002,0.3837
4,523,e003,0.3439
4,523,e004,0.3197
4,523,e005,0.323
4,523,e006,0.3452
4,523,e007,0.3787
4,523,e008,0.3366
4,523,e009,0.3308
4,523,e010,0.3177
4,523,e011,0.3603
4,523,e012,0.43
4,523,e013,0.4054
4,523,e014,0.3841
4,523,e015,0.3158
4,523,e016,0.3625
4,523,e017,0.34
4,523,e018,0.4324
4,523,e019,0.351
4,523,e020,0.3692
4,523,e021,0.3239
4,523,e022,0.3476
4,523,e023,0.3518
4,523,e024,0.4046
4,524,e001,0.3489
4,524,e002,0.3506
4,524,e003,0.3514
4,524,e004,0.3466
4,524,e005,0.3341
4,524,e006,0.3345
4,524,e007,0.3648
4,524,e008,0.3554
4,524,e009,0.3705
4,524,e010,0.3518
4,524,e011,0.3317
4,524,e012,0.4075
4,524,e013,0.3853
4,524,e014,0.438
4,524,e015,0.3558
4,524,e016,0.3628
4,524,e017,0.3904
4,524,e018,0.3546
4,524,e019,0.3034
4,524,e020,0.3879
4,524,e021,0.4166
4,524,e022,0.312
4,524,e023,0.3565
4,524,e024,0.3481
4,525,e001,0.361
4,525,e002,0.4021
4,525,e003,0.3344
4,525,e004,0.3207
4,525,e005,0.3389
4,525,e006,0.2916
4,525,e007,0.3563
4,525,e008,0.3871
4,525,e009,0.2928
4,525,e010,0.3154
4,525,e011,0.3449
4,525,e012,0.3703
4,525,e013,0.411
4,525,e014,0.3539
4,525,e015,0.3707
4,525,e016,0.3572
4,525,e017,0.2843
4,525,e018,0.3422
4,525,e019,0.3663
4,525,e020,0.3387
4,525,e021,0.3499
4,525,e022,0.3053
4,525,e023,0.3303
4,525,e024,0.3483
4,526,e001,0.2973
4,526,e002,0.3171
4,526,e003,0.3743
4,526,e004,0.2948
4,526,e005,0.3616
4,526,e006,0.3371
4,526,e007,0.301
4,526,e008,0.3477
4,526,e009,0.3176
4,526,e010,0.3747
4,526,e011,0.3386
4,526,e012,0.3733
4,526,e013,0.353
4,526,e014,0.3529
4,526,e015,0.3137
4,526,e016,0.3086
4,526,e017,0.3378
4,526,e018,0.3895
4,526,e019,0.3851
4,526,e020,0.4036
4,526,e021,0.3624
4,526,e022,0.3094
4,526,e023,0.327
4,526,e024,0.3257
4,527,e001,0.3516
4,527,e002,0.3823
4,527,e003,0.3513
4,527,e004,0.3355
4,527,e005,0.3678
4,527,e006,0.2936
4,527,e007,0.346
4,527,e008,0.3479
4,527,e009,0.383
4,527,e010,0.329
4,527,e011,0.308
4,527,e012,0.3799
4,527,e013,0.3272
4,527,e014,0.2911
4,527,e015,0.4014
4,527,e016,0.3296
4,527,e017,0.3742
4,527,e018,0.322
4,527,e019,0.3107
4,527,e020,0.3461
4,527,e021,0.34
4,527,e022,0.3336
4,527,e023,0.2844
4,527,e024,0.3648
4,528,e001,0.355
4,528,e002,0.3061
4,528,e003,0.3575
4,528,e004,0.3197
4,528,e005,0.3415
4,528,e006,0.3479
4,528,e007,0.3023
4,528,e008,0.3502
4,528,e009,0.3148
4,528,e010,0.4031
4,528,e011,0.3394
4,528,e012,0.3554
4,528,e013,0.3746
4,528,e014,0.3537
4,528,e015,0.4054
4,528,e016,0.4026
4,528,e017,0.4119
4,528,e018,0.3318
4,528,e019,0.3593
4,528,e020,0.327
4,528,e021,0.3536
4,528,e022,0.3102
4,528,e023,0.3962
4,528,e024,0.3822
4,529,e001,0.4038
4,529,e002,0.413
4,529,e003,0.3914
4,529,e004,0.3263
4,529,e005,0.4123
4,529,e006,0.3705
4,529,e007,0.3645
4,529,e008,0.3331
4,529,e009,0.3161
4,529,e010,0.4073
4,529,e011,0.4133
4,529,e012,0.4003
4,529,e013,0.3805
4,529,e014,0.3921
4,529,e015,0.3359
4,529,e016,0.3859
4,529,e017,0.4065
4,529,e018,0.3782
4,529,e019,0.332
4,529,e020,0.3527
4,529,e021,0.36
4,529,e022,0.343
4,529,e023,0.3528
4,529,e024,0.3713
4,530,e001,0.3536
4,530,e002,0.3417
4,530,e003,0.347
4,530,e004,0.3698
4,530,e005,0.3224
4,530,e006,0.3643
4,530,e007,0.3096
4,530,e008,0.4107
4,530,e009,0.3639
4,530,e010,0.3209
4,530,e011,0.348
4,530,e012,0.3532
4,530,e013,0.4217
4,530,e014,0.3558
4,530,e015,0.4216
4,530,e016,0.4326
4,530,e017,0.3515
4,530,e018,0.3269
4,530,e019,0.3289
4,530,e020,0.3807
4,530,e021,0.3615
4,530,e022,0.3576
4,530,e023,0.3722
4,530,e024,0.3786
4,531,e001,0.3927
4,531,e002,0.3205
4,531,e003,0.3786
4,531,e004,0.3915
4,531,e005,0.3512
4,531,e006,0.4255
4,531,e007,0.4154
4,531,e008,0.338
4,531,e009,0.3184
4,531,e010,0.3231
4,531,e011,0.3275
4,531,e012,0.3474
4,531,e013,0.316
4,531,e014,0.3189
4,531,e015,0.2954
4,531,e016,0.3671
4,531,e017,0.3787
4,531,e018,0.3237
4,531,e019,0.3885
4,531,e020,0.3466
4,531,e021,0.3314
4,531,e022,0.3372
4,531,e023,0.4007
4,531,e024,0.3208
4,532,e001,0.4173
4,532,e002,0.3802
4,532,e003,0.3816
4,532,e004,0.4314
4,532,e005,0.4025
4,532,e006,0.3586
4,532,e007,0.3911
4,532,e008,0.4504
4,532,e009,0.4101
4,532,e010,0.3625
4,532,e011,0.4362
4,532,e012,0.4014
4,532,e013,0.3928
4,532,e014,0.4248
4,532,e015,0.3909
4,532,e016,0.3838
4,532,e017,0.4177
4,532,e018,0.4179
4,532,e019,0.4341
4,532,e020,0.4543
4,532,e021,0.4175
4,532,e022,0.4227
4,532,e023,0.402
4,532,e024,0.3535
4,533,e001,0.5079
4,533,e002,0.4692
4,533,e003,0.4056
4,533,e004,0.4143
4,533,e005,0.4013
4,533,e006,0.3907
4,533,e007,0.3758
4,533,e008,0.4648
4,533,e009,0.4374
4,533,e010,0.4728
4,533,e011,0.4341
4,533,e012,0.3852
4,533,e013,0.4478
4,533,e014,0.4909
4,533,e015,0.4241
4,533,e016,0.3902
4,533,e017,0.3736
4,533,e018,0.4174
4,533,e019,0.4551
4,533,e020,0.4112
4,533,e021,0.4619
4,533,e022,0.4299
4,533,e023,0.4504
4,533,e024,0.441
4,534,e001,0.4148
4,534,e002,0.4384
4,534,e003,0.3932
4,534,e004,0.4225
4,534,e005,0.4231
4,534,e006,0.455
4,534,e007,0.3933
4,534,e008,0.4272
4,534,e009,0.4281
4,534,e010,0.3908
4,534,e011,0.3828
4,534,e012,0.4164
4,534,e013,0.4093
4,534,e014,0.3971
4,534,e015,0.3784
4,534,e016,0.4551
4,534,e017,0.4501
4,534,e018,0.3634
4,534,e019,0.4713
4,534,e020,0.4303
4,534,e021,0.4522
4,534,e022,0.3855
4,534,e023,0.4086
4,534,e024,0.4335
4,535,e001,0.401
4,535,e002,0.3869
4,535,e003,0.4007
4,535,e004,0.4155
4,535,e005,0.3601
4,535,e006,0.3998
4,535,e007,0.4024
4,535,e008,0.4027
4,535,e009,0.4202
4,535,e010,0.4295
4,535,e011,0.3654
4,535,e012,0.4211
4,535,e013,0.4124
4,535,e014,0.3581
4,535,e015,0.3642
4,535,e016,0.4124
4,535,e017,0.413
4,535,e018,0.4714
4,535,e019,0.4485
4,535,e020,0.4377
4,535,e021,0.3333
4,535,e022,0.3545
4,535,e023,0.3965
4,535,e024,0.4057
4,536,e001,0.3664
4,536,e002,0.3595
4,536,e003,0.3694
4,536,e004,0.364
4,536,e005,0.38
4,536,e006,0.3933
4,536,e007,0.3255
4,536,e008,0.3599
4,536,e009,0.3905
4,536,e010,0.3391
4,536,e011,0.3468
4,536,e012,0.2699
4,536,e013,0.3684
4,536,e014,0.3965
4,536,e015,0.3737
4,536,e016,0.3754
4,536,e017,0.3685
4,536,e018,0.3228
4,536,e019,0.3479
4,536,e020,0.3468
4,536,e021,0.3724
4,536,e022,0.3847
4,536,e023,0.3395
4,536,e024,0.3782
4,537,e001,0.4615
4,537,e002,0.4271
4,537,e003,0.4263
4,537,e004,0.4502
4,537,e005,0.4105
4,537,e006,0.4597
4,537,e007,0.4579
4,537,e008,0.3936
4,537,e009,0.384
4,537,e010,0.4447
4,537,e011,0.4398
4,537,e012,0.4768
4,537,e013,0.4451
4,537,e014,0.4003
4,537,e015,0.3864
4,537,e016,0.4148
4,537,e017,0.3989
4,537,e018,0.3629
4,537,e019,0.426
4,537,e020,0.4268
4,537,e021,0.3853
4,537,e022,0.4182
4,537,e023,0.4161
4,537,e024,0.3646
4,538,e001,0.366
4,538,e002,0.344
4,538,e003,0.3802
4,538,e004,0.3828
4,538,e005,0.3812
4,538,e006,0.3753
4,538,e007,0.3891
4,538,e008,0.3506
4,538,e009,0.4035
4,538,e010,0.4094
4,538,e011,0.3485
4,538,e012,0.4376
4,538,e013,0.3433
4,538,e014,0.3974
4,538,e015,0.3816
4,538,e016,0.364
4,538,e017,0.3449
4,538,e018,0.3595
4,538,e019,0.4095
4,538,e020,0.3701
4,538,e021,0.3295
4,538,e022,0.3275
4,538,e023,0.3684
4,538,e024,0.3453
4,539,e001,0.3801
4,539,e002,0.45
4,539,e003,0.3514
4,539,e004,0.4286
4,539,e005,0.3929
4,539,e006,0.4054
4,539,e007,0.4331
4,539,e008,0.4057
4,539,e009,0.3572
4,539,e010,0.3826
4,539,e011,0.4294
4,539,e012,0.4122
4,539,e013,0.4375
4,539,e014,0.3673
4,539,e015,0.3916
4,539,e016,0.3905
4,539,e017,0.3668
4,539,e018,0.3548
4,539,e019,0.3921
4,539,e020,0.4359
4,539,e021,0.3611
4,539,e022,0.3818
4,539,e023,0.4466
4,539,e024,0.3711
4,540,e001,0.429
4,540,e002,0.4515
4,540,e003,0.3521
4,540,e004,0.3702
4,540,e005,0.3955
4,540,e006,0.4309
4,540,e007,0.4152
4,540,e008,0.4122
4,540,e009,0.3986
4,540,e010,0.4232
4,540,e011,0.4105
4,540,e012,0.3892
4,540,e013,0.4135
4,540,e014,0.4724
4,540,e015,0.3655
4,540,e016,0.4402
4,540,e017,0.4309
4,540,e018,0.4232
4,540,e019,0.5631
4,540,e020,0.4967
4,540,e021,0.5746
4,540,e022,0.5615
4,540,e023,0.5843
4,540,e024,0.5019
4,541,e001,0.3892
4,541,e002,0.4021
4,541,e003,0.3703
4,541,e004,0.4053
4,541,e005,0.3381
4,541,e006,0.3873
4,541,e007,0.4063
4,541,e008,0.3604
4,541,e009,0.3469
4,541,e010,0.4037
4,541,e011,0.3913
4,541,e012,0.3997
4,541,e013,0.4341
4,541,e014,0.3501
4,541,e015,0.3846
4,541,e016,0.3698
4,541,e017,0.3278
4,541,e018,0.3777
4,541,e019,0.5172
4,541,e020,0.5579
4,541,e021,0.5582
4,541,e022,0.5051
4,541,e023,0.4776
4,541,e024,0.4822
4,542,e001,0.4472
4,542,e002,0.4269
4,542,e003,0.4754
4,542,e004,0.451
4,542,e005,0.4414
4,542,e006,0.4166
4,542,e007,0.4457
4,542,e008,0.4502
4,542,e009,0.3999
4,542,e010,0.4486
4,542,e011,0.477
4,542,e012,0.4632
4,542,e013,0.4085
4,542,e014,0.4683
4,542,e015,0.4238
4,542,e016,0.4606
4,542,e017,0.4684
4,542,e018,0.5104
4,542,e019,0.544
4,542,e020,0.5748
4,542,e021,0.5495
4,542,e022,0.6252
4,542,e023,0.5938
4,542,e024,0.5345
4,543,e001,0.3655
4,543,e002,0.3888
4,543,e003,0.3801
4,543,e004,0.4571
4,543,e005,0.3913
4,543,e006,0.3838
4,543,e007,0.4299
4,543,e008,0.449
4,543,e009,0.4484
4,543,e010,0.3885
4,543,e011,0.4769
4,543,e012,0.4745
4,543,e013,0.3799
4,543,e014,0.3993
4,543,e015,0.4222
4,543,e016,0.3631
4,543,e017,0.4888
4,543,e018,0.431
4,543,e019,0.5866
4,543,e020,0.5484
4,543,e021,0.5597
4,543,e022,0.5002
4,543,e023,0.516
4,543,e024,0.5226
4,544,e001,0.3755
4,544,e002,0.4186
4,544,e003,0.4288
4,544,e004,0.331
4,544,e005,0.3856
4,544,e006,0.4167
4,544,e007,0.3602
4,544,e008,0.3583
4,544,e009,0.3952
4,544,e010,0.3859
4,544,e011,0.3767
4,544,e012,0.3771
4,544,e013,0.3374
4,544,e014,0.4151
4,544,e015,0.415
4,544,e016,0.3453
4,544,e017,0.3869
4,544,e018,0.3796
4,544,e019,0.4867
4,544,e020,0.5059
4,544,e021,0.4888
4,544,e022,0.5348
4,544,e023,0.6003
4,544,e024,0.481
4,545,e001,0.3788
4,545,e002,0.4004
4,545,e003,0.3224
4,545,e004,0.3599
4,545,e005,0.4314
4,545,e006,0.4513
4,545,e007,0.3667
4,545,e008,0.4066
4,545,e009,0.4409
4,545,e010,0.437
4,545,e011,0.4115
4,545,e012,0.3757
4,545,e013,0.3867
4,545,e014,0.3423
4,545,e015,0.3952
4,545,e016,0.4203
4,545,e017,0.3562
4,545,e018,0.3709
4,545,e019,0.5142
4,545,e020,0.5726
4,545,e021,0.5358
4,545,e022,0.5796
4,545,e023,0.537
4,545,e024,0.4658
4,546,e001,0.4381
4,546,e002,0.4527
4,546,e003,0.4301
4,546,e004,0.4329
4,546,e005,0.4025
4,546,e006,0.4058
4,546,e007,0.4802
4,546,e008,0.4408
4,546,e009,0.4102
4,546,e010,0.431
4,546,e011,0.4513
4,546,e012,0.3869
4,546,e013,0.515
4,546,e014,0.4217
4,546,e015,0.4097
4,546,e016,0.4576
4,546,e017,0.4477
4,546,e018,0.4028
4,546,e019,0.592
4,546,e020,0.5285
4,546,e021,0.5209
4,546,e022,0.5695
4,546,e023,0.6101
4,546,e024,0.5857
4,547,e001,0.4343
4,547,e002,0.3776
4,547,e003,0.4652
4,547,e004,0.4527
4,547,e005,0.431
4,547,e006,0.4172
4,547,e007,0.4407
4,547,e008,0.33
4,547,e009,0.3919
4,547,e010,0.4207
4,547,e011,0.4223
4,547,e012,0.377
4,547,e013,0.4805
4,547,e014,0.3769
4,547,e015,0.4386
4,547,e016,0.4705
4,547,e017,0.4444
4,547,e018,0.4311
4,547,e019,0.5911
4,547,e020,0.5041
4,547,e021,0.5021
4,547,e022,0.5321
4,547,e023,0.5769
4,547,e024,0.5313
4,548,e001,0.4027
4,548,e002,0.481
4,548,e003,0.4007
4,548,e004,0.4286
4,548,e005,0.453
4,548,e006,0.3868
4,548,e007,0.3722
4,548,e008,0.3709
4,548,e009,0.4394
4,548,e010,0.3694
4,548,e011,0.41
4,548,e012,0.4314
4,548,e013,0.4461
4,548,e014,0.3851
4,548,e015,0.4691
4,548,e016,0.4183
4,548,e017,0.3974
4,548,e018,0.4604
4,548,e019,0.5479
4,548,e020,0.5363
4,548,e021,0.5561
4,548,e022,0.5231
4,548,e023,0.6015
4,548,e024,0.5138
4,549,e001,0.3671
4,549,e002,0.4635
4,549,e003,0.3996
4,549,e004,0.4311
4,549,e005,0.4479
4,549,e006,0.4064
4,549,e007,0.439
4,549,e008,0.4571
4,549,e009,0.444
4,549,e010,0.3965
4,549,e011,0.4471
4,549,e012,0.4206
4,549,e013,0.4116
4,549,e014,0.423
4,549,e015,0.421
4,549,e016,0.3908
4,549,e017,0.4478
4,549,e018,0.3968
4,549,e019,0.6239
4,549,e020,0.5618
4,549,e021,0.5247
4,549,e022,0.5601
4,549,e023,0.5519
4,549,e024,0.58
4,550,e001,0.4698
4,550,e002,0.3778
4,550,e003,0.4298
4,550,e004,0.4016
4,550,e005,0.4063
4,550,e006,0.4207
4,550,e007,0.4208
4,550,e008,0.3583
4,550,e009,0.4219
4,550,e010,0.3635
4,550,e011,0.4335
4,550,e012,0.426
4,550,e013,0.4519
4,550,e014,0.3703
4,550,e015,0.3887
4,550,e016,0.4494
4,550,e017,0.3882
4,550,e018,0.4122
4,550,e019,0.5182
4,550,e020,0.5368
4,550,e021,0.5172
4,550,e022,0.5113
4,550,e023,0.5746
4,550,e024,0.5337
4,551,e001,0.4538
4,551,e002,0.476
4,551,e003,0.4198
4,551,e004,0.4671
4,551,e005,0.4798
4,551,e006,0.5024
4,551,e007,0.475
4,551,e008,0.4683
4,551,e009,0.4001
4,551,e010,0.4115
4,551,e011,0.3892
4,551,e012,0.4417
4,551,e013,0.4515
4,551,e014,0.4953
4,551,e015,0.4263
4,551,e016,0.495
4,551,e017,0.4471
4,551,e018,0.4896
4,551,e019,0.5577
4,551,e020,0.5643
4,551,e021,0.5347
4,551,e022,0.5904
4,551,e023,0.529
4,551,e024,0.583
4,552,e001,0.4624
4,552,e002,0.4206
4,552,e003,0.461
4,552,e004,0.3688
4,552,e005,0.4746
4,552,e006,0.3966
4,552,e007,0.4499
4,552,e008,0.4794
4,552,e009,0.3761
4,552,e010,0.4083
4,552,e011,0.4104
4,552,e012,0.3923
4,552,e013,0.4176
4,552,e014,0.439
4,552,e015,0.4455
4,552,e016,0.4273
4,552,e017,0.423
4,552,e018,0.3632
4,552,e019,0.5051
4,552,e020,0.5712
4,552,e021,0.5043
4,552,e022,0.518
4,552,e023,0.5133
4,552,e024,0.5456
4,553,e001,0.4488
4,553,e002,0.4938
4,553,e003,0.4263
4,553,e004,0.4338
4,553,e005,0.4543
4,553,e006,0.445
4,553,e007,0.5118
4,553,e008,0.4718
4,553,e009,0.4348
4,553,e010,0.4131
4,553,e011,0.4536
4,553,e012,0.4549
4,553,e013,0.4581
4,553,e014,0.4454
4,553,e015,0.4816
4,553,e016,0.3996
4,553,e017,0.4235
4,553,e018,0.4886
4,553,e019,0.6549
4,553,e020,0.6096
4,553,e021,0.6073
4,553,e022,0.6091
4,553,e023,0.5543
4,553,e024,0.5472
4,554,e001,0.4757
4,554,e002,0.4825
4,554,e003,0.4916
4,554,e004,0.4067
4,554,e005,0.4643
4,554,e006,0.464
4,554,e007,0.4393
4,554,e008,0.4258
4,554,e009,0.4652
4,554,e010,0.4492
4,554,e011,0.4584
4,554,e012,0.4225
4,554,e013,0.4603
4,554,e014,0.4673
4,554,e015,0.4201
4,554,e016,0.4207
4,554,e017,0.4931
4,554,e018,0.4235
4,554,e019,0.5821
4,554,e020,0.5535
4,554,e021,0.5516
4,554,e022,0.6071
4,554,e023,0.5693
4,554,e024,0.5567
4,555,e001,0.4379
4,555,e002,0.4909
4,555,e003,0.4598
4,555,e004,0.5174
4,555,e005,0.4863
4,555,e006,0.4453
4,555,e007,0.4701
4,555,e008,0.4247
4,555,e009,0.4639
4,555,e010,0.4051
4,555,e011,0.4298
4,555,e012,0.4564
4,555,e013,0.4599
4,555,e014,0.4618
4,555,e015,0.5213
4,555,e016,0.4748
4,555,e017,0.4762
4,555,e018,0.4365
4,555,e019,0.6232
4,555,e020,0.5947
4,555,e021,0.5603
4,555,e022,0.5939
4,555,e023,0.5563
4,555,e024,0.6171
4,556,e001,0.4074
4,556,e002,0.4829
4,556,e003,0.3913
4,556,e004,0.3637
4,556,e005,0.3808
4,556,e006,0.454
4,556,e007,0.3818
4,556,e008,0.4663
4,556,e009,0.4551
4,556,e010,0.3896
4,556,e011,0.4317
4,556,e012,0.4127
4,556,e013,0.5026
4,556,e014,0.424
4,556,e015,0.4163
4,556,e016,0.4149
4,556,e017,0.3853
4,556,e018,0.4084
4,556,e019,0.5634
4,556,e020,0.5803
4,556,e021,0.579
4,556,e022,0.5492
4,556,e023,0.5327
4,556,e024,0.5965
4,557,e001,0.5043
4,557,e002,0.4484
4,557,e003,0.4818
4,557,e004,0.4781
4,557,e005,0.4928
4,557,e006,0.5239
4,557,e007,0.4389
4,557,e008,0.4776
4,557,e009,0.4281
4,557,e010,0.4445
4,557,e011,0.4133
4,557,e012,0.4643
4,557,e013,0.4718
4,557,e014,0.4766
4,557,e015,0.4229
4,557,e016,0.417
4,557,e017,0.4227
4,557,e018,0.4555
4,557,e019,0.6212
4,557,e020,0.5555
4,557,e021,0.5455
4,557,e022,0.5494
4,557,e023,0.6155
4,557,e024,0.6316
4,558,e001,0.4759
4,558,e002,0.4954
4,558,e003,0.441
4,558,e004,0.4306
4,558,e005,0.5082
4,558,e006,0.4592
4,558,e007,0.4571
4,558,e008,0.4856
4,558,e009,0.4977
4,558,e010,0.482
4,558,e011,0.4977
4,558,e012,0.431
4,558,e013,0.4653
4,558,e014,0.4562
4,558,e015,0.4993
4,558,e016,0.4954
4,558,e017,0.4398
4,558,e018,0.4825
4,558,e019,0.5778
4,558,e020,0.5785
4,558,e021,0.6793
4,558,e022,0.5788
4,558,e023,0.5681
4,558,e024,0.6294
4,559,e001,0.4392
4,559,e002,0.3666
4,559,e003,0.433
4,559,e004,0.4757
4,559,e005,0.4212
4,559,e006,0.4207
4,559,e007,0.4122
4,559,e008,0.433
4,559,e009,0.4701
4,559,e010,0.4699
4,559,e011,0.4385
4,559,e012,0.4002
4,559,e013,0.4514
4,559,e014,0.4698
4,559,e015,0.4659
4,559,e016,0.4574
4,559,e017,0.4469
4,559,e018,0.3991
4,559,e019,0.5796
4,559,e020,0.5907
4,559,e021,0.5781
4,559,e022,0.5807
4,559,e023,0.5263
4,559,e024,0.5872
4,560,e001,0.4215
4,560,e002,0.421
4,560,e003,0.4662
4,560,e004,0.4442
4,560,e005,0.3788
4,560,e006,0.484
4,560,e007,0.4603
4,560,e008,0.4573
4,560,e009,0.4996
4,560,e010,0.4045
4,560,e011,0.4902
4,560,e012,0.4486
4,560,e013,0.4793
4,560,e014,0.4847
4,560,e015,0.4534
4,560,e016,0.432
4,560,e017,0.4328
4,560,e018,0.4461
4,560,e019,0.8324
4,560,e020,0.8062
4,560,e021,0.8371
4,560,e022,0.7722
4,560,e023,0.7647
4,560,e024,0.8404
4,561,e001,0.4594
4,561,e002,0.5192
4,561,e003,0.4114
4,561,e004,0.4653
4,561,e005,0.465
4,561,e006,0.4432
4,561,e007,0.4964
4,561,e008,0.4192
4,561,e009,0.4694
4,561,e010,0.5025
4,561,e011,0.4633
4,561,e012,0.5198
4,561,e013,0.4877
4,561,e014,0.4048
4,561,e015,0.4668
4,561,e016,0.5112
4,561,e017,0.4443
4,561,e018,0.4236
4,561,e019,0.7876
4,561,e020,0.8364
4,561,e021,0.8548
4,561,e022,0.8348
4,561,e023,0.8349
4,561,e024,0.8156
4,562,e001,0.4732
4,562,e002,0.4562
4,562,e003,0.4771
4,562,e004,0.4703
4,562,e005,0.4293
4,562,e006,0.4342
4,562,e007,0.4591
4,562,e008,0.451
4,562,e009,0.482
4,562,e010,0.4564
4,562,e011,0.4898
4,562,e012,0.4984
4,562,e013,0.4622
4,562,e014,0.4655
4,562,e015,0.4969
4,562,e016,0.397
4,562,e017,0.4476
4,562,e018,0.4723
4,562,e019,0.7565
4,562,e020,0.765
4,562,e021,0.7303
4,562,e022,0.7472
4,562,e023,0.8077
4,562,e024,0.8026
4,563,e001,0.4478
4,563,e002,0.3777
4,563,e003,0.4837
4,563,e004,0.4717
4,563,e005,0.4364
4,563,e006,0.4779
4,563,e007,0.495
4,563,e008,0.4906
4,563,e009,0.4711
4,563,e010,0.3848
4,563,e011,0.441
4,563,e012,0.4263
4,563,e013,0.5067
4,563,e014,0.4829
4,563,e015,0.4336
4,563,e016,0.5028
4,563,e017,0.47
4,563,e018,0.4629
4,563,e019,0.7608
4,563,e020,0.7956
4,563,e021,0.8479
4,563,e022,0.754
4,563,e023,0.7706
4,563,e024,0.7725
4,564,e001,0.4704
4,564,e002,0.455
4,564,e003,0.4579
4,564,e004,0.5013
4,564,e005,0.4553
4,564,e006,0.3969
4,564,e007,0.3843
4,564,e008,0.4253
4,564,e009,0.4014
4,564,e010,0.4109
4,564,e011,0.4417
4,564,e012,0.4478
4,564,e013,0.3723
4,564,e014,0.3754
4,564,e015,0.4054
4,564,e016,0.442
4,564,e017,0.3893
4,564,e018,0.4302
4,564,e019,0.7057
4,564,e020,0.7505
4,564,e021,0.7218
4,564,e022,0.7292
4,564,e023,0.7892
4,564,e024,0.766
4,565,e001,0.5107
4,565,e002,0.459
4,565,e003,0.4648
4,565,e004,0.4861
4,565,e005,0.516
4,565,e006,0.4618
4,565,e007,0.5468
4,565,e008,0.488
4,565,e009,0.44
4,565,e010,0.4945
4,565,e011,0.5005
4,565,e012,0.4241
4,565,e013,0.5132
4,565,e014,0.5155
4,565,e015,0.461
4,565,e016,0.4402
4,565,e017,0.477
4,565,e018,0.4233
4,565,e019,0.7305
4,565,e020,0.7511
4,565,e021,0.8639
4,565,e022,0.8309
4,565,e023,0.7895
4,565,e024,0.8025
4,566,e001,0.4992
4,566,e002,0.4437
4,566,e003,0.4463
4,566,e004,0.4268
4,566,e005,0.4938
4,566,e006,0.4108
4,566,e007,0.4469
4,566,e008,0.4216
4,566,e009,0.4244
4,566,e010,0.416
4,566,e011,0.4
4,566,e012,0.4366
4,566,e013,0.4541
4,566,e014,0.5082
4,566,e015,0.4138
4,566,e016,0.4301
4,566,e017,0.462
4,566,e018,0.3942
4,566,e019,0.7701
4,566,e020,0.7648
4,566,e021,0.8218
4,566,e022,0.8314
4,566,e023,0.8178
4,566,e024,0.7488
4,567,e001,0.4547
4,567,e002,0.4301
4,567,e003,0.4269
4,567,e004,0.4553
4,567,e005,0.4991
4,567,e006,0.4544
4,567,e007,0.4424
4,567,e008,0.4636
4,567,e009,0.4495
4,567,e010,0.5109
4,567,e011,0.4252
4,567,e012,0.4231
4,567,e013,0.4511
4,567,e014,0.5046
4,567,e015,0.4498
4,567,e016,0.4469
4,567,e017,0.4716
4,567,e018,0.4929
4,567,e019,0.7588
4,567,e020,0.8088
4,567,e021,0.7471
4,567,e022,0.7908
4,567,e023,0.7759
4,567,e024,0.8075
4,568,e001,0.5181
4,568,e002,0.4188
4,568,e003,0.4604
4,568,e004,0.4592
4,568,e005,0.4911
4,568,e006,0.4677
4,568,e007,0.479
4,568,e008,0.5279
4,568,e009,0.4977
4,568,e010,0.4939
4,568,e011,0.5135
4,568,e012,0.4593
4,568,e013,0.4437
4,568,e014,0.4327
4,568,e015,0.428
4,568,e016,0.447
4,568,e017,0.4601
4,568,e018,0.5032
4,568,e019,0.8019
4,568,e020,0.8106
4,568,e021,0.7865
4,568,e022,0.8086
4,568,e023,0.8354
4,568,e024,0.8234
4,569,e001,0.5051
4,569,e002,0.4925
4,569,e003,0.5206
4,569,e004,0.4727
4,569,e005,0.4214
4,569,e006,0.4951
4,569,e007,0.4601
4,569,e008,0.4528
4,569,e009,0.4824
4,569,e010,0.489
4,569,e011,0.4883
4,569,e012,0.4241
4,569,e013,0.5108
4,569,e014,0.4537
4,569,e015,0.4887
4,569,e016,0.5174
4,569,e017,0.4413
4,569,e018,0.4203
4,569,e019,0.8094
4,569,e020,0.8323
4,569,e021,0.7546
4,569,e022,0.7842
4,569,e023,0.7628
4,569,e024,0.7735
4,570,e001,0.4409
4,570,e002,0.4392
4,570,e003,0.5317
4,570,e004,0.4829
4,570,e005,0.4675
4,570,e006,0.4932
4,570,e007,0.478
4,570,e008,0.432
4,570,e009,0.496
4,570,e010,0.452
4,570,e011,0.4678
4,570,e012,0.5164
4,570,e013,0.5431
4,570,e014,0.4226
4,570,e015,0.52
4,570,e016,0.4634
4,570,e017,0.4872
4,570,e018,0.4724
4,570,e019,0.8696
4,570,e020,0.8522
4,570,e021,0.8356
4,570,e022,0.8059
4,570,e023,0.8357
4,570,e024,0.8159
4,571,e001,0.4014
4,571,e002,0.4633
4,571,e003,0.3872
4,571,e004,0.4184
4,571,e005,0.4046
4,571,e006,0.4349
4,571,e007,0.464
4,571,e008,0.3996
4,571,e009,0.4325
4,571,e010,0.4066
4,571,e011,0.4276
4,571,e012,0.4909
4,571,e013,0.4068
4,571,e014,0.4142
4,571,e015,0.4251
4,571,e016,0.4304
4,571,e017,0.4467
4,571,e018,0.4286
4,571,e019,0.7972
4,571,e020,0.7857
4,571,e021,0.7975
4,571,e022,0.7317
4,571,e023,0.7212
4,571,e024,0.7223
4,572,e001,0.4668
4,572,e002,0.4736
4,572,e003,0.5169
4,572,e004,0.4539
4,572,e005,0.4533
4,572,e006,0.4911
4,572,e007,0.5313
4,572,e008,0.4934
4,572,e009,0.4925
4,572,e010,0.4643
4,572,e011,0.4319
4,572,e012,0.4903
4,572,e013,0.4599
4,572,e014,0.4618
4,572,e015,0.5232
4,572,e016,0.4643
4,572,e017,0.4851
4,572,e018,0.4514
4,572,e019,0.7916
4,572,e020,0.7964
4,572,e021,0.849
4,572,e022,0.8591
4,572,e023,0.8376
4,572,e024,0.8111
4,573,e001,0.5069
4,573,e002,0.5103
4,573,e003,0.4607
4,573,e004,0.4657
4,573,e005,0.5316
4,573,e006,0.4703
4,573,e007,0.5398
4,573,e008,0.4958
4,573,e009,0.4971
4,573,e010,0.4822
4,573,e011,0.4485
4,573,e012,0.4711
4,573,e013,0.5409
4,573,e014,0.4778
4,573,e015,0.54
4,573,e016,0.4624
4,573,e017,0.5318
4,573,e018,0.5314
4,573,e019,0.8393
4,573,e020,0.8288
4,573,e021,0.8687
4,573,e022,0.7948
4,573,e023,0.7817
4,573,e024,0.7996
4,574,e001,0.4214
4,574,e002,0.4451
4,574,e003,0.4991
4,574,e004,0.4957
4,574,e005,0.4803
4,574,e006,0.5083
4,574,e007,0.4222
4,574,e008,0.5055
4,574,e009,0.4628
4,574,e010,0.4386
4,574,e011,0.3986
4,574,e012,0.4156
4,574,e013,0.4252
4,574,e014,0.4902
4,574,e015,0.5474
4,574,e016,0.4235
4,574,e017,0.518
4,574,e018,0.4655
4,574,e019,0.7783
4,574,e020,0.7672
4,574,e021,0.8286
4,574,e022,0.7959
4,574,e023,0.8068
4,574,e024,0.8212
4,575,e001,0.4448
4,575,e002,0.4453
4,575,e003,0.5057
4,575,e004,0.4173
4,575,e005,0.4691
4,575,e006,0.4406
4,575,e007,0.5025
4,575,e008,0.4384
4,575,e009,0.4749
4,575,e010,0.5182
4,575,e011,0.5236
4,575,e012,0.5118
4,575,e013,0.4756
4,575,e014,0.4887
4,575,e015,0.5433
4,575,e016,0.4794
4,575,e017,0.5219
4,575,e018,0.455
4,575,e019,0.7969
4,575,e020,0.82
4,575,e021,0.8026
4,575,e022,0.7773
4,575,e023,0.771
4,575,e024,0.8216
4,576,e001,0.4796
4,576,e002,0.4924
4,576,e003,0.5005
4,576,e004,0.468
4,576,e005,0.4274
4,576,e006,0.4995
4,576,e007,0.4644
4,576,e008,0.4803
4,576,e009,0.4967
4,576,e010,0.4713
4,576,e011,0.4505
4,576,e012,0.4703
4,576,e013,0.5198
4,576,e014,0.4399
4,576,e015,0.5037
4,576,e016,0.4389
4,576,e017,0.484
4,576,e018,0.4178
4,576,e019,0.796
4,576,e020,0.7871
4,576,e021,0.7752
4,576,e022,0.76
4,576,e023,0.7889
4,576,e024,0.7831
4,577,e001,0.4873
4,577,e002,0.4634
4,577,e003,0.4587
4,577,e004,0.5027
4,577,e005,0.4758
4,577,e006,0.523
4,577,e007,0.5038
4,577,e008,0.5445
4,577,e009,0.4684
4,577,e010,0.4493
4,577,e011,0.5149
4,577,e012,0.4947
4,577,e013,0.4877
4,577,e014,0.5041
4,577,e015,0.4773
4,577,e016,0.473
4,577,e017,0.4713
4,577,e018,0.4966
4,577,e019,0.7831
4,577,e020,0.7988
4,577,e021,0.7421
4,577,e022,0.7741
4,577,e023,0.7831
4,577,e024,0.7681
4,578,e001,0.5423
4,578,e002,0.4776
4,578,e003,0.473
4,578,e004,0.4527
4,578,e005,0.5072
4,578,e006,0.4699
4,578,e007,0.5126
4,578,e008,0.4623
4,578,e009,0.5519
4,578,e010,0.5087
4,578,e011,0.4719
4,578,e012,0.5611
4,578,e013,0.4536
4,578,e014,0.4966
4,578,e015,0.4767
4,578,e016,0.46
4,578,e017,0.4628
4,578,e018,0.5424
4,578,e019,0.6834
4,578,e020,0.5777
4,578,e021,0.642
4,578,e022,0.6769
4,578,e023,0.6949
4,578,e024,0.6623
4,579,e001,0.4014
4,579,e002,0.4751
4,579,e003,0.4379
4,579,e004,0.434
4,579,e005,0.4682
4,579,e006,0.4666
4,579,e007,0.5077
4,579,e008,0.4864
4,579,e009,0.5036
4,579,e010,0.4591
4,579,e011,0.516
4,579,e012,0.5276
4,579,e013,0.4281
4,579,e014,0.4861
4,579,e015,0.4771
4,579,e016,0.4857
4,579,e017,0.4634
4,579,e018,0.4838
4,579,e019,0.6186
4,579,e020,0.6566
4,579,e021,0.6156
4,579,e022,0.6309
4,579,e023,0.5613
4,579,e024,0.5718
4,580,e001,0.4663
4,580,e002,0.4066
4,580,e003,0.4766
4,580,e004,0.4733
4,580,e005,0.4845
4,580,e006,0.449
4,580,e007,0.495
4,580,e008,0.5159
4,580,e009,0.4505
4,580,e010,0.4799
4,580,e011,0.4948
4,580,e012,0.4692
4,580,e013,0.4149
4,580,e014,0.5001
4,580,e015,0.4097
4,580,e016,0.4519
4,580,e017,0.4638
4,580,e018,0.4835
4,580,e019,0.584
4,580,e020,0.5722
4,580,e021,0.6405
4,580,e022,0.6225
4,580,e023,0.6376
4,580,e024,0.5886
4,581,e001,0.4153
4,581,e002,0.4657
4,581,e003,0.4128
4,581,e004,0.4988
4,581,e005,0.4241
4,581,e006,0.4441
4,581,e007,0.4245
4,581,e008,0.4343
4,581,e009,0.4433
4,581,e010,0.4637
4,581,e011,0.4737
4,581,e012,0.4131
4,581,e013,0.499
4,581,e014,0.4402
4,581,e015,0.425
4,581,e016,0.4955
4,581,e017,0.4517
4,581,e018,0.4885
4,581,e019,0.565
4,581,e020,0.6335
4,581,e021,0.6644
4,581,e022,0.579
4,581,e023,0.553
4,581,e024,0.5922
4,582,e001,0.4141
4,582,e002,0.4523
4,582,e003,0.4574
4,582,e004,0.512
4,582,e005,0.4418
4,582,e006,0.5333
4,582,e007,0.4657
4,582,e008,0.4815
4,582,e009,0.4428
4,582,e010,0.4372
4,582,e011,0.4469
4,582,e012,0.4378
4,582,e013,0.4592
4,582,e014,0.4229
4,582,e015,0.4895
4,582,e016,0.445
4,582,e017,0.4248
4,582,e018,0.5181
4,582,e019,0.5972
4,582,e020,0.5987
4,582,e021,0.5761
4,582,e022,0.6111
4,582,e023,0.5602
4,582,e024,0.5809
4,583,e001,0.5156
4,583,e002,0.5047
4,583,e003,0.534
4,583,e004,0.5071
4,583,e005,0.5235
4,583,e006,0.5236
4,583,e007,0.4792
4,583,e008,0.4848
4,583,e009,0.5163
4,583,e010,0.5254
4,583,e011,0.512
4,583,e012,0.5342
4,583,e013,0.4988
4,583,e014,0.4815
4,583,e015,0.5144
4,583,e016,0.5244
4,583,e017,0.5565
4,583,e018,0.4731
4,583,e019,0.6538
4,583,e020,0.6523
4,583,e021,0.6325
4,583,e022,0.6231
4,583,e023,0.6125
4,583,e024,0.6021
4,584,e001,0.4895
4,584,e002,0.4716
4,584,e003,0.467
4,584,e004,0.553
4,584,e005,0.4803
4,584,e006,0.4817
4,584,e007,0.4569
4,584,e008,0.4163
4,584,e009,0.5319
4,584,e010,0.5123
4,584,e011,0.5006
4,584,e012,0.4615
4,584,e013,0.4733
4,584,e014,0.4453
4,584,e015,0.5292
4,584,e016,0.4698
4,584,e017,0.4828
4,584,e018,0.5408
4,584,e019,0.5627
4,584,e020,0.5882
4,584,e021,0.5726
4,584,e022,0.589
4,584,e023,0.5767
4,584,e024,0.5663
4,585,e001,0.399
4,585,e002,0.4357
4,585,e003,0.4222
4,585,e004,0.469
4,585,e005,0.3888
4,585,e006,0.4587
4,585,e007,0.442
4,585,e008,0.513
4,585,e009,0.409
4,585,e010,0.4073
4,585,e011,0.4615
4,585,e012,0.4387
4,585,e013,0.4325
4,585,e014,0.4914
4,585,e015,0.478
4,585,e016,0.4349
4,585,e017,0.4289
4,585,e018,0.4919
4,585,e019,0.6076
4,585,e020,0.5305
4,585,e021,0.5802
4,585,e022,0.5441
4,585,e023,0.5869
4,585,e024,0.6219
4,586,e001,0.5154
4,586,e002,0.4918
4,586,e003,0.524
4,586,e004,0.4752
4,586,e005,0.5187
4,586,e006,0.5496
4,586,e007,0.515
4,586,e008,0.4391
4,586,e009,0.4715
4,586,e010,0.4778
4,586,e011,0.5202
4,586,e012,0.5196
4,586,e013,0.5262
4,586,e014,0.5181
4,586,e015,0.5398
4,586,e016,0.5852
4,586,e017,0.5213
4,586,e018,0.4937
4,586,e019,0.6517
4,586,e020,0.6263
4,586,e021,0.6492
4,586,e022,0.569
4,586,e023,0.636
4,586,e024,0.5916
4,587,e001,0.5279
4,587,e002,0.4965
4,587,e003,0.5239
4,587,e004,0.477
4,587,e005,0.4571
4,587,e006,0.5116
4,587,e007,0.4447
4,587,e008,0.4653
4,587,e009,0.4515
4,587,e010,0.4764
4,587,e011,0.5437
4,587,e012,0.5413
4,587,e013,0.4146
4,587,e014,0.4761
4,587,e015,0.485
4,587,e016,0.5104
4,587,e017,0.5671
4,587,e018,0.4382
4,587,e019,0.6233
4,587,e020,0.6311
4,587,e021,0.5759
4,587,e022,0.6144
4,587,e023,0.6241
4,587,e024,0.6048
4,588,e001,0.4508
4,588,e002,0.4388
4,588,e003,0.4905
4,588,e004,0.4681
4,588,e005,0.5081
4,588,e006,0.4546
4,588,e007,0.428
4,588,e008,0.4774
4,588,e009,0.3926
4,588,e010,0.4176
4,588,e011,0.4328
4,588,e012,0.4725
4,588,e013,0.4808
4,588,e014,0.3916
4,588,e015,0.4575
4,588,e016,0.4747
4,588,e017,0.4755
4,588,e018,0.438
4,588,e019,0.6251
4,588,e020,0.5785
4,588,e021,0.5764
4,588,e022,0.604
4,588,e023,0.5754
4,588,e024,0.5711
4,589,e001,0.4273
4,589,e002,0.4107
4,589,e003,0.4731
4,589,e004,0.4639
4,589,e005,0.4261
4,589,e006,0.4575
4,589,e007,0.4619
4,589,e008,0.4807
4,589,e009,0.5211
4,589,e010,0.5038
4,589,e011,0.468
4,589,e012,0.4586
4,589,e013,0.5066
4,589,e014,0.4405
4,589,e015,0.4466
4,589,e016,0.4819
4,589,e017,0.4199
4,589,e018,0.4356
4,589,e019,0.5486
4,589,e020,0.5839
4,589,e021,0.58
4,589,e022,0.6088
4,589,e023,0.5535
4,589,e024,0.5156
4,590,e001,0.4431
4,590,e002,0.419
4,590,e003,0.4688
4,590,e004,0.4448
4,590,e005,0.4056
4,590,e006,0.4592
4,590,e007,0.5049
4,590,e008,0.4576
4,590,e009,0.4837
4,590,e010,0.4235
4,590,e011,0.4006
4,590,e012,0.4775
4,590,e013,0.3724
4,590,e014,0.4036
4,590,e015,0.4722
4,590,e016,0.4986
4,590,e017,0.4542
4,590,e018,0.4714
4,590,e019,0.5218
4,590,e020,0.5447
4,590,e021,0.6125
4,590,e022,0.5871
4,590,e023,0.5201
4,590,e024,0.535
4,591,e001,0.4294
4,591,e002,0.5138
4,591,e003,0.536
4,591,e004,0.5168
4,591,e005,0.5057
4,591,e006,0.4876
4,591,e007,0.4903
4,591,e008,0.4517
4,591,e009,0.4802
4,591,e010,0.514
4,591,e011,0.449
4,591,e012,0.4718
4,591,e013,0.468
4,591,e014,0.4862
4,591,e015,0.4826
4,591,e016,0.4716
4,591,e017,0.5066
4,591,e018,0.5323
4,591,e019,0.6402
4,591,e020,0.5501
4,591,e021,0.6292
4,591,e022,0.6522
4,591,e023,0.659
4,591,e024,0.6293
4,592,e001,0.5008
4,592,e002,0.4525
4,592,e003,0.4838
4,592,e004,0.4569
4,592,e005,0.419
4,592,e006,0.4694
4,592,e007,0.4972
4,592,e008,0.4438
4,592,e009,0.5321
4,592,e010,0.4689
4,592,e011,0.4455
4,592,e012,0.4663
4,592,e013,0.4982
4,592,e014,0.4731
4,592,e015,0.4241
4,592,e016,0.4827
4,592,e017,0.4458
4,592,e018,0.4386
4,592,e019,0.6442
4,592,e020,0.6342
4,592,e021,0.5713
4,592,e022,0.6155
4,592,e023,0.6375
4,592,e024,0.6337
4,593,e001,0.4873
4,593,e002,0.4489
4,593,e003,0.5271
4,593,e004,0.4668
4,593,e005,0.4749
4,593,e006,0.5105
4,593,e007,0.4349
4,593,e008,0.5163
4,593,e009,0.5083
4,593,e010,0.5579
4,593,e011,0.4784
4,593,e012,0.4686
4,593,e013,0.4868
4,593,e014,0.4708
4,593,e015,0.5377
4,593,e016,0.5424
4,593,e017,0.4977
4,593,e018,0.529
4,593,e019,0.6341
4,593,e020,0.6361
4,593,e021,0.6575
4,593,e022,0.6152
4,593,e023,0.644
4,593,e024,0.6815
4,594,e001,0.4286
4,594,e002,0.5523
4,594,e003,0.4642
4,594,e004,0.4662
4,594,e005,0.4669
4,594,e006,0.4799
4,594,e007,0.4825
4,594,e008,0.4686
4,594,e009,0.521
4,594,e010,0.4272
4,594,e011,0.5264
4,594,e012,0.5351
4,594,e013,0.5372
4,594,e014,0.5311
4,594,e015,0.4869
4,594,e016,0.454
4,594,e017,0.4469
4,594,e018,0.4463
4,594,e019,0.5659
4,594,e020,0.6032
4,594,e021,0.6187
4,594,e022,0.6407
4,594,e023,0.6287
4,594,e024,0.6063
4,595,e001,0.4666
4,595,e002,0.4669
4,595,e003,0.4607
4,595,e004,0.4487
4,595,e005,0.5012
4,595,e006,0.4171
4,595,e007,0.4837
4,595,e008,0.453
4,595,e009,0.4191
4,595,e010,0.4856
4,595,e011,0.486
4,595,e012,0.4757
4,595,e013,0.4607
4,595,e014,0.4649
4,595,e015,0.4309
4,595,e016,0.5036
4,595,e017,0.4819
4,595,e018,0.4557
4,595,e019,0.614
4,595,e020,0.5786
4,595,e021,0.5689
4,595,e022,0.5588
4,595,e023,0.5866
4,595,e024,0.5736
4,596,e001,0.3981
4,596,e002,0.4709
4,596,e003,0.4574
4,596,e004,0.4272
4,596,e005,0.3965
4,596,e006,0.3547
4,596,e007,0.3845
4,596,e008,0.4558
4,596,e009,0.4288
4,596,e010,0.3318
4,596,e011,0.4379
4,596,e012,0.4229
4,596,e013,0.3856
4,596,e014,0.4383
4,596,e015,0.4193
4,596,e016,0.4318
4,596,e017,0.4121
4,596,e018,0.4437
4,596,e019,0.539
4,596,e020,0.5714
4,596,e021,0.5551
4,596,e022,0.5864
4,596,e023,0.5778
4,596,e024,0.4863
4,597,e001,0.477
4,597,e002,0.4403
4,597,e003,0.4989
4,597,e004,0.5186
4,597,e005,0.4858
4,597,e006,0.5442
4,597,e007,0.461
4,597,e008,0.5048
4,597,e009,0.4897
4,597,e010,0.4641
4,597,e011,0.5068
4,597,e012,0.4973
4,597,e013,0.5047
4,597,e014,0.481
4,597,e015,0.4241
4,597,e016,0.4521
4,597,e017,0.4516
4,597,e018,0.5382
4,597,e019,0.5725
4,597,e020,0.629
4,597,e021,0.5717
4,597,e022,0.636
4,597,e023,0.5831
4,597,e024,0.653
4,598,e001,0.5297
4,598,e002,0.5022
4,598,e003,0.5285
4,598,e004,0.534
4,598,e005,0.4911
4,598,e006,0.5143
4,598,e007,0.4975
4,598,e008,0.5428
4,598,e009,0.4578
4,598,e010,0.528
4,598,e011,0.4726
4,598,e012,0.5277
4,598,e013,0.4583
4,598,e014,0.4806
4,598,e015,0.5335
4,598,e016,0.4501
4,598,e017,0.4953
4,598,e018,0.4347
4,598,e019,0.6293
4,598,e020,0.5889
4,598,e021,0.6541
4,598,e022,0.572
4,598,e023,0.6266
4,598,e024,0.6548
4,599,e001,0.4688
4,599,e002,0.5084
4,599,e003,0.4505
4,599,e004,0.4286
4,599,e005,0.462
4,599,e006,0.4511
4,599,e007,0.4098
4,599,e008,0.4536
4,599,e009,0.4705
4,599,e010,0.5078
4,599,e011,0.4874
4,599,e012,0.4702
4,599,e013,0.42
4,599,e014,0.5077
4,599,e015,0.4967
4,599,e016,0.4377
4,599,e017,0.4442
4,599,e018,0.4295
4,599,e019,0.586
4,599,e020,0.5581
4,599,e021,0.6219
4,599,e022,0.5976
4,599,e023,0.5659
4,599,e024,0.544
