seed,time_s,link_id,utilization
3,0,e001,0.5508
3,0,e002,0.5722
3,0,e003,0.5338
3,0,e004,0.5238
3,0,e005,0.5356
3,0,e006,0.5683
3,0,e007,0.4337
3,0,e008,0.4937
3,0,e009,0.47
3,0,e010,0.4205
3,0,e011,0.4963
3,0,e012,0.4195
3,0,e013,0.4784
3,0,e014,0.4645
3,0,e015,0.4482
3,0,e016,0.4701
3,0,e017,0.4129
3,0,e018,0.3782
3,0,e019,0.4486
3,0,e020,0.478
3,0,e021,0.4524
3,0,e022,0.4341
3,0,e023,0.4998
3,0,e024,0.4787
3,1,e001,0.5058
3,1,e002,0.543
3,1,e003,0.5208
3,1,e004,0.5076
3,1,e005,0.5321
3,1,e006,0.5806
3,1,e007,0.4431
3,1,e008,0.3819
3,1,e009,0.4093
3,1,e010,0.4223
3,1,e011,0.4646
3,1,e012,0.4449
3,1,e013,0.3941
3,1,e014,0.3787
3,1,e015,0.4606
3,1,e016,0.3789
3,1,e017,0.4713
3,1,e018,0.4629
3,1,e019,0.4199
3,1,e020,0.3682
3,1,e021,0.3899
3,1,e022,0.4372
3,1,e023,0.436
3,1,e024,0.3689
3,2,e001,0.5449
3,2,e002,0.5581
3,2,e003,0.4838
3,2,e004,0.4941
3,2,e005,0.5227
3,2,e006,0.5798
3,2,e007,0.4129
3,2,e008,0.373
3,2,e009,0.401
3,2,e010,0.3776
3,2,e011,0.4662
3,2,e012,0.4152
3,2,e013,0.4382
3,2,e014,0.4344
3,2,e015,0.3932
3,2,e016,0.4137
3,2,e017,0.4343
3,2,e018,0.3969
3,2,e019,0.4487
3,2,e020,0.3678
3,2,e021,0.4032
3,2,e022,0.3748
3,2,e023,0.4856
3,2,e024,0.3619
3,3,e001,0.4953
3,3,e002,0.5588
3,3,e003,0.5082
3,3,e004,0.5305
3,3,e005,0.5203
3,3,e006,0.4631
3,3,e007,0.3473
3,3,e008,0.4226
3,3,e009,0.348
3,3,e010,0.4019
3,3,e011,0.3715
3,3,e012,0.3775
3,3,e013,0.4216
3,3,e014,0.3745
3,3,e015,0.3802
3,3,e016,0.3986
3,3,e017,0.4117
3,3,e018,0.4241
3,3,e019,0.3293
3,3,e020,0.4229
3,3,e021,0.3967
3,3,e022,0.4468
3,3,e023,0.4054
3,3,e024,0.3872
3,4,e001,0.5406
3,4,e002,0.5274
3,4,e003,0.5551
3,4,e004,0.5439
3,4,e005,0.4919
3,4,e006,0.5225
3,4,e007,0.4334
3,4,e008,0.4422
3,4,e009,0.3638
3,4,e010,0.3843
3,4,e011,0.3831
3,4,e012,0.3506
3,4,e013,0.3809
3,4,e014,0.3302
3,4,e015,0.4094
3,4,e016,0.4053
3,4,e017,0.4199
3,4,e018,0.3943
3,4,e019,0.4045
3,4,e020,0.4368
3,4,e021,0.4071
3,4,e022,0.3762
3,4,e023,0.4011
3,4,e024,0.3908
3,5,e001,0.521
3,5,e002,0.5285
3,5,e003,0.5682
3,5,e004,0.5279
3,5,e005,0.5007
3,5,e006,0.5598
3,5,e007,0.3786
3,5,e008,0.3548
3,5,e009,0.3993
3,5,e010,0.4263
3,5,e011,0.4418
3,5,e012,0.4549
3,5,e013,0.4194
3,5,e014,0.4153
3,5,e015,0.442
3,5,e016,0.4382
3,5,e017,0.3608
3,5,e018,0.4606
3,5,e019,0.4032
3,5,e020,0.4219
3,5,e021,0.4327
3,5,e022,0.3616
3,5,e023,0.4099
3,5,e024,0.4334
3,6,e001,0.5479
3,6,e002,0.5123
3,6,e003,0.4819
3,6,e004,0.5204
3,6,e005,0.4736
3,6,e006,0.4787
3,6,e007,0.3689
3,6,e008,0.3376
3,6,e009,0.3334
3,6,e010,0.3922
3,6,e011,0.3193
3,6,e012,0.4033
3,6,e013,0.4206
3,6,e014,0.3694
3,6,e015,0.3317
3,6,e016,0.3582
3,6,e017,0.351
3,6,e018,0.3263
3,6,e019,0.3647
3,6,e020,0.4229
3,6,e021,0.438
3,6,e022,0.3551
3,6,e023,0.3366
3,6,e024,0.4083
3,7,e001,0.5117
3,7,e002,0.6061
3,7,e003,0.4972
3,7,e004,0.5383
3,7,e005,0.5519
3,7,e006,0.4819
3,7,e007,0.4615
3,7,e008,0.3989
3,7,e009,0.4268
3,7,e010,0.4148
3,7,e011,0.4252
3,7,e012,0.3735
3,7,e013,0.356
3,7,e014,0.4188
3,7,e015,0.3506
3,7,e016,0.439
3,7,e017,0.3727
3,7,e018,0.4465
3,7,e019,0.4023
3,7,e020,0.434
3,7,e021,0.4064
3,7,e022,0.4508
3,7,e023,0.3741
3,7,e024,0.4288
3,8,e001,0.5796
3,8,e002,0.5403
3,8,e003,0.5338
3,8,e004,0.5785
3,8,e005,0.542
3,8,e006,0.5332
3,8,e007,0.4659
3,8,e008,0.3996
3,8,e009,0.4415
3,8,e010,0.4202
3,8,e011,0.4559
3,8,e012,0.3972
3,8,e013,0.3882
3,8,e014,0.3988
3,8,e015,0.4793
3,8,e016,0.4307
3,8,e017,0.3864
3,8,e018,0.4002
3,8,e019,0.3966
3,8,e020,0.4125
3,8,e021,0.4425
3,8,e022,0.4244
3,8,e023,0.4123
3,8,e024,0.4304
3,9,e001,0.489
3,9,e002,0.4705
3,9,e003,0.5127
3,9,e004,0.5401
3,9,e005,0.5225
3,9,e006,0.4746
3,9,e007,0.4385
3,9,e008,0.3654
3,9,e009,0.4129
3,9,e010,0.3484
3,9,e011,0.4381
3,9,e012,0.3715
3,9,e013,0.3917
3,9,e014,0.37
3,9,e015,0.4331
3,9,e016,0.3789
3,9,e017,0.4033
3,9,e018,0.3791
3,9,e019,0.4424
3,9,e020,0.3741
3,9,e021,0.4271
3,9,e022,0.4072
3,9,e023,0.3763
3,9,e024,0.3378
3,10,e001,0.5457
3,10,e002,0.5689
3,10,e003,0.516
3,10,e004,0.5555
3,10,e005,0.5114
3,10,e006,0.5009
3,10,e007,0.4332
3,10,e008,0.4601
3,10,e009,0.4137
3,10,e010,0.4076
3,10,e011,0.4527
3,10,e012,0.3598
3,10,e013,0.3573
3,10,e014,0.4022
3,10,e015,0.4586
3,10,e016,0.3679
3,10,e017,0.3855
3,10,e018,0.4387
3,10,e019,0.3705
3,10,e020,0.3421
3,10,e021,0.3644
3,10,e022,0.4507
3,10,e023,0.4487
3,10,e024,0.4179
3,11,e001,0.5106
3,11,e002,0.6059
3,11,e003,0.5754
3,11,e004,0.587
3,11,e005,0.5797
3,11,e006,0.5829
3,11,e007,0.4345
3,11,e008,0.4155
3,11,e009,0.3812
3,11,e010,0.4321
3,11,e011,0.4158
3,11,e012,0.4547
3,11,e013,0.4437
3,11,e014,0.4886
3,11,e015,0.4099
3,11,e016,0.4574
3,11,e017,0.4864
3,11,e018,0.4244
3,11,e019,0.3843
3,11,e020,0.4144
3,11,e021,0.3971
3,11,e022,0.3886
3,11,e023,0.4274
3,11,e024,0.4362
3,12,e001,0.4896
3,12,e002,0.5501
3,12,e003,0.5035
3,12,e004,0.5692
3,12,e005,0.5186
3,12,e006,0.4966
3,12,e007,0.3549
3,12,e008,0.3406
3,12,e009,0.3574
3,12,e010,0.3997
3,12,e011,0.3825
3,12,e012,0.3425
3,12,e013,0.3935
3,12,e014,0.4147
3,12,e015,0.3205
3,12,e016,0.3778
3,12,e017,0.4056
3,12,e018,0.3515
3,12,e019,0.3913
3,12,e020,0.3939
3,12,e021,0.4243
3,12,e022,0.3054
3,12,e023,0.3963
3,12,e024,0.3879
3,13,e001,0.5222
3,13,e002,0.5858
3,13,e003,0.568
3,13,e004,0.6151
3,13,e005,0.62
3,13,e006,0.558
3,13,e007,0.3991
3,13,e008,0.439
3,13,e009,0.4303
3,13,e010,0.4128
3,13,e011,0.4306
3,13,e012,0.4412
3,13,e013,0.4195
3,13,e014,0.45
3,13,e015,0.4508
3,13,e016,0.411
3,13,e017,0.4637
3,13,e018,0.4127
3,13,e019,0.5107
3,13,e020,0.4286
3,13,e021,0.504
3,13,e022,0.5113
3,13,e023,0.4677
3,13,e024,0.4533
3,14,e001,0.573
3,14,e002,0.6396
3,14,e003,0.6186
3,14,e004,0.6293
3,14,e005,0.6232
3,14,e006,0.5506
3,14,e007,0.5106
3,14,e008,0.4796
3,14,e009,0.5206
3,14,e010,0.4588
3,14,e011,0.468
3,14,e012,0.4453
3,14,e013,0.4693
3,14,e014,0.4363
3,14,e015,0.4639
3,14,e016,0.4786
3,14,e017,0.5147
3,14,e018,0.4923
3,14,e019,0.4935
3,14,e020,0.463
3,14,e021,0.4436
3,14,e022,0.455
3,14,e023,0.422
3,14,e024,0.513
3,15,e001,0.5112
3,15,e002,0.5306
3,15,e003,0.5827
3,15,e004,0.5614
3,15,e005,0.5709
3,15,e006,0.5275
3,15,e007,0.4031
3,15,e008,0.4194
3,15,e009,0.3612
3,15,e010,0.4789
3,15,e011,0.4393
3,15,e012,0.4479
3,15,e013,0.4376
3,15,e014,0.3736
3,15,e015,0.3837
3,15,e016,0.4139
3,15,e017,0.4213
3,15,e018,0.4323
3,15,e019,0.4725
3,15,e020,0.4223
3,15,e021,0.4248
3,15,e022,0.4131
3,15,e023,0.4287
3,15,e024,0.4173
3,16,e001,0.5013
3,16,e002,0.5589
3,16,e003,0.5723
3,16,e004,0.5189
3,16,e005,0.5369
3,16,e006,0.5841
3,16,e007,0.4636
3,16,e008,0.4238
3,16,e009,0.4474
3,16,e010,0.4028
3,16,e011,0.403
3,16,e012,0.4315
3,16,e013,0.3903
3,16,e014,0.3852
3,16,e015,0.4136
3,16,e016,0.4481
3,16,e017,0.4045
3,16,e018,0.4682
3,16,e019,0.4514
3,16,e020,0.4439
3,16,e021,0.4794
3,16,e022,0.4081
3,16,e023,0.4043
3,16,e024,0.4875
3,17,e001,0.6328
3,17,e002,0.5909
3,17,e003,0.6005
3,17,e004,0.6127
3,17,e005,0.5985
3,17,e006,0.6401
3,17,e007,0.4391
3,17,e008,0.4727
3,17,e009,0.4521
3,17,e010,0.5148
3,17,e011,0.4975
3,17,e012,0.489
3,17,e013,0.5393
3,17,e014,0.5339
3,17,e015,0.4456
3,17,e016,0.5341
3,17,e017,0.4408
3,17,e018,0.5173
3,17,e019,0.4455
3,17,e020,0.5002
3,17,e021,0.453
3,17,e022,0.4757
3,17,e023,0.5406
3,17,e024,0.4648
3,18,e001,0.5351
3,18,e002,0.4977
3,18,e003,0.5296
3,18,e004,0.5245
3,18,e005,0.5743
3,18,e006,0.5745
3,18,e007,0.3762
3,18,e008,0.4481
3,18,e009,0.4425
3,18,e010,0.4441
3,18,e011,0.397
3,18,e012,0.4709
3,18,e013,0.4575
3,18,e014,0.4577
3,18,e015,0.3903
3,18,e016,0.3581
3,18,e017,0.4315
3,18,e018,0.4447
3,18,e019,0.4154
3,18,e020,0.4683
3,18,e021,0.4569
3,18,e022,0.4097
3,18,e023,0.4191
3,18,e024,0.3836
3,19,e001,0.5374
3,19,e002,0.5531
3,19,e003,0.5367
3,19,e004,0.5141
3,19,e005,0.5568
3,19,e006,0.5406
3,19,e007,0.4384
3,19,e008,0.4684
3,19,e009,0.3943
3,19,e010,0.4353
3,19,e011,0.4076
3,19,e012,0.4058
3,19,e013,0.4224
3,19,e014,0.4233
3,19,e015,0.4577
3,19,e016,0.4093
3,19,e017,0.3848
3,19,e018,0.383
3,19,e019,0.4625
3,19,e020,0.4483
3,19,e021,0.4191
3,19,e022,0.4555
3,19,e023,0.4155
3,19,e024,0.4319
3,20,e001,0.8185
3,20,e002,0.7672
3,20,e003,0.8224
3,20,e004,0.8075
3,20,e005,0.8295
3,20,e006,0.8407
3,20,e007,0.463
3,20,e008,0.4814
3,20,e009,0.4541
3,20,e010,0.4315
3,20,e011,0.4277
3,20,e012,0.476
3,20,e013,0.4826
3,20,e014,0.4541
3,20,e015,0.4498
3,20,e016,0.4965
3,20,e017,0.4128
3,20,e018,0.4609
3,20,e019,0.4692
3,20,e020,0.4504
3,20,e021,0.5261
3,20,e022,0.5267
3,20,e023,0.4972
3,20,e024,0.4208
3,21,e001,0.7763
3,21,e002,0.7573
3,21,e003,0.8035
3,21,e004,0.7519
3,21,e005,0.7658
3,21,e006,0.7594
3,21,e007,0.3836
3,21,e008,0.388
3,21,e009,0.4333
3,21,e010,0.4583
3,21,e011,0.4647
3,21,e012,0.454
3,21,e013,0.4344
3,21,e014,0.3641
3,21,e015,0.4129
3,21,e016,0.4276
3,21,e017,0.4326
3,21,e018,0.4532
3,21,e019,0.3749
3,21,e020,0.4263
3,21,e021,0.4792
3,21,e022,0.4198
3,21,e023,0.4698
3,21,e024,0.4821
3,22,e001,0.7624
3,22,e002,0.7817
3,22,e003,0.766
3,22,e004,0.8015
3,22,e005,0.7089
3,22,e006,0.7703
3,22,e007,0.482
3,22,e008,0.4194
3,22,e009,0.4589
3,22,e010,0.4377
3,22,e011,0.4965
3,22,e012,0.4301
3,22,e013,0.4341
3,22,e014,0.4669
3,22,e015,0.4632
3,22,e016,0.4147
3,22,e017,0.4639
3,22,e018,0.4758
3,22,e019,0.3902
3,22,e020,0.4592
3,22,e021,0.469
3,22,e022,0.4467
3,22,e023,0.4839
3,22,e024,0.449
3,23,e001,0.761
3,23,e002,0.7805
3,23,e003,0.8181
3,23,e004,0.7914
3,23,e005,0.7591
3,23,e006,0.8205
3,23,e007,0.5234
3,23,e008,0.4287
3,23,e009,0.4424
3,23,e010,0.4469
3,23,e011,0.4833
3,23,e012,0.4198
3,23,e013,0.4907
3,23,e014,0.4858
3,23,e015,0.4903
3,23,e016,0.4849
3,23,e017,0.4882
3,23,e018,0.509
3,23,e019,0.4286
3,23,e020,0.4762
3,23,e021,0.4633
3,23,e022,0.4826
3,23,e023,0.457
3,23,e024,0.4743
3,24,e001,0.7672
3,24,e002,0.8376
3,24,e003,0.788
3,24,e004,0.7503
3,24,e005,0.7636
3,24,e006,0.8327
3,24,e007,0.4841
3,24,e008,0.4281
3,24,e009,0.4525
3,24,e010,0.509
3,24,e011,0.4381
3,24,e012,0.4547
3,24,e013,0.4693
3,24,e014,0.4409
3,24,e015,0.4364
3,24,e016,0.5152
3,24,e017,0.4803
3,24,e018,0.4961
3,24,e019,0.4393
3,24,e020,0.4861
3,24,e021,0.4364
3,24,e022,0.4641
3,24,e023,0.4762
3,24,e024,0.449
3,25,e001,0.8217
3,25,e002,0.7991
3,25,e003,0.7647
3,25,e004,0.8253
3,25,e005,0.7566
3,25,e006,0.8379
3,25,e007,0.4458
3,25,e008,0.5228
3,25,e009,0.4894
3,25,e010,0.5179
3,25,e011,0.4854
3,25,e012,0.4466
3,25,e013,0.5001
3,25,e014,0.558
3,25,e015,0.4334
3,25,e016,0.448
3,25,e017,0.5044
3,25,e018,0.4782
3,25,e019,0.4545
3,25,e020,0.4869
3,25,e021,0.4333
3,25,e022,0.4551
3,25,e023,0.4857
3,25,e024,0.4596
3,26,e001,0.8004
3,26,e002,0.7871
3,26,e003,0.8235
3,26,e004,0.8148
3,26,e005,0.7828
3,26,e006,0.8032
3,26,e007,0.4002
3,26,e008,0.4617
3,26,e009,0.5143
3,26,e010,0.5339
3,26,e011,0.4757
3,26,e012,0.4937
3,26,e013,0.455
3,26,e014,0.493
3,26,e015,0.5019
3,26,e016,0.4501
3,26,e017,0.511
3,26,e018,0.5172
3,26,e019,0.4379
3,26,e020,0.5312
3,26,e021,0.4736
3,26,e022,0.4925
3,26,e023,0.5155
3,26,e024,0.4563
3,27,e001,0.8118
3,27,e002,0.8194
3,27,e003,0.8565
3,27,e004,0.802
3,27,e005,0.8534
3,27,e006,0.8007
3,27,e007,0.557
3,27,e008,0.4382
3,27,e009,0.5131
3,27,e010,0.4981
3,27,e011,0.4624
3,27,e012,0.4519
3,27,e013,0.4916
3,27,e014,0.4755
3,27,e015,0.4446
3,27,e016,0.4423
3,27,e017,0.4867
3,27,e018,0.5248
3,27,e019,0.4463
3,27,e020,0.5058
3,27,e021,0.4666
3,27,e022,0.4843
3,27,e023,0.4312
3,27,e024,0.535
3,28,e001,0.8146
3,28,e002,0.8337
3,28,e003,0.7448
3,28,e004,0.7659
3,28,e005,0.7904
3,28,e006,0.8268
3,28,e007,0.4811
3,28,e008,0.428
3,28,e009,0.4322
3,28,e010,0.427
3,28,e011,0.4518
3,28,e012,0.4142
3,28,e013,0.4206
3,28,e014,0.4759
3,28,e015,0.4331
3,28,e016,0.4958
3,28,e017,0.4685
3,28,e018,0.4054
3,28,e019,0.4361
3,28,e020,0.4704
3,28,e021,0.4716
3,28,e022,0.3868
3,28,e023,0.466
3,28,e024,0.4276
3,29,e001,0.7629
3,29,e002,0.8344
3,29,e003,0.7338
3,29,e004,0.7717
3,29,e005,0.7606
3,29,e006,0.8234
3,29,e007,0.4044
3,29,e008,0.4553
3,29,e009,0.4186
3,29,e010,0.4427
3,29,e011,0.4263
3,29,e012,0.4917
3,29,e013,0.4373
3,29,e014,0.4432
3,29,e015,0.4658
3,29,e016,0.4656
3,29,e017,0.4282
3,29,e018,0.4686
3,29,e019,0.4943
3,29,e020,0.413
3,29,e021,0.4922
3,29,e022,0.4209
3,29,e023,0.4613
3,29,e024,0.4642
3,30,e001,0.8492
3,30,e002,0.8223
3,30,e003,0.7425
3,30,e004,0.817
3,30,e005,0.8091
3,30,e006,0.7563
3,30,e007,0.5117
3,30,e008,0.4659
3,30,e009,0.4426
3,30,e010,0.465
3,30,e011,0.4082
3,30,e012,0.5251
3,30,e013,0.5201
3,30,e014,0.5235
3,30,e015,0.4276
3,30,e016,0.4406
3,30,e017,0.4938
3,30,e018,0.481
3,30,e019,0.4555
3,30,e020,0.4367
3,30,e021,0.5141
3,30,e022,0.5023
3,30,e023,0.4785
3,30,e024,0.5226
3,31,e001,0.8102
3,31,e002,0.8269
3,31,e003,0.8554
3,31,e004,0.8172
3,31,e005,0.7692
3,31,e006,0.8639
3,31,e007,0.5327
3,31,e008,0.4899
3,31,e009,0.4499
3,31,e010,0.5154
3,31,e011,0.4369
3,31,e012,0.5079
3,31,e013,0.4727
3,31,e014,0.4864
3,31,e015,0.4685
3,31,e016,0.5081
3,31,e017,0.5016
3,31,e018,0.4697
3,31,e019,0.5006
3,31,e020,0.4427
3,31,e021,0.459
3,31,e022,0.48
3,31,e023,0.5169
3,31,e024,0.5037
3,32,e001,0.7796
3,32,e002,0.7802
3,32,e003,0.7984
3,32,e004,0.8141
3,32,e005,0.8373
3,32,e006,0.7651
3,32,e007,0.4633
3,32,e008,0.5289
3,32,e009,0.4562
3,32,e010,0.4778
3,32,e011,0.4929
3,32,e012,0.5009
3,32,e013,0.4493
3,32,e014,0.4251
3,32,e015,0.4921
3,32,e016,0.4929
3,32,e017,0.4419
3,32,e018,0.4278
3,32,e019,0.438
3,32,e020,0.3967
3,32,e021,0.4844
3,32,e022,0.449
3,32,e023,0.4026
3,32,e024,0.4953
3,33,e001,0.8153
3,33,e002,0.8449
3,33,e003,0.7909
3,33,e004,0.7867
3,33,e005,0.7704
3,33,e006,0.7776
3,33,e007,0.4471
3,33,e008,0.4668
3,33,e009,0.4769
3,33,e010,0.4763
3,33,e011,0.507
3,33,e012,0.5593
3,33,e013,0.4538
3,33,e014,0.5214
3,33,e015,0.4715
3,33,e016,0.523
3,33,e017,0.5267
3,33,e018,0.4742
3,33,e019,0.5505
3,33,e020,0.4481
3,33,e021,0.5118
3,33,e022,0.4935
3,33,e023,0.4853
3,33,e024,0.5419
3,34,e001,0.8581
3,34,e002,0.7691
3,34,e003,0.8623
3,34,e004,0.8099
3,34,e005,0.8258
3,34,e006,0.857
3,34,e007,0.4882
3,34,e008,0.5352
3,34,e009,0.4895
3,34,e010,0.5023
3,34,e011,0.4496
3,34,e012,0.4969
3,34,e013,0.4603
3,34,e014,0.4673
3,34,e015,0.4568
3,34,e016,0.4849
3,34,e017,0.446
3,34,e018,0.525
3,34,e019,0.4653
3,34,e020,0.4885
3,34,e021,0.5074
3,34,e022,0.4973
3,34,e023,0.4436
3,34,e024,0.4677
3,35,e001,0.8535
3,35,e002,0.8612
3,35,e003,0.8119
3,35,e004,0.7924
3,35,e005,0.7891
3,35,e006,0.8563
3,35,e007,0.5212
3,35,e008,0.4489
3,35,e009,0.4268
3,35,e010,0.468
3,35,e011,0.4842
3,35,e012,0.5008
3,35,e013,0.4349
3,35,e014,0.4692
3,35,e015,0.5373
3,35,e016,0.532
3,35,e017,0.4691
3,35,e018,0.5279
3,35,e019,0.5031
3,35,e020,0.452
3,35,e021,0.4363
3,35,e022,0.5356
3,35,e023,0.5008
3,35,e024,0.5018
3,36,e001,0.7416
3,36,e002,0.7142
3,36,e003,0.7415
3,36,e004,0.7287
3,36,e005,0.7348
3,36,e006,0.7917
3,36,e007,0.4691
3,36,e008,0.4918
3,36,e009,0.4095
3,36,e010,0.4789
3,36,e011,0.4857
3,36,e012,0.4623
3,36,e013,0.4781
3,36,e014,0.4702
3,36,e015,0.5025
3,36,e016,0.4287
3,36,e017,0.3963
3,36,e018,0.4397
3,36,e019,0.4312
3,36,e020,0.4698
3,36,e021,0.3966
3,36,e022,0.4692
3,36,e023,0.4222
3,36,e024,0.4086
3,37,e001,0.7525
3,37,e002,0.7926
3,37,e003,0.7886
3,37,e004,0.7403
3,37,e005,0.7494
3,37,e006,0.7855
3,37,e007,0.4096
3,37,e008,0.4277
3,37,e009,0.4118
3,37,e010,0.4573
3,37,e011,0.4193
3,37,e012,0.4965
3,37,e013,0.4654
3,37,e014,0.4544
3,37,e015,0.4943
3,37,e016,0.4308
3,37,e017,0.4952
3,37,e018,0.4437
3,37,e019,0.417
3,37,e020,0.4854
3,37,e021,0.4521
3,37,e022,0.4817
3,37,e023,0.4997
3,37,e024,0.4637
3,38,e001,0.5312
3,38,e002,0.6454
3,38,e003,0.5754
3,38,e004,0.5378
3,38,e005,0.5795
3,38,e006,0.6112
3,38,e007,0.4438
3,38,e008,0.4199
3,38,e009,0.409
3,38,e010,0.4864
3,38,e011,0.4038
3,38,e012,0.4522
3,38,e013,0.4636
3,38,e014,0.4752
3,38,e015,0.4399
3,38,e016,0.4386
3,38,e017,0.4142
3,38,e018,0.4792
3,38,e019,0.4574
3,38,e020,0.5023
3,38,e021,0.4513
3,38,e022,0.4609
3,38,e023,0.42
3,38,e024,0.4549
3,39,e001,0.6096
3,39,e002,0.5974
3,39,e003,0.5852
3,39,e004,0.6271
3,39,e005,0.5805
3,39,e006,0.5631
3,39,e007,0.4679
3,39,e008,0.5201
3,39,e009,0.5002
3,39,e010,0.5198
3,39,e011,0.471
3,39,e012,0.43
3,39,e013,0.4463
3,39,e014,0.47
3,39,e015,0.4706
3,39,e016,0.5217
3,39,e017,0.4046
3,39,e018,0.4489
3,39,e019,0.4523
3,39,e020,0.4268
3,39,e021,0.4911
3,39,e022,0.4374
3,39,e023,0.5103
3,39,e024,0.5038
3,40,e001,0.5831
3,40,e002,0.6712
3,40,e003,0.6534
3,40,e004,0.6326
3,40,e005,0.6091
3,40,e006,0.5921
3,40,e007,0.4961
3,40,e008,0.4684
3,40,e009,0.5085
3,40,e010,0.4707
3,40,e011,0.5213
3,40,e012,0.5388
3,40,e013,0.4631
3,40,e014,0.5469
3,40,e015,0.5127
3,40,e016,0.4674
3,40,e017,0.4716
3,40,e018,0.4748
3,40,e019,0.4623
3,40,e020,0.4758
3,40,e021,0.5429
3,40,e022,0.5239
3,40,e023,0.53
3,40,e024,0.5221
3,41,e001,0.6122
3,41,e002,0.6253
3,41,e003,0.6212
3,41,e004,0.5825
3,41,e005,0.5659
3,41,e006,0.6693
3,41,e007,0.5048
3,41,e008,0.5134
3,41,e009,0.5007
3,41,e010,0.4605
3,41,e011,0.4414
3,41,e012,0.4623
3,41,e013,0.4193
3,41,e014,0.4977
3,41,e015,0.4398
3,41,e016,0.537
3,41,e017,0.4814
3,41,e018,0.4605
3,41,e019,0.457
3,41,e020,0.4626
3,41,e021,0.4551
3,41,e022,0.445
3,41,e023,0.5336
3,41,e024,0.5226
3,42,e001,0.615
3,42,e002,0.6575
3,42,e003,0.6094
3,42,e004,0.621
3,42,e005,0.6653
3,42,e006,0.6481
3,42,e007,0.5356
3,42,e008,0.5348
3,42,e009,0.5026
3,42,e010,0.4661
3,42,e011,0.4554
3,42,e012,0.4338
3,42,e013,0.504
3,42,e014,0.4467
3,42,e015,0.4291
3,42,e016,0.4813
3,42,e017,0.4999
3,42,e018,0.4876
3,42,e019,0.4663
3,42,e020,0.4972
3,42,e021,0.4433
3,42,e022,0.4591
3,42,e023,0.5221
3,42,e024,0.4786
3,43,e001,0.6199
3,43,e002,0.6207
3,43,e003,0.6509
3,43,e004,0.5627
3,43,e005,0.6403
3,43,e006,0.5982
3,43,e007,0.5381
3,43,e008,0.5467
3,43,e009,0.4741
3,43,e010,0.529
3,43,e011,0.5131
3,43,e012,0.543
3,43,e013,0.5297
3,43,e014,0.5115
3,43,e015,0.5238
3,43,e016,0.4746
3,43,e017,0.4641
3,43,e018,0.5019
3,43,e019,0.4522
3,43,e020,0.4844
3,43,e021,0.4733
3,43,e022,0.5465
3,43,e023,0.5304
3,43,e024,0.4872
3,44,e001,0.6311
3,44,e002,0.6325
3,44,e003,0.5959
3,44,e004,0.5961
3,44,e005,0.6412
3,44,e006,0.6622
3,44,e007,0.553
3,44,e008,0.5309
3,44,e009,0.4718
3,44,e010,0.539
3,44,e011,0.4759
3,44,e012,0.4662
3,44,e013,0.4826
3,44,e014,0.5431
3,44,e015,0.5027
3,44,e016,0.4623
3,44,e017,0.4936
3,44,e018,0.4712
3,44,e019,0.5524
3,44,e020,0.5506
3,44,e021,0.4473
3,44,e022,0.4651
3,44,e023,0.5005
3,44,e024,0.5228
3,45,e001,0.6194
3,45,e002,0.588
3,45,e003,0.5719
3,45,e004,0.6142
3,45,e005,0.6164
3,45,e006,0.6464
3,45,e007,0.4599
3,45,e008,0.4238
3,45,e009,0.4082
3,45,e010,0.4127
3,45,e011,0.4602
3,45,e012,0.4791
3,45,e013,0.4553
3,45,e014,0.448
3,45,e015,0.4311
3,45,e016,0.482
3,45,e017,0.4281
3,45,e018,0.445
3,45,e019,0.4185
3,45,e020,0.5014
3,45,e021,0.5112
3,45,e022,0.4337
3,45,e023,0.4624
3,45,e024,0.4287
3,46,e001,0.5554
3,46,e002,0.6009
3,46,e003,0.6734
3,46,e004,0.6054
3,46,e005,0.6057
3,46,e006,0.6059
3,46,e007,0.4902
3,46,e008,0.4797
3,46,e009,0.4461
3,46,e010,0.4865
3,46,e011,0.4972
3,46,e012,0.4462
3,46,e013,0.4613
3,46,e014,0.4238
3,46,e015,0.4893
3,46,e016,0.492
3,46,e017,0.5261
3,46,e018,0.4232
3,46,e019,0.5132
3,46,e020,0.4172
3,46,e021,0.5227
3,46,e022,0.4657
3,46,e023,0.5307
3,46,e024,0.4995
3,47,e001,0.6134
3,47,e002,0.6219
3,47,e003,0.5957
3,47,e004,0.5946
3,47,e005,0.5766
3,47,e006,0.5917
3,47,e007,0.5483
3,47,e008,0.4561
3,47,e009,0.5306
3,47,e010,0.4779
3,47,e011,0.5013
3,47,e012,0.4391
3,47,e013,0.5267
3,47,e014,0.5451
3,47,e015,0.5169
3,47,e016,0.4954
3,47,e017,0.5209
3,47,e018,0.4558
3,47,e019,0.4709
3,47,e020,0.5322
3,47,e021,0.5155
3,47,e022,0.4481
3,47,e023,0.4632
3,47,e024,0.4787
3,48,e001,0.6383
3,48,e002,0.5958
3,48,e003,0.5621
3,48,e004,0.6218
3,48,e005,0.5677
3,48,e006,0.5926
3,48,e007,0.4704
3,48,e008,0.4399
3,48,e009,0.4633
3,48,e010,0.3884
3,48,e011,0.4555
3,48,e012,0.4736
3,48,e013,0.512
3,48,e014,0.5146
3,48,e015,0.4607
3,48,e016,0.4329
3,48,e017,0.4868
3,48,e018,0.4625
3,48,e019,0.4695
3,48,e020,0.3859
3,48,e021,0.456
3,48,e022,0.5085
3,48,e023,0.4563
3,48,e024,0.4559
3,49,e001,0.5967
3,49,e002,0.6596
3,49,e003,0.6364
3,49,e004,0.6198
3,49,e005,0.5823
3,49,e006,0.6397
3,49,e007,0.5137
3,49,e008,0.5135
3,49,e009,0.4849
3,49,e010,0.4966
3,49,e011,0.5068
3,49,e012,0.4485
3,49,e013,0.48
3,49,e014,0.4345
3,49,e015,0.4924
3,49,e016,0.4758
3,49,e017,0.4498
3,49,e018,0.4769
3,49,e019,0.4651
3,49,e020,0.4673
3,49,e021,0.4856
3,49,e022,0.4352
3,49,e023,0.4626
3,49,e024,0.5035
3,50,e001,0.5764
3,50,e002,0.5965
3,50,e003,0.5655
3,50,e004,0.5422
3,50,e005,0.658
3,50,e006,0.6407
3,50,e007,0.5101
3,50,e008,0.4838
3,50,e009,0.5319
3,50,e010,0.4574
3,50,e011,0.4664
3,50,e012,0.5216
3,50,e013,0.4387
3,50,e014,0.4219
3,50,e015,0.5107
3,50,e016,0.5199
3,50,e017,0.5249
3,50,e018,0.4919
3,50,e019,0.4762
3,50,e020,0.4323
3,50,e021,0.4662
3,50,e022,0.5137
3,50,e023,0.4344
3,50,e024,0.5052
3,51,e001,0.6205
3,51,e002,0.5972
3,51,e003,0.6287
3,51,e004,0.5675
3,51,e005,0.6573
3,51,e006,0.6017
3,51,e007,0.4639
3,51,e008,0.514
3,51,e009,0.495
3,51,e010,0.4987
3,51,e011,0.5176
3,51,e012,0.5349
3,51,e013,0.5121
3,51,e014,0.4828
3,51,e015,0.4561
3,51,e016,0.5258
3,51,e017,0.4742
3,51,e018,0.5229
3,51,e019,0.527
3,51,e020,0.5451
3,51,e021,0.4662
3,51,e022,0.4592
3,51,e023,0.5169
3,51,e024,0.4957
3,52,e001,0.6558
3,52,e002,0.6555
3,52,e003,0.6669
3,52,e004,0.6662
3,52,e005,0.5836
3,52,e006,0.6346
3,52,e007,0.5092
3,52,e008,0.4592
3,52,e009,0.4879
3,52,e010,0.5389
3,52,e011,0.5271
3,52,e012,0.4706
3,52,e013,0.5545
3,52,e014,0.5468
3,52,e015,0.5035
3,52,e016,0.5125
3,52,e017,0.5237
3,52,e018,0.5212
3,52,e019,0.5056
3,52,e020,0.4634
3,52,e021,0.4725
3,52,e022,0.5061
3,52,e023,0.439
3,52,e024,0.5131
3,53,e001,0.5527
3,53,e002,0.554
3,53,e003,0.5884
3,53,e004,0.6254
3,53,e005,0.5817
3,53,e006,0.5839
3,53,e007,0.431
3,53,e008,0.5069
3,53,e009,0.4771
3,53,e010,0.4858
3,53,e011,0.4275
3,53,e012,0.4348
3,53,e013,0.4981
3,53,e014,0.4674
3,53,e015,0.4673
3,53,e016,0.4333
3,53,e017,0.4805
3,53,e018,0.4252
3,53,e019,0.423
3,53,e020,0.4275
3,53,e021,0.4235
3,53,e022,0.4806
3,53,e023,0.48
3,53,e024,0.4377
3,54,e001,0.596
3,54,e002,0.6196
3,54,e003,0.5891
3,54,e004,0.6315
3,54,e005,0.6059
3,54,e006,0.6192
3,54,e007,0.4756
3,54,e008,0.5058
3,54,e009,0.4934
3,54,e010,0.5311
3,54,e011,0.4819
3,54,e012,0.4603
3,54,e013,0.4777
3,54,e014,0.5313
3,54,e015,0.4621
3,54,e016,0.4725
3,54,e017,0.526
3,54,e018,0.5408
3,54,e019,0.507
3,54,e020,0.5258
3,54,e021,0.4668
3,54,e022,0.4734
3,54,e023,0.4478
3,54,e024,0.4869
3,55,e001,0.5929
3,55,e002,0.5446
3,55,e003,0.59
3,55,e004,0.648
3,55,e005,0.5801
3,55,e006,0.5338
3,55,e007,0.468
3,55,e008,0.5182
3,55,e009,0.4412
3,55,e010,0.5121
3,55,e011,0.4335
3,55,e012,0.475
3,55,e013,0.4606
3,55,e014,0.4273
3,55,e015,0.4507
3,55,e016,0.428
3,55,e017,0.4507
3,55,e018,0.5251
3,55,e019,0.4717
3,55,e020,0.4747
3,55,e021,0.4638
3,55,e022,0.4599
3,55,e023,0.4412
3,55,e024,0.4725
3,56,e001,0.6649
3,56,e002,0.6647
3,56,e003,0.5977
3,56,e004,0.6545
3,56,e005,0.6116
3,56,e006,0.6412
3,56,e007,0.4343
3,56,e008,0.4929
3,56,e009,0.4789
3,56,e010,0.4484
3,56,e011,0.4352
3,56,e012,0.4673
3,56,e013,0.5232
3,56,e014,0.4459
3,56,e015,0.5157
3,56,e016,0.5064
3,56,e017,0.4746
3,56,e018,0.4823
3,56,e019,0.491
3,56,e020,0.5107
3,56,e021,0.4936
3,56,e022,0.4992
3,56,e023,0.4586
3,56,e024,0.4741
3,57,e001,0.6172
3,57,e002,0.5308
3,57,e003,0.5952
3,57,e004,0.6267
3,57,e005,0.5375
3,57,e006,0.6071
3,57,e007,0.436
3,57,e008,0.4709
3,57,e009,0.4082
3,57,e010,0.4909
3,57,e011,0.4684
3,57,e012,0.4034
3,57,e013,0.4799
3,57,e014,0.48
3,57,e015,0.4775
3,57,e016,0.4499
3,57,e017,0.4278
3,57,e018,0.5076
3,57,e019,0.4052
3,57,e020,0.3941
3,57,e021,0.4566
3,57,e022,0.403
3,57,e023,0.4889
3,57,e024,0.4872
3,58,e001,0.5916
3,58,e002,0.6218
3,58,e003,0.535
3,58,e004,0.6457
3,58,e005,0.5292
3,58,e006,0.5481
3,58,e007,0.4119
3,58,e008,0.4288
3,58,e009,0.4856
3,58,e010,0.3962
3,58,e011,0.3848
3,58,e012,0.4006
3,58,e013,0.4972
3,58,e014,0.4102
3,58,e015,0.4428
3,58,e016,0.4433
3,58,e017,0.4586
3,58,e018,0.4508
3,58,e019,0.3956
3,58,e020,0.4745
3,58,e021,0.4834
3,58,e022,0.5103
3,58,e023,0.4377
3,58,e024,0.4493
3,59,e001,0.6101
3,59,e002,0.5482
3,59,e003,0.5728
3,59,e004,0.6177
3,59,e005,0.6386
3,59,e006,0.5558
3,59,e007,0.4987
3,59,e008,0.485
3,59,e009,0.5147
3,59,e010,0.4871
3,59,e011,0.4908
3,59,e012,0.5112
3,59,e013,0.485
3,59,e014,0.4795
3,59,e015,0.4412
3,59,e016,0.4917
3,59,e017,0.4387
3,59,e018,0.4946
3,59,e019,0.4828
3,59,e020,0.4162
3,59,e021,0.4874
3,59,e022,0.4253
3,59,e023,0.4129
3,59,e024,0.4727
3,60,e001,0.6714
3,60,e002,0.5999
3,60,e003,0.6062
3,60,e004,0.589
3,60,e005,0.6403
3,60,e006,0.5955
3,60,e007,0.4884
3,60,e008,0.4249
3,60,e009,0.4619
3,60,e010,0.4022
3,60,e011,0.4638
3,60,e012,0.5223
3,60,e013,0.4591
3,60,e014,0.4344
3,60,e015,0.4869
3,60,e016,0.4302
3,60,e017,0.426
3,60,e018,0.4844
3,60,e019,0.5335
3,60,e020,0.4925
3,60,e021,0.4542
3,60,e022,0.4792
3,60,e023,0.4896
3,60,e024,0.5275
3,61,e001,0.6145
3,61,e002,0.624
3,61,e003,0.5963
3,61,e004,0.5692
3,61,e005,0.5674
3,61,e006,0.6423
3,61,e007,0.4326
3,61,e008,0.4892
3,61,e009,0.4221
3,61,e010,0.5148
3,61,e011,0.5153
3,61,e012,0.5259
3,61,e013,0.4316
3,61,e014,0.5112
3,61,e015,0.4823
3,61,e016,0.4748
3,61,e017,0.4383
3,61,e018,0.5153
3,61,e019,0.4743
3,61,e020,0.4871
3,61,e021,0.4233
3,61,e022,0.4578
3,61,e023,0.5011
3,61,e024,0.4338
3,62,e001,0.564
3,62,e002,0.5515
3,62,e003,0.512
3,62,e004,0.5651
3,62,e005,0.5663
3,62,e006,0.5716
3,62,e007,0.4117
3,62,e008,0.4634
3,62,e009,0.4457
3,62,e010,0.4038
3,62,e011,0.441
3,62,e012,0.4144
3,62,e013,0.4062
3,62,e014,0.4084
3,62,e015,0.4734
3,62,e016,0.3796
3,62,e017,0.4697
3,62,e018,0.4578
3,62,e019,0.4963
3,62,e020,0.4806
3,62,e021,0.4699
3,62,e022,0.4341
3,62,e023,0.4617
3,62,e024,0.4695
3,63,e001,0.5741
3,63,e002,0.5765
3,63,e003,0.4938
3,63,e004,0.556
3,63,e005,0.5134
3,63,e006,0.5717
3,63,e007,0.4141
3,63,e008,0.4282
3,63,e009,0.4343
3,63,e010,0.4661
3,63,e011,0.4252
3,63,e012,0.408
3,63,e013,0.4283
3,63,e014,0.403
3,63,e015,0.4297
3,63,e016,0.4785
3,63,e017,0.4494
3,63,e018,0.4943
3,63,e019,0.4159
3,63,e020,0.4877
3,63,e021,0.3811
3,63,e022,0.4621
3,63,e023,0.4625
3,63,e024,0.4138
3,64,e001,0.6374
3,64,e002,0.5972
3,64,e003,0.5897
3,64,e004,0.636
3,64,e005,0.5693
3,64,e006,0.5821
3,64,e007,0.4424
3,64,e008,0.4924
3,64,e009,0.4424
3,64,e010,0.4532
3,64,e011,0.4105
3,64,e012,0.4844
3,64,e013,0.4592
3,64,e014,0.5116
3,64,e015,0.4871
3,64,e016,0.4872
3,64,e017,0.4542
3,64,e018,0.4406
3,64,e019,0.4208
3,64,e020,0.4439
3,64,e021,0.5205
3,64,e022,0.4174
3,64,e023,0.4482
3,64,e024,0.5281
3,65,e001,0.5959
3,65,e002,0.5904
3,65,e003,0.6049
3,65,e004,0.5423
3,65,e005,0.5494
3,65,e006,0.5732
3,65,e007,0.4634
3,65,e008,0.5002
3,65,e009,0.4832
3,65,e010,0.5029
3,65,e011,0.4303
3,65,e012,0.4728
3,65,e013,0.4566
3,65,e014,0.4887
3,65,e015,0.4181
3,65,e016,0.4594
3,65,e017,0.4889
3,65,e018,0.476
3,65,e019,0.4782
3,65,e020,0.4444
3,65,e021,0.4693
3,65,e022,0.4601
3,65,e023,0.4406
3,65,e024,0.4603
3,66,e001,0.5642
3,66,e002,0.5485
3,66,e003,0.5324
3,66,e004,0.6166
3,66,e005,0.5417
3,66,e006,0.5703
3,66,e007,0.3918
3,66,e008,0.4977
3,66,e009,0.4622
3,66,e010,0.3769
3,66,e011,0.4055
3,66,e012,0.4515
3,66,e013,0.4719
3,66,e014,0.4202
3,66,e015,0.4173
3,66,e016,0.4167
3,66,e017,0.4773
3,66,e018,0.4336
3,66,e019,0.4353
3,66,e020,0.4928
3,66,e021,0.4358
3,66,e022,0.4379
3,66,e023,0.4131
3,66,e024,0.4716
3,67,e001,0.575
3,67,e002,0.5805
3,67,e003,0.5454
3,67,e004,0.5303
3,67,e005,0.5512
3,67,e006,0.5883
3,67,e007,0.413
3,67,e008,0.4636
3,67,e009,0.4087
3,67,e010,0.4612
3,67,e011,0.3966
3,67,e012,0.4272
3,67,e013,0.4046
3,67,e014,0.4084
3,67,e015,0.457
3,67,e016,0.3682
3,67,e017,0.4085
3,67,e018,0.3772
3,67,e019,0.4546
3,67,e020,0.4307
3,67,e021,0.4218
3,67,e022,0.4573
3,67,e023,0.406
3,67,e024,0.4003
3,68,e001,0.5272
3,68,e002,0.5786
3,68,e003,0.5789
3,68,e004,0.5669
3,68,e005,0.5435
3,68,e006,0.5263
3,68,e007,0.4098
3,68,e008,0.4518
3,68,e009,0.4063
3,68,e010,0.4905
3,68,e011,0.4546
3,68,e012,0.4359
3,68,e013,0.4288
3,68,e014,0.4464
3,68,e015,0.4339
3,68,e016,0.4757
3,68,e017,0.4097
3,68,e018,0.3728
3,68,e019,0.4593
3,68,e020,0.3972
3,68,e021,0.4423
3,68,e022,0.4577
3,68,e023,0.507
3,68,e024,0.4382
3,69,e001,0.6625
3,69,e002,0.6448
3,69,e003,0.5929
3,69,e004,0.5761
3,69,e005,0.6396
3,69,e006,0.5492
3,69,e007,0.5043
3,69,e008,0.4367
3,69,e009,0.4556
3,69,e010,0.4505
3,69,e011,0.4406
3,69,e012,0.4779
3,69,e013,0.4706
3,69,e014,0.4377
3,69,e015,0.4389
3,69,e016,0.4312
3,69,e017,0.4519
3,69,e018,0.4268
3,69,e019,0.4918
3,69,e020,0.4437
3,69,e021,0.4317
3,69,e022,0.4476
3,69,e023,0.4825
3,69,e024,0.4889
3,70,e001,0.5308
3,70,e002,0.6043
3,70,e003,0.5642
3,70,e004,0.5653
3,70,e005,0.4937
3,70,e006,0.555
3,70,e007,0.466
3,70,e008,0.4409
3,70,e009,0.401
3,70,e010,0.444
3,70,e011,0.479
3,70,e012,0.3859
3,70,e013,0.4001
3,70,e014,0.4791
3,70,e015,0.4576
3,70,e016,0.3563
3,70,e017,0.4464
3,70,e018,0.4619
3,70,e019,0.4308
3,70,e020,0.4438
3,70,e021,0.4481
3,70,e022,0.4081
3,70,e023,0.3961
3,70,e024,0.391
3,71,e001,0.5316
3,71,e002,0.5748
3,71,e003,0.5488
3,71,e004,0.5609
3,71,e005,0.6023
3,71,e006,0.6147
3,71,e007,0.3929
3,71,e008,0.3596
3,71,e009,0.4321
3,71,e010,0.4618
3,71,e011,0.473
3,71,e012,0.434
3,71,e013,0.3954
3,71,e014,0.4234
3,71,e015,0.4251
3,71,e016,0.4236
3,71,e017,0.4796
3,71,e018,0.3695
3,71,e019,0.3864
3,71,e020,0.4322
3,71,e021,0.3924
3,71,e022,0.4417
3,71,e023,0.3706
3,71,e024,0.4779
3,72,e001,0.5436
3,72,e002,0.6259
3,72,e003,0.5796
3,72,e004,0.6362
3,72,e005,0.5571
3,72,e006,0.5938
3,72,e007,0.4322
3,72,e008,0.4461
3,72,e009,0.4453
3,72,e010,0.4822
3,72,e011,0.4655
3,72,e012,0.4624
3,72,e013,0.4269
3,72,e014,0.4503
3,72,e015,0.4391
3,72,e016,0.4699
3,72,e017,0.4222
3,72,e018,0.4088
3,72,e019,0.4314
3,72,e020,0.5136
3,72,e021,0.473
3,72,e022,0.4939
3,72,e023,0.4551
3,72,e024,0.4786
3,73,e001,0.6185
3,73,e002,0.509
3,73,e003,0.5129
3,73,e004,0.5399
3,73,e005,0.5948
3,73,e006,0.5413
3,73,e007,0.4638
3,73,e008,0.4602
3,73,e009,0.4433
3,73,e010,0.4563
3,73,e011,0.4586
3,73,e012,0.4298
3,73,e013,0.4781
3,73,e014,0.4304
3,73,e015,0.4492
3,73,e016,0.4551
3,73,e017,0.502
3,73,e018,0.4016
3,73,e019,0.4533
3,73,e020,0.5271
3,73,e021,0.4303
3,73,e022,0.3967
3,73,e023,0.4816
3,73,e024,0.4544
3,74,e001,0.6117
3,74,e002,0.5713
3,74,e003,0.62
3,74,e004,0.5436
3,74,e005,0.6132
3,74,e006,0.5527
3,74,e007,0.4112
3,74,e008,0.4778
3,74,e009,0.411
3,74,e010,0.4021
3,74,e011,0.4461
3,74,e012,0.4425
3,74,e013,0.4604
3,74,e014,0.4675
3,74,e015,0.4785
3,74,e016,0.4392
3,74,e017,0.4935
3,74,e018,0.4549
3,74,e019,0.4384
3,74,e020,0.4517
3,74,e021,0.4091
3,74,e022,0.3831
3,74,e023,0.4207
3,74,e024,0.5008
3,75,e001,0.5315
3,75,e002,0.5902
3,75,e003,0.506
3,75,e004,0.5929
3,75,e005,0.5781
3,75,e006,0.5495
3,75,e007,0.4437
3,75,e008,0.4246
3,75,e009,0.4602
3,75,e010,0.4593
3,75,e011,0.5028
3,75,e012,0.4702
3,75,e013,0.4335
3,75,e014,0.4299
3,75,e015,0.3821
3,75,e016,0.4595
3,75,e017,0.4431
3,75,e018,0.4287
3,75,e019,0.4121
3,75,e020,0.4331
3,75,e021,0.4061
3,75,e022,0.4606
3,75,e023,0.4552
3,75,e024,0.4388
3,76,e001,0.5429
3,76,e002,0.5553
3,76,e003,0.4915
3,76,e004,0.5643
3,76,e005,0.5566
3,76,e006,0.5546
3,76,e007,0.4187
3,76,e008,0.4767
3,76,e009,0.3723
3,76,e010,0.3804
3,76,e011,0.3716
3,76,e012,0.4342
3,76,e013,0.4624
3,76,e014,0.4597
3,76,e015,0.4292
3,76,e016,0.3925
3,76,e017,0.443
3,76,e018,0.4245
3,76,e019,0.4541
3,76,e020,0.4421
3,76,e021,0.455
3,76,e022,0.4399
3,76,e023,0.3726
3,76,e024,0.3992
3,77,e001,0.5642
3,77,e002,0.6221
3,77,e003,0.5888
3,77,e004,0.6177
3,77,e005,0.6185
3,77,e006,0.5797
3,77,e007,0.4499
3,77,e008,0.4525
3,77,e009,0.4851
3,77,e010,0.4332
3,77,e011,0.4213
3,77,e012,0.5295
3,77,e013,0.4378
3,77,e014,0.4399
3,77,e015,0.432
3,77,e016,0.5128
3,77,e017,0.4264
3,77,e018,0.4261
3,77,e019,0.4122
3,77,e020,0.5032
3,77,e021,0.4257
3,77,e022,0.5041
3,77,e023,0.4533
3,77,e024,0.5026
3,78,e001,0.5569
3,78,e002,0.5827
3,78,e003,0.6016
3,78,e004,0.5709
3,78,e005,0.5518
3,78,e006,0.5198
3,78,e007,0.4376
3,78,e008,0.4275
3,78,e009,0.4878
3,78,e010,0.4691
3,78,e011,0.5004
3,78,e012,0.4304
3,78,e013,0.4667
3,78,e014,0.48
3,78,e015,0.4484
3,78,e016,0.4126
3,78,e017,0.4068
3,78,e018,0.5044
3,78,e019,0.4651
3,78,e020,0.4523
3,78,e021,0.4648
3,78,e022,0.4446
3,78,e023,0.4975
3,78,e024,0.4622
3,79,e001,0.583
3,79,e002,0.5984
3,79,e003,0.6169
3,79,e004,0.6302
3,79,e005,0.5383
3,79,e006,0.6244
3,79,e007,0.4895
3,79,e008,0.5192
3,79,e009,0.4893
3,79,e010,0.515
3,79,e011,0.4188
3,79,e012,0.5171
3,79,e013,0.4486
3,79,e014,0.4269
3,79,e015,0.4966
3,79,e016,0.5238
3,79,e017,0.4436
3,79,e018,0.4373
3,79,e019,0.4758
3,79,e020,0.4806
3,79,e021,0.5232
3,79,e022,0.4954
3,79,e023,0.4622
3,79,e024,0.4571
3,80,e001,0.5722
3,80,e002,0.6335
3,80,e003,0.6114
3,80,e004,0.6204
3,80,e005,0.5789
3,80,e006,0.5445
3,80,e007,0.5152
3,80,e008,0.4958
3,80,e009,0.4502
3,80,e010,0.4075
3,80,e011,0.4293
3,80,e012,0.4614
3,80,e013,0.4345
3,80,e014,0.4738
3,80,e015,0.3937
3,80,e016,0.5278
3,80,e017,0.4358
3,80,e018,0.4506
3,80,e019,0.421
3,80,e020,0.4805
3,80,e021,0.5028
3,80,e022,0.4757
3,80,e023,0.4746
3,80,e024,0.4426
3,81,e001,0.5239
3,81,e002,0.5055
3,81,e003,0.5548
3,81,e004,0.5185
3,81,e005,0.4799
3,81,e006,0.4967
3,81,e007,0.36
3,81,e008,0.3595
3,81,e009,0.3794
3,81,e010,0.3934
3,81,e011,0.4055
3,81,e012,0.3988
3,81,e013,0.3781
3,81,e014,0.3513
3,81,e015,0.418
3,81,e016,0.4141
3,81,e017,0.4203
3,81,e018,0.3956
3,81,e019,0.4415
3,81,e020,0.3946
3,81,e021,0.3735
3,81,e022,0.3262
3,81,e023,0.3664
3,81,e024,0.4238
3,82,e001,0.5595
3,82,e002,0.554
3,82,e003,0.5113
3,82,e004,0.5217
3,82,e005,0.5245
3,82,e006,0.5461
3,82,e007,0.4091
3,82,e008,0.4475
3,82,e009,0.4455
3,82,e010,0.3688
3,82,e011,0.4199
3,82,e012,0.4697
3,82,e013,0.4433
3,82,e014,0.454
3,82,e015,0.4352
3,82,e016,0.3706
3,82,e017,0.3917
3,82,e018,0.4645
3,82,e019,0.4527
3,82,e020,0.3528
3,82,e021,0.3727
3,82,e022,0.366
3,82,e023,0.4547
3,82,e024,0.4296
3,83,e001,0.5728
3,83,e002,0.5107
3,83,e003,0.5304
3,83,e004,0.5772
3,83,e005,0.5933
3,83,e006,0.6128
3,83,e007,0.403
3,83,e008,0.4563
3,83,e009,0.4549
3,83,e010,0.4107
3,83,e011,0.3821
3,83,e012,0.4188
3,83,e013,0.4078
3,83,e014,0.4162
3,83,e015,0.3979
3,83,e016,0.4111
3,83,e017,0.4531
3,83,e018,0.4156
3,83,e019,0.4002
3,83,e020,0.4953
3,83,e021,0.4641
3,83,e022,0.4236
3,83,e023,0.4477
3,83,e024,0.391
3,84,e001,0.4699
3,84,e002,0.483
3,84,e003,0.4693
3,84,e004,0.5088
3,84,e005,0.434
3,84,e006,0.44
3,84,e007,0.4071
3,84,e008,0.387
3,84,e009,0.3558
3,84,e010,0.3085
3,84,e011,0.3909
3,84,e012,0.3662
3,84,e013,0.32
3,84,e014,0.3751
3,84,e015,0.3009
3,84,e016,0.3562
3,84,e017,0.312
3,84,e018,0.3199
3,84,e019,0.3693
3,84,e020,0.4143
3,84,e021,0.3999
3,84,e022,0.3293
3,84,e023,0.3778
3,84,e024,0.3774
3,85,e001,0.4666
3,85,e002,0.5231
3,85,e003,0.5614
3,85,e004,0.4988
3,85,e005,0.5346
3,85,e006,0.5883
3,85,e007,0.4142
3,85,e008,0.3505
3,85,e009,0.3914
3,85,e010,0.3561
3,85,e011,0.3581
3,85,e012,0.363
3,85,e013,0.3903
3,85,e014,0.4078
3,85,e015,0.4393
3,85,e016,0.4352
3,85,e017,0.4354
3,85,e018,0.401
3,85,e019,0.3594
3,85,e020,0.3672
3,85,e021,0.4623
3,85,e022,0.3662
3,85,e023,0.373
3,85,e024,0.3911
3,86,e001,0.5288
3,86,e002,0.491
3,86,e003,0.5443
3,86,e004,0.5209
3,86,e005,0.4733
3,86,e006,0.5575
3,86,e007,0.3733
3,86,e008,0.3558
3,86,e009,0.3722
3,86,e010,0.4362
3,86,e011,0.379
3,86,e012,0.4026
3,86,e013,0.4404
3,86,e014,0.3612
3,86,e015,0.4533
3,86,e016,0.4085
3,86,e017,0.4019
3,86,e018,0.4255
3,86,e019,0.3649
3,86,e020,0.4549
3,86,e021,0.4283
3,86,e022,0.3705
3,86,e023,0.4122
3,86,e024,0.4329
3,87,e001,0.509
3,87,e002,0.5266
3,87,e003,0.5033
3,87,e004,0.5529
3,87,e005,0.5606
3,87,e006,0.5623
3,87,e007,0.4316
3,87,e008,0.4061
3,87,e009,0.4645
3,87,e010,0.4147
3,87,e011,0.3909
3,87,e012,0.3651
3,87,e013,0.3517
3,87,e014,0.3416
3,87,e015,0.352
3,87,e016,0.4492
3,87,e017,0.4044
3,87,e018,0.4102
3,87,e019,0.3876
3,87,e020,0.3793
3,87,e021,0.3853
3,87,e022,0.4451
3,87,e023,0.4587
3,87,e024,0.4643
3,88,e001,0.5295
3,88,e002,0.5706
3,88,e003,0.5689
3,88,e004,0.5084
3,88,e005,0.5016
3,88,e006,0.5439
3,88,e007,0.4475
3,88,e008,0.4489
3,88,e009,0.3762
3,88,e010,0.4822
3,88,e011,0.4459
3,88,e012,0.4064
3,88,e013,0.4329
3,88,e014,0.4587
3,88,e015,0.4026
3,88,e016,0.462
3,88,e017,0.4333
3,88,e018,0.3807
3,88,e019,0.4361
3,88,e020,0.3539
3,88,e021,0.4717
3,88,e022,0.3979
3,88,e023,0.4657
3,88,e024,0.4733
3,89,e001,0.4689
3,89,e002,0.5597
3,89,e003,0.5976
3,89,e004,0.5133
3,89,e005,0.477
3,89,e006,0.573
3,89,e007,0.4275
3,89,e008,0.3927
3,89,e009,0.423
3,89,e010,0.3891
3,89,e011,0.4156
3,89,e012,0.4119
3,89,e013,0.3705
3,89,e014,0.3787
3,89,e015,0.3638
3,89,e016,0.3369
3,89,e017,0.3951
3,89,e018,0.4034
3,89,e019,0.3871
3,89,e020,0.3882
3,89,e021,0.4242
3,89,e022,0.4625
3,89,e023,0.384
3,89,e024,0.3871
3,90,e001,0.4098
3,90,e002,0.3681
3,90,e003,0.46
3,90,e004,0.4586
3,90,e005,0.3466
3,90,e006,0.4357
3,90,e007,0.4303
3,90,e008,0.4188
3,90,e009,0.4325
3,90,e010,0.4219
3,90,e011,0.3595
3,90,e012,0.4014
3,90,e013,0.4015
3,90,e014,0.462
3,90,e015,0.4369
3,90,e016,0.4371
3,90,e017,0.4151
3,90,e018,0.375
3,90,e019,0.3789
3,90,e020,0.425
3,90,e021,0.3384
3,90,e022,0.4952
3,90,e023,0.4266
3,90,e024,0.3908
3,91,e001,0.3973
3,91,e002,0.4213
3,91,e003,0.3974
3,91,e004,0.4038
3,91,e005,0.4253
3,91,e006,0.3641
3,91,e007,0.4602
3,91,e008,0.4652
3,91,e009,0.4206
3,91,e010,0.3806
3,91,e011,0.4577
3,91,e012,0.4047
3,91,e013,0.476
3,91,e014,0.4509
3,91,e015,0.4404
3,91,e016,0.4105
3,91,e017,0.41
3,91,e018,0.4312
3,91,e019,0.366
3,91,e020,0.4447
3,91,e021,0.4179
3,91,e022,0.3934
3,91,e023,0.4014
3,91,e024,0.4093
3,92,e001,0.3594
3,92,e002,0.4425
3,92,e003,0.4144
3,92,e004,0.3645
3,92,e005,0.3528
3,92,e006,0.3505
3,92,e007,0.3972
3,92,e008,0.3757
3,92,e009,0.4344
3,92,e010,0.3686
3,92,e011,0.3841
3,92,e012,0.3552
3,92,e013,0.3907
3,92,e014,0.4217
3,92,e015,0.3704
3,92,e016,0.429
3,92,e017,0.3531
3,92,e018,0.3945
3,92,e019,0.3377
3,92,e020,0.3912
3,92,e021,0.3622
3,92,e022,0.4599
3,92,e023,0.3699
3,92,e024,0.3414
3,93,e001,0.4099
3,93,e002,0.4045
3,93,e003,0.376
3,93,e004,0.3729
3,93,e005,0.3757
3,93,e006,0.4456
3,93,e007,0.396
3,93,e008,0.3987
3,93,e009,0.4079
3,93,e010,0.4211
3,93,e011,0.4283
3,93,e012,0.4552
3,93,e013,0.4328
3,93,e014,0.3846
3,93,e015,0.4275
3,93,e016,0.4422
3,93,e017,0.3941
3,93,e018,0.4201
3,93,e019,0.4349
3,93,e020,0.386
3,93,e021,0.4474
3,93,e022,0.3719
3,93,e023,0.3554
3,93,e024,0.4209
3,94,e001,0.4108
3,94,e002,0.3479
3,94,e003,0.4153
3,94,e004,0.3263
3,94,e005,0.4082
3,94,e006,0.3582
3,94,e007,0.4286
3,94,e008,0.4197
3,94,e009,0.3761
3,94,e010,0.373
3,94,e011,0.419
3,94,e012,0.42
3,94,e013,0.3204
3,94,e014,0.3531
3,94,e015,0.3941
3,94,e016,0.3552
3,94,e017,0.3956
3,94,e018,0.4087
3,94,e019,0.3562
3,94,e020,0.402
3,94,e021,0.3187
3,94,e022,0.333
3,94,e023,0.3271
3,94,e024,0.3661
3,95,e001,0.3584
3,95,e002,0.4284
3,95,e003,0.3667
3,95,e004,0.4315
3,95,e005,0.4272
3,95,e006,0.4094
3,95,e007,0.419
3,95,e008,0.3914
3,95,e009,0.4428
3,95,e010,0.3287
3,95,e011,0.4908
3,95,e012,0.3549
3,95,e013,0.3508
3,95,e014,0.427
3,95,e015,0.4241
3,95,e016,0.4401
3,95,e017,0.3723
3,95,e018,0.3538
3,95,e019,0.4253
3,95,e020,0.3234
3,95,e021,0.4007
3,95,e022,0.3423
3,95,e023,0.4038
3,95,e024,0.4406
3,96,e001,0.3153
3,96,e002,0.3649
3,96,e003,0.373
3,96,e004,0.3959
3,96,e005,0.4216
3,96,e006,0.3849
3,96,e007,0.3935
3,96,e008,0.3634
3,96,e009,0.3774
3,96,e010,0.3657
3,96,e011,0.2892
3,96,e012,0.3436
3,96,e013,0.2976
3,96,e014,0.3739
3,96,e015,0.303
3,96,e016,0.3372
3,96,e017,0.2907
3,96,e018,0.2895
3,96,e019,0.312
3,96,e020,0.3026
3,96,e021,0.3768
3,96,e022,0.3235
3,96,e023,0.3853
3,96,e024,0.372
3,97,e001,0.3696
3,97,e002,0.4166
3,97,e003,0.4034
3,97,e004,0.4125
3,97,e005,0.4075
3,97,e006,0.334
3,97,e007,0.3313
3,97,e008,0.3574
3,97,e009,0.3871
3,97,e010,0.3882
3,97,e011,0.3687
3,97,e012,0.3371
3,97,e013,0.3719
3,97,e014,0.3359
3,97,e015,0.3946
3,97,e016,0.4047
3,97,e017,0.3537
3,97,e018,0.3415
3,97,e019,0.3245
3,97,e020,0.3717
3,97,e021,0.3722
3,97,e022,0.3379
3,97,e023,0.353
3,97,e024,0.3452
3,98,e001,0.4257
3,98,e002,0.3856
3,98,e003,0.4071
3,98,e004,0.422
3,98,e005,0.4297
3,98,e006,0.3874
3,98,e007,0.3908
3,98,e008,0.3909
3,98,e009,0.3562
3,98,e010,0.3865
3,98,e011,0.389
3,98,e012,0.3286
3,98,e013,0.4115
3,98,e014,0.3922
3,98,e015,0.433
3,98,e016,0.4273
3,98,e017,0.3458
3,98,e018,0.3698
3,98,e019,0.3441
3,98,e020,0.4224
3,98,e021,0.3597
3,98,e022,0.3781
3,98,e023,0.3742
3,98,e024,0.343
3,99,e001,0.3125
3,99,e002,0.4039
3,99,e003,0.3869
3,99,e004,0.3636
3,99,e005,0.4139
3,99,e006,0.408
3,99,e007,0.413
3,99,e008,0.4109
3,99,e009,0.4312
3,99,e010,0.3847
3,99,e011,0.4024
3,99,e012,0.3923
3,99,e013,0.3821
3,99,e014,0.4664
3,99,e015,0.3813
3,99,e016,0.4101
3,99,e017,0.385
3,99,e018,0.4155
3,99,e019,0.3945
3,99,e020,0.3412
3,99,e021,0.4219
3,99,e022,0.409
3,99,e023,0.3929
3,99,e024,0.3662
3,100,e001,0.3845
3,100,e002,0.3673
3,100,e003,0.4163
3,100,e004,0.372
3,100,e005,0.4083
3,100,e006,0.3533
3,100,e007,0.3426
3,100,e008,0.4321
3,100,e009,0.4222
3,100,e010,0.3958
3,100,e011,0.3596
3,100,e012,0.4274
3,100,e013,0.347
3,100,e014,0.371
3,100,e015,0.407
3,100,e016,0.3872
3,100,e017,0.3844
3,100,e018,0.3755
3,100,e019,0.4301
3,100,e020,0.4037
3,100,e021,0.3934
3,100,e022,0.3826
3,100,e023,0.4343
3,100,e024,0.374
3,101,e001,0.3529
3,101,e002,0.3187
3,101,e003,0.3772
3,101,e004,0.3901
3,101,e005,0.3612
3,101,e006,0.3491
3,101,e007,0.39
3,101,e008,0.4036
3,101,e009,0.3572
3,101,e010,0.314
3,101,e011,0.4304
3,101,e012,0.3907
3,101,e013,0.4001
3,101,e014,0.4155
3,101,e015,0.3577
3,101,e016,0.3414
3,101,e017,0.3685
3,101,e018,0.3956
3,101,e019,0.3281
3,101,e020,0.3698
3,101,e021,0.3729
3,101,e022,0.3325
3,101,e023,0.3192
3,101,e024,0.4374
3,102,e001,0.3883
3,102,e002,0.3771
3,102,e003,0.3329
3,102,e004,0.3379
3,102,e005,0.3549
3,102,e006,0.3908
3,102,e007,0.2971
3,102,e008,0.3865
3,102,e009,0.3051
3,102,e010,0.3403
3,102,e011,0.3542
3,102,e012,0.4011
3,102,e013,0.3481
3,102,e014,0.3279
3,102,e015,0.3591
3,102,e016,0.3214
3,102,e017,0.3368
3,102,e018,0.4037
3,102,e019,0.3941
3,102,e020,0.3604
3,102,e021,0.3327
3,102,e022,0.3235
3,102,e023,0.363
3,102,e024,0.3597
3,103,e001,0.326
3,103,e002,0.3731
3,103,e003,0.4149
3,103,e004,0.3926
3,103,e005,0.4128
3,103,e006,0.3926
3,103,e007,0.3895
3,103,e008,0.3473
3,103,e009,0.4289
3,103,e010,0.3611
3,103,e011,0.3781
3,103,e012,0.3995
3,103,e013,0.4141
3,103,e014,0.3511
3,103,e015,0.3996
3,103,e016,0.4201
3,103,e017,0.4388
3,103,e018,0.4138
3,103,e019,0.4061
3,103,e020,0.3926
3,103,e021,0.407
3,103,e022,0.4057
3,103,e023,0.3525
3,103,e024,0.4255
3,104,e001,0.3813
3,104,e002,0.3507
3,104,e003,0.4211
3,104,e004,0.3342
3,104,e005,0.353
3,104,e006,0.361
3,104,e007,0.3503
3,104,e008,0.3376
3,104,e009,0.3646
3,104,e010,0.2971
3,104,e011,0.3861
3,104,e012,0.3039
3,104,e013,0.3428
3,104,e014,0.3716
3,104,e015,0.3999
3,104,e016,0.3113
3,104,e017,0.331
3,104,e018,0.3846
3,104,e019,0.378
3,104,e020,0.3366
3,104,e021,0.3433
3,104,e022,0.3348
3,104,e023,0.3344
3,104,e024,0.3343
3,105,e001,0.3945
3,105,e002,0.3806
3,105,e003,0.3077
3,105,e004,0.3259
3,105,e005,0.2972
3,105,e006,0.3665
3,105,e007,0.3915
3,105,e008,0.3623
3,105,e009,0.3456
3,105,e010,0.3456
3,105,e011,0.294
3,105,e012,0.3158
3,105,e013,0.2949
3,105,e014,0.2997
3,105,e015,0.3414
3,105,e016,0.3584
3,105,e017,0.2874
3,105,e018,0.3218
3,105,e019,0.3248
3,105,e020,0.354
3,105,e021,0.3822
3,105,e022,0.3689
3,105,e023,0.3652
3,105,e024,0.3335
3,106,e001,0.3055
3,106,e002,0.3554
3,106,e003,0.375
3,106,e004,0.3377
3,106,e005,0.4063
3,106,e006,0.3489
3,106,e007,0.3498
3,106,e008,0.3894
3,106,e009,0.4022
3,106,e010,0.3952
3,106,e011,0.3782
3,106,e012,0.3891
3,106,e013,0.3163
3,106,e014,0.4174
3,106,e015,0.3709
3,106,e016,0.3431
3,106,e017,0.3759
3,106,e018,0.3796
3,106,e019,0.3694
3,106,e020,0.3547
3,106,e021,0.3623
3,106,e022,0.4225
3,106,e023,0.4055
3,106,e024,0.3447
3,107,e001,0.3936
3,107,e002,0.357
3,107,e003,0.3217
3,107,e004,0.3028
3,107,e005,0.3101
3,107,e006,0.3342
3,107,e007,0.3595
3,107,e008,0.3497
3,107,e009,0.327
3,107,e010,0.3999
3,107,e011,0.3692
3,107,e012,0.3282
3,107,e013,0.3764
3,107,e014,0.3744
3,107,e015,0.3291
3,107,e016,0.3305
3,107,e017,0.3578
3,107,e018,0.3266
3,107,e019,0.3062
3,107,e020,0.3397
3,107,e021,0.314
3,107,e022,0.3913
3,107,e023,0.382
3,107,e024,0.3228
3,108,e001,0.3621
3,108,e002,0.3429
3,108,e003,0.2966
3,108,e004,0.349
3,108,e005,0.3191
3,108,e006,0.3636
3,108,e007,0.3259
3,108,e008,0.3838
3,108,e009,0.3275
3,108,e010,0.3072
3,108,e011,0.3467
3,108,e012,0.3275
3,108,e013,0.3547
3,108,e014,0.317
3,108,e015,0.3108
3,108,e016,0.3248
3,108,e017,0.3442
3,108,e018,0.2796
3,108,e019,0.3536
3,108,e020,0.326
3,108,e021,0.39
3,108,e022,0.3462
3,108,e023,0.3103
3,108,e024,0.308
3,109,e001,0.2991
3,109,e002,0.3299
3,109,e003,0.3174
3,109,e004,0.3306
3,109,e005,0.3202
3,109,e006,0.3222
3,109,e007,0.3259
3,109,e008,0.3703
3,109,e009,0.3053
3,109,e010,0.3163
3,109,e011,0.3529
3,109,e012,0.2986
3,109,e013,0.2931
3,109,e014,0.3451
3,109,e015,0.3362
3,109,e016,0.3318
3,109,e017,0.2869
3,109,e018,0.3615
3,109,e019,0.3101
3,109,e020,0.32
3,109,e021,0.3572
3,109,e022,0.3568
3,109,e023,0.3814
3,109,e024,0.3343
3,110,e001,0.3904
3,110,e002,0.3378
3,110,e003,0.3878
3,110,e004,0.3008
3,110,e005,0.3557
3,110,e006,0.3829
3,110,e007,0.4035
3,110,e008,0.3892
3,110,e009,0.3368
3,110,e010,0.3291
3,110,e011,0.3636
3,110,e012,0.3417
3,110,e013,0.3798
3,110,e014,0.3392
3,110,e015,0.3343
3,110,e016,0.3465
3,110,e017,0.3059
3,110,e018,0.32
3,110,e019,0.3934
3,110,e020,0.3666
3,110,e021,0.298
3,110,e022,0.3921
3,110,e023,0.3201
3,110,e024,0.379
3,111,e001,0.3387
3,111,e002,0.3401
3,111,e003,0.2918
3,111,e004,0.2871
3,111,e005,0.3484
3,111,e006,0.3001
3,111,e007,0.3097
3,111,e008,0.3372
3,111,e009,0.2896
3,111,e010,0.3323
3,111,e011,0.3515
3,111,e012,0.3209
3,111,e013,0.3671
3,111,e014,0.3868
3,111,e015,0.3253
3,111,e016,0.282
3,111,e017,0.2687
3,111,e018,0.3111
3,111,e019,0.3094
3,111,e020,0.3263
3,111,e021,0.2909
3,111,e022,0.2828
3,111,e023,0.3402
3,111,e024,0.2853
3,112,e001,0.3514
3,112,e002,0.3595
3,112,e003,0.3003
3,112,e004,0.2836
3,112,e005,0.2901
3,112,e006,0.348
3,112,e007,0.3968
3,112,e008,0.3711
3,112,e009,0.3881
3,112,e010,0.3372
3,112,e011,0.3163
3,112,e012,0.3763
3,112,e013,0.3263
3,112,e014,0.2964
3,112,e015,0.3804
3,112,e016,0.3927
3,112,e017,0.3964
3,112,e018,0.3385
3,112,e019,0.3191
3,112,e020,0.3699
3,112,e021,0.3785
3,112,e022,0.3495
3,112,e023,0.2898
3,112,e024,0.2859
3,113,e001,0.3615
3,113,e002,0.3343
3,113,e003,0.3761
3,113,e004,0.3795
3,113,e005,0.3732
3,113,e006,0.358
3,113,e007,0.392
3,113,e008,0.3506
3,113,e009,0.386
3,113,e010,0.309
3,113,e011,0.3757
3,113,e012,0.3471
3,113,e013,0.3868
3,113,e014,0.3956
3,113,e015,0.3453
3,113,e016,0.3823
3,113,e017,0.3221
3,113,e018,0.3115
3,113,e019,0.3749
3,113,e020,0.4001
3,113,e021,0.354
3,113,e022,0.3343
3,113,e023,0.398
3,113,e024,0.3389
3,114,e001,0.3386
3,114,e002,0.3842
3,114,e003,0.4112
3,114,e004,0.3817
3,114,e005,0.3358
3,114,e006,0.3091
3,114,e007,0.3818
3,114,e008,0.3049
3,114,e009,0.4224
3,114,e010,0.3399
3,114,e011,0.3228
3,114,e012,0.3958
3,114,e013,0.3469
3,114,e014,0.3649
3,114,e015,0.4016
3,114,e016,0.3317
3,114,e017,0.3836
3,114,e018,0.3164
3,114,e019,0.3389
3,114,e020,0.3497
3,114,e021,0.2976
3,114,e022,0.3258
3,114,e023,0.3477
3,114,e024,0.3307
3,115,e001,0.3587
3,115,e002,0.4095
3,115,e003,0.3047
3,115,e004,0.4026
3,115,e005,0.3458
3,115,e006,0.3746
3,115,e007,0.39
3,115,e008,0.3767
3,115,e009,0.3353
3,115,e010,0.3654
3,115,e011,0.3285
3,115,e012,0.3395
3,115,e013,0.3201
3,115,e014,0.4102
3,115,e015,0.3673
3,115,e016,0.3895
3,115,e017,0.3355
3,115,e018,0.3915
3,115,e019,0.3038
3,115,e020,0.4159
3,115,e021,0.4105
3,115,e022,0.3749
3,115,e023,0.4296
3,115,e024,0.3878
3,116,e001,0.3797
3,116,e002,0.2853
3,116,e003,0.3
3,116,e004,0.3316
3,116,e005,0.2919
3,116,e006,0.2975
3,116,e007,0.3479
3,116,e008,0.3419
3,116,e009,0.3595
3,116,e010,0.3641
3,116,e011,0.3451
3,116,e012,0.2888
3,116,e013,0.3051
3,116,e014,0.3324
3,116,e015,0.3087
3,116,e016,0.3341
3,116,e017,0.3194
3,116,e018,0.3688
3,116,e019,0.3714
3,116,e020,0.2793
3,116,e021,0.3235
3,116,e022,0.2957
3,116,e023,0.3458
3,116,e024,0.2731
3,117,e001,0.2872
3,117,e002,0.314
3,117,e003,0.3377
3,117,e004,0.2913
3,117,e005,0.3852
3,117,e006,0.2894
3,117,e007,0.3927
3,117,e008,0.3364
3,117,e009,0.3068
3,117,e010,0.3077
3,117,e011,0.2821
3,117,e012,0.3063
3,117,e013,0.3644
3,117,e014,0.3188
3,117,e015,0.276
3,117,e016,0.3767
3,117,e017,0.3434
3,117,e018,0.3877
3,117,e019,0.4021
3,117,e020,0.3665
3,117,e021,0.307
3,117,e022,0.3041
3,117,e023,0.2917
3,117,e024,0.3732
3,118,e001,0.3179
3,118,e002,0.2899
3,118,e003,0.2429
3,118,e004,0.3337
3,118,e005,0.2624
3,118,e006,0.3459
3,118,e007,0.2646
3,118,e008,0.2759
3,118,e009,0.2755
3,118,e010,0.2626
3,118,e011,0.2186
3,118,e012,0.3006
3,118,e013,0.3408
3,118,e014,0.3357
3,118,e015,0.2661
3,118,e016,0.2698
3,118,e017,0.3051
3,118,e018,0.3123
3,118,e019,0.3572
3,118,e020,0.2664
3,118,e021,0.2779
3,118,e022,0.3155
3,118,e023,0.2921
3,118,e024,0.2912
3,119,e001,0.3629
3,119,e002,0.353
3,119,e003,0.3953
3,119,e004,0.3897
3,119,e005,0.3748
3,119,e006,0.3005
3,119,e007,0.3987
3,119,e008,0.3928
3,119,e009,0.3277
3,119,e010,0.3346
3,119,e011,0.3326
3,119,e012,0.3325
3,119,e013,0.365
3,119,e014,0.3379
3,119,e015,0.3349
3,119,e016,0.375
3,119,e017,0.3476
3,119,e018,0.3833
3,119,e019,0.3111
3,119,e020,0.3627
3,119,e021,0.3196
3,119,e022,0.3945
3,119,e023,0.376
3,119,e024,0.3702
3,120,e001,0.3475
3,120,e002,0.3473
3,120,e003,0.3707
3,120,e004,0.3664
3,120,e005,0.3312
3,120,e006,0.4013
3,120,e007,0.3615
3,120,e008,0.2988
3,120,e009,0.3572
3,120,e010,0.3618
3,120,e011,0.3074
3,120,e012,0.3185
3,120,e013,0.3587
3,120,e014,0.3162
3,120,e015,0.3239
3,120,e016,0.2899
3,120,e017,0.3651
3,120,e018,0.3665
3,120,e019,0.3459
3,120,e020,0.3302
3,120,e021,0.3051
3,120,e022,0.3064
3,120,e023,0.3394
3,120,e024,0.3798
3,121,e001,0.3949
3,121,e002,0.4067
3,121,e003,0.3672
3,121,e004,0.3279
3,121,e005,0.3677
3,121,e006,0.3742
3,121,e007,0.3628
3,121,e008,0.4321
3,121,e009,0.422
3,121,e010,0.3622
3,121,e011,0.3654
3,121,e012,0.4177
3,121,e013,0.4018
3,121,e014,0.4358
3,121,e015,0.4171
3,121,e016,0.3566
3,121,e017,0.3612
3,121,e018,0.4304
3,121,e019,0.3936
3,121,e020,0.3227
3,121,e021,0.4012
3,121,e022,0.3875
3,121,e023,0.3174
3,121,e024,0.402
3,122,e001,0.3124
3,122,e002,0.3528
3,122,e003,0.301
3,122,e004,0.2975
3,122,e005,0.2759
3,122,e006,0.2972
3,122,e007,0.2584
3,122,e008,0.2986
3,122,e009,0.258
3,122,e010,0.2624
3,122,e011,0.356
3,122,e012,0.2228
3,122,e013,0.3056
3,122,e014,0.3158
3,122,e015,0.2529
3,122,e016,0.3144
3,122,e017,0.2514
3,122,e018,0.2689
3,122,e019,0.2685
3,122,e020,0.2588
3,122,e021,0.2687
3,122,e022,0.3195
3,122,e023,0.2314
3,122,e024,0.2654
3,123,e001,0.2822
3,123,e002,0.3516
3,123,e003,0.3309
3,123,e004,0.3824
3,123,e005,0.3309
3,123,e006,0.3041
3,123,e007,0.3255
3,123,e008,0.3195
3,123,e009,0.2924
3,123,e010,0.3488
3,123,e011,0.3033
3,123,e012,0.2828
3,123,e013,0.2748
3,123,e014,0.3271
3,123,e015,0.2655
3,123,e016,0.3334
3,123,e017,0.3201
3,123,e018,0.2883
3,123,e019,0.2756
3,123,e020,0.3083
3,123,e021,0.341
3,123,e022,0.3088
3,123,e023,0.2995
3,123,e024,0.3826
3,124,e001,0.3937
3,124,e002,0.3117
3,124,e003,0.3493
3,124,e004,0.3228
3,124,e005,0.3512
3,124,e006,0.3251
3,124,e007,0.2907
3,124,e008,0.3386
3,124,e009,0.3677
3,124,e010,0.335
3,124,e011,0.4054
3,124,e012,0.3209
3,124,e013,0.3418
3,124,e014,0.2821
3,124,e015,0.3139
3,124,e016,0.3116
3,124,e017,0.3636
3,124,e018,0.3547
3,124,e019,0.3743
3,124,e020,0.3363
3,124,e021,0.3836
3,124,e022,0.4182
3,124,e023,0.3269
3,124,e024,0.3521
3,125,e001,0.3068
3,125,e002,0.3422
3,125,e003,0.2621
3,125,e004,0.2836
3,125,e005,0.2501
3,125,e006,0.2821
3,125,e007,0.2817
3,125,e008,0.2678
3,125,e009,0.2851
3,125,e010,0.3109
3,125,e011,0.3476
3,125,e012,0.2499
3,125,e013,0.3283
3,125,e014,0.3268
3,125,e015,0.2797
3,125,e016,0.3478
3,125,e017,0.3138
3,125,e018,0.3352
3,125,e019,0.3397
3,125,e020,0.3169
3,125,e021,0.3191
3,125,e022,0.3164
3,125,e023,0.3037
3,125,e024,0.2866
3,126,e001,0.4022
3,126,e002,0.3277
3,126,e003,0.3335
3,126,e004,0.347
3,126,e005,0.3795
3,126,e006,0.3911
3,126,e007,0.3794
3,126,e008,0.3271
3,126,e009,0.3477
3,126,e010,0.3763
3,126,e011,0.3052
3,126,e012,0.3666
3,126,e013,0.3249
3,126,e014,0.3662
3,126,e015,0.3187
3,126,e016,0.3712
3,126,e017,0.3422
3,126,e018,0.3293
3,126,e019,0.3577
3,126,e020,0.3985
3,126,e021,0.4317
3,126,e022,0.3529
3,126,e023,0.3656
3,126,e024,0.315
3,127,e001,0.3528
3,127,e002,0.3414
3,127,e003,0.2985
3,127,e004,0.3359
3,127,e005,0.3741
3,127,e006,0.3139
3,127,e007,0.3405
3,127,e008,0.334
3,127,e009,0.3071
3,127,e010,0.3106
3,127,e011,0.2944
3,127,e012,0.2771
3,127,e013,0.3946
3,127,e014,0.2987
3,127,e015,0.2905
3,127,e016,0.3613
3,127,e017,0.335
3,127,e018,0.3138
3,127,e019,0.2845
3,127,e020,0.4004
3,127,e021,0.3153
3,127,e022,0.349
3,127,e023,0.2789
3,127,e024,0.3344
3,128,e001,0.3279
3,128,e002,0.2963
3,128,e003,0.3335
3,128,e004,0.3212
3,128,e005,0.252
3,128,e006,0.2716
3,128,e007,0.2471
3,128,e008,0.2479
3,128,e009,0.2721
3,128,e010,0.3372
3,128,e011,0.3106
3,128,e012,0.3375
3,128,e013,0.3103
3,128,e014,0.3135
3,128,e015,0.2763
3,128,e016,0.3299
3,128,e017,0.3078
3,128,e018,0.2541
3,128,e019,0.3478
3,128,e020,0.3484
3,128,e021,0.2362
3,128,e022,0.3151
3,128,e023,0.2505
3,128,e024,0.2834
3,129,e001,0.3371
3,129,e002,0.3133
3,129,e003,0.3072
3,129,e004,0.3081
3,129,e005,0.28
3,129,e006,0.2829
3,129,e007,0.3372
3,129,e008,0.2847
3,129,e009,0.2823
3,129,e010,0.3138
3,129,e011,0.3776
3,129,e012,0.3175
3,129,e013,0.3913
3,129,e014,0.3512
3,129,e015,0.3212
3,129,e016,0.3482
3,129,e017,0.2832
3,129,e018,0.2921
3,129,e019,0.3208
3,129,e020,0.3326
3,129,e021,0.359
3,129,e022,0.331
3,129,e023,0.3476
3,129,e024,0.2777
3,130,e001,0.2886
3,130,e002,0.2733
3,130,e003,0.2795
3,130,e004,0.2595
3,130,e005,0.3157
3,130,e006,0.2744
3,130,e007,0.2921
3,130,e008,0.2913
3,130,e009,0.3085
3,130,e010,0.2732
3,130,e011,0.2473
3,130,e012,0.3461
3,130,e013,0.3046
3,130,e014,0.3554
3,130,e015,0.3253
3,130,e016,0.3414
3,130,e017,0.2577
3,130,e018,0.274
3,130,e019,0.3249
3,130,e020,0.2635
3,130,e021,0.291
3,130,e022,0.3474
3,130,e023,0.3208
3,130,e024,0.3321
3,131,e001,0.3135
3,131,e002,0.252
3,131,e003,0.2878
3,131,e004,0.2732
3,131,e005,0.3124
3,131,e006,0.2788
3,131,e007,0.2882
3,131,e008,0.2677
3,131,e009,0.254
3,131,e010,0.2914
3,131,e011,0.2716
3,131,e012,0.2522
3,131,e013,0.3102
3,131,e014,0.3037
3,131,e015,0.2305
3,131,e016,0.2241
3,131,e017,0.2787
3,131,e018,0.2333
3,131,e019,0.3304
3,131,e020,0.2576
3,131,e021,0.2742
3,131,e022,0.2794
3,131,e023,0.3504
3,131,e024,0.2528
3,132,e001,0.3645
3,132,e002,0.3237
3,132,e003,0.323
3,132,e004,0.3169
3,132,e005,0.3322
3,132,e006,0.2903
3,132,e007,0.2978
3,132,e008,0.3277
3,132,e009,0.356
3,132,e010,0.2721
3,132,e011,0.3002
3,132,e012,0.38
3,132,e013,0.3569
3,132,e014,0.2467
3,132,e015,0.3622
3,132,e016,0.279
3,132,e017,0.3017
3,132,e018,0.3654
3,132,e019,0.3385
3,132,e020,0.2677
3,132,e021,0.3494
3,132,e022,0.3089
3,132,e023,0.3142
3,132,e024,0.3433
3,133,e001,0.3006
3,133,e002,0.2852
3,133,e003,0.3148
3,133,e004,0.3117
3,133,e005,0.3689
3,133,e006,0.2574
3,133,e007,0.3509
3,133,e008,0.3552
3,133,e009,0.354
3,133,e010,0.3982
3,133,e011,0.3681
3,133,e012,0.3857
3,133,e013,0.359
3,133,e014,0.3454
3,133,e015,0.3062
3,133,e016,0.2653
3,133,e017,0.3449
3,133,e018,0.3701
3,133,e019,0.3131
3,133,e020,0.3137
3,133,e021,0.2979
3,133,e022,0.2861
3,133,e023,0.3664
3,133,e024,0.2685
3,134,e001,0.3934
3,134,e002,0.3404
3,134,e003,0.3028
3,134,e004,0.3105
3,134,e005,0.2981
3,134,e006,0.3485
3,134,e007,0.3492
3,134,e008,0.3566
3,134,e009,0.3239
3,134,e010,0.3838
3,134,e011,0.2851
3,134,e012,0.3783
3,134,e013,0.3233
3,134,e014,0.3893
3,134,e015,0.3912
3,134,e016,0.3274
3,134,e017,0.4032
3,134,e018,0.3664
3,134,e019,0.3393
3,134,e020,0.332
3,134,e021,0.3391
3,134,e022,0.3146
3,134,e023,0.356
3,134,e024,0.2956
3,135,e001,0.358
3,135,e002,0.3367
3,135,e003,0.258
3,135,e004,0.3469
3,135,e005,0.3582
3,135,e006,0.2742
3,135,e007,0.3516
3,135,e008,0.3213
3,135,e009,0.3339
3,135,e010,0.3359
3,135,e011,0.3499
3,135,e012,0.2982
3,135,e013,0.3117
3,135,e014,0.3538
3,135,e015,0.3283
3,135,e016,0.2631
3,135,e017,0.2924
3,135,e018,0.3073
3,135,e019,0.3145
3,135,e020,0.2955
3,135,e021,0.3156
3,135,e022,0.2414
3,135,e023,0.2959
3,135,e024,0.2674
3,136,e001,0.2937
3,136,e002,0.2826
3,136,e003,0.2839
3,136,e004,0.2863
3,136,e005,0.376
3,136,e006,0.3499
3,136,e007,0.3016
3,136,e008,0.3427
3,136,e009,0.2921
3,136,e010,0.3029
3,136,e011,0.3001
3,136,e012,0.3668
3,136,e013,0.2784
3,136,e014,0.2955
3,136,e015,0.2807
3,136,e016,0.2759
3,136,e017,0.3767
3,136,e018,0.2914
3,136,e019,0.3562
3,136,e020,0.3485
3,136,e021,0.3211
3,136,e022,0.3434
3,136,e023,0.3185
3,136,e024,0.3528
3,137,e001,0.3519
3,137,e002,0.3056
3,137,e003,0.3069
3,137,e004,0.2857
3,137,e005,0.3148
3,137,e006,0.352
3,137,e007,0.3964
3,137,e008,0.3119
3,137,e009,0.2796
3,137,e010,0.341
3,137,e011,0.3687
3,137,e012,0.3029
3,137,e013,0.2432
3,137,e014,0.3044
3,137,e015,0.312
3,137,e016,0.3645
3,137,e017,0.3522
3,137,e018,0.308
3,137,e019,0.3534
3,137,e020,0.3268
3,137,e021,0.3256
3,137,e022,0.3387
3,137,e023,0.3329
3,137,e024,0.3205
3,138,e001,0.3193
3,138,e002,0.3353
3,138,e003,0.3385
3,138,e004,0.3395
3,138,e005,0.2837
3,138,e006,0.2865
3,138,e007,0.3306
3,138,e008,0.3312
3,138,e009,0.3322
3,138,e010,0.2555
3,138,e011,0.3696
3,138,e012,0.3788
3,138,e013,0.304
3,138,e014,0.2551
3,138,e015,0.2566
3,138,e016,0.2793
3,138,e017,0.3621
3,138,e018,0.3108
3,138,e019,0.2818
3,138,e020,0.3336
3,138,e021,0.3181
3,138,e022,0.3323
3,138,e023,0.2907
3,138,e024,0.3345
3,139,e001,0.3122
3,139,e002,0.3469
3,139,e003,0.3711
3,139,e004,0.3246
3,139,e005,0.3496
3,139,e006,0.3309
3,139,e007,0.3587
3,139,e008,0.3567
3,139,e009,0.3163
3,139,e010,0.28
3,139,e011,0.303
3,139,e012,0.3107
3,139,e013,0.3136
3,139,e014,0.2597
3,139,e015,0.3391
3,139,e016,0.3188
3,139,e017,0.3072
3,139,e018,0.3868
3,139,e019,0.2781
3,139,e020,0.3499
3,139,e021,0.3462
3,139,e022,0.3452
3,139,e023,0.3319
3,139,e024,0.3043
3,140,e001,0.2842
3,140,e002,0.3312
3,140,e003,0.3787
3,140,e004,0.3152
3,140,e005,0.2989
3,140,e006,0.3772
3,140,e007,0.3195
3,140,e008,0.2946
3,140,e009,0.3439
3,140,e010,0.2721
3,140,e011,0.3155
3,140,e012,0.3546
3,140,e013,0.3498
3,140,e014,0.289
3,140,e015,0.3626
3,140,e016,0.303
3,140,e017,0.3526
3,140,e018,0.3063
3,140,e019,0.3571
3,140,e020,0.3598
3,140,e021,0.3868
3,140,e022,0.3125
3,140,e023,0.3625
3,140,e024,0.3364
3,141,e001,0.3189
3,141,e002,0.2962
3,141,e003,0.2994
3,141,e004,0.3267
3,141,e005,0.3134
3,141,e006,0.3116
3,141,e007,0.3505
3,141,e008,0.2666
3,141,e009,0.2846
3,141,e010,0.3059
3,141,e011,0.2944
3,141,e012,0.3038
3,141,e013,0.3285
3,141,e014,0.2885
3,141,e015,0.2941
3,141,e016,0.2792
3,141,e017,0.2735
3,141,e018,0.2842
3,141,e019,0.2641
3,141,e020,0.3109
3,141,e021,0.2814
3,141,e022,0.235
3,141,e023,0.3261
3,141,e024,0.3515
3,142,e001,0.3796
3,142,e002,0.3198
3,142,e003,0.3645
3,142,e004,0.3801
3,142,e005,0.4215
3,142,e006,0.3704
3,142,e007,0.3305
3,142,e008,0.3763
3,142,e009,0.4106
3,142,e010,0.4056
3,142,e011,0.3646
3,142,e012,0.2931
3,142,e013,0.3795
3,142,e014,0.4024
3,142,e015,0.3888
3,142,e016,0.3915
3,142,e017,0.3287
3,142,e018,0.369
3,142,e019,0.352
3,142,e020,0.3775
3,142,e021,0.3114
3,142,e022,0.3257
3,142,e023,0.3358
3,142,e024,0.3839
3,143,e001,0.2926
3,143,e002,0.3114
3,143,e003,0.3583
3,143,e004,0.3201
3,143,e005,0.3098
3,143,e006,0.33
3,143,e007,0.3211
3,143,e008,0.3274
3,143,e009,0.3583
3,143,e010,0.2846
3,143,e011,0.2514
3,143,e012,0.3408
3,143,e013,0.3201
3,143,e014,0.2842
3,143,e015,0.3463
3,143,e016,0.3081
3,143,e017,0.3706
3,143,e018,0.3174
3,143,e019,0.3324
3,143,e020,0.2982
3,143,e021,0.2685
3,143,e022,0.3415
3,143,e023,0.2448
3,143,e024,0.3341
3,144,e001,0.2682
3,144,e002,0.2753
3,144,e003,0.3493
3,144,e004,0.2945
3,144,e005,0.3525
3,144,e006,0.3527
3,144,e007,0.2552
3,144,e008,0.2878
3,144,e009,0.3068
3,144,e010,0.315
3,144,e011,0.3183
3,144,e012,0.355
3,144,e013,0.2935
3,144,e014,0.3154
3,144,e015,0.3209
3,144,e016,0.2734
3,144,e017,0.3056
3,144,e018,0.3246
3,144,e019,0.2974
3,144,e020,0.2961
3,144,e021,0.2758
3,144,e022,0.2737
3,144,e023,0.348
3,144,e024,0.323
3,145,e001,0.3217
3,145,e002,0.2576
3,145,e003,0.3086
3,145,e004,0.3196
3,145,e005,0.3066
3,145,e006,0.3403
3,145,e007,0.3025
3,145,e008,0.2945
3,145,e009,0.3574
3,145,e010,0.2663
3,145,e011,0.3708
3,145,e012,0.2769
3,145,e013,0.3454
3,145,e014,0.3021
3,145,e015,0.3441
3,145,e016,0.3681
3,145,e017,0.3238
3,145,e018,0.3267
3,145,e019,0.2965
3,145,e020,0.2924
3,145,e021,0.3639
3,145,e022,0.3606
3,145,e023,0.3502
3,145,e024,0.3513
3,146,e001,0.3613
3,146,e002,0.3734
3,146,e003,0.391
3,146,e004,0.3538
3,146,e005,0.4015
3,146,e006,0.3612
3,146,e007,0.3296
3,146,e008,0.3207
3,146,e009,0.3158
3,146,e010,0.3207
3,146,e011,0.3033
3,146,e012,0.3022
3,146,e013,0.3444
3,146,e014,0.3328
3,146,e015,0.3093
3,146,e016,0.3449
3,146,e017,0.3328
3,146,e018,0.341
3,146,e019,0.3613
3,146,e020,0.328
3,146,e021,0.2889
3,146,e022,0.4009
3,146,e023,0.3153
3,146,e024,0.3221
3,147,e001,0.3289
3,147,e002,0.2911
3,147,e003,0.3126
3,147,e004,0.3121
3,147,e005,0.2692
3,147,e006,0.327
3,147,e007,0.2881
3,147,e008,0.322
3,147,e009,0.3569
3,147,e010,0.3202
3,147,e011,0.3115
3,147,e012,0.3261
3,147,e013,0.3004
3,147,e014,0.2974
3,147,e015,0.3308
3,147,e016,0.2422
3,147,e017,0.3315
3,147,e018,0.2874
3,147,e019,0.2737
3,147,e020,0.2818
3,147,e021,0.2841
3,147,e022,0.2843
3,147,e023,0.3095
3,147,e024,0.3378
3,148,e001,0.3682
3,148,e002,0.3683
3,148,e003,0.314
3,148,e004,0.3669
3,148,e005,0.3349
3,148,e006,0.3016
3,148,e007,0.3353
3,148,e008,0.3657
3,148,e009,0.3479
3,148,e010,0.351
3,148,e011,0.3791
3,148,e012,0.3125
3,148,e013,0.3261
3,148,e014,0.3766
3,148,e015,0.3689
3,148,e016,0.3075
3,148,e017,0.3258
3,148,e018,0.4192
3,148,e019,0.3732
3,148,e020,0.3494
3,148,e021,0.3451
3,148,e022,0.366
3,148,e023,0.3349
3,148,e024,0.3079
3,149,e001,0.2934
3,149,e002,0.2737
3,149,e003,0.3445
3,149,e004,0.3234
3,149,e005,0.3669
3,149,e006,0.331
3,149,e007,0.2695
3,149,e008,0.2987
3,149,e009,0.2763
3,149,e010,0.2846
3,149,e011,0.3533
3,149,e012,0.3192
3,149,e013,0.2725
3,149,e014,0.2364
3,149,e015,0.302
3,149,e016,0.2744
3,149,e017,0.2655
3,149,e018,0.2564
3,149,e019,0.3385
3,149,e020,0.3163
3,149,e021,0.2824
3,149,e022,0.2817
3,149,e023,0.3096
3,149,e024,0.2587
3,150,e001,0.3609
3,150,e002,0.3538
3,150,e003,0.4001
3,150,e004,0.3403
3,150,e005,0.2863
3,150,e006,0.3549
3,150,e007,0.2976
3,150,e008,0.4032
3,150,e009,0.3389
3,150,e010,0.3778
3,150,e011,0.346
3,150,e012,0.3577
3,150,e013,0.3023
3,150,e014,0.2725
3,150,e015,0.3565
3,150,e016,0.3819
3,150,e017,0.3192
3,150,e018,0.2793
3,150,e019,0.3063
3,150,e020,0.3285
3,150,e021,0.3533
3,150,e022,0.3391
3,150,e023,0.3708
3,150,e024,0.3726
3,151,e001,0.3967
3,151,e002,0.3212
3,151,e003,0.3819
3,151,e004,0.3082
3,151,e005,0.3394
3,151,e006,0.3501
3,151,e007,0.3419
3,151,e008,0.2883
3,151,e009,0.2748
3,151,e010,0.3122
3,151,e011,0.3662
3,151,e012,0.3075
3,151,e013,0.3834
3,151,e014,0.3303
3,151,e015,0.3224
3,151,e016,0.3093
3,151,e017,0.3206
3,151,e018,0.3383
3,151,e019,0.335
3,151,e020,0.3045
3,151,e021,0.3346
3,151,e022,0.329
3,151,e023,0.3001
3,151,e024,0.3357
3,152,e001,0.2739
3,152,e002,0.2664
3,152,e003,0.2867
3,152,e004,0.3112
3,152,e005,0.2886
3,152,e006,0.3387
3,152,e007,0.3224
3,152,e008,0.2949
3,152,e009,0.3535
3,152,e010,0.3441
3,152,e011,0.252
3,152,e012,0.3444
3,152,e013,0.2559
3,152,e014,0.2993
3,152,e015,0.3281
3,152,e016,0.337
3,152,e017,0.308
3,152,e018,0.2714
3,152,e019,0.2705
3,152,e020,0.345
3,152,e021,0.316
3,152,e022,0.2537
3,152,e023,0.3053
3,152,e024,0.2858
3,153,e001,0.3177
3,153,e002,0.3557
3,153,e003,0.33
3,153,e004,0.3044
3,153,e005,0.2954
3,153,e006,0.3322
3,153,e007,0.3234
3,153,e008,0.3121
3,153,e009,0.3438
3,153,e010,0.3522
3,153,e011,0.3486
3,153,e012,0.302
3,153,e013,0.3473
3,153,e014,0.3572
3,153,e015,0.3726
3,153,e016,0.37
3,153,e017,0.3391
3,153,e018,0.3358
3,153,e019,0.3148
3,153,e020,0.3045
3,153,e021,0.2986
3,153,e022,0.3459
3,153,e023,0.3488
3,153,e024,0.3734
3,154,e001,0.3418
3,154,e002,0.3638
3,154,e003,0.3894
3,154,e004,0.4157
3,154,e005,0.4098
3,154,e006,0.2865
3,154,e007,0.3647
3,154,e008,0.3303
3,154,e009,0.4186
3,154,e010,0.3573
3,154,e011,0.3858
3,154,e012,0.3953
3,154,e013,0.3929
3,154,e014,0.3243
3,154,e015,0.4249
3,154,e016,0.384
3,154,e017,0.4022
3,154,e018,0.3917
3,154,e019,0.3576
3,154,e020,0.3948
3,154,e021,0.3683
3,154,e022,0.3631
3,154,e023,0.3699
3,154,e024,0.3631
3,155,e001,0.3407
3,155,e002,0.4149
3,155,e003,0.3431
3,155,e004,0.3129
3,155,e005,0.3768
3,155,e006,0.3561
3,155,e007,0.3195
3,155,e008,0.2967
3,155,e009,0.2994
3,155,e010,0.3161
3,155,e011,0.3065
3,155,e012,0.3134
3,155,e013,0.3825
3,155,e014,0.2979
3,155,e015,0.352
3,155,e016,0.4025
3,155,e017,0.3936
3,155,e018,0.3691
3,155,e019,0.3725
3,155,e020,0.293
3,155,e021,0.3562
3,155,e022,0.3219
3,155,e023,0.4049
3,155,e024,0.3023
3,156,e001,0.2961
3,156,e002,0.2931
3,156,e003,0.397
3,156,e004,0.296
3,156,e005,0.3372
3,156,e006,0.3346
3,156,e007,0.2739
3,156,e008,0.3729
3,156,e009,0.365
3,156,e010,0.3541
3,156,e011,0.3459
3,156,e012,0.3562
3,156,e013,0.361
3,156,e014,0.35
3,156,e015,0.338
3,156,e016,0.3525
3,156,e017,0.3758
3,156,e018,0.3196
3,156,e019,0.3918
3,156,e020,0.2786
3,156,e021,0.4159
3,156,e022,0.3297
3,156,e023,0.3089
3,156,e024,0.3476
3,157,e001,0.3395
3,157,e002,0.3151
3,157,e003,0.3241
3,157,e004,0.366
3,157,e005,0.3754
3,157,e006,0.3316
3,157,e007,0.4012
3,157,e008,0.3199
3,157,e009,0.3101
3,157,e010,0.3181
3,157,e011,0.2897
3,157,e012,0.3231
3,157,e013,0.3348
3,157,e014,0.3089
3,157,e015,0.3872
3,157,e016,0.3116
3,157,e017,0.33
3,157,e018,0.3183
3,157,e019,0.3496
3,157,e020,0.3418
3,157,e021,0.2939
3,157,e022,0.3463
3,157,e023,0.3091
3,157,e024,0.3811
3,158,e001,0.3648
3,158,e002,0.2893
3,158,e003,0.3432
3,158,e004,0.3027
3,158,e005,0.3854
3,158,e006,0.3491
3,158,e007,0.361
3,158,e008,0.2897
3,158,e009,0.3269
3,158,e010,0.2689
3,158,e011,0.2981
3,158,e012,0.3816
3,158,e013,0.3223
3,158,e014,0.3762
3,158,e015,0.3793
3,158,e016,0.371
3,158,e017,0.3376
3,158,e018,0.3018
3,158,e019,0.3067
3,158,e020,0.2909
3,158,e021,0.3813
3,158,e022,0.393
3,158,e023,0.3523
3,158,e024,0.3343
3,159,e001,0.3811
3,159,e002,0.3896
3,159,e003,0.3977
3,159,e004,0.4256
3,159,e005,0.3872
3,159,e006,0.4427
3,159,e007,0.3542
3,159,e008,0.3793
3,159,e009,0.3884
3,159,e010,0.3677
3,159,e011,0.377
3,159,e012,0.4447
3,159,e013,0.3635
3,159,e014,0.3663
3,159,e015,0.3548
3,159,e016,0.3525
3,159,e017,0.3553
3,159,e018,0.3524
3,159,e019,0.3949
3,159,e020,0.4165
3,159,e021,0.3378
3,159,e022,0.3854
3,159,e023,0.4064
3,159,e024,0.4142
3,160,e001,0.3173
3,160,e002,0.3285
3,160,e003,0.3843
3,160,e004,0.3468
3,160,e005,0.3329
3,160,e006,0.4016
3,160,e007,0.3711
3,160,e008,0.3665
3,160,e009,0.3522
3,160,e010,0.3542
3,160,e011,0.3177
3,160,e012,0.3821
3,160,e013,0.351
3,160,e014,0.3104
3,160,e015,0.3264
3,160,e016,0.375
3,160,e017,0.3845
3,160,e018,0.3542
3,160,e019,0.3716
3,160,e020,0.3749
3,160,e021,0.374
3,160,e022,0.3163
3,160,e023,0.3818
3,160,e024,0.3112
3,161,e001,0.291
3,161,e002,0.3399
3,161,e003,0.3809
3,161,e004,0.3801
3,161,e005,0.3881
3,161,e006,0.3926
3,161,e007,0.3948
3,161,e008,0.3261
3,161,e009,0.3187
3,161,e010,0.3987
3,161,e011,0.3489
3,161,e012,0.304
3,161,e013,0.3814
3,161,e014,0.3178
3,161,e015,0.3306
3,161,e016,0.3916
3,161,e017,0.3893
3,161,e018,0.3327
3,161,e019,0.3663
3,161,e020,0.3187
3,161,e021,0.3472
3,161,e022,0.3402
3,161,e023,0.3001
3,161,e024,0.3365
3,162,e001,0.3168
3,162,e002,0.3227
3,162,e003,0.2806
3,162,e004,0.355
3,162,e005,0.32
3,162,e006,0.3163
3,162,e007,0.3272
3,162,e008,0.3435
3,162,e009,0.355
3,162,e010,0.341
3,162,e011,0.3474
3,162,e012,0.3455
3,162,e013,0.3073
3,162,e014,0.2741
3,162,e015,0.3217
3,162,e016,0.3312
3,162,e017,0.306
3,162,e018,0.2726
3,162,e019,0.3029
3,162,e020,0.301
3,162,e021,0.3782
3,162,e022,0.3457
3,162,e023,0.3162
3,162,e024,0.2953
3,163,e001,0.3552
3,163,e002,0.288
3,163,e003,0.3057
3,163,e004,0.3014
3,163,e005,0.3337
3,163,e006,0.3868
3,163,e007,0.3665
3,163,e008,0.3243
3,163,e009,0.3249
3,163,e010,0.3792
3,163,e011,0.3532
3,163,e012,0.3922
3,163,e013,0.3718
3,163,e014,0.3503
3,163,e015,0.4066
3,163,e016,0.3143
3,163,e017,0.3303
3,163,e018,0.3936
3,163,e019,0.4124
3,163,e020,0.3574
3,163,e021,0.3486
3,163,e022,0.336
3,163,e023,0.3738
3,163,e024,0.3249
3,164,e001,0.3789
3,164,e002,0.4527
3,164,e003,0.3635
3,164,e004,0.4395
3,164,e005,0.3854
3,164,e006,0.3923
3,164,e007,0.4378
3,164,e008,0.3965
3,164,e009,0.4065
3,164,e010,0.3309
3,164,e011,0.3454
3,164,e012,0.4201
3,164,e013,0.3712
3,164,e014,0.4157
3,164,e015,0.3695
3,164,e016,0.3814
3,164,e017,0.3474
3,164,e018,0.4597
3,164,e019,0.4489
3,164,e020,0.3843
3,164,e021,0.4293
3,164,e022,0.3599
3,164,e023,0.4498
3,164,e024,0.369
3,165,e001,0.3027
3,165,e002,0.371
3,165,e003,0.3664
3,165,e004,0.3451
3,165,e005,0.4333
3,165,e006,0.388
3,165,e007,0.3505
3,165,e008,0.3963
3,165,e009,0.4008
3,165,e010,0.3143
3,165,e011,0.3178
3,165,e012,0.3993
3,165,e013,0.3495
3,165,e014,0.3575
3,165,e015,0.3219
3,165,e016,0.4264
3,165,e017,0.3046
3,165,e018,0.3974
3,165,e019,0.386
3,165,e020,0.3958
3,165,e021,0.3491
3,165,e022,0.3523
3,165,e023,0.3713
3,165,e024,0.3557
3,166,e001,0.3856
3,166,e002,0.364
3,166,e003,0.4141
3,166,e004,0.3454
3,166,e005,0.3656
3,166,e006,0.3972
3,166,e007,0.3429
3,166,e008,0.3482
3,166,e009,0.2983
3,166,e010,0.3312
3,166,e011,0.3782
3,166,e012,0.3392
3,166,e013,0.383
3,166,e014,0.3524
3,166,e015,0.3479
3,166,e016,0.3783
3,166,e017,0.419
3,166,e018,0.3996
3,166,e019,0.3858
3,166,e020,0.3082
3,166,e021,0.3589
3,166,e022,0.3573
3,166,e023,0.3407
3,166,e024,0.328
3,167,e001,0.4164
3,167,e002,0.3909
3,167,e003,0.4562
3,167,e004,0.3696
3,167,e005,0.4146
3,167,e006,0.3355
3,167,e007,0.4174
3,167,e008,0.4171
3,167,e009,0.3563
3,167,e010,0.3546
3,167,e011,0.3811
3,167,e012,0.3603
3,167,e013,0.4396
3,167,e014,0.4686
3,167,e015,0.4056
3,167,e016,0.3538
3,167,e017,0.3573
3,167,e018,0.4047
3,167,e019,0.3558
3,167,e020,0.3501
3,167,e021,0.3793
3,167,e022,0.3498
3,167,e023,0.3479
3,167,e024,0.4166
3,168,e001,0.3373
3,168,e002,0.3998
3,168,e003,0.3047
3,168,e004,0.359
3,168,e005,0.339
3,168,e006,0.4013
3,168,e007,0.3669
3,168,e008,0.3759
3,168,e009,0.4065
3,168,e010,0.4086
3,168,e011,0.3263
3,168,e012,0.3901
3,168,e013,0.3434
3,168,e014,0.4152
3,168,e015,0.3376
3,168,e016,0.3954
3,168,e017,0.3895
3,168,e018,0.3425
3,168,e019,0.3945
3,168,e020,0.3571
3,168,e021,0.4228
3,168,e022,0.3882
3,168,e023,0.3542
3,168,e024,0.3196
3,169,e001,0.3301
3,169,e002,0.4217
3,169,e003,0.368
3,169,e004,0.4143
3,169,e005,0.3858
3,169,e006,0.3616
3,169,e007,0.4279
3,169,e008,0.4082
3,169,e009,0.4049
3,169,e010,0.363
3,169,e011,0.4403
3,169,e012,0.4052
3,169,e013,0.3957
3,169,e014,0.3671
3,169,e015,0.3561
3,169,e016,0.3944
3,169,e017,0.4391
3,169,e018,0.4359
3,169,e019,0.4022
3,169,e020,0.4176
3,169,e021,0.3966
3,169,e022,0.3309
3,169,e023,0.4028
3,169,e024,0.342
3,170,e001,0.396
3,170,e002,0.3461
3,170,e003,0.4142
3,170,e004,0.4002
3,170,e005,0.3672
3,170,e006,0.3856
3,170,e007,0.3906
3,170,e008,0.3419
3,170,e009,0.3553
3,170,e010,0.422
3,170,e011,0.3527
3,170,e012,0.3354
3,170,e013,0.4301
3,170,e014,0.3568
3,170,e015,0.3542
3,170,e016,0.3471
3,170,e017,0.3525
3,170,e018,0.3783
3,170,e019,0.389
3,170,e020,0.3913
3,170,e021,0.3476
3,170,e022,0.3817
3,170,e023,0.3292
3,170,e024,0.3043
3,171,e001,0.3579
3,171,e002,0.3642
3,171,e003,0.4345
3,171,e004,0.3778
3,171,e005,0.3555
3,171,e006,0.3306
3,171,e007,0.3537
3,171,e008,0.3831
3,171,e009,0.3315
3,171,e010,0.4333
3,171,e011,0.3914
3,171,e012,0.4158
3,171,e013,0.3232
3,171,e014,0.4259
3,171,e015,0.4143
3,171,e016,0.3451
3,171,e017,0.3775
3,171,e018,0.33
3,171,e019,0.4175
3,171,e020,0.408
3,171,e021,0.4061
3,171,e022,0.3395
3,171,e023,0.328
3,171,e024,0.3819
3,172,e001,0.3244
3,172,e002,0.3708
3,172,e003,0.3399
3,172,e004,0.2896
3,172,e005,0.3779
3,172,e006,0.3359
3,172,e007,0.3386
3,172,e008,0.3449
3,172,e009,0.2887
3,172,e010,0.3304
3,172,e011,0.2924
3,172,e012,0.367
3,172,e013,0.3726
3,172,e014,0.2774
3,172,e015,0.3882
3,172,e016,0.2986
3,172,e017,0.3466
3,172,e018,0.3573
3,172,e019,0.3102
3,172,e020,0.3511
3,172,e021,0.2751
3,172,e022,0.3799
3,172,e023,0.3802
3,172,e024,0.3209
3,173,e001,0.4274
3,173,e002,0.4022
3,173,e003,0.3622
3,173,e004,0.4094
3,173,e005,0.3919
3,173,e006,0.3378
3,173,e007,0.3645
3,173,e008,0.3998
3,173,e009,0.4032
3,173,e010,0.3369
3,173,e011,0.3545
3,173,e012,0.3687
3,173,e013,0.3443
3,173,e014,0.3515
3,173,e015,0.3669
3,173,e016,0.4002
3,173,e017,0.3253
3,173,e018,0.3657
3,173,e019,0.4115
3,173,e020,0.3827
3,173,e021,0.3856
3,173,e022,0.345
3,173,e023,0.4176
3,173,e024,0.3412
3,174,e001,0.3689
3,174,e002,0.3523
3,174,e003,0.3715
3,174,e004,0.3303
3,174,e005,0.3835
3,174,e006,0.3509
3,174,e007,0.3598
3,174,e008,0.409
3,174,e009,0.4277
3,174,e010,0.4278
3,174,e011,0.4181
3,174,e012,0.3837
3,174,e013,0.4365
3,174,e014,0.4132
3,174,e015,0.3733
3,174,e016,0.3385
3,174,e017,0.3736
3,174,e018,0.3363
3,174,e019,0.3882
3,174,e020,0.4115
3,174,e021,0.3924
3,174,e022,0.4061
3,174,e023,0.4034
3,174,e024,0.4117
3,175,e001,0.4386
3,175,e002,0.4191
3,175,e003,0.4287
3,175,e004,0.3622
3,175,e005,0.3868
3,175,e006,0.349
3,175,e007,0.397
3,175,e008,0.4601
3,175,e009,0.3854
3,175,e010,0.3697
3,175,e011,0.4228
3,175,e012,0.4359
3,175,e013,0.3963
3,175,e014,0.3619
3,175,e015,0.3756
3,175,e016,0.3744
3,175,e017,0.4028
3,175,e018,0.3396
3,175,e019,0.3887
3,175,e020,0.3921
3,175,e021,0.4285
3,175,e022,0.4222
3,175,e023,0.4004
3,175,e024,0.3426
3,176,e001,0.3814
3,176,e002,0.3939
3,176,e003,0.4029
3,176,e004,0.4389
3,176,e005,0.4691
3,176,e006,0.4047
3,176,e007,0.3935
3,176,e008,0.4157
3,176,e009,0.4797
3,176,e010,0.4288
3,176,e011,0.442
3,176,e012,0.4272
3,176,e013,0.4687
3,176,e014,0.4163
3,176,e015,0.3866
3,176,e016,0.4015
3,176,e017,0.4737
3,176,e018,0.4705
3,176,e019,0.37
3,176,e020,0.4245
3,176,e021,0.3582
3,176,e022,0.4508
3,176,e023,0.4896
3,176,e024,0.4286
3,177,e001,0.3954
3,177,e002,0.415
3,177,e003,0.451
3,177,e004,0.4007
3,177,e005,0.3423
3,177,e006,0.3422
3,177,e007,0.4127
3,177,e008,0.4595
3,177,e009,0.4448
3,177,e010,0.4364
3,177,e011,0.4169
3,177,e012,0.3661
3,177,e013,0.3556
3,177,e014,0.3811
3,177,e015,0.3907
3,177,e016,0.4554
3,177,e017,0.3891
3,177,e018,0.4297
3,177,e019,0.4437
3,177,e020,0.4067
3,177,e021,0.4349
3,177,e022,0.4416
3,177,e023,0.4182
3,177,e024,0.3971
3,178,e001,0.4228
3,178,e002,0.3635
3,178,e003,0.387
3,178,e004,0.3295
3,178,e005,0.3231
3,178,e006,0.3862
3,178,e007,0.3683
3,178,e008,0.3945
3,178,e009,0.357
3,178,e010,0.4182
3,178,e011,0.4101
3,178,e012,0.3245
3,178,e013,0.3923
3,178,e014,0.4128
3,178,e015,0.362
3,178,e016,0.4255
3,178,e017,0.4304
3,178,e018,0.3581
3,178,e019,0.3174
3,178,e020,0.4008
3,178,e021,0.4067
3,178,e022,0.3109
3,178,e023,0.4127
3,178,e024,0.3085
3,179,e001,0.3817
3,179,e002,0.3987
3,179,e003,0.4026
3,179,e004,0.4239
3,179,e005,0.3676
3,179,e006,0.3823
3,179,e007,0.3349
3,179,e008,0.367
3,179,e009,0.4409
3,179,e010,0.4088
3,179,e011,0.3273
3,179,e012,0.4221
3,179,e013,0.4159
3,179,e014,0.4351
3,179,e015,0.4279
3,179,e016,0.3836
3,179,e017,0.3631
3,179,e018,0.4425
3,179,e019,0.4337
3,179,e020,0.3338
3,179,e021,0.4113
3,179,e022,0.4149
3,179,e023,0.4082
3,179,e024,0.4398
3,180,e001,0.4009
3,180,e002,0.3473
3,180,e003,0.4112
3,180,e004,0.3484
3,180,e005,0.3509
3,180,e006,0.3596
3,180,e007,0.4514
3,180,e008,0.4897
3,180,e009,0.47
3,180,e010,0.4667
3,180,e011,0.4361
3,180,e012,0.4884
3,180,e013,0.3433
3,180,e014,0.3693
3,180,e015,0.3752
3,180,e016,0.4005
3,180,e017,0.3381
3,180,e018,0.3863
3,180,e019,0.3473
3,180,e020,0.376
3,180,e021,0.4027
3,180,e022,0.3555
3,180,e023,0.3373
3,180,e024,0.385
3,181,e001,0.4545
3,181,e002,0.4242
3,181,e003,0.4204
3,181,e004,0.4241
3,181,e005,0.4013
3,181,e006,0.4361
3,181,e007,0.5742
3,181,e008,0.5864
3,181,e009,0.4725
3,181,e010,0.5687
3,181,e011,0.4865
3,181,e012,0.6021
3,181,e013,0.3919
3,181,e014,0.3882
3,181,e015,0.3606
3,181,e016,0.3983
3,181,e017,0.442
3,181,e018,0.3516
3,181,e019,0.3851
3,181,e020,0.3756
3,181,e021,0.3951
3,181,e022,0.4097
3,181,e023,0.4411
3,181,e024,0.4163
3,182,e001,0.3658
3,182,e002,0.4105
3,182,e003,0.3675
3,182,e004,0.4199
3,182,e005,0.3747
3,182,e006,0.3845
3,182,e007,0.5167
3,182,e008,0.5139
3,182,e009,0.5317
3,182,e010,0.4812
3,182,e011,0.5145
3,182,e012,0.484
3,182,e013,0.3573
3,182,e014,0.4177
3,182,e015,0.3301
3,182,e016,0.4441
3,182,e017,0.3362
3,182,e018,0.361
3,182,e019,0.3577
3,182,e020,0.3293
3,182,e021,0.3614
3,182,e022,0.4076
3,182,e023,0.3186
3,182,e024,0.4019
3,183,e001,0.5104
3,183,e002,0.4173
3,183,e003,0.4812
3,183,e004,0.4879
3,183,e005,0.4644
3,183,e006,0.4082
3,183,e007,0.5782
3,183,e008,0.6071
3,183,e009,0.6079
3,183,e010,0.6241
3,183,e011,0.5472
3,183,e012,0.5541
3,183,e013,0.4466
3,183,e014,0.4826
3,183,e015,0.4404
3,183,e016,0.4618
3,183,e017,0.4501
3,183,e018,0.4189
3,183,e019,0.5093
3,183,e020,0.4779
3,183,e021,0.4764
3,183,e022,0.4162
3,183,e023,0.4062
3,183,e024,0.461
3,184,e001,0.4499
3,184,e002,0.385
3,184,e003,0.4057
3,184,e004,0.3453
3,184,e005,0.4081
3,184,e006,0.3922
3,184,e007,0.452
3,184,e008,0.5127
3,184,e009,0.5522
3,184,e010,0.4983
3,184,e011,0.5617
3,184,e012,0.5194
3,184,e013,0.4553
3,184,e014,0.4218
3,184,e015,0.3536
3,184,e016,0.3548
3,184,e017,0.3535
3,184,e018,0.3504
3,184,e019,0.4165
3,184,e020,0.3981
3,184,e021,0.4396
3,184,e022,0.3977
3,184,e023,0.4018
3,184,e024,0.3875
3,185,e001,0.4412
3,185,e002,0.4301
3,185,e003,0.3901
3,185,e004,0.3884
3,185,e005,0.3548
3,185,e006,0.4412
3,185,e007,0.4965
3,185,e008,0.5405
3,185,e009,0.518
3,185,e010,0.5655
3,185,e011,0.5068
3,185,e012,0.5646
3,185,e013,0.4002
3,185,e014,0.4212
3,185,e015,0.3491
3,185,e016,0.4147
3,185,e017,0.4311
3,185,e018,0.4503
3,185,e019,0.3881
3,185,e020,0.4302
3,185,e021,0.4067
3,185,e022,0.4452
3,185,e023,0.4216
3,185,e024,0.4562
3,186,e001,0.4438
3,186,e002,0.4145
3,186,e003,0.4301
3,186,e004,0.4323
3,186,e005,0.3954
3,186,e006,0.4071
3,186,e007,0.5573
3,186,e008,0.5486
3,186,e009,0.5945
3,186,e010,0.5283
3,186,e011,0.5522
3,186,e012,0.5426
3,186,e013,0.4326
3,186,e014,0.4535
3,186,e015,0.3992
3,186,e016,0.4518
3,186,e017,0.4408
3,186,e018,0.449
3,186,e019,0.4321
3,186,e020,0.4808
3,186,e021,0.4453
3,186,e022,0.4126
3,186,e023,0.4212
3,186,e024,0.4508
3,187,e001,0.3845
3,187,e002,0.4428
3,187,e003,0.3927
3,187,e004,0.362
3,187,e005,0.385
3,187,e006,0.3915
3,187,e007,0.4953
3,187,e008,0.5479
3,187,e009,0.4786
3,187,e010,0.5858
3,187,e011,0.5595
3,187,e012,0.532
3,187,e013,0.4287
3,187,e014,0.4609
3,187,e015,0.3703
3,187,e016,0.3644
3,187,e017,0.4671
3,187,e018,0.3513
3,187,e019,0.3987
3,187,e020,0.4405
3,187,e021,0.458
3,187,e022,0.3722
3,187,e023,0.4517
3,187,e024,0.4049
3,188,e001,0.4422
3,188,e002,0.4464
3,188,e003,0.4515
3,188,e004,0.4065
3,188,e005,0.4645
3,188,e006,0.4501
3,188,e007,0.5218
3,188,e008,0.5323
3,188,e009,0.5158
3,188,e010,0.5288
3,188,e011,0.5004
3,188,e012,0.5161
3,188,e013,0.4617
3,188,e014,0.478
3,188,e015,0.4843
3,188,e016,0.4486
3,188,e017,0.4508
3,188,e018,0.4383
3,188,e019,0.4309
3,188,e020,0.4673
3,188,e021,0.4804
3,188,e022,0.4024
3,188,e023,0.417
3,188,e024,0.4249
3,189,e001,0.3971
3,189,e002,0.4215
3,189,e003,0.4935
3,189,e004,0.497
3,189,e005,0.4529
3,189,e006,0.3968
3,189,e007,0.6307
3,189,e008,0.5392
3,189,e009,0.5827
3,189,e010,0.6152
3,189,e011,0.6017
3,189,e012,0.6046
3,189,e013,0.3859
3,189,e014,0.3886
3,189,e015,0.4783
3,189,e016,0.465
3,189,e017,0.481
3,189,e018,0.4664
3,189,e019,0.5147
3,189,e020,0.4853
3,189,e021,0.4874
3,189,e022,0.4473
3,189,e023,0.4715
3,189,e024,0.4261
3,190,e001,0.4266
3,190,e002,0.4018
3,190,e003,0.4
3,190,e004,0.4386
3,190,e005,0.4302
3,190,e006,0.4499
3,190,e007,0.52
3,190,e008,0.6025
3,190,e009,0.5444
3,190,e010,0.574
3,190,e011,0.5657
3,190,e012,0.5169
3,190,e013,0.4501
3,190,e014,0.429
3,190,e015,0.4579
3,190,e016,0.4622
3,190,e017,0.3616
3,190,e018,0.4299
3,190,e019,0.4015
3,190,e020,0.4751
3,190,e021,0.4052
3,190,e022,0.4559
3,190,e023,0.4022
3,190,e024,0.4724
3,191,e001,0.4948
3,191,e002,0.4767
3,191,e003,0.4172
3,191,e004,0.4785
3,191,e005,0.4184
3,191,e006,0.4715
3,191,e007,0.6091
3,191,e008,0.6161
3,191,e009,0.5643
3,191,e010,0.5542
3,191,e011,0.6271
3,191,e012,0.5191
3,191,e013,0.4036
3,191,e014,0.4018
3,191,e015,0.433
3,191,e016,0.4617
3,191,e017,0.4418
3,191,e018,0.4295
3,191,e019,0.4041
3,191,e020,0.4113
3,191,e021,0.4379
3,191,e022,0.4791
3,191,e023,0.4318
3,191,e024,0.4383
3,192,e001,0.3922
3,192,e002,0.3488
3,192,e003,0.3873
3,192,e004,0.4267
3,192,e005,0.4124
3,192,e006,0.4153
3,192,e007,0.544
3,192,e008,0.5745
3,192,e009,0.5163
3,192,e010,0.4951
3,192,e011,0.5112
3,192,e012,0.5489
3,192,e013,0.3884
3,192,e014,0.4265
3,192,e015,0.4531
3,192,e016,0.3955
3,192,e017,0.4655
3,192,e018,0.4283
3,192,e019,0.4339
3,192,e020,0.4357
3,192,e021,0.4138
3,192,e022,0.3931
3,192,e023,0.4698
3,192,e024,0.386
3,193,e001,0.4349
3,193,e002,0.4172
3,193,e003,0.4933
3,193,e004,0.4361
3,193,e005,0.3972
3,193,e006,0.4611
3,193,e007,0.5745
3,193,e008,0.5632
3,193,e009,0.513
3,193,e010,0.5383
3,193,e011,0.5059
3,193,e012,0.5246
3,193,e013,0.3955
3,193,e014,0.4406
3,193,e015,0.421
3,193,e016,0.4584
3,193,e017,0.4002
3,193,e018,0.4152
3,193,e019,0.4098
3,193,e020,0.3911
3,193,e021,0.4008
3,193,e022,0.4047
3,193,e023,0.4297
3,193,e024,0.4394
3,194,e001,0.4642
3,194,e002,0.4215
3,194,e003,0.4344
3,194,e004,0.4314
3,194,e005,0.3917
3,194,e006,0.4057
3,194,e007,0.5424
3,194,e008,0.5917
3,194,e009,0.5868
3,194,e010,0.6296
3,194,e011,0.5456
3,194,e012,0.5595
3,194,e013,0.5023
3,194,e014,0.4889
3,194,e015,0.4357
3,194,e016,0.4805
3,194,e017,0.4492
3,194,e018,0.4299
3,194,e019,0.4504
3,194,e020,0.4739
3,194,e021,0.424
3,194,e022,0.4239
3,194,e023,0.4252
3,194,e024,0.4107
3,195,e001,0.3573
3,195,e002,0.404
3,195,e003,0.4188
3,195,e004,0.4335
3,195,e005,0.4643
3,195,e006,0.374
3,195,e007,0.6184
3,195,e008,0.5749
3,195,e009,0.6202
3,195,e010,0.5402
3,195,e011,0.5299
3,195,e012,0.5799
3,195,e013,0.3696
3,195,e014,0.3843
3,195,e015,0.3944
3,195,e016,0.4183
3,195,e017,0.4394
3,195,e018,0.4486
3,195,e019,0.371
3,195,e020,0.3964
3,195,e021,0.4328
3,195,e022,0.4914
3,195,e023,0.483
3,195,e024,0.4476
3,196,e001,0.468
3,196,e002,0.4783
3,196,e003,0.4683
3,196,e004,0.4604
3,196,e005,0.4453
3,196,e006,0.4753
3,196,e007,0.5529
3,196,e008,0.6283
3,196,e009,0.63
3,196,e010,0.5945
3,196,e011,0.583
3,196,e012,0.5959
3,196,e013,0.4535
3,196,e014,0.4048
3,196,e015,0.4709
3,196,e016,0.5209
3,196,e017,0.4231
3,196,e018,0.4335
3,196,e019,0.4806
3,196,e020,0.457
3,196,e021,0.448
3,196,e022,0.4751
3,196,e023,0.4735
3,196,e024,0.4379
3,197,e001,0.4208
3,197,e002,0.489
3,197,e003,0.4654
3,197,e004,0.4693
3,197,e005,0.4892
3,197,e006,0.5185
3,197,e007,0.5673
3,197,e008,0.5877
3,197,e009,0.6046
3,197,e010,0.5638
3,197,e011,0.5658
3,197,e012,0.5589
3,197,e013,0.4306
3,197,e014,0.4304
3,197,e015,0.4539
3,197,e016,0.4654
3,197,e017,0.4996
3,197,e018,0.478
3,197,e019,0.3977
3,197,e020,0.4275
3,197,e021,0.4665
3,197,e022,0.466
3,197,e023,0.4435
3,197,e024,0.4577
3,198,e001,0.3799
3,198,e002,0.4752
3,198,e003,0.3901
3,198,e004,0.446
3,198,e005,0.3686
3,198,e006,0.4412
3,198,e007,0.5439
3,198,e008,0.6081
3,198,e009,0.5205
3,198,e010,0.5316
3,198,e011,0.4913
3,198,e012,0.5865
3,198,e013,0.3949
3,198,e014,0.4218
3,198,e015,0.4398
3,198,e016,0.4404
3,198,e017,0.3782
3,198,e018,0.4084
3,198,e019,0.3969
3,198,e020,0.3788
3,198,e021,0.3953
3,198,e022,0.4467
3,198,e023,0.4038
3,198,e024,0.3567
3,199,e001,0.4355
3,199,e002,0.3994
3,199,e003,0.417
3,199,e004,0.4655
3,199,e005,0.4507
3,199,e006,0.426
3,199,e007,0.5871
3,199,e008,0.6004
3,199,e009,0.614
3,199,e010,0.5509
3,199,e011,0.5888
3,199,e012,0.5567
3,199,e013,0.3915
3,199,e014,0.4371
3,199,e015,0.4391
3,199,e016,0.449
3,199,e017,0.4204
3,199,e018,0.3761
3,199,e019,0.4152
3,199,e020,0.4035
3,199,e021,0.3955
3,199,e022,0.4102
3,199,e023,0.4708
3,199,e024,0.4102
3,200,e001,0.433
3,200,e002,0.3819
3,200,e003,0.4313
3,200,e004,0.4816
3,200,e005,0.4329
3,200,e006,0.4526
3,200,e007,0.7608
3,200,e008,0.8119
3,200,e009,0.7622
3,200,e010,0.7571
3,200,e011,0.7956
3,200,e012,0.7105
3,200,e013,0.4255
3,200,e014,0.3933
3,200,e015,0.3936
3,200,e016,0.4691
3,200,e017,0.4739
3,200,e018,0.509
3,200,e019,0.4277
3,200,e020,0.4534
3,200,e021,0.476
3,200,e022,0.4637
3,200,e023,0.4094
3,200,e024,0.5031
3,201,e001,0.3961
3,201,e002,0.4338
3,201,e003,0.4986
3,201,e004,0.4326
3,201,e005,0.4507
3,201,e006,0.4837
3,201,e007,0.7927
3,201,e008,0.7748
3,201,e009,0.7379
3,201,e010,0.7427
3,201,e011,0.8103
3,201,e012,0.7773
3,201,e013,0.4279
3,201,e014,0.4143
3,201,e015,0.4839
3,201,e016,0.5045
3,201,e017,0.4436
3,201,e018,0.4598
3,201,e019,0.4702
3,201,e020,0.4057
3,201,e021,0.4162
3,201,e022,0.4055
3,201,e023,0.402
3,201,e024,0.4484
3,202,e001,0.3964
3,202,e002,0.4278
3,202,e003,0.4244
3,202,e004,0.4801
3,202,e005,0.4291
3,202,e006,0.4168
3,202,e007,0.776
3,202,e008,0.7845
3,202,e009,0.7654
3,202,e010,0.8292
3,202,e011,0.7689
3,202,e012,0.7487
3,202,e013,0.445
3,202,e014,0.4166
3,202,e015,0.4684
3,202,e016,0.4803
3,202,e017,0.4449
3,202,e018,0.4426
3,202,e019,0.509
3,202,e020,0.4556
3,202,e021,0.3912
3,202,e022,0.4461
3,202,e023,0.4129
3,202,e024,0.3742
3,203,e001,0.3934
3,203,e002,0.4419
3,203,e003,0.4283
3,203,e004,0.4525
3,203,e005,0.4661
3,203,e006,0.3969
3,203,e007,0.7249
3,203,e008,0.7953
3,203,e009,0.7688
3,203,e010,0.7647
3,203,e011,0.7343
3,203,e012,0.7477
3,203,e013,0.4559
3,203,e014,0.4442
3,203,e015,0.4641
3,203,e016,0.4297
3,203,e017,0.4255
3,203,e018,0.4638
3,203,e019,0.4219
3,203,e020,0.4385
3,203,e021,0.4913
3,203,e022,0.4262
3,203,e023,0.4016
3,203,e024,0.4385
3,204,e001,0.4848
3,204,e002,0.5029
3,204,e003,0.4715
3,204,e004,0.429
3,204,e005,0.5271
3,204,e006,0.442
3,204,e007,0.8309
3,204,e008,0.8233
3,204,e009,0.7629
3,204,e010,0.8487
3,204,e011,0.7921
3,204,e012,0.7914
3,204,e013,0.4708
3,204,e014,0.462
3,204,e015,0.401
3,204,e016,0.487
3,204,e017,0.5332
3,204,e018,0.5162
3,204,e019,0.511
3,204,e020,0.4262
3,204,e021,0.4914
3,204,e022,0.5028
3,204,e023,0.5036
3,204,e024,0.4753
3,205,e001,0.5051
3,205,e002,0.5361
3,205,e003,0.4934
3,205,e004,0.4346
3,205,e005,0.4738
3,205,e006,0.5092
3,205,e007,0.8054
3,205,e008,0.8237
3,205,e009,0.8017
3,205,e010,0.8022
3,205,e011,0.8224
3,205,e012,0.7912
3,205,e013,0.4538
3,205,e014,0.4702
3,205,e015,0.4169
3,205,e016,0.4951
3,205,e017,0.4946
3,205,e018,0.43
3,205,e019,0.5064
3,205,e020,0.4379
3,205,e021,0.5006
3,205,e022,0.4942
3,205,e023,0.4665
3,205,e024,0.4627
3,206,e001,0.387
3,206,e002,0.4183
3,206,e003,0.4309
3,206,e004,0.48
3,206,e005,0.4273
3,206,e006,0.4351
3,206,e007,0.7566
3,206,e008,0.7234
3,206,e009,0.731
3,206,e010,0.7651
3,206,e011,0.759
3,206,e012,0.7324
3,206,e013,0.4485
3,206,e014,0.4397
3,206,e015,0.4127
3,206,e016,0.4619
3,206,e017,0.4548
3,206,e018,0.4815
3,206,e019,0.4255
3,206,e020,0.4215
3,206,e021,0.5175
3,206,e022,0.4683
3,206,e023,0.4294
3,206,e024,0.4713
3,207,e001,0.4576
3,207,e002,0.4403
3,207,e003,0.412
3,207,e004,0.4295
3,207,e005,0.4531
3,207,e006,0.4434
3,207,e007,0.7292
3,207,e008,0.769
3,207,e009,0.7507
3,207,e010,0.8184
3,207,e011,0.7543
3,207,e012,0.8425
3,207,e013,0.4342
3,207,e014,0.4288
3,207,e015,0.4722
3,207,e016,0.4565
3,207,e017,0.393
3,207,e018,0.4794
3,207,e019,0.4546
3,207,e020,0.4697
3,207,e021,0.4357
3,207,e022,0.4325
3,207,e023,0.4622
3,207,e024,0.4644
3,208,e001,0.4712
3,208,e002,0.4622
3,208,e003,0.4706
3,208,e004,0.5175
3,208,e005,0.4785
3,208,e006,0.4392
3,208,e007,0.7912
3,208,e008,0.7759
3,208,e009,0.7718
3,208,e010,0.7539
3,208,e011,0.83
3,208,e012,0.8125
3,208,e013,0.4943
3,208,e014,0.5196
3,208,e015,0.4242
3,208,e016,0.5136
3,208,e017,0.5022
3,208,e018,0.4554
3,208,e019,0.4283
3,208,e020,0.4695
3,208,e021,0.5232
3,208,e022,0.4688
3,208,e023,0.4945
3,208,e024,0.4133
3,209,e001,0.5018
3,209,e002,0.5605
3,209,e003,0.5487
3,209,e004,0.5393
3,209,e005,0.5347
3,209,e006,0.5169
3,209,e007,0.8317
3,209,e008,0.8026
3,209,e009,0.8831
3,209,e010,0.8951
3,209,e011,0.8382
3,209,e012,0.7888
3,209,e013,0.4814
3,209,e014,0.489
3,209,e015,0.5595
3,209,e016,0.56
3,209,e017,0.5099
3,209,e018,0.5245
3,209,e019,0.5603
3,209,e020,0.4774
3,209,e021,0.497
3,209,e022,0.4999
3,209,e023,0.4607
3,209,e024,0.5263
3,210,e001,0.4653
3,210,e002,0.4406
3,210,e003,0.4398
3,210,e004,0.4352
3,210,e005,0.3717
3,210,e006,0.3739
3,210,e007,0.7396
3,210,e008,0.7389
3,210,e009,0.807
3,210,e010,0.7706
3,210,e011,0.7933
3,210,e012,0.7242
3,210,e013,0.3825
3,210,e014,0.4069
3,210,e015,0.397
3,210,e016,0.45
3,210,e017,0.381
3,210,e018,0.4703
3,210,e019,0.4596
3,210,e020,0.3815
3,210,e021,0.4136
3,210,e022,0.4076
3,210,e023,0.4385
3,210,e024,0.4154
3,211,e001,0.4344
3,211,e002,0.5257
3,211,e003,0.5288
3,211,e004,0.5406
3,211,e005,0.529
3,211,e006,0.4592
3,211,e007,0.8059
3,211,e008,0.7818
3,211,e009,0.8119
3,211,e010,0.8472
3,211,e011,0.7977
3,211,e012,0.8041
3,211,e013,0.5135
3,211,e014,0.4859
3,211,e015,0.5096
3,211,e016,0.5264
3,211,e017,0.4811
3,211,e018,0.5187
3,211,e019,0.4372
3,211,e020,0.5134
3,211,e021,0.5249
3,211,e022,0.5057
3,211,e023,0.4728
3,211,e024,0.4702
3,212,e001,0.4826
3,212,e002,0.4461
3,212,e003,0.4445
3,212,e004,0.488
3,212,e005,0.4796
3,212,e006,0.4356
3,212,e007,0.7897
3,212,e008,0.8109
3,212,e009,0.7835
3,212,e010,0.8255
3,212,e011,0.8401
3,212,e012,0.7461
3,212,e013,0.532
3,212,e014,0.4221
3,212,e015,0.4711
3,212,e016,0.5008
3,212,e017,0.4398
3,212,e018,0.4571
3,212,e019,0.5311
3,212,e020,0.5162
3,212,e021,0.4448
3,212,e022,0.4965
3,212,e023,0.4403
3,212,e024,0.4693
3,213,e001,0.4241
3,213,e002,0.41
3,213,e003,0.4447
3,213,e004,0.4926
3,213,e005,0.4944
3,213,e006,0.4761
3,213,e007,0.7526
3,213,e008,0.7646
3,213,e009,0.7379
3,213,e010,0.7223
3,213,e011,0.7724
3,213,e012,0.7204
3,213,e013,0.5005
3,213,e014,0.4094
3,213,e015,0.3917
3,213,e016,0.409
3,213,e017,0.4357
3,213,e018,0.493
3,213,e019,0.4502
3,213,e020,0.4012
3,213,e021,0.4565
3,213,e022,0.3839
3,213,e023,0.41
3,213,e024,0.5029
3,214,e001,0.4256
3,214,e002,0.4979
3,214,e003,0.5067
3,214,e004,0.4517
3,214,e005,0.4973
3,214,e006,0.4633
3,214,e007,0.7983
3,214,e008,0.7837
3,214,e009,0.7911
3,214,e010,0.8087
3,214,e011,0.8378
3,214,e012,0.7363
3,214,e013,0.5177
3,214,e014,0.4061
3,214,e015,0.46
3,214,e016,0.403
3,214,e017,0.4238
3,214,e018,0.4636
3,214,e019,0.395
3,214,e020,0.4212
3,214,e021,0.3946
3,214,e022,0.4123
3,214,e023,0.4146
3,214,e024,0.4566
3,215,e001,0.4311
3,215,e002,0.4757
3,215,e003,0.5239
3,215,e004,0.5524
3,215,e005,0.4819
3,215,e006,0.4903
3,215,e007,0.835
3,215,e008,0.8038
3,215,e009,0.822
3,215,e010,0.8474
3,215,e011,0.8675
3,215,e012,0.7926
3,215,e013,0.4868
3,215,e014,0.5194
3,215,e015,0.4469
3,215,e016,0.4874
3,215,e017,0.5149
3,215,e018,0.5365
3,215,e019,0.4753
3,215,e020,0.4773
3,215,e021,0.4103
3,215,e022,0.4755
3,215,e023,0.4866
3,215,e024,0.4368
3,216,e001,0.4614
3,216,e002,0.4907
3,216,e003,0.5353
3,216,e004,0.4664
3,216,e005,0.5012
3,216,e006,0.4796
3,216,e007,0.8616
3,216,e008,0.8611
3,216,e009,0.8059
3,216,e010,0.8692
3,216,e011,0.8081
3,216,e012,0.8783
3,216,e013,0.4951
3,216,e014,0.4889
3,216,e015,0.4598
3,216,e016,0.4863
3,216,e017,0.434
3,216,e018,0.4949
3,216,e019,0.4835
3,216,e020,0.457
3,216,e021,0.4977
3,216,e022,0.4952
3,216,e023,0.4841
3,216,e024,0.5259
3,217,e001,0.4572
3,217,e002,0.5197
3,217,e003,0.4006
3,217,e004,0.4661
3,217,e005,0.4616
3,217,e006,0.435
3,217,e007,0.8082
3,217,e008,0.7702
3,217,e009,0.7837
3,217,e010,0.8157
3,217,e011,0.7787
3,217,e012,0.8036
3,217,e013,0.4593
3,217,e014,0.444
3,217,e015,0.4335
3,217,e016,0.4886
3,217,e017,0.4581
3,217,e018,0.4798
3,217,e019,0.4264
3,217,e020,0.4549
3,217,e021,0.4689
3,217,e022,0.5094
3,217,e023,0.4641
3,217,e024,0.4749
3,218,e001,0.4354
3,218,e002,0.4855
3,218,e003,0.4529
3,218,e004,0.4605
3,218,e005,0.4997
3,218,e006,0.4989
3,218,e007,0.5609
3,218,e008,0.6443
3,218,e009,0.6332
3,218,e010,0.6254
3,218,e011,0.6499
3,218,e012,0.5678
3,218,e013,0.4985
3,218,e014,0.519
3,218,e015,0.4776
3,218,e016,0.4826
3,218,e017,0.5393
3,218,e018,0.4899
3,218,e019,0.4376
3,218,e020,0.4374
3,218,e021,0.4866
3,218,e022,0.4411
3,218,e023,0.4527
3,218,e024,0.5008
3,219,e001,0.4961
3,219,e002,0.4952
3,219,e003,0.4938
3,219,e004,0.4472
3,219,e005,0.5563
3,219,e006,0.435
3,219,e007,0.6573
3,219,e008,0.5698
3,219,e009,0.5936
3,219,e010,0.6278
3,219,e011,0.5857
3,219,e012,0.6497
3,219,e013,0.4321
3,219,e014,0.4935
3,219,e015,0.4573
3,219,e016,0.4761
3,219,e017,0.5057
3,219,e018,0.5191
3,219,e019,0.4951
3,219,e020,0.5322
3,219,e021,0.4505
3,219,e022,0.4469
3,219,e023,0.4794
3,219,e024,0.4542
3,220,e001,0.5193
3,220,e002,0.4497
3,220,e003,0.4246
3,220,e004,0.4306
3,220,e005,0.46
3,220,e006,0.5
3,220,e007,0.5265
3,220,e008,0.5902
3,220,e009,0.5285
3,220,e010,0.5472
3,220,e011,0.5826
3,220,e012,0.6097
3,220,e013,0.4558
3,220,e014,0.4475
3,220,e015,0.4277
3,220,e016,0.4456
3,220,e017,0.4095
3,220,e018,0.4566
3,220,e019,0.4664
3,220,e020,0.4979
3,220,e021,0.4804
3,220,e022,0.4311
3,220,e023,0.4684
3,220,e024,0.469
3,221,e001,0.5112
3,221,e002,0.4451
3,221,e003,0.4571
3,221,e004,0.4638
3,221,e005,0.4741
3,221,e006,0.5074
3,221,e007,0.5644
3,221,e008,0.6212
3,221,e009,0.6001
3,221,e010,0.5905
3,221,e011,0.6246
3,221,e012,0.5661
3,221,e013,0.4336
3,221,e014,0.4529
3,221,e015,0.4609
3,221,e016,0.4614
3,221,e017,0.4713
3,221,e018,0.4168
3,221,e019,0.3888
3,221,e020,0.451
3,221,e021,0.4572
3,221,e022,0.4123
3,221,e023,0.4688
3,221,e024,0.4829
3,222,e001,0.4681
3,222,e002,0.4525
3,222,e003,0.4559
3,222,e004,0.4518
3,222,e005,0.5236
3,222,e006,0.4422
3,222,e007,0.6324
3,222,e008,0.5842
3,222,e009,0.5791
3,222,e010,0.6859
3,222,e011,0.5856
3,222,e012,0.5895
3,222,e013,0.5156
3,222,e014,0.536
3,222,e015,0.5231
3,222,e016,0.4999
3,222,e017,0.5014
3,222,e018,0.5059
3,222,e019,0.5437
3,222,e020,0.4641
3,222,e021,0.5304
3,222,e022,0.4169
3,222,e023,0.4979
3,222,e024,0.4276
3,223,e001,0.4349
3,223,e002,0.4727
3,223,e003,0.465
3,223,e004,0.4781
3,223,e005,0.4895
3,223,e006,0.4216
3,223,e007,0.5916
3,223,e008,0.5364
3,223,e009,0.6094
3,223,e010,0.5592
3,223,e011,0.6163
3,223,e012,0.5805
3,223,e013,0.4453
3,223,e014,0.4273
3,223,e015,0.505
3,223,e016,0.4822
3,223,e017,0.4551
3,223,e018,0.4674
3,223,e019,0.4147
3,223,e020,0.5192
3,223,e021,0.4623
3,223,e022,0.445
3,223,e023,0.5004
3,223,e024,0.4523
3,224,e001,0.5466
3,224,e002,0.479
3,224,e003,0.4961
3,224,e004,0.5453
3,224,e005,0.456
3,224,e006,0.5381
3,224,e007,0.6202
3,224,e008,0.6185
3,224,e009,0.6738
3,224,e010,0.5466
3,224,e011,0.6443
3,224,e012,0.6307
3,224,e013,0.5063
3,224,e014,0.4416
3,224,e015,0.5111
3,224,e016,0.5441
3,224,e017,0.5351
3,224,e018,0.5306
3,224,e019,0.5334
3,224,e020,0.5204
3,224,e021,0.4896
3,224,e022,0.5304
3,224,e023,0.5041
3,224,e024,0.52
3,225,e001,0.4539
3,225,e002,0.4629
3,225,e003,0.4438
3,225,e004,0.5214
3,225,e005,0.4591
3,225,e006,0.4694
3,225,e007,0.5932
3,225,e008,0.5898
3,225,e009,0.5818
3,225,e010,0.599
3,225,e011,0.6053
3,225,e012,0.6128
3,225,e013,0.4749
3,225,e014,0.4883
3,225,e015,0.4856
3,225,e016,0.4445
3,225,e017,0.5063
3,225,e018,0.5134
3,225,e019,0.4381
3,225,e020,0.4628
3,225,e021,0.4241
3,225,e022,0.4578
3,225,e023,0.4809
3,225,e024,0.4447
3,226,e001,0.456
3,226,e002,0.4936
3,226,e003,0.399
3,226,e004,0.4862
3,226,e005,0.5291
3,226,e006,0.4355
3,226,e007,0.5582
3,226,e008,0.5677
3,226,e009,0.5961
3,226,e010,0.5428
3,226,e011,0.6496
3,226,e012,0.6022
3,226,e013,0.4213
3,226,e014,0.4973
3,226,e015,0.4173
3,226,e016,0.4578
3,226,e017,0.4852
3,226,e018,0.4778
3,226,e019,0.4968
3,226,e020,0.4371
3,226,e021,0.4674
3,226,e022,0.4086
3,226,e023,0.5418
3,226,e024,0.4105
3,227,e001,0.4796
3,227,e002,0.5216
3,227,e003,0.5176
3,227,e004,0.528
3,227,e005,0.4592
3,227,e006,0.4961
3,227,e007,0.665
3,227,e008,0.6799
3,227,e009,0.5723
3,227,e010,0.604
3,227,e011,0.635
3,227,e012,0.6115
3,227,e013,0.488
3,227,e014,0.4897
3,227,e015,0.4423
3,227,e016,0.491
3,227,e017,0.5202
3,227,e018,0.5256
3,227,e019,0.4166
3,227,e020,0.4547
3,227,e021,0.4141
3,227,e022,0.5474
3,227,e023,0.4534
3,227,e024,0.4917
3,228,e001,0.4761
3,228,e002,0.4257
3,228,e003,0.488
3,228,e004,0.5277
3,228,e005,0.5218
3,228,e006,0.5058
3,228,e007,0.6602
3,228,e008,0.6462
3,228,e009,0.6321
3,228,e010,0.569
3,228,e011,0.5797
3,228,e012,0.5957
3,228,e013,0.4444
3,228,e014,0.4617
3,228,e015,0.4729
3,228,e016,0.4384
3,228,e017,0.5275
3,228,e018,0.5258
3,228,e019,0.4642
3,228,e020,0.5182
3,228,e021,0.4279
3,228,e022,0.4716
3,228,e023,0.4735
3,228,e024,0.4671
3,229,e001,0.469
3,229,e002,0.4433
3,229,e003,0.4755
3,229,e004,0.4728
3,229,e005,0.4534
3,229,e006,0.4307
3,229,e007,0.5722
3,229,e008,0.5434
3,229,e009,0.5098
3,229,e010,0.5614
3,229,e011,0.5553
3,229,e012,0.6539
3,229,e013,0.3988
3,229,e014,0.426
3,229,e015,0.4804
3,229,e016,0.4744
3,229,e017,0.4659
3,229,e018,0.4627
3,229,e019,0.4081
3,229,e020,0.3969
3,229,e021,0.4732
3,229,e022,0.48
3,229,e023,0.4333
3,229,e024,0.4141
3,230,e001,0.4425
3,230,e002,0.4765
3,230,e003,0.4533
3,230,e004,0.4946
3,230,e005,0.5224
3,230,e006,0.5195
3,230,e007,0.6269
3,230,e008,0.6123
3,230,e009,0.6139
3,230,e010,0.6333
3,230,e011,0.5962
3,230,e012,0.6113
3,230,e013,0.4707
3,230,e014,0.5225
3,230,e015,0.4903
3,230,e016,0.509
3,230,e017,0.5121
3,230,e018,0.4783
3,230,e019,0.4887
3,230,e020,0.4883
3,230,e021,0.5014
3,230,e022,0.4476
3,230,e023,0.5147
3,230,e024,0.4861
3,231,e001,0.3932
3,231,e002,0.4349
3,231,e003,0.4238
3,231,e004,0.4253
3,231,e005,0.496
3,231,e006,0.4657
3,231,e007,0.5602
3,231,e008,0.5926
3,231,e009,0.5529
3,231,e010,0.6044
3,231,e011,0.6153
3,231,e012,0.6452
3,231,e013,0.4624
3,231,e014,0.4223
3,231,e015,0.4559
3,231,e016,0.448
3,231,e017,0.4762
3,231,e018,0.5146
3,231,e019,0.4744
3,231,e020,0.5153
3,231,e021,0.4918
3,231,e022,0.4508
3,231,e023,0.4243
3,231,e024,0.4448
3,232,e001,0.4719
3,232,e002,0.4521
3,232,e003,0.492
3,232,e004,0.4884
3,232,e005,0.4476
3,232,e006,0.5277
3,232,e007,0.6925
3,232,e008,0.5593
3,232,e009,0.6498
3,232,e010,0.6465
3,232,e011,0.6335
3,232,e012,0.5743
3,232,e013,0.5372
3,232,e014,0.496
3,232,e015,0.4744
3,232,e016,0.4681
3,232,e017,0.4886
3,232,e018,0.5111
3,232,e019,0.5201
3,232,e020,0.554
3,232,e021,0.543
3,232,e022,0.4433
3,232,e023,0.4742
3,232,e024,0.4654
3,233,e001,0.5574
3,233,e002,0.4875
3,233,e003,0.5194
3,233,e004,0.4703
3,233,e005,0.5747
3,233,e006,0.5019
3,233,e007,0.5809
3,233,e008,0.5911
3,233,e009,0.638
3,233,e010,0.6703
3,233,e011,0.5635
3,233,e012,0.6262
3,233,e013,0.5367
3,233,e014,0.5212
3,233,e015,0.5661
3,233,e016,0.4868
3,233,e017,0.4375
3,233,e018,0.5388
3,233,e019,0.4605
3,233,e020,0.446
3,233,e021,0.5077
3,233,e022,0.5154
3,233,e023,0.4877
3,233,e024,0.4625
3,234,e001,0.4843
3,234,e002,0.4602
3,234,e003,0.4784
3,234,e004,0.4944
3,234,e005,0.5211
3,234,e006,0.5406
3,234,e007,0.6533
3,234,e008,0.6428
3,234,e009,0.5994
3,234,e010,0.6103
3,234,e011,0.6283
3,234,e012,0.6044
3,234,e013,0.5435
3,234,e014,0.5093
3,234,e015,0.5226
3,234,e016,0.5004
3,234,e017,0.4405
3,234,e018,0.4791
3,234,e019,0.4745
3,234,e020,0.507
3,234,e021,0.5119
3,234,e022,0.5178
3,234,e023,0.4768
3,234,e024,0.4713
3,235,e001,0.5026
3,235,e002,0.4978
3,235,e003,0.4748
3,235,e004,0.4774
3,235,e005,0.5545
3,235,e006,0.5202
3,235,e007,0.6681
3,235,e008,0.6493
3,235,e009,0.6625
3,235,e010,0.6587
3,235,e011,0.6368
3,235,e012,0.6928
3,235,e013,0.5715
3,235,e014,0.5233
3,235,e015,0.5422
3,235,e016,0.4749
3,235,e017,0.5481
3,235,e018,0.5138
3,235,e019,0.5132
3,235,e020,0.5187
3,235,e021,0.5131
3,235,e022,0.4995
3,235,e023,0.5043
3,235,e024,0.508
3,236,e001,0.5022
3,236,e002,0.5083
3,236,e003,0.4194
3,236,e004,0.4767
3,236,e005,0.4326
3,236,e006,0.4759
3,236,e007,0.5918
3,236,e008,0.6413
3,236,e009,0.6203
3,236,e010,0.6213
3,236,e011,0.617
3,236,e012,0.62
3,236,e013,0.495
3,236,e014,0.4477
3,236,e015,0.4928
3,236,e016,0.4471
3,236,e017,0.4432
3,236,e018,0.5069
3,236,e019,0.4552
3,236,e020,0.4315
3,236,e021,0.4524
3,236,e022,0.4406
3,236,e023,0.504
3,236,e024,0.4465
3,237,e001,0.4305
3,237,e002,0.4594
3,237,e003,0.4858
3,237,e004,0.5124
3,237,e005,0.5049
3,237,e006,0.5215
3,237,e007,0.6299
3,237,e008,0.5612
3,237,e009,0.6152
3,237,e010,0.6039
3,237,e011,0.63
3,237,e012,0.6155
3,237,e013,0.526
3,237,e014,0.4864
3,237,e015,0.5224
3,237,e016,0.4791
3,237,e017,0.521
3,237,e018,0.504
3,237,e019,0.5126
3,237,e020,0.5359
3,237,e021,0.5299
3,237,e022,0.4921
3,237,e023,0.4799
3,237,e024,0.4386
3,238,e001,0.4485
3,238,e002,0.4798
3,238,e003,0.3997
3,238,e004,0.4246
3,238,e005,0.5241
3,238,e006,0.4198
3,238,e007,0.5608
3,238,e008,0.5333
3,238,e009,0.5791
3,238,e010,0.6016
3,238,e011,0.5756
3,238,e012,0.6177
3,238,e013,0.4139
3,238,e014,0.503
3,238,e015,0.4741
3,238,e016,0.4668
3,238,e017,0.4886
3,238,e018,0.5101
3,238,e019,0.4249
3,238,e020,0.4461
3,238,e021,0.3806
3,238,e022,0.4132
3,238,e023,0.4014
3,238,e024,0.4164
3,239,e001,0.4913
3,239,e002,0.464
3,239,e003,0.4173
3,239,e004,0.4833
3,239,e005,0.435
3,239,e006,0.4399
3,239,e007,0.6043
3,239,e008,0.5842
3,239,e009,0.6371
3,239,e010,0.5489
3,239,e011,0.5736
3,239,e012,0.5742
3,239,e013,0.4021
3,239,e014,0.4499
3,239,e015,0.4251
3,239,e016,0.5003
3,239,e017,0.4919
3,239,e018,0.4056
3,239,e019,0.4771
3,239,e020,0.4611
3,239,e021,0.4483
3,239,e022,0.4098
3,239,e023,0.4812
3,239,e024,0.462
3,240,e001,0.4271
3,240,e002,0.4412
3,240,e003,0.3916
3,240,e004,0.4962
3,240,e005,0.4885
3,240,e006,0.4906
3,240,e007,0.6253
3,240,e008,0.6282
3,240,e009,0.6095
3,240,e010,0.6367
3,240,e011,0.6344
3,240,e012,0.6346
3,240,e013,0.4298
3,240,e014,0.4425
3,240,e015,0.4644
3,240,e016,0.4643
3,240,e017,0.5149
3,240,e018,0.4924
3,240,e019,0.4344
3,240,e020,0.5047
3,240,e021,0.439
3,240,e022,0.4404
3,240,e023,0.5188
3,240,e024,0.4536
3,241,e001,0.4107
3,241,e002,0.4177
3,241,e003,0.4384
3,241,e004,0.4207
3,241,e005,0.5014
3,241,e006,0.4906
3,241,e007,0.6457
3,241,e008,0.6084
3,241,e009,0.5291
3,241,e010,0.6122
3,241,e011,0.5409
3,241,e012,0.5481
3,241,e013,0.42
3,241,e014,0.4014
3,241,e015,0.4139
3,241,e016,0.4113
3,241,e017,0.5072
3,241,e018,0.4886
3,241,e019,0.4469
3,241,e020,0.4749
3,241,e021,0.4493
3,241,e022,0.4774
3,241,e023,0.4977
3,241,e024,0.4585
3,242,e001,0.526
3,242,e002,0.4174
3,242,e003,0.4808
3,242,e004,0.4507
3,242,e005,0.4234
3,242,e006,0.415
3,242,e007,0.5593
3,242,e008,0.5992
3,242,e009,0.6059
3,242,e010,0.5823
3,242,e011,0.6044
3,242,e012,0.5288
3,242,e013,0.4413
3,242,e014,0.4404
3,242,e015,0.4965
3,242,e016,0.5007
3,242,e017,0.4936
3,242,e018,0.4855
3,242,e019,0.4212
3,242,e020,0.4447
3,242,e021,0.429
3,242,e022,0.477
3,242,e023,0.422
3,242,e024,0.4695
3,243,e001,0.4704
3,243,e002,0.4921
3,243,e003,0.5023
3,243,e004,0.5509
3,243,e005,0.4949
3,243,e006,0.4524
3,243,e007,0.6483
3,243,e008,0.5984
3,243,e009,0.6434
3,243,e010,0.565
3,243,e011,0.6399
3,243,e012,0.6218
3,243,e013,0.4997
3,243,e014,0.4426
3,243,e015,0.517
3,243,e016,0.5083
3,243,e017,0.4791
3,243,e018,0.4598
3,243,e019,0.471
3,243,e020,0.5126
3,243,e021,0.512
3,243,e022,0.5018
3,243,e023,0.4685
3,243,e024,0.5145
3,244,e001,0.5151
3,244,e002,0.4505
3,244,e003,0.4466
3,244,e004,0.4359
3,244,e005,0.4712
3,244,e006,0.4641
3,244,e007,0.6082
3,244,e008,0.655
3,244,e009,0.652
3,244,e010,0.6492
3,244,e011,0.6447
3,244,e012,0.6144
3,244,e013,0.5009
3,244,e014,0.5268
3,244,e015,0.5089
3,244,e016,0.481
3,244,e017,0.4781
3,244,e018,0.4869
3,244,e019,0.4242
3,244,e020,0.4721
3,244,e021,0.4664
3,244,e022,0.4805
3,244,e023,0.5303
3,244,e024,0.5082
3,245,e001,0.4904
3,245,e002,0.4799
3,245,e003,0.4464
3,245,e004,0.4407
3,245,e005,0.4369
3,245,e006,0.462
3,245,e007,0.6855
3,245,e008,0.6125
3,245,e009,0.6435
3,245,e010,0.6233
3,245,e011,0.6344
3,245,e012,0.6493
3,245,e013,0.4434
3,245,e014,0.4478
3,245,e015,0.4773
3,245,e016,0.4628
3,245,e017,0.4333
3,245,e018,0.4361
3,245,e019,0.5281
3,245,e020,0.4491
3,245,e021,0.4883
3,245,e022,0.5217
3,245,e023,0.4443
3,245,e024,0.4739
3,246,e001,0.4682
3,246,e002,0.4454
3,246,e003,0.4567
3,246,e004,0.471
3,246,e005,0.4004
3,246,e006,0.4684
3,246,e007,0.634
3,246,e008,0.5631
3,246,e009,0.579
3,246,e010,0.6389
3,246,e011,0.5768
3,246,e012,0.5703
3,246,e013,0.4725
3,246,e014,0.4671
3,246,e015,0.4322
3,246,e016,0.4848
3,246,e017,0.4655
3,246,e018,0.4161
3,246,e019,0.4466
3,246,e020,0.4271
3,246,e021,0.3894
3,246,e022,0.4722
3,246,e023,0.4383
3,246,e024,0.4662
3,247,e001,0.4884
3,247,e002,0.5129
3,247,e003,0.5158
3,247,e004,0.4917
3,247,e005,0.4675
3,247,e006,0.4641
3,247,e007,0.6352
3,247,e008,0.6458
3,247,e009,0.6014
3,247,e010,0.5986
3,247,e011,0.5726
3,247,e012,0.5937
3,247,e013,0.4811
3,247,e014,0.4815
3,247,e015,0.4807
3,247,e016,0.4898
3,247,e017,0.4326
3,247,e018,0.477
3,247,e019,0.4496
3,247,e020,0.4679
3,247,e021,0.4323
3,247,e022,0.4459
3,247,e023,0.4745
3,247,e024,0.4757
3,248,e001,0.4599
3,248,e002,0.491
3,248,e003,0.4217
3,248,e004,0.4712
3,248,e005,0.4582
3,248,e006,0.4081
3,248,e007,0.5413
3,248,e008,0.5826
3,248,e009,0.5866
3,248,e010,0.5988
3,248,e011,0.5644
3,248,e012,0.5605
3,248,e013,0.4622
3,248,e014,0.4725
3,248,e015,0.4378
3,248,e016,0.3893
3,248,e017,0.4499
3,248,e018,0.4299
3,248,e019,0.4056
3,248,e020,0.4974
3,248,e021,0.408
3,248,e022,0.438
3,248,e023,0.3852
3,248,e024,0.4396
3,249,e001,0.3959
3,249,e002,0.4267
3,249,e003,0.4812
3,249,e004,0.4207
3,249,e005,0.4826
3,249,e006,0.4176
3,249,e007,0.611
3,249,e008,0.5929
3,249,e009,0.6236
3,249,e010,0.6209
3,249,e011,0.5801
3,249,e012,0.5761
3,249,e013,0.4212
3,249,e014,0.4795
3,249,e015,0.4818
3,249,e016,0.466
3,249,e017,0.4698
3,249,e018,0.4678
3,249,e019,0.4569
3,249,e020,0.4979
3,249,e021,0.4155
3,249,e022,0.5105
3,249,e023,0.4926
3,249,e024,0.4929
3,250,e001,0.4345
3,250,e002,0.4582
3,250,e003,0.4219
3,250,e004,0.4703
3,250,e005,0.4867
3,250,e006,0.4635
3,250,e007,0.6065
3,250,e008,0.631
3,250,e009,0.6206
3,250,e010,0.6075
3,250,e011,0.6231
3,250,e012,0.5946
3,250,e013,0.4108
3,250,e014,0.4334
3,250,e015,0.4191
3,250,e016,0.4422
3,250,e017,0.4873
3,250,e018,0.4073
3,250,e019,0.417
3,250,e020,0.498
3,250,e021,0.4616
3,250,e022,0.4402
3,250,e023,0.4594
3,250,e024,0.4935
3,251,e001,0.4523
3,251,e002,0.4555
3,251,e003,0.4287
3,251,e004,0.4694
3,251,e005,0.4566
3,251,e006,0.4051
3,251,e007,0.5158
3,251,e008,0.5649
3,251,e009,0.562
3,251,e010,0.6474
3,251,e011,0.5957
3,251,e012,0.5293
3,251,e013,0.4161
3,251,e014,0.46
3,251,e015,0.4217
3,251,e016,0.4502
3,251,e017,0.3777
3,251,e018,0.4445
3,251,e019,0.4555
3,251,e020,0.4396
3,251,e021,0.4566
3,251,e022,0.5034
3,251,e023,0.4746
3,251,e024,0.4612
3,252,e001,0.4767
3,252,e002,0.382
3,252,e003,0.4115
3,252,e004,0.4189
3,252,e005,0.4587
3,252,e006,0.4367
3,252,e007,0.5641
3,252,e008,0.5546
3,252,e009,0.5354
3,252,e010,0.5764
3,252,e011,0.5452
3,252,e012,0.5744
3,252,e013,0.4415
3,252,e014,0.4675
3,252,e015,0.3989
3,252,e016,0.4305
3,252,e017,0.4978
3,252,e018,0.4369
3,252,e019,0.4771
3,252,e020,0.4261
3,252,e021,0.4514
3,252,e022,0.4339
3,252,e023,0.4088
3,252,e024,0.4329
3,253,e001,0.4695
3,253,e002,0.4974
3,253,e003,0.4385
3,253,e004,0.4821
3,253,e005,0.4775
3,253,e006,0.4791
3,253,e007,0.6207
3,253,e008,0.5595
3,253,e009,0.5687
3,253,e010,0.5875
3,253,e011,0.6018
3,253,e012,0.5481
3,253,e013,0.5113
3,253,e014,0.5094
3,253,e015,0.473
3,253,e016,0.4433
3,253,e017,0.4481
3,253,e018,0.4789
3,253,e019,0.4992
3,253,e020,0.4392
3,253,e021,0.4642
3,253,e022,0.4866
3,253,e023,0.4399
3,253,e024,0.446
3,254,e001,0.4767
3,254,e002,0.4439
3,254,e003,0.4815
3,254,e004,0.3889
3,254,e005,0.4952
3,254,e006,0.4353
3,254,e007,0.5547
3,254,e008,0.5534
3,254,e009,0.5137
3,254,e010,0.6117
3,254,e011,0.5606
3,254,e012,0.5387
3,254,e013,0.4037
3,254,e014,0.4576
3,254,e015,0.4705
3,254,e016,0.457
3,254,e017,0.4737
3,254,e018,0.3964
3,254,e019,0.4797
3,254,e020,0.4291
3,254,e021,0.379
3,254,e022,0.4273
3,254,e023,0.4572
3,254,e024,0.5014
3,255,e001,0.5022
3,255,e002,0.4913
3,255,e003,0.4609
3,255,e004,0.4511
3,255,e005,0.4059
3,255,e006,0.5089
3,255,e007,0.6012
3,255,e008,0.6147
3,255,e009,0.6014
3,255,e010,0.5791
3,255,e011,0.6438
3,255,e012,0.5564
3,255,e013,0.477
3,255,e014,0.4893
3,255,e015,0.4348
3,255,e016,0.4561
3,255,e017,0.4139
3,255,e018,0.4955
3,255,e019,0.4258
3,255,e020,0.4747
3,255,e021,0.4407
3,255,e022,0.4442
3,255,e023,0.413
3,255,e024,0.44
3,256,e001,0.435
3,256,e002,0.4287
3,256,e003,0.4232
3,256,e004,0.3637
3,256,e005,0.4295
3,256,e006,0.4185
3,256,e007,0.5997
3,256,e008,0.5473
3,256,e009,0.5558
3,256,e010,0.5564
3,256,e011,0.5409
3,256,e012,0.5789
3,256,e013,0.4206
3,256,e014,0.3771
3,256,e015,0.4226
3,256,e016,0.379
3,256,e017,0.43
3,256,e018,0.3666
3,256,e019,0.3662
3,256,e020,0.4339
3,256,e021,0.4534
3,256,e022,0.363
3,256,e023,0.4438
3,256,e024,0.3798
3,257,e001,0.496
3,257,e002,0.4212
3,257,e003,0.4888
3,257,e004,0.4448
3,257,e005,0.463
3,257,e006,0.4118
3,257,e007,0.556
3,257,e008,0.6002
3,257,e009,0.584
3,257,e010,0.5257
3,257,e011,0.5298
3,257,e012,0.5525
3,257,e013,0.4389
3,257,e014,0.4624
3,257,e015,0.4614
3,257,e016,0.4649
3,257,e017,0.3863
3,257,e018,0.4609
3,257,e019,0.4897
3,257,e020,0.3962
3,257,e021,0.4341
3,257,e022,0.4247
3,257,e023,0.5161
3,257,e024,0.4832
3,258,e001,0.4442
3,258,e002,0.4113
3,258,e003,0.4485
3,258,e004,0.4461
3,258,e005,0.4253
3,258,e006,0.4226
3,258,e007,0.5307
3,258,e008,0.5999
3,258,e009,0.5751
3,258,e010,0.5784
3,258,e011,0.5634
3,258,e012,0.5138
3,258,e013,0.4095
3,258,e014,0.4477
3,258,e015,0.3819
3,258,e016,0.3949
3,258,e017,0.4922
3,258,e018,0.4007
3,258,e019,0.4625
3,258,e020,0.4189
3,258,e021,0.3776
3,258,e022,0.3846
3,258,e023,0.44
3,258,e024,0.4048
3,259,e001,0.4163
3,259,e002,0.4586
3,259,e003,0.4069
3,259,e004,0.3864
3,259,e005,0.4514
3,259,e006,0.3619
3,259,e007,0.5752
3,259,e008,0.5737
3,259,e009,0.561
3,259,e010,0.5349
3,259,e011,0.5144
3,259,e012,0.5485
3,259,e013,0.4287
3,259,e014,0.4157
3,259,e015,0.454
3,259,e016,0.4636
3,259,e017,0.426
3,259,e018,0.4458
3,259,e019,0.4078
3,259,e020,0.424
3,259,e021,0.3446
3,259,e022,0.4768
3,259,e023,0.375
3,259,e024,0.429
3,260,e001,0.3757
3,260,e002,0.4296
3,260,e003,0.3623
3,260,e004,0.4441
3,260,e005,0.3965
3,260,e006,0.4449
3,260,e007,0.5247
3,260,e008,0.5474
3,260,e009,0.4815
3,260,e010,0.5555
3,260,e011,0.5605
3,260,e012,0.5795
3,260,e013,0.3932
3,260,e014,0.3662
3,260,e015,0.4051
3,260,e016,0.4147
3,260,e017,0.3963
3,260,e018,0.3807
3,260,e019,0.3838
3,260,e020,0.3726
3,260,e021,0.435
3,260,e022,0.3715
3,260,e023,0.4335
3,260,e024,0.3945
3,261,e001,0.3778
3,261,e002,0.39
3,261,e003,0.3984
3,261,e004,0.391
3,261,e005,0.3879
3,261,e006,0.4172
3,261,e007,0.5096
3,261,e008,0.5084
3,261,e009,0.5502
3,261,e010,0.5413
3,261,e011,0.4855
3,261,e012,0.5668
3,261,e013,0.3797
3,261,e014,0.4123
3,261,e015,0.393
3,261,e016,0.3572
3,261,e017,0.3862
3,261,e018,0.3995
3,261,e019,0.355
3,261,e020,0.4414
3,261,e021,0.3668
3,261,e022,0.4265
3,261,e023,0.4057
3,261,e024,0.4074
3,262,e001,0.3954
3,262,e002,0.3796
3,262,e003,0.4198
3,262,e004,0.4524
3,262,e005,0.4046
3,262,e006,0.4328
3,262,e007,0.5615
3,262,e008,0.5308
3,262,e009,0.5652
3,262,e010,0.5265
3,262,e011,0.5479
3,262,e012,0.5046
3,262,e013,0.4724
3,262,e014,0.3955
3,262,e015,0.4234
3,262,e016,0.4054
3,262,e017,0.3695
3,262,e018,0.4125
3,262,e019,0.4467
3,262,e020,0.3853
3,262,e021,0.3862
3,262,e022,0.3813
3,262,e023,0.4431
3,262,e024,0.4386
3,263,e001,0.3658
3,263,e002,0.3897
3,263,e003,0.3392
3,263,e004,0.3586
3,263,e005,0.4242
3,263,e006,0.3412
3,263,e007,0.5369
3,263,e008,0.4866
3,263,e009,0.4903
3,263,e010,0.4629
3,263,e011,0.4971
3,263,e012,0.529
3,263,e013,0.3715
3,263,e014,0.4158
3,263,e015,0.3852
3,263,e016,0.3976
3,263,e017,0.3475
3,263,e018,0.3406
3,263,e019,0.3462
3,263,e020,0.4129
3,263,e021,0.3978
3,263,e022,0.3369
3,263,e023,0.382
3,263,e024,0.3559
3,264,e001,0.4391
3,264,e002,0.4419
3,264,e003,0.3744
3,264,e004,0.3865
3,264,e005,0.4017
3,264,e006,0.4225
3,264,e007,0.5583
3,264,e008,0.5578
3,264,e009,0.5793
3,264,e010,0.5282
3,264,e011,0.5285
3,264,e012,0.5865
3,264,e013,0.437
3,264,e014,0.4793
3,264,e015,0.3854
3,264,e016,0.4593
3,264,e017,0.4032
3,264,e018,0.3901
3,264,e019,0.4687
3,264,e020,0.3969
3,264,e021,0.3763
3,264,e022,0.4777
3,264,e023,0.3738
3,264,e024,0.4021
3,265,e001,0.4698
3,265,e002,0.3963
3,265,e003,0.4825
3,265,e004,0.4154
3,265,e005,0.3784
3,265,e006,0.4069
3,265,e007,0.5165
3,265,e008,0.5401
3,265,e009,0.5586
3,265,e010,0.5232
3,265,e011,0.5747
3,265,e012,0.5484
3,265,e013,0.4571
3,265,e014,0.4542
3,265,e015,0.4484
3,265,e016,0.42
3,265,e017,0.4621
3,265,e018,0.4519
3,265,e019,0.4596
3,265,e020,0.4343
3,265,e021,0.4078
3,265,e022,0.4463
3,265,e023,0.3965
3,265,e024,0.4171
3,266,e001,0.3386
3,266,e002,0.4016
3,266,e003,0.4187
3,266,e004,0.3536
3,266,e005,0.3027
3,266,e006,0.3769
3,266,e007,0.4592
3,266,e008,0.4639
3,266,e009,0.4864
3,266,e010,0.5148
3,266,e011,0.4546
3,266,e012,0.4966
3,266,e013,0.3297
3,266,e014,0.3518
3,266,e015,0.3698
3,266,e016,0.3813
3,266,e017,0.3519
3,266,e018,0.3725
3,266,e019,0.287
3,266,e020,0.4085
3,266,e021,0.4264
3,266,e022,0.3565
3,266,e023,0.4003
3,266,e024,0.3493
3,267,e001,0.3659
3,267,e002,0.4014
3,267,e003,0.3643
3,267,e004,0.3847
3,267,e005,0.3511
3,267,e006,0.3776
3,267,e007,0.5425
3,267,e008,0.4831
3,267,e009,0.4693
3,267,e010,0.5312
3,267,e011,0.4699
3,267,e012,0.525
3,267,e013,0.3373
3,267,e014,0.3966
3,267,e015,0.3682
3,267,e016,0.359
3,267,e017,0.3205
3,267,e018,0.3576
3,267,e019,0.3882
3,267,e020,0.387
3,267,e021,0.378
3,267,e022,0.3721
3,267,e023,0.4282
3,267,e024,0.3757
3,268,e001,0.4249
3,268,e002,0.4259
3,268,e003,0.429
3,268,e004,0.4679
3,268,e005,0.4866
3,268,e006,0.416
3,268,e007,0.5219
3,268,e008,0.5091
3,268,e009,0.531
3,268,e010,0.5779
3,268,e011,0.5408
3,268,e012,0.5689
3,268,e013,0.42
3,268,e014,0.4155
3,268,e015,0.4554
3,268,e016,0.4584
3,268,e017,0.4865
3,268,e018,0.4245
3,268,e019,0.4153
3,268,e020,0.4449
3,268,e021,0.4826
3,268,e022,0.3765
3,268,e023,0.4461
3,268,e024,0.4428
3,269,e001,0.4658
3,269,e002,0.4197
3,269,e003,0.4972
3,269,e004,0.4248
3,269,e005,0.3752
3,269,e006,0.4194
3,269,e007,0.5575
3,269,e008,0.5396
3,269,e009,0.5597
3,269,e010,0.567
3,269,e011,0.5161
3,269,e012,0.5738
3,269,e013,0.3967
3,269,e014,0.4051
3,269,e015,0.4086
3,269,e016,0.3688
3,269,e017,0.4103
3,269,e018,0.3887
3,269,e019,0.3739
3,269,e020,0.414
3,269,e021,0.4227
3,269,e022,0.4262
3,269,e023,0.4163
3,269,e024,0.3781
3,270,e001,0.3892
3,270,e002,0.386
3,270,e003,0.3893
3,270,e004,0.41
3,270,e005,0.4301
3,270,e006,0.4153
3,270,e007,0.4176
3,270,e008,0.3648
3,270,e009,0.4433
3,270,e010,0.3768
3,270,e011,0.3722
3,270,e012,0.3826
3,270,e013,0.438
3,270,e014,0.4404
3,270,e015,0.3774
3,270,e016,0.4223
3,270,e017,0.4424
3,270,e018,0.3781
3,270,e019,0.393
3,270,e020,0.3558
3,270,e021,0.3821
3,270,e022,0.4325
3,270,e023,0.3728
3,270,e024,0.3901
3,271,e001,0.483
3,271,e002,0.4088
3,271,e003,0.435
3,271,e004,0.4485
3,271,e005,0.3796
3,271,e006,0.3611
3,271,e007,0.4127
3,271,e008,0.4971
3,271,e009,0.506
3,271,e010,0.4586
3,271,e011,0.4571
3,271,e012,0.4496
3,271,e013,0.4054
3,271,e014,0.475
3,271,e015,0.4391
3,271,e016,0.4497
3,271,e017,0.4616
3,271,e018,0.46
3,271,e019,0.397
3,271,e020,0.37
3,271,e021,0.4085
3,271,e022,0.4695
3,271,e023,0.4068
3,271,e024,0.4188
3,272,e001,0.328
3,272,e002,0.3226
3,272,e003,0.3246
3,272,e004,0.3969
3,272,e005,0.418
3,272,e006,0.3641
3,272,e007,0.3833
3,272,e008,0.42
3,272,e009,0.3595
3,272,e010,0.3657
3,272,e011,0.3944
3,272,e012,0.3957
3,272,e013,0.3813
3,272,e014,0.4432
3,272,e015,0.3455
3,272,e016,0.4036
3,272,e017,0.3414
3,272,e018,0.346
3,272,e019,0.4146
3,272,e020,0.3795
3,272,e021,0.4179
3,272,e022,0.3479
3,272,e023,0.3909
3,272,e024,0.352
3,273,e001,0.3927
3,273,e002,0.4228
3,273,e003,0.3723
3,273,e004,0.3571
3,273,e005,0.3549
3,273,e006,0.389
3,273,e007,0.3721
3,273,e008,0.4364
3,273,e009,0.4061
3,273,e010,0.39
3,273,e011,0.4417
3,273,e012,0.387
3,273,e013,0.4248
3,273,e014,0.3775
3,273,e015,0.3639
3,273,e016,0.469
3,273,e017,0.3785
3,273,e018,0.4183
3,273,e019,0.391
3,273,e020,0.4204
3,273,e021,0.4074
3,273,e022,0.3551
3,273,e023,0.3873
3,273,e024,0.4068
3,274,e001,0.4078
3,274,e002,0.4241
3,274,e003,0.4543
3,274,e004,0.4474
3,274,e005,0.3931
3,274,e006,0.4299
3,274,e007,0.444
3,274,e008,0.3835
3,274,e009,0.4418
3,274,e010,0.4252
3,274,e011,0.3655
3,274,e012,0.4049
3,274,e013,0.3718
3,274,e014,0.4455
3,274,e015,0.4003
3,274,e016,0.3858
3,274,e017,0.4059
3,274,e018,0.3693
3,274,e019,0.4536
3,274,e020,0.3958
3,274,e021,0.4176
3,274,e022,0.378
3,274,e023,0.4648
3,274,e024,0.4561
3,275,e001,0.384
3,275,e002,0.3862
3,275,e003,0.3587
3,275,e004,0.4001
3,275,e005,0.3829
3,275,e006,0.3619
3,275,e007,0.3293
3,275,e008,0.3582
3,275,e009,0.3891
3,275,e010,0.4068
3,275,e011,0.3823
3,275,e012,0.387
3,275,e013,0.3795
3,275,e014,0.3938
3,275,e015,0.3803
3,275,e016,0.4046
3,275,e017,0.4259
3,275,e018,0.3764
3,275,e019,0.3234
3,275,e020,0.4114
3,275,e021,0.3306
3,275,e022,0.3869
3,275,e023,0.3854
3,275,e024,0.3766
3,276,e001,0.4282
3,276,e002,0.3949
3,276,e003,0.3682
3,276,e004,0.4449
3,276,e005,0.443
3,276,e006,0.4318
3,276,e007,0.4299
3,276,e008,0.4554
3,276,e009,0.3572
3,276,e010,0.4427
3,276,e011,0.4706
3,276,e012,0.4428
3,276,e013,0.3787
3,276,e014,0.4123
3,276,e015,0.4593
3,276,e016,0.3556
3,276,e017,0.4021
3,276,e018,0.3914
3,276,e019,0.375
3,276,e020,0.4657
3,276,e021,0.4143
3,276,e022,0.441
3,276,e023,0.4248
3,276,e024,0.4473
3,277,e001,0.3357
3,277,e002,0.4466
3,277,e003,0.4395
3,277,e004,0.3666
3,277,e005,0.3592
3,277,e006,0.3807
3,277,e007,0.409
3,277,e008,0.4373
3,277,e009,0.3901
3,277,e010,0.343
3,277,e011,0.4206
3,277,e012,0.3785
3,277,e013,0.4253
3,277,e014,0.339
3,277,e015,0.4026
3,277,e016,0.3677
3,277,e017,0.4142
3,277,e018,0.3784
3,277,e019,0.4216
3,277,e020,0.4057
3,277,e021,0.415
3,277,e022,0.373
3,277,e023,0.3959
3,277,e024,0.4427
3,278,e001,0.3755
3,278,e002,0.3876
3,278,e003,0.3048
3,278,e004,0.3031
3,278,e005,0.338
3,278,e006,0.3956
3,278,e007,0.2998
3,278,e008,0.3389
3,278,e009,0.4138
3,278,e010,0.3316
3,278,e011,0.3958
3,278,e012,0.3641
3,278,e013,0.3133
3,278,e014,0.3753
3,278,e015,0.3477
3,278,e016,0.3833
3,278,e017,0.3581
3,278,e018,0.3019
3,278,e019,0.3347
3,278,e020,0.3731
3,278,e021,0.3737
3,278,e022,0.3531
3,278,e023,0.3495
3,278,e024,0.3944
3,279,e001,0.4387
3,279,e002,0.4289
3,279,e003,0.3294
3,279,e004,0.3764
3,279,e005,0.4307
3,279,e006,0.3799
3,279,e007,0.4343
3,279,e008,0.4244
3,279,e009,0.4161
3,279,e010,0.4345
3,279,e011,0.464
3,279,e012,0.3675
3,279,e013,0.3552
3,279,e014,0.4224
3,279,e015,0.4703
3,279,e016,0.4495
3,279,e017,0.469
3,279,e018,0.3291
3,279,e019,0.4202
3,279,e020,0.4467
3,279,e021,0.4016
3,279,e022,0.377
3,279,e023,0.4083
3,279,e024,0.4155
3,280,e001,0.4102
3,280,e002,0.3887
3,280,e003,0.3689
3,280,e004,0.3969
3,280,e005,0.4383
3,280,e006,0.3647
3,280,e007,0.3453
3,280,e008,0.4065
3,280,e009,0.3454
3,280,e010,0.3743
3,280,e011,0.3668
3,280,e012,0.419
3,280,e013,0.3729
3,280,e014,0.4013
3,280,e015,0.4012
3,280,e016,0.3997
3,280,e017,0.3589
3,280,e018,0.3964
3,280,e019,0.3409
3,280,e020,0.3873
3,280,e021,0.4074
3,280,e022,0.3594
3,280,e023,0.3944
3,280,e024,0.3601
3,281,e001,0.3629
3,281,e002,0.3923
3,281,e003,0.3633
3,281,e004,0.3473
3,281,e005,0.3998
3,281,e006,0.3589
3,281,e007,0.3457
3,281,e008,0.4122
3,281,e009,0.3788
3,281,e010,0.3947
3,281,e011,0.2984
3,281,e012,0.3417
3,281,e013,0.4109
3,281,e014,0.3722
3,281,e015,0.3403
3,281,e016,0.4352
3,281,e017,0.3326
3,281,e018,0.3526
3,281,e019,0.3288
3,281,e020,0.3828
3,281,e021,0.3864
3,281,e022,0.4089
3,281,e023,0.4168
3,281,e024,0.358
3,282,e001,0.3478
3,282,e002,0.3503
3,282,e003,0.3715
3,282,e004,0.3895
3,282,e005,0.4149
3,282,e006,0.3671
3,282,e007,0.3891
3,282,e008,0.3923
3,282,e009,0.3526
3,282,e010,0.3611
3,282,e011,0.325
3,282,e012,0.3507
3,282,e013,0.3133
3,282,e014,0.3601
3,282,e015,0.4132
3,282,e016,0.3992
3,282,e017,0.4214
3,282,e018,0.3707
3,282,e019,0.3669
3,282,e020,0.3696
3,282,e021,0.4012
3,282,e022,0.4297
3,282,e023,0.384
3,282,e024,0.3158
3,283,e001,0.3427
3,283,e002,0.3355
3,283,e003,0.4106
3,283,e004,0.4024
3,283,e005,0.3346
3,283,e006,0.3483
3,283,e007,0.3271
3,283,e008,0.3748
3,283,e009,0.3936
3,283,e010,0.3722
3,283,e011,0.3632
3,283,e012,0.3175
3,283,e013,0.3484
3,283,e014,0.3178
3,283,e015,0.3396
3,283,e016,0.3529
3,283,e017,0.3833
3,283,e018,0.3702
3,283,e019,0.307
3,283,e020,0.3706
3,283,e021,0.3794
3,283,e022,0.4283
3,283,e023,0.3233
3,283,e024,0.3754
3,284,e001,0.3785
3,284,e002,0.3412
3,284,e003,0.3383
3,284,e004,0.3106
3,284,e005,0.3102
3,284,e006,0.3286
3,284,e007,0.4028
3,284,e008,0.3833
3,284,e009,0.4152
3,284,e010,0.3292
3,284,e011,0.3495
3,284,e012,0.3759
3,284,e013,0.3453
3,284,e014,0.3238
3,284,e015,0.4002
3,284,e016,0.3919
3,284,e017,0.3942
3,284,e018,0.3715
3,284,e019,0.3262
3,284,e020,0.3905
3,284,e021,0.3389
3,284,e022,0.3815
3,284,e023,0.378
3,284,e024,0.3514
3,285,e001,0.3558
3,285,e002,0.3681
3,285,e003,0.3253
3,285,e004,0.3501
3,285,e005,0.3341
3,285,e006,0.3775
3,285,e007,0.4041
3,285,e008,0.3372
3,285,e009,0.3705
3,285,e010,0.3427
3,285,e011,0.3484
3,285,e012,0.3096
3,285,e013,0.3797
3,285,e014,0.3603
3,285,e015,0.3792
3,285,e016,0.3444
3,285,e017,0.3098
3,285,e018,0.3351
3,285,e019,0.3683
3,285,e020,0.3217
3,285,e021,0.3393
3,285,e022,0.328
3,285,e023,0.3213
3,285,e024,0.3635
3,286,e001,0.3543
3,286,e002,0.3443
3,286,e003,0.3276
3,286,e004,0.3181
3,286,e005,0.3393
3,286,e006,0.3659
3,286,e007,0.3664
3,286,e008,0.3757
3,286,e009,0.3468
3,286,e010,0.3307
3,286,e011,0.3356
3,286,e012,0.378
3,286,e013,0.3347
3,286,e014,0.3647
3,286,e015,0.3582
3,286,e016,0.3473
3,286,e017,0.367
3,286,e018,0.3453
3,286,e019,0.3933
3,286,e020,0.4072
3,286,e021,0.3596
3,286,e022,0.3236
3,286,e023,0.338
3,286,e024,0.3808
3,287,e001,0.3127
3,287,e002,0.3858
3,287,e003,0.3112
3,287,e004,0.3705
3,287,e005,0.363
3,287,e006,0.3496
3,287,e007,0.3695
3,287,e008,0.3862
3,287,e009,0.3425
3,287,e010,0.3415
3,287,e011,0.3791
3,287,e012,0.2808
3,287,e013,0.3707
3,287,e014,0.3816
3,287,e015,0.3391
3,287,e016,0.3725
3,287,e017,0.3726
3,287,e018,0.3548
3,287,e019,0.31
3,287,e020,0.2963
3,287,e021,0.4032
3,287,e022,0.3211
3,287,e023,0.3708
3,287,e024,0.3868
3,288,e001,0.3813
3,288,e002,0.2774
3,288,e003,0.3635
3,288,e004,0.3268
3,288,e005,0.3267
3,288,e006,0.3293
3,288,e007,0.3771
3,288,e008,0.3067
3,288,e009,0.3276
3,288,e010,0.3455
3,288,e011,0.3121
3,288,e012,0.3571
3,288,e013,0.3784
3,288,e014,0.298
3,288,e015,0.2857
3,288,e016,0.3441
3,288,e017,0.3188
3,288,e018,0.3615
3,288,e019,0.3525
3,288,e020,0.3509
3,288,e021,0.2813
3,288,e022,0.3686
3,288,e023,0.2932
3,288,e024,0.3138
3,289,e001,0.3016
3,289,e002,0.3829
3,289,e003,0.3332
3,289,e004,0.4142
3,289,e005,0.3512
3,289,e006,0.3504
3,289,e007,0.334
3,289,e008,0.3539
3,289,e009,0.3639
3,289,e010,0.4235
3,289,e011,0.3928
3,289,e012,0.3758
3,289,e013,0.3756
3,289,e014,0.328
3,289,e015,0.3372
3,289,e016,0.3378
3,289,e017,0.4009
3,289,e018,0.3613
3,289,e019,0.4001
3,289,e020,0.4058
3,289,e021,0.3833
3,289,e022,0.3627
3,289,e023,0.3339
3,289,e024,0.3566
3,290,e001,0.3444
3,290,e002,0.4035
3,290,e003,0.3197
3,290,e004,0.3563
3,290,e005,0.3854
3,290,e006,0.3059
3,290,e007,0.3574
3,290,e008,0.3648
3,290,e009,0.3735
3,290,e010,0.364
3,290,e011,0.3524
3,290,e012,0.3426
3,290,e013,0.4025
3,290,e014,0.4136
3,290,e015,0.3605
3,290,e016,0.3849
3,290,e017,0.3745
3,290,e018,0.3676
3,290,e019,0.3982
3,290,e020,0.3822
3,290,e021,0.362
3,290,e022,0.4311
3,290,e023,0.4056
3,290,e024,0.4157
3,291,e001,0.2524
3,291,e002,0.392
3,291,e003,0.3745
3,291,e004,0.344
3,291,e005,0.3136
3,291,e006,0.3641
3,291,e007,0.3077
3,291,e008,0.286
3,291,e009,0.3505
3,291,e010,0.2993
3,291,e011,0.3538
3,291,e012,0.3046
3,291,e013,0.2863
3,291,e014,0.3066
3,291,e015,0.3814
3,291,e016,0.3712
3,291,e017,0.363
3,291,e018,0.3733
3,291,e019,0.2917
3,291,e020,0.2871
3,291,e021,0.3028
3,291,e022,0.2747
3,291,e023,0.2825
3,291,e024,0.3897
3,292,e001,0.3635
3,292,e002,0.2839
3,292,e003,0.3994
3,292,e004,0.381
3,292,e005,0.3929
3,292,e006,0.3102
3,292,e007,0.3666
3,292,e008,0.3458
3,292,e009,0.3162
3,292,e010,0.3906
3,292,e011,0.3706
3,292,e012,0.3938
3,292,e013,0.2878
3,292,e014,0.3385
3,292,e015,0.3347
3,292,e016,0.3669
3,292,e017,0.2875
3,292,e018,0.3186
3,292,e019,0.3317
3,292,e020,0.3561
3,292,e021,0.2894
3,292,e022,0.3972
3,292,e023,0.3631
3,292,e024,0.326
3,293,e001,0.2955
3,293,e002,0.3511
3,293,e003,0.3526
3,293,e004,0.3183
3,293,e005,0.273
3,293,e006,0.3477
3,293,e007,0.3334
3,293,e008,0.3522
3,293,e009,0.3207
3,293,e010,0.3281
3,293,e011,0.3208
3,293,e012,0.3248
3,293,e013,0.2716
3,293,e014,0.351
3,293,e015,0.3261
3,293,e016,0.3026
3,293,e017,0.2493
3,293,e018,0.3132
3,293,e019,0.3284
3,293,e020,0.3517
3,293,e021,0.2931
3,293,e022,0.3546
3,293,e023,0.3332
3,293,e024,0.2963
3,294,e001,0.3277
3,294,e002,0.3386
3,294,e003,0.3546
3,294,e004,0.3228
3,294,e005,0.3637
3,294,e006,0.3203
3,294,e007,0.3046
3,294,e008,0.3223
3,294,e009,0.4118
3,294,e010,0.358
3,294,e011,0.3956
3,294,e012,0.3078
3,294,e013,0.3558
3,294,e014,0.2938
3,294,e015,0.3688
3,294,e016,0.3126
3,294,e017,0.3858
3,294,e018,0.328
3,294,e019,0.3411
3,294,e020,0.3698
3,294,e021,0.3784
3,294,e022,0.3249
3,294,e023,0.3139
3,294,e024,0.3588
3,295,e001,0.3436
3,295,e002,0.3283
3,295,e003,0.2989
3,295,e004,0.2657
3,295,e005,0.3043
3,295,e006,0.2842
3,295,e007,0.3079
3,295,e008,0.3408
3,295,e009,0.3487
3,295,e010,0.3399
3,295,e011,0.323
3,295,e012,0.3758
3,295,e013,0.3255
3,295,e014,0.3019
3,295,e015,0.3543
3,295,e016,0.3483
3,295,e017,0.3448
3,295,e018,0.3267
3,295,e019,0.3867
3,295,e020,0.2974
3,295,e021,0.3349
3,295,e022,0.3259
3,295,e023,0.3669
3,295,e024,0.3567
3,296,e001,0.3267
3,296,e002,0.3226
3,296,e003,0.3245
3,296,e004,0.3695
3,296,e005,0.336
3,296,e006,0.3673
3,296,e007,0.3697
3,296,e008,0.3514
3,296,e009,0.3506
3,296,e010,0.3652
3,296,e011,0.3728
3,296,e012,0.321
3,296,e013,0.2862
3,296,e014,0.3835
3,296,e015,0.304
3,296,e016,0.3335
3,296,e017,0.3551
3,296,e018,0.3291
3,296,e019,0.3163
3,296,e020,0.3335
3,296,e021,0.3187
3,296,e022,0.3009
3,296,e023,0.3357
3,296,e024,0.416
3,297,e001,0.3077
3,297,e002,0.3899
3,297,e003,0.3777
3,297,e004,0.3021
3,297,e005,0.3782
3,297,e006,0.3417
3,297,e007,0.3196
3,297,e008,0.3772
3,297,e009,0.3509
3,297,e010,0.368
3,297,e011,0.294
3,297,e012,0.3159
3,297,e013,0.3013
3,297,e014,0.3307
3,297,e015,0.3157
3,297,e016,0.3162
3,297,e017,0.2981
3,297,e018,0.3274
3,297,e019,0.2785
3,297,e020,0.3036
3,297,e021,0.3696
3,297,e022,0.2802
3,297,e023,0.3507
3,297,e024,0.3319
3,298,e001,0.3072
3,298,e002,0.3421
3,298,e003,0.302
3,298,e004,0.3771
3,298,e005,0.2478
3,298,e006,0.3511
3,298,e007,0.2577
3,298,e008,0.2615
3,298,e009,0.3225
3,298,e010,0.2711
3,298,e011,0.3268
3,298,e012,0.3046
3,298,e013,0.334
3,298,e014,0.3414
3,298,e015,0.2542
3,298,e016,0.2903
3,298,e017,0.3577
3,298,e018,0.3365
3,298,e019,0.3359
3,298,e020,0.2871
3,298,e021,0.3634
3,298,e022,0.2928
3,298,e023,0.3454
3,298,e024,0.3059
3,299,e001,0.3262
3,299,e002,0.3348
3,299,e003,0.3385
3,299,e004,0.3066
3,299,e005,0.3109
3,299,e006,0.2964
3,299,e007,0.3532
3,299,e008,0.3543
3,299,e009,0.3496
3,299,e010,0.3597
3,299,e011,0.3288
3,299,e012,0.3682
3,299,e013,0.3586
3,299,e014,0.3512
3,299,e015,0.3439
3,299,e016,0.3307
3,299,e017,0.3623
3,299,e018,0.3007
3,299,e019,0.3837
3,299,e020,0.3076
3,299,e021,0.3366
3,299,e022,0.3823
3,299,e023,0.3289
3,299,e024,0.3193
3,300,e001,0.3927
3,300,e002,0.2968
3,300,e003,0.2668
3,300,e004,0.2713
3,300,e005,0.3671
3,300,e006,0.3673
3,300,e007,0.3172
3,300,e008,0.3349
3,300,e009,0.3041
3,300,e010,0.358
3,300,e011,0.3407
3,300,e012,0.3353
3,300,e013,0.2716
3,300,e014,0.3755
3,300,e015,0.3661
3,300,e016,0.3102
3,300,e017,0.3385
3,300,e018,0.33
3,300,e019,0.3216
3,300,e020,0.3682
3,300,e021,0.3646
3,300,e022,0.3282
3,300,e023,0.374
3,300,e024,0.2596
3,301,e001,0.3592
3,301,e002,0.2832
3,301,e003,0.2949
3,301,e004,0.3177
3,301,e005,0.3474
3,301,e006,0.3162
3,301,e007,0.2987
3,301,e008,0.327
3,301,e009,0.2912
3,301,e010,0.2935
3,301,e011,0.2968
3,301,e012,0.3649
3,301,e013,0.3223
3,301,e014,0.3244
3,301,e015,0.2897
3,301,e016,0.3084
3,301,e017,0.2929
3,301,e018,0.34
3,301,e019,0.3629
3,301,e020,0.3509
3,301,e021,0.3005
3,301,e022,0.3086
3,301,e023,0.3324
3,301,e024,0.2907
3,302,e001,0.3845
3,302,e002,0.3104
3,302,e003,0.3314
3,302,e004,0.3237
3,302,e005,0.3664
3,302,e006,0.3694
3,302,e007,0.2796
3,302,e008,0.3344
3,302,e009,0.3282
3,302,e010,0.3243
3,302,e011,0.3231
3,302,e012,0.2774
3,302,e013,0.3401
3,302,e014,0.2781
3,302,e015,0.3539
3,302,e016,0.3564
3,302,e017,0.3479
3,302,e018,0.3131
3,302,e019,0.3136
3,302,e020,0.3335
3,302,e021,0.3153
3,302,e022,0.3572
3,302,e023,0.3392
3,302,e024,0.3487
3,303,e001,0.3742
3,303,e002,0.3556
3,303,e003,0.306
3,303,e004,0.3882
3,303,e005,0.3026
3,303,e006,0.3022
3,303,e007,0.3163
3,303,e008,0.4198
3,303,e009,0.3174
3,303,e010,0.374
3,303,e011,0.3213
3,303,e012,0.3035
3,303,e013,0.2816
3,303,e014,0.2987
3,303,e015,0.31
3,303,e016,0.312
3,303,e017,0.3213
3,303,e018,0.3591
3,303,e019,0.3235
3,303,e020,0.3941
3,303,e021,0.3667
3,303,e022,0.352
3,303,e023,0.2935
3,303,e024,0.3588
3,304,e001,0.3202
3,304,e002,0.3819
3,304,e003,0.3233
3,304,e004,0.3174
3,304,e005,0.3822
3,304,e006,0.3539
3,304,e007,0.3724
3,304,e008,0.3934
3,304,e009,0.3427
3,304,e010,0.3247
3,304,e011,0.3012
3,304,e012,0.4097
3,304,e013,0.3062
3,304,e014,0.3845
3,304,e015,0.3336
3,304,e016,0.3882
3,304,e017,0.3647
3,304,e018,0.3099
3,304,e019,0.3371
3,304,e020,0.39
3,304,e021,0.3753
3,304,e022,0.2882
3,304,e023,0.3282
3,304,e024,0.3156
3,305,e001,0.302
3,305,e002,0.277
3,305,e003,0.337
3,305,e004,0.3356
3,305,e005,0.3439
3,305,e006,0.3215
3,305,e007,0.311
3,305,e008,0.3987
3,305,e009,0.3838
3,305,e010,0.3107
3,305,e011,0.3649
3,305,e012,0.2924
3,305,e013,0.3137
3,305,e014,0.2877
3,305,e015,0.3145
3,305,e016,0.2784
3,305,e017,0.2888
3,305,e018,0.3267
3,305,e019,0.3163
3,305,e020,0.3198
3,305,e021,0.3193
3,305,e022,0.3533
3,305,e023,0.3916
3,305,e024,0.3555
3,306,e001,0.3378
3,306,e002,0.3226
3,306,e003,0.3496
3,306,e004,0.3631
3,306,e005,0.3096
3,306,e006,0.3402
3,306,e007,0.3045
3,306,e008,0.2893
3,306,e009,0.2582
3,306,e010,0.3061
3,306,e011,0.371
3,306,e012,0.3662
3,306,e013,0.3336
3,306,e014,0.2727
3,306,e015,0.3326
3,306,e016,0.3452
3,306,e017,0.3348
3,306,e018,0.3369
3,306,e019,0.3205
3,306,e020,0.3467
3,306,e021,0.2932
3,306,e022,0.3665
3,306,e023,0.3029
3,306,e024,0.2785
3,307,e001,0.2832
3,307,e002,0.2569
3,307,e003,0.2829
3,307,e004,0.3229
3,307,e005,0.2944
3,307,e006,0.2827
3,307,e007,0.3122
3,307,e008,0.2725
3,307,e009,0.3459
3,307,e010,0.2895
3,307,e011,0.3291
3,307,e012,0.2647
3,307,e013,0.2941
3,307,e014,0.2911
3,307,e015,0.3498
3,307,e016,0.3039
3,307,e017,0.3236
3,307,e018,0.3044
3,307,e019,0.2893
3,307,e020,0.2704
3,307,e021,0.3263
3,307,e022,0.3617
3,307,e023,0.2385
3,307,e024,0.2903
3,308,e001,0.2927
3,308,e002,0.2999
3,308,e003,0.3085
3,308,e004,0.3408
3,308,e005,0.3209
3,308,e006,0.3813
3,308,e007,0.3085
3,308,e008,0.3359
3,308,e009,0.3391
3,308,e010,0.289
3,308,e011,0.3233
3,308,e012,0.3836
3,308,e013,0.3133
3,308,e014,0.2984
3,308,e015,0.3171
3,308,e016,0.3585
3,308,e017,0.3231
3,308,e018,0.3343
3,308,e019,0.3318
3,308,e020,0.302
3,308,e021,0.2911
3,308,e022,0.3112
3,308,e023,0.3701
3,308,e024,0.3092
3,309,e001,0.328
3,309,e002,0.2766
3,309,e003,0.3428
3,309,e004,0.3001
3,309,e005,0.341
3,309,e006,0.2799
3,309,e007,0.3647
3,309,e008,0.2887
3,309,e009,0.3432
3,309,e010,0.3449
3,309,e011,0.3177
3,309,e012,0.3704
3,309,e013,0.2835
3,309,e014,0.2882
3,309,e015,0.2692
3,309,e016,0.3062
3,309,e017,0.3708
3,309,e018,0.3049
3,309,e019,0.3213
3,309,e020,0.2932
3,309,e021,0.3006
3,309,e022,0.2876
3,309,e023,0.2899
3,309,e024,0.3364
3,310,e001,0.3079
3,310,e002,0.3926
3,310,e003,0.3173
3,310,e004,0.3619
3,310,e005,0.3064
3,310,e006,0.3735
3,310,e007,0.405
3,310,e008,0.3523
3,310,e009,0.3467
3,310,e010,0.3099
3,310,e011,0.3313
3,310,e012,0.338
3,310,e013,0.3392
3,310,e014,0.3218
3,310,e015,0.3251
3,310,e016,0.3773
3,310,e017,0.3712
3,310,e018,0.3796
3,310,e019,0.3595
3,310,e020,0.3709
3,310,e021,0.3809
3,310,e022,0.287
3,310,e023,0.3089
3,310,e024,0.3518
3,311,e001,0.2717
3,311,e002,0.3265
3,311,e003,0.2751
3,311,e004,0.2663
3,311,e005,0.2549
3,311,e006,0.2387
3,311,e007,0.3194
3,311,e008,0.3115
3,311,e009,0.3089
3,311,e010,0.2872
3,311,e011,0.2845
3,311,e012,0.251
3,311,e013,0.303
3,311,e014,0.3369
3,311,e015,0.2909
3,311,e016,0.3262
3,311,e017,0.3279
3,311,e018,0.2595
3,311,e019,0.3051
3,311,e020,0.3055
3,311,e021,0.3633
3,311,e022,0.3331
3,311,e023,0.2729
3,311,e024,0.3136
3,312,e001,0.3282
3,312,e002,0.2661
3,312,e003,0.2918
3,312,e004,0.3118
3,312,e005,0.3123
3,312,e006,0.3369
3,312,e007,0.3649
3,312,e008,0.3472
3,312,e009,0.2559
3,312,e010,0.2548
3,312,e011,0.3219
3,312,e012,0.3842
3,312,e013,0.2739
3,312,e014,0.3431
3,312,e015,0.3533
3,312,e016,0.3013
3,312,e017,0.3687
3,312,e018,0.2826
3,312,e019,0.3346
3,312,e020,0.3511
3,312,e021,0.3301
3,312,e022,0.3037
3,312,e023,0.2907
3,312,e024,0.3637
3,313,e001,0.3456
3,313,e002,0.2955
3,313,e003,0.2785
3,313,e004,0.3308
3,313,e005,0.3184
3,313,e006,0.2675
3,313,e007,0.2851
3,313,e008,0.3007
3,313,e009,0.3285
3,313,e010,0.3216
3,313,e011,0.3298
3,313,e012,0.3415
3,313,e013,0.2815
3,313,e014,0.3402
3,313,e015,0.2705
3,313,e016,0.3161
3,313,e017,0.2713
3,313,e018,0.3235
3,313,e019,0.2578
3,313,e020,0.2954
3,313,e021,0.2769
3,313,e022,0.3326
3,313,e023,0.3415
3,313,e024,0.3423
3,314,e001,0.3199
3,314,e002,0.3586
3,314,e003,0.3371
3,314,e004,0.4017
3,314,e005,0.335
3,314,e006,0.2957
3,314,e007,0.3918
3,314,e008,0.3472
3,314,e009,0.3392
3,314,e010,0.4171
3,314,e011,0.3691
3,314,e012,0.3617
3,314,e013,0.3232
3,314,e014,0.3439
3,314,e015,0.3962
3,314,e016,0.353
3,314,e017,0.3013
3,314,e018,0.391
3,314,e019,0.3844
3,314,e020,0.3699
3,314,e021,0.311
3,314,e022,0.3321
3,314,e023,0.3627
3,314,e024,0.3452
3,315,e001,0.346
3,315,e002,0.3617
3,315,e003,0.3117
3,315,e004,0.2811
3,315,e005,0.3017
3,315,e006,0.3075
3,315,e007,0.2666
3,315,e008,0.3377
3,315,e009,0.3374
3,315,e010,0.3279
3,315,e011,0.3022
3,315,e012,0.3193
3,315,e013,0.3677
3,315,e014,0.3331
3,315,e015,0.3557
3,315,e016,0.3602
3,315,e017,0.3679
3,315,e018,0.3558
3,315,e019,0.3513
3,315,e020,0.3212
3,315,e021,0.3404
3,315,e022,0.2883
3,315,e023,0.3234
3,315,e024,0.3104
3,316,e001,0.3155
3,316,e002,0.3666
3,316,e003,0.3574
3,316,e004,0.2671
3,316,e005,0.3004
3,316,e006,0.3166
3,316,e007,0.3083
3,316,e008,0.3685
3,316,e009,0.2875
3,316,e010,0.3152
3,316,e011,0.2916
3,316,e012,0.3063
3,316,e013,0.2957
3,316,e014,0.3058
3,316,e015,0.2726
3,316,e016,0.3136
3,316,e017,0.3209
3,316,e018,0.3102
3,316,e019,0.2993
3,316,e020,0.3353
3,316,e021,0.3431
3,316,e022,0.3018
3,316,e023,0.3241
3,316,e024,0.3095
3,317,e001,0.3044
3,317,e002,0.3641
3,317,e003,0.3532
3,317,e004,0.3297
3,317,e005,0.3776
3,317,e006,0.3141
3,317,e007,0.3278
3,317,e008,0.2935
3,317,e009,0.3065
3,317,e010,0.3729
3,317,e011,0.3084
3,317,e012,0.2941
3,317,e013,0.3338
3,317,e014,0.2731
3,317,e015,0.3412
3,317,e016,0.3376
3,317,e017,0.3054
3,317,e018,0.3255
3,317,e019,0.3575
3,317,e020,0.2832
3,317,e021,0.357
3,317,e022,0.3338
3,317,e023,0.3446
3,317,e024,0.3037
3,318,e001,0.34
3,318,e002,0.3012
3,318,e003,0.3472
3,318,e004,0.3255
3,318,e005,0.3253
3,318,e006,0.3203
3,318,e007,0.2457
3,318,e008,0.3222
3,318,e009,0.2707
3,318,e010,0.2881
3,318,e011,0.3642
3,318,e012,0.3455
3,318,e013,0.3507
3,318,e014,0.3651
3,318,e015,0.3005
3,318,e016,0.2586
3,318,e017,0.3114
3,318,e018,0.3474
3,318,e019,0.3531
3,318,e020,0.2909
3,318,e021,0.3196
3,318,e022,0.2693
3,318,e023,0.2737
3,318,e024,0.2783
3,319,e001,0.3315
3,319,e002,0.3193
3,319,e003,0.2913
3,319,e004,0.2551
3,319,e005,0.3018
3,319,e006,0.3332
3,319,e007,0.2808
3,319,e008,0.3335
3,319,e009,0.2948
3,319,e010,0.325
3,319,e011,0.3098
3,319,e012,0.285
3,319,e013,0.3249
3,319,e014,0.3159
3,319,e015,0.257
3,319,e016,0.325
3,319,e017,0.2768
3,319,e018,0.2759
3,319,e019,0.28
3,319,e020,0.3125
3,319,e021,0.2686
3,319,e022,0.2523
3,319,e023,0.2651
3,319,e024,0.2365
3,320,e001,0.3432
3,320,e002,0.2999
3,320,e003,0.3298
3,320,e004,0.3693
3,320,e005,0.324
3,320,e006,0.2908
3,320,e007,0.3318
3,320,e008,0.334
3,320,e009,0.3784
3,320,e010,0.3464
3,320,e011,0.3135
3,320,e012,0.3486
3,320,e013,0.3575
3,320,e014,0.3761
3,320,e015,0.293
3,320,e016,0.3308
3,320,e017,0.3515
3,320,e018,0.2957
3,320,e019,0.3459
3,320,e020,0.316
3,320,e021,0.2929
3,320,e022,0.3122
3,320,e023,0.3964
3,320,e024,0.3055
3,321,e001,0.2945
3,321,e002,0.2652
3,321,e003,0.2815
3,321,e004,0.3026
3,321,e005,0.3095
3,321,e006,0.2843
3,321,e007,0.2892
3,321,e008,0.3295
3,321,e009,0.3016
3,321,e010,0.3657
3,321,e011,0.3173
3,321,e012,0.3027
3,321,e013,0.3647
3,321,e014,0.3044
3,321,e015,0.3301
3,321,e016,0.2722
3,321,e017,0.321
3,321,e018,0.3246
3,321,e019,0.2684
3,321,e020,0.296
3,321,e021,0.3053
3,321,e022,0.3611
3,321,e023,0.2345
3,321,e024,0.294
3,322,e001,0.2614
3,322,e002,0.2903
3,322,e003,0.2624
3,322,e004,0.2894
3,322,e005,0.2574
3,322,e006,0.2814
3,322,e007,0.2778
3,322,e008,0.2919
3,322,e009,0.2926
3,322,e010,0.3407
3,322,e011,0.2646
3,322,e012,0.2856
3,322,e013,0.312
3,322,e014,0.2901
3,322,e015,0.3163
3,322,e016,0.272
3,322,e017,0.2477
3,322,e018,0.2884
3,322,e019,0.2878
3,322,e020,0.3024
3,322,e021,0.3097
3,322,e022,0.3175
3,322,e023,0.3351
3,322,e024,0.2911
3,323,e001,0.2779
3,323,e002,0.2505
3,323,e003,0.2769
3,323,e004,0.2765
3,323,e005,0.3444
3,323,e006,0.3614
3,323,e007,0.3151
3,323,e008,0.3415
3,323,e009,0.379
3,323,e010,0.274
3,323,e011,0.2895
3,323,e012,0.3163
3,323,e013,0.2838
3,323,e014,0.2733
3,323,e015,0.297
3,323,e016,0.3236
3,323,e017,0.3602
3,323,e018,0.3108
3,323,e019,0.3102
3,323,e020,0.2869
3,323,e021,0.2608
3,323,e022,0.2655
3,323,e023,0.3164
3,323,e024,0.268
3,324,e001,0.3333
3,324,e002,0.3066
3,324,e003,0.2937
3,324,e004,0.3904
3,324,e005,0.3885
3,324,e006,0.3267
3,324,e007,0.296
3,324,e008,0.318
3,324,e009,0.2855
3,324,e010,0.2935
3,324,e011,0.3304
3,324,e012,0.3038
3,324,e013,0.2773
3,324,e014,0.39
3,324,e015,0.3878
3,324,e016,0.3191
3,324,e017,0.3832
3,324,e018,0.3152
3,324,e019,0.353
3,324,e020,0.3024
3,324,e021,0.3801
3,324,e022,0.3142
3,324,e023,0.3537
3,324,e024,0.3548
3,325,e001,0.3305
3,325,e002,0.3478
3,325,e003,0.3155
3,325,e004,0.2834
3,325,e005,0.2645
3,325,e006,0.3559
3,325,e007,0.3346
3,325,e008,0.3375
3,325,e009,0.2986
3,325,e010,0.3184
3,325,e011,0.3217
3,325,e012,0.273
3,325,e013,0.3332
3,325,e014,0.3168
3,325,e015,0.301
3,325,e016,0.2721
3,325,e017,0.2926
3,325,e018,0.3609
3,325,e019,0.3723
3,325,e020,0.2696
3,325,e021,0.3169
3,325,e022,0.2695
3,325,e023,0.2891
3,325,e024,0.3195
3,326,e001,0.3146
3,326,e002,0.2843
3,326,e003,0.3323
3,326,e004,0.3698
3,326,e005,0.3045
3,326,e006,0.3496
3,326,e007,0.3704
3,326,e008,0.3142
3,326,e009,0.3474
3,326,e010,0.3156
3,326,e011,0.3759
3,326,e012,0.3323
3,326,e013,0.2882
3,326,e014,0.401
3,326,e015,0.3547
3,326,e016,0.3333
3,326,e017,0.3299
3,326,e018,0.3445
3,326,e019,0.3297
3,326,e020,0.3709
3,326,e021,0.3586
3,326,e022,0.3576
3,326,e023,0.3312
3,326,e024,0.3069
3,327,e001,0.3544
3,327,e002,0.286
3,327,e003,0.3336
3,327,e004,0.347
3,327,e005,0.3708
3,327,e006,0.352
3,327,e007,0.3506
3,327,e008,0.2836
3,327,e009,0.3185
3,327,e010,0.2809
3,327,e011,0.3016
3,327,e012,0.3039
3,327,e013,0.2668
3,327,e014,0.3194
3,327,e015,0.3524
3,327,e016,0.2793
3,327,e017,0.3133
3,327,e018,0.3373
3,327,e019,0.3123
3,327,e020,0.2878
3,327,e021,0.2637
3,327,e022,0.2893
3,327,e023,0.3307
3,327,e024,0.3274
3,328,e001,0.3019
3,328,e002,0.3429
3,328,e003,0.2929
3,328,e004,0.3575
3,328,e005,0.2786
3,328,e006,0.3495
3,328,e007,0.3606
3,328,e008,0.3329
3,328,e009,0.2923
3,328,e010,0.2691
3,328,e011,0.3133
3,328,e012,0.3719
3,328,e013,0.3247
3,328,e014,0.3236
3,328,e015,0.3082
3,328,e016,0.2729
3,328,e017,0.3041
3,328,e018,0.3139
3,328,e019,0.3365
3,328,e020,0.2917
3,328,e021,0.3432
3,328,e022,0.2585
3,328,e023,0.3439
3,328,e024,0.3046
3,329,e001,0.3421
3,329,e002,0.3929
3,329,e003,0.2893
3,329,e004,0.3598
3,329,e005,0.3841
3,329,e006,0.3758
3,329,e007,0.3597
3,329,e008,0.3102
3,329,e009,0.3596
3,329,e010,0.3764
3,329,e011,0.3075
3,329,e012,0.3324
3,329,e013,0.3083
3,329,e014,0.3952
3,329,e015,0.4003
3,329,e016,0.3785
3,329,e017,0.3786
3,329,e018,0.3982
3,329,e019,0.4175
3,329,e020,0.2945
3,329,e021,0.3512
3,329,e022,0.2921
3,329,e023,0.3052
3,329,e024,0.3163
3,330,e001,0.2861
3,330,e002,0.3166
3,330,e003,0.3263
3,330,e004,0.3194
3,330,e005,0.3255
3,330,e006,0.3837
3,330,e007,0.3497
3,330,e008,0.3311
3,330,e009,0.3851
3,330,e010,0.306
3,330,e011,0.3382
3,330,e012,0.3404
3,330,e013,0.2991
3,330,e014,0.4028
3,330,e015,0.2868
3,330,e016,0.3872
3,330,e017,0.3703
3,330,e018,0.3773
3,330,e019,0.3614
3,330,e020,0.3201
3,330,e021,0.3631
3,330,e022,0.3461
3,330,e023,0.3558
3,330,e024,0.3114
3,331,e001,0.2836
3,331,e002,0.3441
3,331,e003,0.2984
3,331,e004,0.3218
3,331,e005,0.3147
3,331,e006,0.2885
3,331,e007,0.3324
3,331,e008,0.2785
3,331,e009,0.2904
3,331,e010,0.3416
3,331,e011,0.2687
3,331,e012,0.2722
3,331,e013,0.3252
3,331,e014,0.3252
3,331,e015,0.332
3,331,e016,0.3501
3,331,e017,0.247
3,331,e018,0.3354
3,331,e019,0.294
3,331,e020,0.305
3,331,e021,0.2719
3,331,e022,0.2941
3,331,e023,0.2427
3,331,e024,0.3394
3,332,e001,0.2942
3,332,e002,0.3303
3,332,e003,0.3216
3,332,e004,0.3388
3,332,e005,0.3508
3,332,e006,0.3308
3,332,e007,0.3261
3,332,e008,0.3241
3,332,e009,0.3675
3,332,e010,0.3312
3,332,e011,0.3723
3,332,e012,0.2984
3,332,e013,0.3539
3,332,e014,0.3617
3,332,e015,0.3358
3,332,e016,0.3246
3,332,e017,0.3305
3,332,e018,0.3295
3,332,e019,0.2988
3,332,e020,0.2786
3,332,e021,0.3733
3,332,e022,0.3083
3,332,e023,0.2955
3,332,e024,0.2955
3,333,e001,0.2892
3,333,e002,0.3072
3,333,e003,0.3596
3,333,e004,0.3608
3,333,e005,0.4016
3,333,e006,0.4173
3,333,e007,0.3651
3,333,e008,0.3993
3,333,e009,0.3607
3,333,e010,0.4234
3,333,e011,0.3406
3,333,e012,0.3585
3,333,e013,0.3924
3,333,e014,0.4037
3,333,e015,0.364
3,333,e016,0.38
3,333,e017,0.3516
3,333,e018,0.3313
3,333,e019,0.406
3,333,e020,0.4173
3,333,e021,0.3231
3,333,e022,0.3851
3,333,e023,0.3316
3,333,e024,0.3542
3,334,e001,0.3204
3,334,e002,0.3927
3,334,e003,0.3848
3,334,e004,0.3969
3,334,e005,0.3567
3,334,e006,0.3842
3,334,e007,0.3821
3,334,e008,0.3946
3,334,e009,0.387
3,334,e010,0.395
3,334,e011,0.3506
3,334,e012,0.4263
3,334,e013,0.4204
3,334,e014,0.3908
3,334,e015,0.3854
3,334,e016,0.4205
3,334,e017,0.3778
3,334,e018,0.3851
3,334,e019,0.3438
3,334,e020,0.3603
3,334,e021,0.3022
3,334,e022,0.3623
3,334,e023,0.3325
3,334,e024,0.3356
3,335,e001,0.3073
3,335,e002,0.3398
3,335,e003,0.3117
3,335,e004,0.3919
3,335,e005,0.3058
3,335,e006,0.3072
3,335,e007,0.3134
3,335,e008,0.3687
3,335,e009,0.3786
3,335,e010,0.3215
3,335,e011,0.3119
3,335,e012,0.376
3,335,e013,0.3098
3,335,e014,0.3496
3,335,e015,0.3875
3,335,e016,0.3271
3,335,e017,0.3459
3,335,e018,0.3477
3,335,e019,0.3057
3,335,e020,0.2984
3,335,e021,0.2965
3,335,e022,0.3135
3,335,e023,0.2642
3,335,e024,0.2773
3,336,e001,0.3567
3,336,e002,0.334
3,336,e003,0.2936
3,336,e004,0.2791
3,336,e005,0.3497
3,336,e006,0.3291
3,336,e007,0.319
3,336,e008,0.3027
3,336,e009,0.3409
3,336,e010,0.3803
3,336,e011,0.3207
3,336,e012,0.2775
3,336,e013,0.379
3,336,e014,0.3477
3,336,e015,0.3446
3,336,e016,0.3456
3,336,e017,0.3832
3,336,e018,0.3273
3,336,e019,0.368
3,336,e020,0.3596
3,336,e021,0.3254
3,336,e022,0.2914
3,336,e023,0.3897
3,336,e024,0.3664
3,337,e001,0.4109
3,337,e002,0.3959
3,337,e003,0.372
3,337,e004,0.3158
3,337,e005,0.3624
3,337,e006,0.388
3,337,e007,0.3065
3,337,e008,0.3603
3,337,e009,0.3745
3,337,e010,0.3744
3,337,e011,0.2746
3,337,e012,0.3392
3,337,e013,0.3494
3,337,e014,0.4005
3,337,e015,0.3834
3,337,e016,0.3899
3,337,e017,0.3901
3,337,e018,0.3489
3,337,e019,0.3605
3,337,e020,0.3797
3,337,e021,0.3434
3,337,e022,0.3792
3,337,e023,0.3881
3,337,e024,0.3497
3,338,e001,0.2576
3,338,e002,0.3484
3,338,e003,0.3063
3,338,e004,0.3349
3,338,e005,0.3353
3,338,e006,0.3003
3,338,e007,0.3707
3,338,e008,0.2616
3,338,e009,0.3459
3,338,e010,0.3571
3,338,e011,0.3053
3,338,e012,0.3264
3,338,e013,0.351
3,338,e014,0.2965
3,338,e015,0.288
3,338,e016,0.3191
3,338,e017,0.3299
3,338,e018,0.3414
3,338,e019,0.3646
3,338,e020,0.3037
3,338,e021,0.3159
3,338,e022,0.357
3,338,e023,0.3794
3,338,e024,0.3329
3,339,e001,0.4124
3,339,e002,0.3442
3,339,e003,0.3721
3,339,e004,0.4021
3,339,e005,0.4052
3,339,e006,0.3614
3,339,e007,0.3769
3,339,e008,0.3887
3,339,e009,0.3399
3,339,e010,0.3741
3,339,e011,0.3946
3,339,e012,0.3502
3,339,e013,0.3663
3,339,e014,0.42
3,339,e015,0.3401
3,339,e016,0.3164
3,339,e017,0.3556
3,339,e018,0.3402
3,339,e019,0.4288
3,339,e020,0.3193
3,339,e021,0.3479
3,339,e022,0.3043
3,339,e023,0.414
3,339,e024,0.3862
3,340,e001,0.33
3,340,e002,0.3927
3,340,e003,0.3674
3,340,e004,0.3345
3,340,e005,0.3901
3,340,e006,0.4069
3,340,e007,0.3948
3,340,e008,0.3206
3,340,e009,0.3667
3,340,e010,0.3686
3,340,e011,0.3286
3,340,e012,0.3787
3,340,e013,0.3437
3,340,e014,0.4162
3,340,e015,0.3513
3,340,e016,0.3302
3,340,e017,0.3738
3,340,e018,0.337
3,340,e019,0.4016
3,340,e020,0.3863
3,340,e021,0.3049
3,340,e022,0.3494
3,340,e023,0.405
3,340,e024,0.3467
3,341,e001,0.3251
3,341,e002,0.3426
3,341,e003,0.324
3,341,e004,0.4091
3,341,e005,0.3855
3,341,e006,0.3818
3,341,e007,0.3266
3,341,e008,0.3126
3,341,e009,0.3364
3,341,e010,0.3209
3,341,e011,0.3651
3,341,e012,0.3957
3,341,e013,0.3933
3,341,e014,0.3375
3,341,e015,0.3305
3,341,e016,0.3851
3,341,e017,0.2885
3,341,e018,0.3632
3,341,e019,0.3086
3,341,e020,0.3032
3,341,e021,0.3307
3,341,e022,0.3486
3,341,e023,0.3565
3,341,e024,0.3477
3,342,e001,0.3351
3,342,e002,0.3813
3,342,e003,0.3279
3,342,e004,0.3511
3,342,e005,0.3289
3,342,e006,0.326
3,342,e007,0.3332
3,342,e008,0.3823
3,342,e009,0.3043
3,342,e010,0.3387
3,342,e011,0.3088
3,342,e012,0.3759
3,342,e013,0.338
3,342,e014,0.3146
3,342,e015,0.3557
3,342,e016,0.4093
3,342,e017,0.4029
3,342,e018,0.3629
3,342,e019,0.2837
3,342,e020,0.2971
3,342,e021,0.35
3,342,e022,0.3288
3,342,e023,0.3739
3,342,e024,0.3247
3,343,e001,0.3708
3,343,e002,0.3298
3,343,e003,0.3283
3,343,e004,0.3779
3,343,e005,0.363
3,343,e006,0.3577
3,343,e007,0.3598
3,343,e008,0.4144
3,343,e009,0.3728
3,343,e010,0.3559
3,343,e011,0.3641
3,343,e012,0.3594
3,343,e013,0.3514
3,343,e014,0.3868
3,343,e015,0.3484
3,343,e016,0.3728
3,343,e017,0.363
3,343,e018,0.4149
3,343,e019,0.3644
3,343,e020,0.3707
3,343,e021,0.3847
3,343,e022,0.3873
3,343,e023,0.3732
3,343,e024,0.4071
3,344,e001,0.3913
3,344,e002,0.4333
3,344,e003,0.4013
3,344,e004,0.3519
3,344,e005,0.3951
3,344,e006,0.3687
3,344,e007,0.3761
3,344,e008,0.3632
3,344,e009,0.4183
3,344,e010,0.3097
3,344,e011,0.3443
3,344,e012,0.4424
3,344,e013,0.3945
3,344,e014,0.4212
3,344,e015,0.3661
3,344,e016,0.433
3,344,e017,0.4365
3,344,e018,0.3578
3,344,e019,0.4101
3,344,e020,0.3912
3,344,e021,0.3467
3,344,e022,0.3875
3,344,e023,0.3566
3,344,e024,0.4211
3,345,e001,0.342
3,345,e002,0.432
3,345,e003,0.3277
3,345,e004,0.3317
3,345,e005,0.3466
3,345,e006,0.4005
3,345,e007,0.3751
3,345,e008,0.3441
3,345,e009,0.3789
3,345,e010,0.346
3,345,e011,0.4032
3,345,e012,0.3698
3,345,e013,0.4022
3,345,e014,0.4031
3,345,e015,0.3269
3,345,e016,0.3714
3,345,e017,0.3757
3,345,e018,0.3068
3,345,e019,0.3898
3,345,e020,0.3412
3,345,e021,0.3631
3,345,e022,0.3407
3,345,e023,0.326
3,345,e024,0.3157
3,346,e001,0.3603
3,346,e002,0.3484
3,346,e003,0.3121
3,346,e004,0.3856
3,346,e005,0.4047
3,346,e006,0.3848
3,346,e007,0.4002
3,346,e008,0.3331
3,346,e009,0.3236
3,346,e010,0.3298
3,346,e011,0.3765
3,346,e012,0.3933
3,346,e013,0.3269
3,346,e014,0.3343
3,346,e015,0.3561
3,346,e016,0.3503
3,346,e017,0.3712
3,346,e018,0.3687
3,346,e019,0.3523
3,346,e020,0.3709
3,346,e021,0.3751
3,346,e022,0.3534
3,346,e023,0.3608
3,346,e024,0.3621
3,347,e001,0.3121
3,347,e002,0.4332
3,347,e003,0.4
3,347,e004,0.3295
3,347,e005,0.3579
3,347,e006,0.3757
3,347,e007,0.3857
3,347,e008,0.3811
3,347,e009,0.3802
3,347,e010,0.3782
3,347,e011,0.3641
3,347,e012,0.4134
3,347,e013,0.3694
3,347,e014,0.3379
3,347,e015,0.4379
3,347,e016,0.4061
3,347,e017,0.3779
3,347,e018,0.3452
3,347,e019,0.3649
3,347,e020,0.4112
3,347,e021,0.3218
3,347,e022,0.3779
3,347,e023,0.4037
3,347,e024,0.3859
3,348,e001,0.3726
3,348,e002,0.4075
3,348,e003,0.3978
3,348,e004,0.3799
3,348,e005,0.3423
3,348,e006,0.3411
3,348,e007,0.3923
3,348,e008,0.3327
3,348,e009,0.3248
3,348,e010,0.3597
3,348,e011,0.3176
3,348,e012,0.3644
3,348,e013,0.3265
3,348,e014,0.3316
3,348,e015,0.3444
3,348,e016,0.3439
3,348,e017,0.3837
3,348,e018,0.3719
3,348,e019,0.374
3,348,e020,0.3503
3,348,e021,0.3952
3,348,e022,0.3198
3,348,e023,0.3631
3,348,e024,0.2917
3,349,e001,0.3504
3,349,e002,0.352
3,349,e003,0.3327
3,349,e004,0.3629
3,349,e005,0.315
3,349,e006,0.4036
3,349,e007,0.3007
3,349,e008,0.342
3,349,e009,0.351
3,349,e010,0.2917
3,349,e011,0.3676
3,349,e012,0.3983
3,349,e013,0.3629
3,349,e014,0.3963
3,349,e015,0.3576
3,349,e016,0.3822
3,349,e017,0.4241
3,349,e018,0.3121
3,349,e019,0.3829
3,349,e020,0.3589
3,349,e021,0.3644
3,349,e022,0.3403
3,349,e023,0.3963
3,349,e024,0.3908
3,350,e001,0.3767
3,350,e002,0.405
3,350,e003,0.4218
3,350,e004,0.3932
3,350,e005,0.3662
3,350,e006,0.3978
3,350,e007,0.4117
3,350,e008,0.3964
3,350,e009,0.4077
3,350,e010,0.4155
3,350,e011,0.3691
3,350,e012,0.3765
3,350,e013,0.3765
3,350,e014,0.3425
3,350,e015,0.2939
3,350,e016,0.3818
3,350,e017,0.4182
3,350,e018,0.3191
3,350,e019,0.4377
3,350,e020,0.4248
3,350,e021,0.4418
3,350,e022,0.3406
3,350,e023,0.4078
3,350,e024,0.3915
3,351,e001,0.3479
3,351,e002,0.32
3,351,e003,0.3168
3,351,e004,0.3208
3,351,e005,0.3752
3,351,e006,0.383
3,351,e007,0.3532
3,351,e008,0.3327
3,351,e009,0.2943
3,351,e010,0.3192
3,351,e011,0.3627
3,351,e012,0.3582
3,351,e013,0.3423
3,351,e014,0.3709
3,351,e015,0.3421
3,351,e016,0.3379
3,351,e017,0.3782
3,351,e018,0.3339
3,351,e019,0.2915
3,351,e020,0.3446
3,351,e021,0.3232
3,351,e022,0.3033
3,351,e023,0.3603
3,351,e024,0.328
3,352,e001,0.4033
3,352,e002,0.4001
3,352,e003,0.4227
3,352,e004,0.374
3,352,e005,0.3356
3,352,e006,0.3731
3,352,e007,0.3397
3,352,e008,0.3601
3,352,e009,0.3952
3,352,e010,0.4266
3,352,e011,0.3338
3,352,e012,0.3302
3,352,e013,0.3849
3,352,e014,0.3321
3,352,e015,0.3828
3,352,e016,0.3635
3,352,e017,0.4045
3,352,e018,0.3347
3,352,e019,0.3987
3,352,e020,0.3857
3,352,e021,0.3822
3,352,e022,0.4217
3,352,e023,0.3464
3,352,e024,0.3787
3,353,e001,0.3893
3,353,e002,0.3284
3,353,e003,0.3837
3,353,e004,0.3844
3,353,e005,0.3528
3,353,e006,0.3508
3,353,e007,0.3999
3,353,e008,0.3714
3,353,e009,0.3465
3,353,e010,0.4254
3,353,e011,0.3914
3,353,e012,0.4149
3,353,e013,0.3474
3,353,e014,0.347
3,353,e015,0.3975
3,353,e016,0.4108
3,353,e017,0.3762
3,353,e018,0.3939
3,353,e019,0.3277
3,353,e020,0.3556
3,353,e021,0.3181
3,353,e022,0.3949
3,353,e023,0.3947
3,353,e024,0.3886
3,354,e001,0.4041
3,354,e002,0.4363
3,354,e003,0.3406
3,354,e004,0.3482
3,354,e005,0.4103
3,354,e006,0.3611
3,354,e007,0.3956
3,354,e008,0.3599
3,354,e009,0.3556
3,354,e010,0.408
3,354,e011,0.3993
3,354,e012,0.4258
3,354,e013,0.3568
3,354,e014,0.3692
3,354,e015,0.3713
3,354,e016,0.4082
3,354,e017,0.3375
3,354,e018,0.427
3,354,e019,0.4303
3,354,e020,0.379
3,354,e021,0.4318
3,354,e022,0.3692
3,354,e023,0.4432
3,354,e024,0.4242
3,355,e001,0.4278
3,355,e002,0.3958
3,355,e003,0.3805
3,355,e004,0.4111
3,355,e005,0.3603
3,355,e006,0.3962
3,355,e007,0.3887
3,355,e008,0.4108
3,355,e009,0.4534
3,355,e010,0.4048
3,355,e011,0.4069
3,355,e012,0.4365
3,355,e013,0.3857
3,355,e014,0.4408
3,355,e015,0.4418
3,355,e016,0.4413
3,355,e017,0.447
3,355,e018,0.4292
3,355,e019,0.4517
3,355,e020,0.3687
3,355,e021,0.4092
3,355,e022,0.3856
3,355,e023,0.4629
3,355,e024,0.3839
3,356,e001,0.4703
3,356,e002,0.3566
3,356,e003,0.4068
3,356,e004,0.3626
3,356,e005,0.3931
3,356,e006,0.3883
3,356,e007,0.4237
3,356,e008,0.3822
3,356,e009,0.3723
3,356,e010,0.4231
3,356,e011,0.3595
3,356,e012,0.3907
3,356,e013,0.4333
3,356,e014,0.3877
3,356,e015,0.4376
3,356,e016,0.365
3,356,e017,0.4285
3,356,e018,0.3799
3,356,e019,0.4163
3,356,e020,0.3699
3,356,e021,0.3773
3,356,e022,0.435
3,356,e023,0.4774
3,356,e024,0.3691
3,357,e001,0.3059
3,357,e002,0.3214
3,357,e003,0.3267
3,357,e004,0.3413
3,357,e005,0.3247
3,357,e006,0.344
3,357,e007,0.3608
3,357,e008,0.3606
3,357,e009,0.3926
3,357,e010,0.3295
3,357,e011,0.332
3,357,e012,0.3693
3,357,e013,0.2978
3,357,e014,0.4286
3,357,e015,0.3381
3,357,e016,0.333
3,357,e017,0.3748
3,357,e018,0.4048
3,357,e019,0.3824
3,357,e020,0.3212
3,357,e021,0.3198
3,357,e022,0.4074
3,357,e023,0.3422
3,357,e024,0.3475
3,358,e001,0.4099
3,358,e002,0.3825
3,358,e003,0.4304
3,358,e004,0.4396
3,358,e005,0.4099
3,358,e006,0.3332
3,358,e007,0.3758
3,358,e008,0.3806
3,358,e009,0.3823
3,358,e010,0.3495
3,358,e011,0.3847
3,358,e012,0.4191
3,358,e013,0.3391
3,358,e014,0.3822
3,358,e015,0.3578
3,358,e016,0.3662
3,358,e017,0.3852
3,358,e018,0.4149
3,358,e019,0.3843
3,358,e020,0.3879
3,358,e021,0.3482
3,358,e022,0.3984
3,358,e023,0.3678
3,358,e024,0.3761
3,359,e001,0.3909
3,359,e002,0.4409
3,359,e003,0.3965
3,359,e004,0.4578
3,359,e005,0.4117
3,359,e006,0.3697
3,359,e007,0.4156
3,359,e008,0.417
3,359,e009,0.3764
3,359,e010,0.4452
3,359,e011,0.4074
3,359,e012,0.4477
3,359,e013,0.4841
3,359,e014,0.3453
3,359,e015,0.419
3,359,e016,0.4298
3,359,e017,0.4567
3,359,e018,0.4389
3,359,e019,0.4469
3,359,e020,0.4198
3,359,e021,0.449
3,359,e022,0.4499
3,359,e023,0.4017
3,359,e024,0.4366
3,360,e001,0.3845
3,360,e002,0.3525
3,360,e003,0.4234
3,360,e004,0.4344
3,360,e005,0.4373
3,360,e006,0.4055
3,360,e007,0.4111
3,360,e008,0.3751
3,360,e009,0.4045
3,360,e010,0.3557
3,360,e011,0.4114
3,360,e012,0.4315
3,360,e013,0.5653
3,360,e014,0.5179
3,360,e015,0.5442
3,360,e016,0.6129
3,360,e017,0.5793
3,360,e018,0.5794
3,360,e019,0.4407
3,360,e020,0.405
3,360,e021,0.4046
3,360,e022,0.3442
3,360,e023,0.4434
3,360,e024,0.3556
3,361,e001,0.4048
3,361,e002,0.4275
3,361,e003,0.439
3,361,e004,0.4608
3,361,e005,0.3399
3,361,e006,0.4363
3,361,e007,0.3608
3,361,e008,0.3689
3,361,e009,0.3955
3,361,e010,0.4047
3,361,e011,0.4003
3,361,e012,0.3976
3,361,e013,0.5639
3,361,e014,0.5846
3,361,e015,0.5149
3,361,e016,0.5132
3,361,e017,0.5146
3,361,e018,0.5515
3,361,e019,0.4689
3,361,e020,0.3853
3,361,e021,0.4182
3,361,e022,0.4053
3,361,e023,0.3922
3,361,e024,0.4406
3,362,e001,0.4523
3,362,e002,0.4841
3,362,e003,0.4518
3,362,e004,0.4092
3,362,e005,0.3602
3,362,e006,0.401
3,362,e007,0.4047
3,362,e008,0.4526
3,362,e009,0.4098
3,362,e010,0.4954
3,362,e011,0.4055
3,362,e012,0.4646
3,362,e013,0.5404
3,362,e014,0.5083
3,362,e015,0.5356
3,362,e016,0.5093
3,362,e017,0.6203
3,362,e018,0.5351
3,362,e019,0.4457
3,362,e020,0.4062
3,362,e021,0.3933
3,362,e022,0.4304
3,362,e023,0.4827
3,362,e024,0.4335
3,363,e001,0.3905
3,363,e002,0.4092
3,363,e003,0.3565
3,363,e004,0.3866
3,363,e005,0.3615
3,363,e006,0.3336
3,363,e007,0.3593
3,363,e008,0.3958
3,363,e009,0.3439
3,363,e010,0.338
3,363,e011,0.3531
3,363,e012,0.3477
3,363,e013,0.5229
3,363,e014,0.5449
3,363,e015,0.4592
3,363,e016,0.5195
3,363,e017,0.4933
3,363,e018,0.5024
3,363,e019,0.4035
3,363,e020,0.39
3,363,e021,0.4458
3,363,e022,0.3302
3,363,e023,0.3515
3,363,e024,0.3792
3,364,e001,0.4155
3,364,e002,0.3929
3,364,e003,0.4599
3,364,e004,0.3872
3,364,e005,0.4118
3,364,e006,0.3932
3,364,e007,0.4549
3,364,e008,0.4679
3,364,e009,0.4587
3,364,e010,0.4527
3,364,e011,0.4231
3,364,e012,0.4371
3,364,e013,0.5171
3,364,e014,0.5675
3,364,e015,0.561
3,364,e016,0.5218
3,364,e017,0.5561
3,364,e018,0.5383
3,364,e019,0.4201
3,364,e020,0.4365
3,364,e021,0.4086
3,364,e022,0.4754
3,364,e023,0.4398
3,364,e024,0.4826
3,365,e001,0.4224
3,365,e002,0.4422
3,365,e003,0.388
3,365,e004,0.3397
3,365,e005,0.3702
3,365,e006,0.4017
3,365,e007,0.3605
3,365,e008,0.3834
3,365,e009,0.4169
3,365,e010,0.4468
3,365,e011,0.3933
3,365,e012,0.3499
3,365,e013,0.5355
3,365,e014,0.5191
3,365,e015,0.498
3,365,e016,0.5329
3,365,e017,0.5547
3,365,e018,0.5889
3,365,e019,0.4005
3,365,e020,0.3748
3,365,e021,0.349
3,365,e022,0.3771
3,365,e023,0.4395
3,365,e024,0.3824
3,366,e001,0.3888
3,366,e002,0.4359
3,366,e003,0.3907
3,366,e004,0.3911
3,366,e005,0.4164
3,366,e006,0.4154
3,366,e007,0.4607
3,366,e008,0.4035
3,366,e009,0.4252
3,366,e010,0.3817
3,366,e011,0.3917
3,366,e012,0.4369
3,366,e013,0.5342
3,366,e014,0.5347
3,366,e015,0.5664
3,366,e016,0.5083
3,366,e017,0.5349
3,366,e018,0.6001
3,366,e019,0.4526
3,366,e020,0.4165
3,366,e021,0.4132
3,366,e022,0.3879
3,366,e023,0.3828
3,366,e024,0.373
3,367,e001,0.4489
3,367,e002,0.4348
3,367,e003,0.4706
3,367,e004,0.4182
3,367,e005,0.4225
3,367,e006,0.4452
3,367,e007,0.4076
3,367,e008,0.435
3,367,e009,0.426
3,367,e010,0.392
3,367,e011,0.3936
3,367,e012,0.419
3,367,e013,0.5809
3,367,e014,0.5369
3,367,e015,0.5375
3,367,e016,0.5777
3,367,e017,0.5697
3,367,e018,0.6035
3,367,e019,0.4534
3,367,e020,0.4363
3,367,e021,0.4581
3,367,e022,0.3635
3,367,e023,0.4058
3,367,e024,0.449
3,368,e001,0.4521
3,368,e002,0.4371
3,368,e003,0.3985
3,368,e004,0.4566
3,368,e005,0.4197
3,368,e006,0.4363
3,368,e007,0.3927
3,368,e008,0.4091
3,368,e009,0.3699
3,368,e010,0.3952
3,368,e011,0.4538
3,368,e012,0.4364
3,368,e013,0.5194
3,368,e014,0.5746
3,368,e015,0.5833
3,368,e016,0.5036
3,368,e017,0.5877
3,368,e018,0.5191
3,368,e019,0.3846
3,368,e020,0.3762
3,368,e021,0.4354
3,368,e022,0.426
3,368,e023,0.4602
3,368,e024,0.4151
3,369,e001,0.3383
3,369,e002,0.3501
3,369,e003,0.4094
3,369,e004,0.3932
3,369,e005,0.4072
3,369,e006,0.3582
3,369,e007,0.3977
3,369,e008,0.4054
3,369,e009,0.3959
3,369,e010,0.3657
3,369,e011,0.3065
3,369,e012,0.4341
3,369,e013,0.5723
3,369,e014,0.518
3,369,e015,0.5597
3,369,e016,0.5119
3,369,e017,0.5662
3,369,e018,0.5807
3,369,e019,0.4023
3,369,e020,0.4341
3,369,e021,0.4026
3,369,e022,0.4045
3,369,e023,0.4071
3,369,e024,0.4679
3,370,e001,0.4379
3,370,e002,0.4318
3,370,e003,0.4095
3,370,e004,0.3844
3,370,e005,0.3884
3,370,e006,0.3675
3,370,e007,0.3936
3,370,e008,0.4487
3,370,e009,0.4457
3,370,e010,0.4435
3,370,e011,0.4098
3,370,e012,0.4428
3,370,e013,0.5474
3,370,e014,0.5234
3,370,e015,0.5956
3,370,e016,0.5639
3,370,e017,0.5519
3,370,e018,0.5143
3,370,e019,0.4397
3,370,e020,0.4792
3,370,e021,0.4327
3,370,e022,0.4357
3,370,e023,0.4379
3,370,e024,0.4067
3,371,e001,0.4238
3,371,e002,0.4749
3,371,e003,0.4015
3,371,e004,0.4358
3,371,e005,0.4276
3,371,e006,0.4376
3,371,e007,0.4425
3,371,e008,0.471
3,371,e009,0.4164
3,371,e010,0.4117
3,371,e011,0.4092
3,371,e012,0.4791
3,371,e013,0.6198
3,371,e014,0.5993
3,371,e015,0.5814
3,371,e016,0.5633
3,371,e017,0.6178
3,371,e018,0.5685
3,371,e019,0.4438
3,371,e020,0.3956
3,371,e021,0.5063
3,371,e022,0.4439
3,371,e023,0.4879
3,371,e024,0.4106
3,372,e001,0.3631
3,372,e002,0.4081
3,372,e003,0.3471
3,372,e004,0.3229
3,372,e005,0.3926
3,372,e006,0.365
3,372,e007,0.4209
3,372,e008,0.396
3,372,e009,0.3631
3,372,e010,0.3382
3,372,e011,0.3859
3,372,e012,0.411
3,372,e013,0.4937
3,372,e014,0.5006
3,372,e015,0.5936
3,372,e016,0.4956
3,372,e017,0.5565
3,372,e018,0.5315
3,372,e019,0.3503
3,372,e020,0.4003
3,372,e021,0.3959
3,372,e022,0.4483
3,372,e023,0.4
3,372,e024,0.4347
3,373,e001,0.4364
3,373,e002,0.4962
3,373,e003,0.4441
3,373,e004,0.4723
3,373,e005,0.4117
3,373,e006,0.4934
3,373,e007,0.4666
3,373,e008,0.4591
3,373,e009,0.467
3,373,e010,0.4928
3,373,e011,0.4488
3,373,e012,0.4377
3,373,e013,0.5881
3,373,e014,0.5505
3,373,e015,0.5387
3,373,e016,0.6246
3,373,e017,0.5932
3,373,e018,0.6115
3,373,e019,0.4811
3,373,e020,0.4879
3,373,e021,0.4786
3,373,e022,0.4773
3,373,e023,0.4635
3,373,e024,0.4564
3,374,e001,0.4112
3,374,e002,0.4146
3,374,e003,0.5129
3,374,e004,0.4556
3,374,e005,0.4366
3,374,e006,0.4868
3,374,e007,0.4907
3,374,e008,0.4166
3,374,e009,0.4498
3,374,e010,0.4874
3,374,e011,0.5236
3,374,e012,0.4354
3,374,e013,0.5945
3,374,e014,0.5439
3,374,e015,0.5495
3,374,e016,0.6335
3,374,e017,0.5776
3,374,e018,0.5594
3,374,e019,0.4054
3,374,e020,0.4175
3,374,e021,0.4954
3,374,e022,0.4671
3,374,e023,0.4364
3,374,e024,0.4608
3,375,e001,0.4495
3,375,e002,0.4305
3,375,e003,0.4303
3,375,e004,0.396
3,375,e005,0.4734
3,375,e006,0.4135
3,375,e007,0.416
3,375,e008,0.4396
3,375,e009,0.4606
3,375,e010,0.4152
3,375,e011,0.4493
3,375,e012,0.4037
3,375,e013,0.5791
3,375,e014,0.6333
3,375,e015,0.5336
3,375,e016,0.5271
3,375,e017,0.5813
3,375,e018,0.5955
3,375,e019,0.4353
3,375,e020,0.4099
3,375,e021,0.4075
3,375,e022,0.4078
3,375,e023,0.4584
3,375,e024,0.438
3,376,e001,0.4486
3,376,e002,0.4674
3,376,e003,0.4145
3,376,e004,0.4859
3,376,e005,0.5024
3,376,e006,0.4253
3,376,e007,0.4963
3,376,e008,0.51
3,376,e009,0.4191
3,376,e010,0.4722
3,376,e011,0.4634
3,376,e012,0.46
3,376,e013,0.5834
3,376,e014,0.642
3,376,e015,0.555
3,376,e016,0.5619
3,376,e017,0.6102
3,376,e018,0.6472
3,376,e019,0.4842
3,376,e020,0.4684
3,376,e021,0.481
3,376,e022,0.4607
3,376,e023,0.4436
3,376,e024,0.4792
3,377,e001,0.3997
3,377,e002,0.4276
3,377,e003,0.4466
3,377,e004,0.4428
3,377,e005,0.4343
3,377,e006,0.461
3,377,e007,0.4047
3,377,e008,0.4468
3,377,e009,0.4863
3,377,e010,0.4646
3,377,e011,0.4343
3,377,e012,0.479
3,377,e013,0.6069
3,377,e014,0.606
3,377,e015,0.4962
3,377,e016,0.6172
3,377,e017,0.6256
3,377,e018,0.5964
3,377,e019,0.4072
3,377,e020,0.4157
3,377,e021,0.4169
3,377,e022,0.4425
3,377,e023,0.4686
3,377,e024,0.4172
3,378,e001,0.4258
3,378,e002,0.4327
3,378,e003,0.417
3,378,e004,0.3933
3,378,e005,0.4667
3,378,e006,0.4085
3,378,e007,0.3871
3,378,e008,0.3889
3,378,e009,0.3883
3,378,e010,0.4838
3,378,e011,0.4677
3,378,e012,0.4092
3,378,e013,0.5755
3,378,e014,0.5774
3,378,e015,0.5716
3,378,e016,0.5276
3,378,e017,0.5905
3,378,e018,0.5726
3,378,e019,0.476
3,378,e020,0.451
3,378,e021,0.3883
3,378,e022,0.4066
3,378,e023,0.4466
3,378,e024,0.4333
3,379,e001,0.3985
3,379,e002,0.5059
3,379,e003,0.5031
3,379,e004,0.4593
3,379,e005,0.4727
3,379,e006,0.4577
3,379,e007,0.3973
3,379,e008,0.3999
3,379,e009,0.4336
3,379,e010,0.4294
3,379,e011,0.4527
3,379,e012,0.4963
3,379,e013,0.5882
3,379,e014,0.5715
3,379,e015,0.6165
3,379,e016,0.5697
3,379,e017,0.6041
3,379,e018,0.6295
3,379,e019,0.4861
3,379,e020,0.4049
3,379,e021,0.4314
3,379,e022,0.5221
3,379,e023,0.5047
3,379,e024,0.4637
3,380,e001,0.455
3,380,e002,0.4954
3,380,e003,0.4713
3,380,e004,0.4968
3,380,e005,0.4284
3,380,e006,0.4491
3,380,e007,0.5151
3,380,e008,0.4913
3,380,e009,0.4607
3,380,e010,0.4271
3,380,e011,0.4311
3,380,e012,0.4557
3,380,e013,0.8192
3,380,e014,0.7896
3,380,e015,0.8066
3,380,e016,0.8156
3,380,e017,0.8421
3,380,e018,0.8114
3,380,e019,0.4963
3,380,e020,0.489
3,380,e021,0.4189
3,380,e022,0.4261
3,380,e023,0.4603
3,380,e024,0.4863
3,381,e001,0.5291
3,381,e002,0.4243
3,381,e003,0.4383
3,381,e004,0.453
3,381,e005,0.4177
3,381,e006,0.4519
3,381,e007,0.4282
3,381,e008,0.5373
3,381,e009,0.4372
3,381,e010,0.457
3,381,e011,0.5063
3,381,e012,0.4
3,381,e013,0.718
3,381,e014,0.8175
3,381,e015,0.802
3,381,e016,0.8032
3,381,e017,0.8218
3,381,e018,0.7735
3,381,e019,0.5127
3,381,e020,0.5189
3,381,e021,0.4715
3,381,e022,0.4833
3,381,e023,0.5111
3,381,e024,0.5052
3,382,e001,0.4915
3,382,e002,0.5204
3,382,e003,0.4937
3,382,e004,0.4574
3,382,e005,0.4986
3,382,e006,0.5353
3,382,e007,0.5058
3,382,e008,0.4688
3,382,e009,0.4889
3,382,e010,0.4738
3,382,e011,0.5281
3,382,e012,0.5313
3,382,e013,0.7865
3,382,e014,0.8119
3,382,e015,0.7761
3,382,e016,0.8443
3,382,e017,0.8
3,382,e018,0.8113
3,382,e019,0.479
3,382,e020,0.4403
3,382,e021,0.4815
3,382,e022,0.434
3,382,e023,0.4557
3,382,e024,0.5289
3,383,e001,0.4621
3,383,e002,0.4723
3,383,e003,0.524
3,383,e004,0.4547
3,383,e005,0.5444
3,383,e006,0.4797
3,383,e007,0.4435
3,383,e008,0.52
3,383,e009,0.503
3,383,e010,0.4356
3,383,e011,0.5057
3,383,e012,0.4793
3,383,e013,0.7741
3,383,e014,0.8576
3,383,e015,0.8019
3,383,e016,0.7434
3,383,e017,0.8458
3,383,e018,0.8083
3,383,e019,0.4221
3,383,e020,0.4749
3,383,e021,0.4516
3,383,e022,0.4875
3,383,e023,0.4685
3,383,e024,0.4527
3,384,e001,0.4709
3,384,e002,0.4195
3,384,e003,0.4153
3,384,e004,0.3639
3,384,e005,0.4575
3,384,e006,0.4303
3,384,e007,0.4675
3,384,e008,0.3976
3,384,e009,0.4656
3,384,e010,0.4899
3,384,e011,0.4475
3,384,e012,0.4024
3,384,e013,0.7973
3,384,e014,0.7642
3,384,e015,0.7334
3,384,e016,0.8031
3,384,e017,0.779
3,384,e018,0.7429
3,384,e019,0.4934
3,384,e020,0.4595
3,384,e021,0.421
3,384,e022,0.4999
3,384,e023,0.4202
3,384,e024,0.4392
3,385,e001,0.5377
3,385,e002,0.4769
3,385,e003,0.4463
3,385,e004,0.5303
3,385,e005,0.5236
3,385,e006,0.4608
3,385,e007,0.4824
3,385,e008,0.5338
3,385,e009,0.5191
3,385,e010,0.4597
3,385,e011,0.4615
3,385,e012,0.5136
3,385,e013,0.8404
3,385,e014,0.8426
3,385,e015,0.8681
3,385,e016,0.8512
3,385,e017,0.8626
3,385,e018,0.792
3,385,e019,0.5184
3,385,e020,0.5487
3,385,e021,0.5363
3,385,e022,0.5276
3,385,e023,0.5089
3,385,e024,0.4502
3,386,e001,0.5318
3,386,e002,0.5046
3,386,e003,0.4746
3,386,e004,0.4287
3,386,e005,0.5036
3,386,e006,0.4632
3,386,e007,0.4732
3,386,e008,0.4627
3,386,e009,0.4988
3,386,e010,0.4326
3,386,e011,0.4575
3,386,e012,0.4924
3,386,e013,0.8502
3,386,e014,0.8377
3,386,e015,0.8014
3,386,e016,0.8298
3,386,e017,0.7533
3,386,e018,0.7871
3,386,e019,0.4875
3,386,e020,0.4464
3,386,e021,0.5457
3,386,e022,0.5154
3,386,e023,0.4819
3,386,e024,0.5115
3,387,e001,0.4228
3,387,e002,0.4167
3,387,e003,0.4287
3,387,e004,0.4564
3,387,e005,0.4098
3,387,e006,0.4465
3,387,e007,0.5117
3,387,e008,0.4271
3,387,e009,0.4152
3,387,e010,0.4119
3,387,e011,0.4382
3,387,e012,0.4582
3,387,e013,0.791
3,387,e014,0.7657
3,387,e015,0.7444
3,387,e016,0.7882
3,387,e017,0.7289
3,387,e018,0.7528
3,387,e019,0.4464
3,387,e020,0.4438
3,387,e021,0.4893
3,387,e022,0.4524
3,387,e023,0.4811
3,387,e024,0.4673
3,388,e001,0.4576
3,388,e002,0.4521
3,388,e003,0.4732
3,388,e004,0.4611
3,388,e005,0.5054
3,388,e006,0.5115
3,388,e007,0.4384
3,388,e008,0.4467
3,388,e009,0.4139
3,388,e010,0.475
3,388,e011,0.4396
3,388,e012,0.4728
3,388,e013,0.7797
3,388,e014,0.7937
3,388,e015,0.8307
3,388,e016,0.8191
3,388,e017,0.8341
3,388,e018,0.7827
3,388,e019,0.446
3,388,e020,0.4971
3,388,e021,0.4772
3,388,e022,0.4696
3,388,e023,0.5125
3,388,e024,0.513
3,389,e001,0.5092
3,389,e002,0.4574
3,389,e003,0.4717
3,389,e004,0.5271
3,389,e005,0.4692
3,389,e006,0.443
3,389,e007,0.5079
3,389,e008,0.4297
3,389,e009,0.4542
3,389,e010,0.5079
3,389,e011,0.499
3,389,e012,0.5249
3,389,e013,0.817
3,389,e014,0.8033
3,389,e015,0.8235
3,389,e016,0.8364
3,389,e017,0.8325
3,389,e018,0.7947
3,389,e019,0.4839
3,389,e020,0.4921
3,389,e021,0.4276
3,389,e022,0.4986
3,389,e023,0.4756
3,389,e024,0.4917
3,390,e001,0.4979
3,390,e002,0.4115
3,390,e003,0.4322
3,390,e004,0.4148
3,390,e005,0.3855
3,390,e006,0.4796
3,390,e007,0.506
3,390,e008,0.4583
3,390,e009,0.4571
3,390,e010,0.4601
3,390,e011,0.4834
3,390,e012,0.4179
3,390,e013,0.7324
3,390,e014,0.7171
3,390,e015,0.7327
3,390,e016,0.7917
3,390,e017,0.8323
3,390,e018,0.8398
3,390,e019,0.4782
3,390,e020,0.4212
3,390,e021,0.4435
3,390,e022,0.49
3,390,e023,0.4253
3,390,e024,0.4458
3,391,e001,0.4456
3,391,e002,0.4328
3,391,e003,0.4666
3,391,e004,0.4997
3,391,e005,0.4516
3,391,e006,0.5249
3,391,e007,0.4371
3,391,e008,0.4368
3,391,e009,0.4377
3,391,e010,0.4497
3,391,e011,0.441
3,391,e012,0.4543
3,391,e013,0.8507
3,391,e014,0.8065
3,391,e015,0.7996
3,391,e016,0.7644
3,391,e017,0.7606
3,391,e018,0.8175
3,391,e019,0.4153
3,391,e020,0.4794
3,391,e021,0.4935
3,391,e022,0.4372
3,391,e023,0.4661
3,391,e024,0.5213
3,392,e001,0.491
3,392,e002,0.5046
3,392,e003,0.4507
3,392,e004,0.5117
3,392,e005,0.5076
3,392,e006,0.517
3,392,e007,0.4921
3,392,e008,0.4872
3,392,e009,0.403
3,392,e010,0.5081
3,392,e011,0.4808
3,392,e012,0.4368
3,392,e013,0.8462
3,392,e014,0.7577
3,392,e015,0.8124
3,392,e016,0.7593
3,392,e017,0.7725
3,392,e018,0.8106
3,392,e019,0.5119
3,392,e020,0.4949
3,392,e021,0.4364
3,392,e022,0.471
3,392,e023,0.4534
3,392,e024,0.5245
3,393,e001,0.4781
3,393,e002,0.4833
3,393,e003,0.4824
3,393,e004,0.492
3,393,e005,0.4611
3,393,e006,0.4155
3,393,e007,0.4788
3,393,e008,0.451
3,393,e009,0.4446
3,393,e010,0.4533
3,393,e011,0.4448
3,393,e012,0.4596
3,393,e013,0.7861
3,393,e014,0.8434
3,393,e015,0.8141
3,393,e016,0.7548
3,393,e017,0.8538
3,393,e018,0.8083
3,393,e019,0.4825
3,393,e020,0.5275
3,393,e021,0.4356
3,393,e022,0.4394
3,393,e023,0.4834
3,393,e024,0.5002
3,394,e001,0.4386
3,394,e002,0.4891
3,394,e003,0.4575
3,394,e004,0.4437
3,394,e005,0.4281
3,394,e006,0.4398
3,394,e007,0.4718
3,394,e008,0.4894
3,394,e009,0.4854
3,394,e010,0.4396
3,394,e011,0.4226
3,394,e012,0.4402
3,394,e013,0.7749
3,394,e014,0.8541
3,394,e015,0.8399
3,394,e016,0.8417
3,394,e017,0.816
3,394,e018,0.7777
3,394,e019,0.4617
3,394,e020,0.499
3,394,e021,0.4609
3,394,e022,0.4483
3,394,e023,0.4607
3,394,e024,0.5353
3,395,e001,0.4917
3,395,e002,0.4108
3,395,e003,0.4411
3,395,e004,0.423
3,395,e005,0.3784
3,395,e006,0.49
3,395,e007,0.4138
3,395,e008,0.4333
3,395,e009,0.3817
3,395,e010,0.4968
3,395,e011,0.4088
3,395,e012,0.4832
3,395,e013,0.7733
3,395,e014,0.7614
3,395,e015,0.7734
3,395,e016,0.7956
3,395,e017,0.7882
3,395,e018,0.744
3,395,e019,0.4623
3,395,e020,0.4504
3,395,e021,0.4463
3,395,e022,0.4734
3,395,e023,0.4565
3,395,e024,0.4769
3,396,e001,0.4716
3,396,e002,0.4314
3,396,e003,0.4362
3,396,e004,0.4966
3,396,e005,0.4925
3,396,e006,0.5458
3,396,e007,0.5105
3,396,e008,0.4427
3,396,e009,0.4533
3,396,e010,0.5223
3,396,e011,0.5235
3,396,e012,0.4889
3,396,e013,0.7724
3,396,e014,0.7793
3,396,e015,0.782
3,396,e016,0.8532
3,396,e017,0.8111
3,396,e018,0.786
3,396,e019,0.5163
3,396,e020,0.4535
3,396,e021,0.509
3,396,e022,0.4798
3,396,e023,0.4857
3,396,e024,0.4745
3,397,e001,0.4872
3,397,e002,0.514
3,397,e003,0.4882
3,397,e004,0.4303
3,397,e005,0.4645
3,397,e006,0.4677
3,397,e007,0.4611
3,397,e008,0.4604
3,397,e009,0.4427
3,397,e010,0.4866
3,397,e011,0.4956
3,397,e012,0.4401
3,397,e013,0.7445
3,397,e014,0.7957
3,397,e015,0.7607
3,397,e016,0.8245
3,397,e017,0.7997
3,397,e018,0.7611
3,397,e019,0.4938
3,397,e020,0.496
3,397,e021,0.4107
3,397,e022,0.4368
3,397,e023,0.4642
3,397,e024,0.4012
3,398,e001,0.4195
3,398,e002,0.4471
3,398,e003,0.439
3,398,e004,0.4316
3,398,e005,0.4862
3,398,e006,0.4327
3,398,e007,0.4411
3,398,e008,0.4514
3,398,e009,0.4126
3,398,e010,0.415
3,398,e011,0.4495
3,398,e012,0.4577
3,398,e013,0.5482
3,398,e014,0.5415
3,398,e015,0.5991
3,398,e016,0.5276
3,398,e017,0.5678
3,398,e018,0.5757
3,398,e019,0.4475
3,398,e020,0.3826
3,398,e021,0.4049
3,398,e022,0.4052
3,398,e023,0.4167
3,398,e024,0.4195
3,399,e001,0.4684
3,399,e002,0.4696
3,399,e003,0.5051
3,399,e004,0.5327
3,399,e005,0.4908
3,399,e006,0.5071
3,399,e007,0.4676
3,399,e008,0.4627
3,399,e009,0.4933
3,399,e010,0.5293
3,399,e011,0.4601
3,399,e012,0.5569
3,399,e013,0.621
3,399,e014,0.6416
3,399,e015,0.603
3,399,e016,0.5948
3,399,e017,0.6545
3,399,e018,0.5848
3,399,e019,0.5196
3,399,e020,0.4568
3,399,e021,0.5421
3,399,e022,0.5063
3,399,e023,0.4552
3,399,e024,0.5314
3,400,e001,0.4812
3,400,e002,0.4935
3,400,e003,0.4495
3,400,e004,0.4772
3,400,e005,0.4807
3,400,e006,0.4434
3,400,e007,0.4759
3,400,e008,0.4819
3,400,e009,0.4508
3,400,e010,0.4514
3,400,e011,0.4867
3,400,e012,0.5136
3,400,e013,0.6644
3,400,e014,0.6085
3,400,e015,0.6151
3,400,e016,0.6023
3,400,e017,0.6014
3,400,e018,0.6096
3,400,e019,0.56
3,400,e020,0.5123
3,400,e021,0.4481
3,400,e022,0.4351
3,400,e023,0.5029
3,400,e024,0.5284
3,401,e001,0.4966
3,401,e002,0.517
3,401,e003,0.4678
3,401,e004,0.4718
3,401,e005,0.4602
3,401,e006,0.5246
3,401,e007,0.5059
3,401,e008,0.4827
3,401,e009,0.534
3,401,e010,0.4738
3,401,e011,0.4687
3,401,e012,0.4675
3,401,e013,0.5862
3,401,e014,0.6238
3,401,e015,0.5697
3,401,e016,0.5939
3,401,e017,0.5719
3,401,e018,0.6219
3,401,e019,0.4781
3,401,e020,0.4163
3,401,e021,0.5209
3,401,e022,0.5455
3,401,e023,0.4908
3,401,e024,0.4915
3,402,e001,0.4001
3,402,e002,0.4095
3,402,e003,0.4042
3,402,e004,0.4723
3,402,e005,0.4996
3,402,e006,0.4122
3,402,e007,0.4671
3,402,e008,0.4342
3,402,e009,0.4227
3,402,e010,0.4109
3,402,e011,0.431
3,402,e012,0.3857
3,402,e013,0.5248
3,402,e014,0.5245
3,402,e015,0.5981
3,402,e016,0.5716
3,402,e017,0.5427
3,402,e018,0.5607
3,402,e019,0.4512
3,402,e020,0.468
3,402,e021,0.4177
3,402,e022,0.4172
3,402,e023,0.4387
3,402,e024,0.4132
3,403,e001,0.4842
3,403,e002,0.5317
3,403,e003,0.5361
3,403,e004,0.4605
3,403,e005,0.4279
3,403,e006,0.4953
3,403,e007,0.503
3,403,e008,0.5107
3,403,e009,0.4774
3,403,e010,0.4844
3,403,e011,0.5335
3,403,e012,0.454
3,403,e013,0.6126
3,403,e014,0.6476
3,403,e015,0.6105
3,403,e016,0.6125
3,403,e017,0.6078
3,403,e018,0.6082
3,403,e019,0.493
3,403,e020,0.4417
3,403,e021,0.5392
3,403,e022,0.4834
3,403,e023,0.5337
3,403,e024,0.4389
3,404,e001,0.3918
3,404,e002,0.3877
3,404,e003,0.3822
3,404,e004,0.4342
3,404,e005,0.4128
3,404,e006,0.3728
3,404,e007,0.4801
3,404,e008,0.3741
3,404,e009,0.3882
3,404,e010,0.4965
3,404,e011,0.5002
3,404,e012,0.4401
3,404,e013,0.5742
3,404,e014,0.5309
3,404,e015,0.5895
3,404,e016,0.5675
3,404,e017,0.536
3,404,e018,0.5504
3,404,e019,0.4487
3,404,e020,0.4861
3,404,e021,0.407
3,404,e022,0.4185
3,404,e023,0.473
3,404,e024,0.4219
3,405,e001,0.5269
3,405,e002,0.5524
3,405,e003,0.4857
3,405,e004,0.4928
3,405,e005,0.542
3,405,e006,0.5317
3,405,e007,0.5203
3,405,e008,0.5129
3,405,e009,0.5278
3,405,e010,0.5014
3,405,e011,0.5455
3,405,e012,0.4867
3,405,e013,0.7011
3,405,e014,0.6052
3,405,e015,0.6091
3,405,e016,0.7295
3,405,e017,0.6274
3,405,e018,0.6343
3,405,e019,0.5611
3,405,e020,0.5151
3,405,e021,0.5241
3,405,e022,0.5718
3,405,e023,0.5077
3,405,e024,0.5009
3,406,e001,0.5204
3,406,e002,0.5511
3,406,e003,0.5428
3,406,e004,0.4791
3,406,e005,0.4851
3,406,e006,0.5209
3,406,e007,0.4713
3,406,e008,0.4997
3,406,e009,0.5169
3,406,e010,0.5631
3,406,e011,0.4728
3,406,e012,0.4629
3,406,e013,0.6383
3,406,e014,0.6199
3,406,e015,0.5761
3,406,e016,0.6136
3,406,e017,0.6595
3,406,e018,0.6226
3,406,e019,0.5451
3,406,e020,0.4631
3,406,e021,0.4478
3,406,e022,0.4852
3,406,e023,0.4716
3,406,e024,0.4964
3,407,e001,0.4123
3,407,e002,0.4208
3,407,e003,0.4446
3,407,e004,0.4752
3,407,e005,0.5025
3,407,e006,0.4308
3,407,e007,0.4401
3,407,e008,0.4194
3,407,e009,0.4834
3,407,e010,0.488
3,407,e011,0.4294
3,407,e012,0.4404
3,407,e013,0.6116
3,407,e014,0.574
3,407,e015,0.634
3,407,e016,0.5541
3,407,e017,0.5688
3,407,e018,0.614
3,407,e019,0.482
3,407,e020,0.4223
3,407,e021,0.4226
3,407,e022,0.4945
3,407,e023,0.441
3,407,e024,0.5225
3,408,e001,0.4685
3,408,e002,0.4529
3,408,e003,0.4823
3,408,e004,0.4566
3,408,e005,0.4641
3,408,e006,0.4718
3,408,e007,0.4771
3,408,e008,0.4532
3,408,e009,0.4868
3,408,e010,0.4563
3,408,e011,0.5186
3,408,e012,0.4636
3,408,e013,0.5767
3,408,e014,0.6004
3,408,e015,0.6071
3,408,e016,0.5986
3,408,e017,0.6319
3,408,e018,0.6572
3,408,e019,0.4894
3,408,e020,0.4619
3,408,e021,0.5188
3,408,e022,0.476
3,408,e023,0.5216
3,408,e024,0.5429
3,409,e001,0.4631
3,409,e002,0.4443
3,409,e003,0.5014
3,409,e004,0.442
3,409,e005,0.433
3,409,e006,0.5252
3,409,e007,0.4858
3,409,e008,0.4873
3,409,e009,0.4405
3,409,e010,0.474
3,409,e011,0.5007
3,409,e012,0.4946
3,409,e013,0.618
3,409,e014,0.5988
3,409,e015,0.6696
3,409,e016,0.5741
3,409,e017,0.6623
3,409,e018,0.6101
3,409,e019,0.4501
3,409,e020,0.4798
3,409,e021,0.4926
3,409,e022,0.4732
3,409,e023,0.4165
3,409,e024,0.4685
3,410,e001,0.4429
3,410,e002,0.5433
3,410,e003,0.4575
3,410,e004,0.4967
3,410,e005,0.5317
3,410,e006,0.5156
3,410,e007,0.4914
3,410,e008,0.4829
3,410,e009,0.5285
3,410,e010,0.498
3,410,e011,0.4622
3,410,e012,0.4917
3,410,e013,0.6458
3,410,e014,0.6456
3,410,e015,0.6591
3,410,e016,0.6108
3,410,e017,0.6752
3,410,e018,0.5952
3,410,e019,0.474
3,410,e020,0.4795
3,410,e021,0.4779
3,410,e022,0.5411
3,410,e023,0.4871
3,410,e024,0.4695
3,411,e001,0.4934
3,411,e002,0.5129
3,411,e003,0.4622
3,411,e004,0.4214
3,411,e005,0.4312
3,411,e006,0.4654
3,411,e007,0.4219
3,411,e008,0.4474
3,411,e009,0.4667
3,411,e010,0.4759
3,411,e011,0.4782
3,411,e012,0.4602
3,411,e013,0.5424
3,411,e014,0.5804
3,411,e015,0.6221
3,411,e016,0.596
3,411,e017,0.6667
3,411,e018,0.5713
3,411,e019,0.5033
3,411,e020,0.4684
3,411,e021,0.4482
3,411,e022,0.4449
3,411,e023,0.4495
3,411,e024,0.5162
3,412,e001,0.5103
3,412,e002,0.5097
3,412,e003,0.4444
3,412,e004,0.4639
3,412,e005,0.4915
3,412,e006,0.5163
3,412,e007,0.5464
3,412,e008,0.4967
3,412,e009,0.4832
3,412,e010,0.5206
3,412,e011,0.5012
3,412,e012,0.4952
3,412,e013,0.569
3,412,e014,0.5947
3,412,e015,0.6834
3,412,e016,0.665
3,412,e017,0.6106
3,412,e018,0.6358
3,412,e019,0.4884
3,412,e020,0.531
3,412,e021,0.5208
3,412,e022,0.4973
3,412,e023,0.4924
3,412,e024,0.5321
3,413,e001,0.4972
3,413,e002,0.4612
3,413,e003,0.4803
3,413,e004,0.4143
3,413,e005,0.4673
3,413,e006,0.4738
3,413,e007,0.449
3,413,e008,0.4533
3,413,e009,0.4964
3,413,e010,0.5024
3,413,e011,0.4149
3,413,e012,0.4261
3,413,e013,0.5975
3,413,e014,0.6109
3,413,e015,0.5223
3,413,e016,0.5594
3,413,e017,0.596
3,413,e018,0.5956
3,413,e019,0.5172
3,413,e020,0.4449
3,413,e021,0.4336
3,413,e022,0.4524
3,413,e023,0.4463
3,413,e024,0.4676
3,414,e001,0.4485
3,414,e002,0.4446
3,414,e003,0.4682
3,414,e004,0.5086
3,414,e005,0.5127
3,414,e006,0.4297
3,414,e007,0.5096
3,414,e008,0.4895
3,414,e009,0.4423
3,414,e010,0.4465
3,414,e011,0.5255
3,414,e012,0.4248
3,414,e013,0.6016
3,414,e014,0.6324
3,414,e015,0.6312
3,414,e016,0.6448
3,414,e017,0.6361
3,414,e018,0.6007
3,414,e019,0.4714
3,414,e020,0.4526
3,414,e021,0.5146
3,414,e022,0.4515
3,414,e023,0.4696
3,414,e024,0.5202
3,415,e001,0.5155
3,415,e002,0.5111
3,415,e003,0.5373
3,415,e004,0.4629
3,415,e005,0.4997
3,415,e006,0.5438
3,415,e007,0.5233
3,415,e008,0.5538
3,415,e009,0.4939
3,415,e010,0.4887
3,415,e011,0.4872
3,415,e012,0.4716
3,415,e013,0.6321
3,415,e014,0.6981
3,415,e015,0.6645
3,415,e016,0.6323
3,415,e017,0.6515
3,415,e018,0.6781
3,415,e019,0.4751
3,415,e020,0.4512
3,415,e021,0.5642
3,415,e022,0.4604
3,415,e023,0.4705
3,415,e024,0.5006
3,416,e001,0.4619
3,416,e002,0.4845
3,416,e003,0.4748
3,416,e004,0.5031
3,416,e005,0.446
3,416,e006,0.443
3,416,e007,0.4823
3,416,e008,0.5271
3,416,e009,0.4274
3,416,e010,0.4502
3,416,e011,0.4346
3,416,e012,0.4956
3,416,e013,0.6437
3,416,e014,0.6268
3,416,e015,0.5847
3,416,e016,0.6083
3,416,e017,0.5416
3,416,e018,0.5912
3,416,e019,0.4891
3,416,e020,0.4731
3,416,e021,0.4057
3,416,e022,0.4205
3,416,e023,0.4968
3,416,e024,0.4107
3,417,e001,0.4773
3,417,e002,0.4614
3,417,e003,0.5194
3,417,e004,0.4777
3,417,e005,0.5545
3,417,e006,0.5189
3,417,e007,0.5172
3,417,e008,0.5559
3,417,e009,0.5109
3,417,e010,0.5172
3,417,e011,0.4627
3,417,e012,0.4697
3,417,e013,0.6663
3,417,e014,0.5825
3,417,e015,0.6459
3,417,e016,0.6622
3,417,e017,0.625
3,417,e018,0.5919
3,417,e019,0.5155
3,417,e020,0.5346
3,417,e021,0.4837
3,417,e022,0.5046
3,417,e023,0.4838
3,417,e024,0.5207
3,418,e001,0.5383
3,418,e002,0.5385
3,418,e003,0.5202
3,418,e004,0.4962
3,418,e005,0.4553
3,418,e006,0.4926
3,418,e007,0.5515
3,418,e008,0.5149
3,418,e009,0.4748
3,418,e010,0.4984
3,418,e011,0.5115
3,418,e012,0.5543
3,418,e013,0.6741
3,418,e014,0.655
3,418,e015,0.6302
3,418,e016,0.6125
3,418,e017,0.626
3,418,e018,0.6709
3,418,e019,0.4788
3,418,e020,0.5212
3,418,e021,0.503
3,418,e022,0.4414
3,418,e023,0.573
3,418,e024,0.451
3,419,e001,0.449
3,419,e002,0.4726
3,419,e003,0.5101
3,419,e004,0.4117
3,419,e005,0.4294
3,419,e006,0.5235
3,419,e007,0.5099
3,419,e008,0.4369
3,419,e009,0.4865
3,419,e010,0.4366
3,419,e011,0.4851
3,419,e012,0.4609
3,419,e013,0.6401
3,419,e014,0.5991
3,419,e015,0.5458
3,419,e016,0.6442
3,419,e017,0.6421
3,419,e018,0.6188
3,419,e019,0.4151
3,419,e020,0.4243
3,419,e021,0.5034
3,419,e022,0.492
3,419,e023,0.4981
3,419,e024,0.5311
3,420,e001,0.4882
3,420,e002,0.5035
3,420,e003,0.4903
3,420,e004,0.4834
3,420,e005,0.5476
3,420,e006,0.4984
3,420,e007,0.4566
3,420,e008,0.5405
3,420,e009,0.4842
3,420,e010,0.5499
3,420,e011,0.5242
3,420,e012,0.5028
3,420,e013,0.6351
3,420,e014,0.654
3,420,e015,0.5836
3,420,e016,0.6421
3,420,e017,0.6022
3,420,e018,0.6223
3,420,e019,0.5432
3,420,e020,0.4848
3,420,e021,0.5271
3,420,e022,0.5389
3,420,e023,0.5538
3,420,e024,0.5666
3,421,e001,0.4447
3,421,e002,0.5011
3,421,e003,0.4887
3,421,e004,0.4325
3,421,e005,0.4843
3,421,e006,0.4407
3,421,e007,0.5086
3,421,e008,0.4093
3,421,e009,0.4852
3,421,e010,0.469
3,421,e011,0.4402
3,421,e012,0.4747
3,421,e013,0.6067
3,421,e014,0.603
3,421,e015,0.5722
3,421,e016,0.6154
3,421,e017,0.6215
3,421,e018,0.6081
3,421,e019,0.5019
3,421,e020,0.5192
3,421,e021,0.4458
3,421,e022,0.4472
3,421,e023,0.4176
3,421,e024,0.4805
3,422,e001,0.5016
3,422,e002,0.4586
3,422,e003,0.5511
3,422,e004,0.503
3,422,e005,0.5044
3,422,e006,0.4805
3,422,e007,0.4415
3,422,e008,0.4995
3,422,e009,0.4374
3,422,e010,0.4481
3,422,e011,0.46
3,422,e012,0.4747
3,422,e013,0.6018
3,422,e014,0.5862
3,422,e015,0.6455
3,422,e016,0.6406
3,422,e017,0.6125
3,422,e018,0.6218
3,422,e019,0.5037
3,422,e020,0.4534
3,422,e021,0.514
3,422,e022,0.5232
3,422,e023,0.4367
3,422,e024,0.4647
3,423,e001,0.4312
3,423,e002,0.4308
3,423,e003,0.4693
3,423,e004,0.4841
3,423,e005,0.4752
3,423,e006,0.4515
3,423,e007,0.4444
3,423,e008,0.4987
3,423,e009,0.4456
3,423,e010,0.471
3,423,e011,0.4107
3,423,e012,0.4429
3,423,e013,0.5322
3,423,e014,0.4989
3,423,e015,0.5708
3,423,e016,0.5984
3,423,e017,0.554
3,423,e018,0.5552
3,423,e019,0.4446
3,423,e020,0.4686
3,423,e021,0.4078
3,423,e022,0.4759
3,423,e023,0.4413
3,423,e024,0.4631
3,424,e001,0.4484
3,424,e002,0.491
3,424,e003,0.4401
3,424,e004,0.4292
3,424,e005,0.4584
3,424,e006,0.445
3,424,e007,0.5034
3,424,e008,0.4518
3,424,e009,0.5057
3,424,e010,0.4281
3,424,e011,0.4688
3,424,e012,0.4595
3,424,e013,0.5885
3,424,e014,0.6065
3,424,e015,0.666
3,424,e016,0.6273
3,424,e017,0.6027
3,424,e018,0.6114
3,424,e019,0.4521
3,424,e020,0.4897
3,424,e021,0.5107
3,424,e022,0.4427
3,424,e023,0.4886
3,424,e024,0.5022
3,425,e001,0.5006
3,425,e002,0.5269
3,425,e003,0.4353
3,425,e004,0.4387
3,425,e005,0.5235
3,425,e006,0.4918
3,425,e007,0.4715
3,425,e008,0.5173
3,425,e009,0.4713
3,425,e010,0.4272
3,425,e011,0.51
3,425,e012,0.5446
3,425,e013,0.6067
3,425,e014,0.6317
3,425,e015,0.6047
3,425,e016,0.6739
3,425,e017,0.5905
3,425,e018,0.5672
3,425,e019,0.5186
3,425,e020,0.4981
3,425,e021,0.432
3,425,e022,0.5174
3,425,e023,0.5064
3,425,e024,0.4235
3,426,e001,0.4064
3,426,e002,0.4134
3,426,e003,0.4959
3,426,e004,0.4612
3,426,e005,0.4704
3,426,e006,0.4924
3,426,e007,0.3955
3,426,e008,0.4668
3,426,e009,0.4001
3,426,e010,0.3994
3,426,e011,0.4541
3,426,e012,0.4239
3,426,e013,0.5674
3,426,e014,0.5651
3,426,e015,0.5966
3,426,e016,0.5692
3,426,e017,0.5553
3,426,e018,0.5415
3,426,e019,0.4015
3,426,e020,0.426
3,426,e021,0.4264
3,426,e022,0.3945
3,426,e023,0.4762
3,426,e024,0.458
3,427,e001,0.5369
3,427,e002,0.5187
3,427,e003,0.4607
3,427,e004,0.534
3,427,e005,0.5527
3,427,e006,0.5093
3,427,e007,0.5035
3,427,e008,0.5239
3,427,e009,0.5311
3,427,e010,0.4867
3,427,e011,0.5054
3,427,e012,0.4812
3,427,e013,0.5852
3,427,e014,0.5923
3,427,e015,0.6344
3,427,e016,0.6402
3,427,e017,0.6117
3,427,e018,0.586
3,427,e019,0.469
3,427,e020,0.4887
3,427,e021,0.4888
3,427,e022,0.452
3,427,e023,0.4455
3,427,e024,0.4567
3,428,e001,0.45
3,428,e002,0.453
3,428,e003,0.4078
3,428,e004,0.4434
3,428,e005,0.4312
3,428,e006,0.4016
3,428,e007,0.4782
3,428,e008,0.4895
3,428,e009,0.396
3,428,e010,0.4286
3,428,e011,0.4686
3,428,e012,0.4865
3,428,e013,0.5879
3,428,e014,0.5214
3,428,e015,0.5349
3,428,e016,0.5885
3,428,e017,0.5701
3,428,e018,0.5534
3,428,e019,0.3677
3,428,e020,0.4649
3,428,e021,0.4168
3,428,e022,0.4142
3,428,e023,0.3897
3,428,e024,0.476
3,429,e001,0.4088
3,429,e002,0.4106
3,429,e003,0.4805
3,429,e004,0.4331
3,429,e005,0.4527
3,429,e006,0.4167
3,429,e007,0.4489
3,429,e008,0.465
3,429,e009,0.4083
3,429,e010,0.4196
3,429,e011,0.4498
3,429,e012,0.4148
3,429,e013,0.5361
3,429,e014,0.6258
3,429,e015,0.5882
3,429,e016,0.5496
3,429,e017,0.6055
3,429,e018,0.5416
3,429,e019,0.4094
3,429,e020,0.4212
3,429,e021,0.441
3,429,e022,0.4711
3,429,e023,0.4203
3,429,e024,0.4137
3,430,e001,0.4472
3,430,e002,0.5184
3,430,e003,0.4957
3,430,e004,0.5058
3,430,e005,0.5116
3,430,e006,0.4897
3,430,e007,0.5419
3,430,e008,0.5226
3,430,e009,0.5157
3,430,e010,0.4456
3,430,e011,0.5177
3,430,e012,0.4796
3,430,e013,0.6108
3,430,e014,0.5812
3,430,e015,0.5659
3,430,e016,0.5751
3,430,e017,0.6632
3,430,e018,0.6214
3,430,e019,0.4785
3,430,e020,0.5387
3,430,e021,0.4425
3,430,e022,0.4381
3,430,e023,0.4505
3,430,e024,0.471
3,431,e001,0.4258
3,431,e002,0.4427
3,431,e003,0.4832
3,431,e004,0.4175
3,431,e005,0.4146
3,431,e006,0.4339
3,431,e007,0.405
3,431,e008,0.4468
3,431,e009,0.4475
3,431,e010,0.4116
3,431,e011,0.4189
3,431,e012,0.3712
3,431,e013,0.5517
3,431,e014,0.5986
3,431,e015,0.5457
3,431,e016,0.5197
3,431,e017,0.5322
3,431,e018,0.5115
3,431,e019,0.3686
3,431,e020,0.4011
3,431,e021,0.4339
3,431,e022,0.3677
3,431,e023,0.391
3,431,e024,0.4101
3,432,e001,0.4469
3,432,e002,0.464
3,432,e003,0.3867
3,432,e004,0.4242
3,432,e005,0.4429
3,432,e006,0.4254
3,432,e007,0.4764
3,432,e008,0.5111
3,432,e009,0.4547
3,432,e010,0.47
3,432,e011,0.4352
3,432,e012,0.4399
3,432,e013,0.5437
3,432,e014,0.5905
3,432,e015,0.5104
3,432,e016,0.561
3,432,e017,0.6088
3,432,e018,0.5903
3,432,e019,0.4489
3,432,e020,0.394
3,432,e021,0.4273
3,432,e022,0.4819
3,432,e023,0.4138
3,432,e024,0.4121
3,433,e001,0.4767
3,433,e002,0.4707
3,433,e003,0.4308
3,433,e004,0.4723
3,433,e005,0.4316
3,433,e006,0.4627
3,433,e007,0.4296
3,433,e008,0.4234
3,433,e009,0.3961
3,433,e010,0.3902
3,433,e011,0.4273
3,433,e012,0.3795
3,433,e013,0.6097
3,433,e014,0.5789
3,433,e015,0.6485
3,433,e016,0.5415
3,433,e017,0.6202
3,433,e018,0.5796
3,433,e019,0.4536
3,433,e020,0.4505
3,433,e021,0.4675
3,433,e022,0.3962
3,433,e023,0.4292
3,433,e024,0.4019
3,434,e001,0.4405
3,434,e002,0.4181
3,434,e003,0.4848
3,434,e004,0.4449
3,434,e005,0.4232
3,434,e006,0.4637
3,434,e007,0.4041
3,434,e008,0.4638
3,434,e009,0.4434
3,434,e010,0.4918
3,434,e011,0.4526
3,434,e012,0.4556
3,434,e013,0.5635
3,434,e014,0.6095
3,434,e015,0.6049
3,434,e016,0.5869
3,434,e017,0.5804
3,434,e018,0.5929
3,434,e019,0.4333
3,434,e020,0.4156
3,434,e021,0.429
3,434,e022,0.4144
3,434,e023,0.4387
3,434,e024,0.4821
3,435,e001,0.4005
3,435,e002,0.4573
3,435,e003,0.4304
3,435,e004,0.4528
3,435,e005,0.408
3,435,e006,0.4012
3,435,e007,0.3975
3,435,e008,0.4491
3,435,e009,0.3727
3,435,e010,0.4104
3,435,e011,0.4115
3,435,e012,0.3841
3,435,e013,0.5058
3,435,e014,0.5244
3,435,e015,0.5611
3,435,e016,0.5236
3,435,e017,0.5825
3,435,e018,0.524
3,435,e019,0.41
3,435,e020,0.4246
3,435,e021,0.4421
3,435,e022,0.4076
3,435,e023,0.4119
3,435,e024,0.384
3,436,e001,0.4792
3,436,e002,0.4645
3,436,e003,0.491
3,436,e004,0.4368
3,436,e005,0.4214
3,436,e006,0.4087
3,436,e007,0.466
3,436,e008,0.4215
3,436,e009,0.4579
3,436,e010,0.4706
3,436,e011,0.4381
3,436,e012,0.4768
3,436,e013,0.6444
3,436,e014,0.5543
3,436,e015,0.5506
3,436,e016,0.5703
3,436,e017,0.5801
3,436,e018,0.6215
3,436,e019,0.4456
3,436,e020,0.3889
3,436,e021,0.4939
3,436,e022,0.4824
3,436,e023,0.4158
3,436,e024,0.4769
3,437,e001,0.515
3,437,e002,0.4335
3,437,e003,0.4284
3,437,e004,0.4856
3,437,e005,0.4605
3,437,e006,0.4654
3,437,e007,0.4042
3,437,e008,0.4286
3,437,e009,0.4835
3,437,e010,0.4181
3,437,e011,0.458
3,437,e012,0.4457
3,437,e013,0.5508
3,437,e014,0.5877
3,437,e015,0.5434
3,437,e016,0.5594
3,437,e017,0.5937
3,437,e018,0.5637
3,437,e019,0.4337
3,437,e020,0.4601
3,437,e021,0.4106
3,437,e022,0.4356
3,437,e023,0.4537
3,437,e024,0.4407
3,438,e001,0.4477
3,438,e002,0.393
3,438,e003,0.4059
3,438,e004,0.3447
3,438,e005,0.4287
3,438,e006,0.4121
3,438,e007,0.4403
3,438,e008,0.3895
3,438,e009,0.4603
3,438,e010,0.4469
3,438,e011,0.3629
3,438,e012,0.4067
3,438,e013,0.5502
3,438,e014,0.4894
3,438,e015,0.5876
3,438,e016,0.5013
3,438,e017,0.5019
3,438,e018,0.5424
3,438,e019,0.404
3,438,e020,0.3634
3,438,e021,0.3938
3,438,e022,0.372
3,438,e023,0.4168
3,438,e024,0.4229
3,439,e001,0.4366
3,439,e002,0.3807
3,439,e003,0.3503
3,439,e004,0.4672
3,439,e005,0.404
3,439,e006,0.3791
3,439,e007,0.4084
3,439,e008,0.4624
3,439,e009,0.4477
3,439,e010,0.379
3,439,e011,0.3867
3,439,e012,0.4084
3,439,e013,0.5201
3,439,e014,0.5479
3,439,e015,0.4958
3,439,e016,0.5628
3,439,e017,0.4994
3,439,e018,0.5335
3,439,e019,0.4425
3,439,e020,0.3808
3,439,e021,0.4458
3,439,e022,0.3727
3,439,e023,0.3722
3,439,e024,0.3461
3,440,e001,0.3738
3,440,e002,0.4636
3,440,e003,0.4524
3,440,e004,0.3962
3,440,e005,0.4185
3,440,e006,0.4489
3,440,e007,0.4754
3,440,e008,0.37
3,440,e009,0.4883
3,440,e010,0.4831
3,440,e011,0.4619
3,440,e012,0.4519
3,440,e013,0.5649
3,440,e014,0.5843
3,440,e015,0.6082
3,440,e016,0.6123
3,440,e017,0.6061
3,440,e018,0.574
3,440,e019,0.3945
3,440,e020,0.4092
3,440,e021,0.4043
3,440,e022,0.4288
3,440,e023,0.4529
3,440,e024,0.3674
3,441,e001,0.3865
3,441,e002,0.3849
3,441,e003,0.4577
3,441,e004,0.4555
3,441,e005,0.4596
3,441,e006,0.3998
3,441,e007,0.4651
3,441,e008,0.4426
3,441,e009,0.4153
3,441,e010,0.4784
3,441,e011,0.4286
3,441,e012,0.4843
3,441,e013,0.5348
3,441,e014,0.5451
3,441,e015,0.5674
3,441,e016,0.5478
3,441,e017,0.5478
3,441,e018,0.5852
3,441,e019,0.445
3,441,e020,0.4184
3,441,e021,0.3986
3,441,e022,0.3904
3,441,e023,0.4065
3,441,e024,0.4133
3,442,e001,0.4098
3,442,e002,0.4478
3,442,e003,0.4439
3,442,e004,0.4659
3,442,e005,0.4165
3,442,e006,0.4929
3,442,e007,0.4307
3,442,e008,0.4921
3,442,e009,0.4859
3,442,e010,0.4097
3,442,e011,0.4838
3,442,e012,0.4169
3,442,e013,0.5818
3,442,e014,0.6477
3,442,e015,0.538
3,442,e016,0.6078
3,442,e017,0.6006
3,442,e018,0.5583
3,442,e019,0.409
3,442,e020,0.4033
3,442,e021,0.4769
3,442,e022,0.4345
3,442,e023,0.3968
3,442,e024,0.4217
3,443,e001,0.4263
3,443,e002,0.4122
3,443,e003,0.4174
3,443,e004,0.4643
3,443,e005,0.4324
3,443,e006,0.4444
3,443,e007,0.3818
3,443,e008,0.4238
3,443,e009,0.4472
3,443,e010,0.4184
3,443,e011,0.4023
3,443,e012,0.4166
3,443,e013,0.5934
3,443,e014,0.5726
3,443,e015,0.5464
3,443,e016,0.489
3,443,e017,0.5795
3,443,e018,0.535
3,443,e019,0.3475
3,443,e020,0.4317
3,443,e021,0.4304
3,443,e022,0.3656
3,443,e023,0.4267
3,443,e024,0.4357
3,444,e001,0.4295
3,444,e002,0.4628
3,444,e003,0.4434
3,444,e004,0.4869
3,444,e005,0.4006
3,444,e006,0.441
3,444,e007,0.3964
3,444,e008,0.4641
3,444,e009,0.459
3,444,e010,0.4991
3,444,e011,0.4352
3,444,e012,0.4142
3,444,e013,0.5864
3,444,e014,0.5563
3,444,e015,0.5448
3,444,e016,0.5936
3,444,e017,0.5382
3,444,e018,0.5268
3,444,e019,0.4263
3,444,e020,0.4027
3,444,e021,0.4381
3,444,e022,0.4256
3,444,e023,0.4063
3,444,e024,0.3786
3,445,e001,0.4835
3,445,e002,0.4009
3,445,e003,0.4752
3,445,e004,0.4277
3,445,e005,0.456
3,445,e006,0.4759
3,445,e007,0.457
3,445,e008,0.448
3,445,e009,0.4614
3,445,e010,0.4896
3,445,e011,0.4094
3,445,e012,0.484
3,445,e013,0.5394
3,445,e014,0.5922
3,445,e015,0.6101
3,445,e016,0.6338
3,445,e017,0.6139
3,445,e018,0.5005
3,445,e019,0.4394
3,445,e020,0.4791
3,445,e021,0.476
3,445,e022,0.4197
3,445,e023,0.4125
3,445,e024,0.4879
3,446,e001,0.395
3,446,e002,0.4101
3,446,e003,0.4248
3,446,e004,0.467
3,446,e005,0.358
3,446,e006,0.4415
3,446,e007,0.4071
3,446,e008,0.4526
3,446,e009,0.3911
3,446,e010,0.3501
3,446,e011,0.4081
3,446,e012,0.4732
3,446,e013,0.5332
3,446,e014,0.598
3,446,e015,0.551
3,446,e016,0.581
3,446,e017,0.5275
3,446,e018,0.5707
3,446,e019,0.4245
3,446,e020,0.3351
3,446,e021,0.3566
3,446,e022,0.4423
3,446,e023,0.413
3,446,e024,0.4443
3,447,e001,0.385
3,447,e002,0.4212
3,447,e003,0.3794
3,447,e004,0.3856
3,447,e005,0.3767
3,447,e006,0.3757
3,447,e007,0.4161
3,447,e008,0.4273
3,447,e009,0.3903
3,447,e010,0.3377
3,447,e011,0.3796
3,447,e012,0.4214
3,447,e013,0.5396
3,447,e014,0.5337
3,447,e015,0.5297
3,447,e016,0.4848
3,447,e017,0.5632
3,447,e018,0.5893
3,447,e019,0.4355
3,447,e020,0.427
3,447,e021,0.4106
3,447,e022,0.4515
3,447,e023,0.4431
3,447,e024,0.4128
3,448,e001,0.3863
3,448,e002,0.3971
3,448,e003,0.4422
3,448,e004,0.4161
3,448,e005,0.3554
3,448,e006,0.375
3,448,e007,0.4276
3,448,e008,0.4082
3,448,e009,0.4337
3,448,e010,0.3911
3,448,e011,0.4262
3,448,e012,0.4337
3,448,e013,0.5885
3,448,e014,0.5864
3,448,e015,0.5067
3,448,e016,0.5076
3,448,e017,0.492
3,448,e018,0.4903
3,448,e019,0.3656
3,448,e020,0.3732
3,448,e021,0.4226
3,448,e022,0.3595
3,448,e023,0.3499
3,448,e024,0.4309
3,449,e001,0.4456
3,449,e002,0.4175
3,449,e003,0.4062
3,449,e004,0.4332
3,449,e005,0.3557
3,449,e006,0.3642
3,449,e007,0.3753
3,449,e008,0.4267
3,449,e009,0.3741
3,449,e010,0.3611
3,449,e011,0.3748
3,449,e012,0.3351
3,449,e013,0.5267
3,449,e014,0.5133
3,449,e015,0.5581
3,449,e016,0.5814
3,449,e017,0.4826
3,449,e018,0.5161
3,449,e019,0.4258
3,449,e020,0.3967
3,449,e021,0.4176
3,449,e022,0.4222
3,449,e023,0.4463
3,449,e024,0.4437
3,450,e001,0.37
3,450,e002,0.4106
3,450,e003,0.4319
3,450,e004,0.3995
3,450,e005,0.3681
3,450,e006,0.4401
3,450,e007,0.4347
3,450,e008,0.3982
3,450,e009,0.3833
3,450,e010,0.4195
3,450,e011,0.3511
3,450,e012,0.4399
3,450,e013,0.4762
3,450,e014,0.431
3,450,e015,0.4271
3,450,e016,0.4625
3,450,e017,0.4517
3,450,e018,0.3531
3,450,e019,0.4163
3,450,e020,0.3679
3,450,e021,0.4223
3,450,e022,0.4775
3,450,e023,0.3391
3,450,e024,0.4457
3,451,e001,0.374
3,451,e002,0.387
3,451,e003,0.4111
3,451,e004,0.4876
3,451,e005,0.409
3,451,e006,0.4391
3,451,e007,0.455
3,451,e008,0.4458
3,451,e009,0.4466
3,451,e010,0.3894
3,451,e011,0.4181
3,451,e012,0.3578
3,451,e013,0.3631
3,451,e014,0.4321
3,451,e015,0.4406
3,451,e016,0.46
3,451,e017,0.3896
3,451,e018,0.4599
3,451,e019,0.4673
3,451,e020,0.3666
3,451,e021,0.4481
3,451,e022,0.427
3,451,e023,0.3846
3,451,e024,0.4532
3,452,e001,0.3781
3,452,e002,0.4451
3,452,e003,0.4357
3,452,e004,0.3716
3,452,e005,0.3657
3,452,e006,0.372
3,452,e007,0.3758
3,452,e008,0.4569
3,452,e009,0.4477
3,452,e010,0.424
3,452,e011,0.4073
3,452,e012,0.4428
3,452,e013,0.4344
3,452,e014,0.3818
3,452,e015,0.4657
3,452,e016,0.4236
3,452,e017,0.3742
3,452,e018,0.3628
3,452,e019,0.4605
3,452,e020,0.3944
3,452,e021,0.4335
3,452,e022,0.41
3,452,e023,0.3973
3,452,e024,0.403
3,453,e001,0.4431
3,453,e002,0.3646
3,453,e003,0.344
3,453,e004,0.408
3,453,e005,0.3827
3,453,e006,0.3511
3,453,e007,0.345
3,453,e008,0.3685
3,453,e009,0.4386
3,453,e010,0.3494
3,453,e011,0.3181
3,453,e012,0.4237
3,453,e013,0.3604
3,453,e014,0.3832
3,453,e015,0.4198
3,453,e016,0.414
3,453,e017,0.4351
3,453,e018,0.4037
3,453,e019,0.3452
3,453,e020,0.4611
3,453,e021,0.3397
3,453,e022,0.3831
3,453,e023,0.385
3,453,e024,0.4327
3,454,e001,0.365
3,454,e002,0.3867
3,454,e003,0.3882
3,454,e004,0.3578
3,454,e005,0.4099
3,454,e006,0.4017
3,454,e007,0.3755
3,454,e008,0.4219
3,454,e009,0.3792
3,454,e010,0.4262
3,454,e011,0.3848
3,454,e012,0.411
3,454,e013,0.3766
3,454,e014,0.4308
3,454,e015,0.395
3,454,e016,0.4302
3,454,e017,0.3778
3,454,e018,0.4453
3,454,e019,0.3513
3,454,e020,0.374
3,454,e021,0.4086
3,454,e022,0.3684
3,454,e023,0.3617
3,454,e024,0.4429
3,455,e001,0.3669
3,455,e002,0.3818
3,455,e003,0.3887
3,455,e004,0.3211
3,455,e005,0.4217
3,455,e006,0.4006
3,455,e007,0.4196
3,455,e008,0.4261
3,455,e009,0.409
3,455,e010,0.3852
3,455,e011,0.3804
3,455,e012,0.3321
3,455,e013,0.4178
3,455,e014,0.3858
3,455,e015,0.4205
3,455,e016,0.3928
3,455,e017,0.4256
3,455,e018,0.3958
3,455,e019,0.3666
3,455,e020,0.3387
3,455,e021,0.356
3,455,e022,0.3753
3,455,e023,0.32
3,455,e024,0.3396
3,456,e001,0.3782
3,456,e002,0.2907
3,456,e003,0.3922
3,456,e004,0.2916
3,456,e005,0.3959
3,456,e006,0.3536
3,456,e007,0.338
3,456,e008,0.3384
3,456,e009,0.3103
3,456,e010,0.3664
3,456,e011,0.387
3,456,e012,0.3252
3,456,e013,0.2887
3,456,e014,0.3979
3,456,e015,0.3336
3,456,e016,0.3336
3,456,e017,0.3677
3,456,e018,0.3416
3,456,e019,0.2777
3,456,e020,0.2928
3,456,e021,0.4221
3,456,e022,0.3829
3,456,e023,0.318
3,456,e024,0.3372
3,457,e001,0.44
3,457,e002,0.3484
3,457,e003,0.4263
3,457,e004,0.4245
3,457,e005,0.4278
3,457,e006,0.3738
3,457,e007,0.404
3,457,e008,0.3458
3,457,e009,0.4389
3,457,e010,0.4204
3,457,e011,0.3653
3,457,e012,0.3977
3,457,e013,0.4001
3,457,e014,0.3696
3,457,e015,0.3758
3,457,e016,0.4075
3,457,e017,0.3023
3,457,e018,0.4188
3,457,e019,0.3913
3,457,e020,0.3355
3,457,e021,0.4138
3,457,e022,0.3731
3,457,e023,0.3529
3,457,e024,0.4185
3,458,e001,0.3753
3,458,e002,0.3509
3,458,e003,0.3935
3,458,e004,0.3245
3,458,e005,0.2995
3,458,e006,0.3054
3,458,e007,0.3911
3,458,e008,0.3439
3,458,e009,0.3568
3,458,e010,0.3474
3,458,e011,0.3269
3,458,e012,0.3541
3,458,e013,0.3725
3,458,e014,0.3673
3,458,e015,0.3162
3,458,e016,0.3483
3,458,e017,0.2994
3,458,e018,0.2875
3,458,e019,0.3249
3,458,e020,0.3762
3,458,e021,0.3434
3,458,e022,0.3074
3,458,e023,0.3172
3,458,e024,0.33
3,459,e001,0.3864
3,459,e002,0.359
3,459,e003,0.3391
3,459,e004,0.3562
3,459,e005,0.36
3,459,e006,0.3142
3,459,e007,0.4017
3,459,e008,0.3028
3,459,e009,0.292
3,459,e010,0.4122
3,459,e011,0.317
3,459,e012,0.3155
3,459,e013,0.2631
3,459,e014,0.3919
3,459,e015,0.3175
3,459,e016,0.3062
3,459,e017,0.3521
3,459,e018,0.3114
3,459,e019,0.3687
3,459,e020,0.38
3,459,e021,0.3423
3,459,e022,0.3595
3,459,e023,0.3567
3,459,e024,0.3414
3,460,e001,0.3724
3,460,e002,0.3699
3,460,e003,0.3534
3,460,e004,0.4241
3,460,e005,0.3571
3,460,e006,0.4093
3,460,e007,0.4519
3,460,e008,0.3894
3,460,e009,0.3669
3,460,e010,0.3855
3,460,e011,0.3967
3,460,e012,0.3684
3,460,e013,0.3898
3,460,e014,0.358
3,460,e015,0.3935
3,460,e016,0.3998
3,460,e017,0.3523
3,460,e018,0.4347
3,460,e019,0.3784
3,460,e020,0.4154
3,460,e021,0.4342
3,460,e022,0.3617
3,460,e023,0.357
3,460,e024,0.3916
3,461,e001,0.3513
3,461,e002,0.3855
3,461,e003,0.4071
3,461,e004,0.367
3,461,e005,0.3571
3,461,e006,0.3301
3,461,e007,0.4418
3,461,e008,0.402
3,461,e009,0.3738
3,461,e010,0.3333
3,461,e011,0.3585
3,461,e012,0.3815
3,461,e013,0.4516
3,461,e014,0.4238
3,461,e015,0.3989
3,461,e016,0.3548
3,461,e017,0.421
3,461,e018,0.3644
3,461,e019,0.3603
3,461,e020,0.355
3,461,e021,0.3953
3,461,e022,0.4124
3,461,e023,0.3678
3,461,e024,0.372
3,462,e001,0.2966
3,462,e002,0.3564
3,462,e003,0.4048
3,462,e004,0.3324
3,462,e005,0.3147
3,462,e006,0.4053
3,462,e007,0.3814
3,462,e008,0.3486
3,462,e009,0.3473
3,462,e010,0.3828
3,462,e011,0.3268
3,462,e012,0.3869
3,462,e013,0.377
3,462,e014,0.4033
3,462,e015,0.3888
3,462,e016,0.3557
3,462,e017,0.3626
3,462,e018,0.3358
3,462,e019,0.3799
3,462,e020,0.3601
3,462,e021,0.3462
3,462,e022,0.3752
3,462,e023,0.3788
3,462,e024,0.3497
3,463,e001,0.3459
3,463,e002,0.332
3,463,e003,0.3116
3,463,e004,0.3306
3,463,e005,0.3148
3,463,e006,0.3875
3,463,e007,0.3453
3,463,e008,0.3275
3,463,e009,0.4154
3,463,e010,0.3148
3,463,e011,0.3876
3,463,e012,0.3682
3,463,e013,0.3474
3,463,e014,0.2922
3,463,e015,0.3447
3,463,e016,0.3475
3,463,e017,0.3551
3,463,e018,0.3057
3,463,e019,0.3817
3,463,e020,0.3839
3,463,e021,0.3491
3,463,e022,0.3709
3,463,e023,0.3346
3,463,e024,0.4247
3,464,e001,0.3299
3,464,e002,0.3268
3,464,e003,0.3357
3,464,e004,0.3559
3,464,e005,0.3579
3,464,e006,0.3742
3,464,e007,0.3326
3,464,e008,0.3693
3,464,e009,0.3477
3,464,e010,0.3252
3,464,e011,0.3978
3,464,e012,0.2819
3,464,e013,0.3629
3,464,e014,0.3177
3,464,e015,0.3679
3,464,e016,0.3553
3,464,e017,0.3031
3,464,e018,0.303
3,464,e019,0.3809
3,464,e020,0.3773
3,464,e021,0.3911
3,464,e022,0.3295
3,464,e023,0.3298
3,464,e024,0.3817
3,465,e001,0.4017
3,465,e002,0.3873
3,465,e003,0.3891
3,465,e004,0.3784
3,465,e005,0.358
3,465,e006,0.4144
3,465,e007,0.449
3,465,e008,0.3835
3,465,e009,0.412
3,465,e010,0.3482
3,465,e011,0.4034
3,465,e012,0.428
3,465,e013,0.4235
3,465,e014,0.3573
3,465,e015,0.3938
3,465,e016,0.4013
3,465,e017,0.3418
3,465,e018,0.385
3,465,e019,0.3652
3,465,e020,0.4038
3,465,e021,0.3918
3,465,e022,0.3983
3,465,e023,0.444
3,465,e024,0.3682
3,466,e001,0.3017
3,466,e002,0.3393
3,466,e003,0.408
3,466,e004,0.3574
3,466,e005,0.3963
3,466,e006,0.3757
3,466,e007,0.3283
3,466,e008,0.3371
3,466,e009,0.3435
3,466,e010,0.406
3,466,e011,0.3667
3,466,e012,0.3411
3,466,e013,0.348
3,466,e014,0.4127
3,466,e015,0.349
3,466,e016,0.404
3,466,e017,0.3264
3,466,e018,0.3235
3,466,e019,0.3083
3,466,e020,0.3817
3,466,e021,0.3385
3,466,e022,0.3778
3,466,e023,0.3703
3,466,e024,0.3941
3,467,e001,0.3434
3,467,e002,0.3574
3,467,e003,0.3596
3,467,e004,0.3601
3,467,e005,0.3662
3,467,e006,0.3998
3,467,e007,0.4292
3,467,e008,0.3145
3,467,e009,0.3538
3,467,e010,0.3501
3,467,e011,0.351
3,467,e012,0.4138
3,467,e013,0.3449
3,467,e014,0.4278
3,467,e015,0.3607
3,467,e016,0.3945
3,467,e017,0.328
3,467,e018,0.4026
3,467,e019,0.3229
3,467,e020,0.4031
3,467,e021,0.3579
3,467,e022,0.3746
3,467,e023,0.3932
3,467,e024,0.4018
3,468,e001,0.29
3,468,e002,0.3499
3,468,e003,0.2827
3,468,e004,0.2713
3,468,e005,0.3511
3,468,e006,0.3247
3,468,e007,0.3544
3,468,e008,0.3341
3,468,e009,0.3281
3,468,e010,0.322
3,468,e011,0.3525
3,468,e012,0.2962
3,468,e013,0.2968
3,468,e014,0.3757
3,468,e015,0.2945
3,468,e016,0.3439
3,468,e017,0.3369
3,468,e018,0.3415
3,468,e019,0.3687
3,468,e020,0.3133
3,468,e021,0.3637
3,468,e022,0.3102
3,468,e023,0.2754
3,468,e024,0.3951
3,469,e001,0.3305
3,469,e002,0.3466
3,469,e003,0.3952
3,469,e004,0.3336
3,469,e005,0.3747
3,469,e006,0.3001
3,469,e007,0.374
3,469,e008,0.3866
3,469,e009,0.3432
3,469,e010,0.3519
3,469,e011,0.3804
3,469,e012,0.3671
3,469,e013,0.3308
3,469,e014,0.324
3,469,e015,0.2998
3,469,e016,0.3419
3,469,e017,0.3396
3,469,e018,0.3375
3,469,e019,0.3701
3,469,e020,0.3851
3,469,e021,0.3279
3,469,e022,0.3466
3,469,e023,0.3635
3,469,e024,0.322
3,470,e001,0.3386
3,470,e002,0.3553
3,470,e003,0.3231
3,470,e004,0.3644
3,470,e005,0.3383
3,470,e006,0.4105
3,470,e007,0.3748
3,470,e008,0.414
3,470,e009,0.375
3,470,e010,0.3049
3,470,e011,0.3803
3,470,e012,0.3973
3,470,e013,0.3211
3,470,e014,0.3382
3,470,e015,0.3597
3,470,e016,0.351
3,470,e017,0.366
3,470,e018,0.3698
3,470,e019,0.352
3,470,e020,0.333
3,470,e021,0.3163
3,470,e022,0.3686
3,470,e023,0.3644
3,470,e024,0.4372
3,471,e001,0.2941
3,471,e002,0.3185
3,471,e003,0.3405
3,471,e004,0.3554
3,471,e005,0.3403
3,471,e006,0.2431
3,471,e007,0.307
3,471,e008,0.3193
3,471,e009,0.3351
3,471,e010,0.3633
3,471,e011,0.3001
3,471,e012,0.3009
3,471,e013,0.314
3,471,e014,0.3099
3,471,e015,0.2659
3,471,e016,0.3306
3,471,e017,0.3548
3,471,e018,0.3507
3,471,e019,0.2971
3,471,e020,0.3598
3,471,e021,0.2954
3,471,e022,0.3481
3,471,e023,0.2723
3,471,e024,0.3039
3,472,e001,0.3283
3,472,e002,0.3113
3,472,e003,0.3484
3,472,e004,0.3843
3,472,e005,0.4025
3,472,e006,0.3996
3,472,e007,0.381
3,472,e008,0.359
3,472,e009,0.3776
3,472,e010,0.3953
3,472,e011,0.361
3,472,e012,0.4177
3,472,e013,0.3481
3,472,e014,0.3803
3,472,e015,0.3199
3,472,e016,0.3861
3,472,e017,0.3507
3,472,e018,0.3739
3,472,e019,0.3175
3,472,e020,0.3329
3,472,e021,0.3357
3,472,e022,0.3188
3,472,e023,0.3204
3,472,e024,0.3482
3,473,e001,0.3332
3,473,e002,0.3044
3,473,e003,0.3196
3,473,e004,0.3736
3,473,e005,0.3771
3,473,e006,0.3832
3,473,e007,0.3465
3,473,e008,0.3795
3,473,e009,0.3408
3,473,e010,0.2981
3,473,e011,0.3932
3,473,e012,0.3437
3,473,e013,0.2779
3,473,e014,0.3106
3,473,e015,0.3502
3,473,e016,0.3191
3,473,e017,0.3662
3,473,e018,0.3414
3,473,e019,0.2948
3,473,e020,0.3703
3,473,e021,0.3355
3,473,e022,0.2892
3,473,e023,0.3571
3,473,e024,0.3869
3,474,e001,0.334
3,474,e002,0.3473
3,474,e003,0.3598
3,474,e004,0.3744
3,474,e005,0.3395
3,474,e006,0.3113
3,474,e007,0.3944
3,474,e008,0.4105
3,474,e009,0.3265
3,474,e010,0.3531
3,474,e011,0.3537
3,474,e012,0.2888
3,474,e013,0.3479
3,474,e014,0.3789
3,474,e015,0.3624
3,474,e016,0.3296
3,474,e017,0.3862
3,474,e018,0.3623
3,474,e019,0.37
3,474,e020,0.4152
3,474,e021,0.3337
3,474,e022,0.333
3,474,e023,0.3483
3,474,e024,0.3127
3,475,e001,0.3246
3,475,e002,0.3282
3,475,e003,0.358
3,475,e004,0.3628
3,475,e005,0.3923
3,475,e006,0.3236
3,475,e007,0.3309
3,475,e008,0.3281
3,475,e009,0.2679
3,475,e010,0.2938
3,475,e011,0.298
3,475,e012,0.3278
3,475,e013,0.3505
3,475,e014,0.2753
3,475,e015,0.3735
3,475,e016,0.2945
3,475,e017,0.3113
3,475,e018,0.293
3,475,e019,0.3331
3,475,e020,0.3543
3,475,e021,0.376
3,475,e022,0.3096
3,475,e023,0.3182
3,475,e024,0.3322
3,476,e001,0.3474
3,476,e002,0.328
3,476,e003,0.3426
3,476,e004,0.3504
3,476,e005,0.3044
3,476,e006,0.3006
3,476,e007,0.3861
3,476,e008,0.3301
3,476,e009,0.3308
3,476,e010,0.3672
3,476,e011,0.3245
3,476,e012,0.2974
3,476,e013,0.3445
3,476,e014,0.3124
3,476,e015,0.3789
3,476,e016,0.2994
3,476,e017,0.2892
3,476,e018,0.3352
3,476,e019,0.3575
3,476,e020,0.3516
3,476,e021,0.3687
3,476,e022,0.3332
3,476,e023,0.3292
3,476,e024,0.2945
3,477,e001,0.3189
3,477,e002,0.3005
3,477,e003,0.328
3,477,e004,0.298
3,477,e005,0.3518
3,477,e006,0.2965
3,477,e007,0.3231
3,477,e008,0.2622
3,477,e009,0.3214
3,477,e010,0.2932
3,477,e011,0.3253
3,477,e012,0.3666
3,477,e013,0.2958
3,477,e014,0.3037
3,477,e015,0.3267
3,477,e016,0.3259
3,477,e017,0.2823
3,477,e018,0.2671
3,477,e019,0.369
3,477,e020,0.325
3,477,e021,0.3227
3,477,e022,0.2771
3,477,e023,0.29
3,477,e024,0.354
3,478,e001,0.3852
3,478,e002,0.2975
3,478,e003,0.3627
3,478,e004,0.3267
3,478,e005,0.3247
3,478,e006,0.3624
3,478,e007,0.3056
3,478,e008,0.3515
3,478,e009,0.3081
3,478,e010,0.2852
3,478,e011,0.3645
3,478,e012,0.3729
3,478,e013,0.385
3,478,e014,0.3059
3,478,e015,0.3241
3,478,e016,0.3218
3,478,e017,0.288
3,478,e018,0.3945
3,478,e019,0.2878
3,478,e020,0.3029
3,478,e021,0.3543
3,478,e022,0.3503
3,478,e023,0.3863
3,478,e024,0.2847
3,479,e001,0.3636
3,479,e002,0.3585
3,479,e003,0.3415
3,479,e004,0.3331
3,479,e005,0.3592
3,479,e006,0.2796
3,479,e007,0.3869
3,479,e008,0.3773
3,479,e009,0.3302
3,479,e010,0.3598
3,479,e011,0.3132
3,479,e012,0.3227
3,479,e013,0.3489
3,479,e014,0.3593
3,479,e015,0.3296
3,479,e016,0.3886
3,479,e017,0.3397
3,479,e018,0.39
3,479,e019,0.2748
3,479,e020,0.3725
3,479,e021,0.3702
3,479,e022,0.2791
3,479,e023,0.3721
3,479,e024,0.3523
3,480,e001,0.3634
3,480,e002,0.3498
3,480,e003,0.3557
3,480,e004,0.2923
3,480,e005,0.3008
3,480,e006,0.2932
3,480,e007,0.3472
3,480,e008,0.3334
3,480,e009,0.3869
3,480,e010,0.3244
3,480,e011,0.2857
3,480,e012,0.3189
3,480,e013,0.3602
3,480,e014,0.3016
3,480,e015,0.3125
3,480,e016,0.3989
3,480,e017,0.3733
3,480,e018,0.2771
3,480,e019,0.3032
3,480,e020,0.36
3,480,e021,0.3344
3,480,e022,0.3646
3,480,e023,0.3552
3,480,e024,0.3548
3,481,e001,0.3797
3,481,e002,0.3943
3,481,e003,0.2998
3,481,e004,0.2932
3,481,e005,0.3722
3,481,e006,0.3356
3,481,e007,0.333
3,481,e008,0.3316
3,481,e009,0.3508
3,481,e010,0.3194
3,481,e011,0.3879
3,481,e012,0.3083
3,481,e013,0.3166
3,481,e014,0.3348
3,481,e015,0.3384
3,481,e016,0.3158
3,481,e017,0.3866
3,481,e018,0.3134
3,481,e019,0.3497
3,481,e020,0.3069
3,481,e021,0.2983
3,481,e022,0.3848
3,481,e023,0.3527
3,481,e024,0.3618
3,482,e001,0.2784
3,482,e002,0.3076
3,482,e003,0.3005
3,482,e004,0.3403
3,482,e005,0.2738
3,482,e006,0.2924
3,482,e007,0.3083
3,482,e008,0.2784
3,482,e009,0.3002
3,482,e010,0.2896
3,482,e011,0.2731
3,482,e012,0.2896
3,482,e013,0.3192
3,482,e014,0.3065
3,482,e015,0.2971
3,482,e016,0.2738
3,482,e017,0.2937
3,482,e018,0.3379
3,482,e019,0.2958
3,482,e020,0.2587
3,482,e021,0.2473
3,482,e022,0.3703
3,482,e023,0.3149
3,482,e024,0.2614
3,483,e001,0.3065
3,483,e002,0.2731
3,483,e003,0.2576
3,483,e004,0.3059
3,483,e005,0.2477
3,483,e006,0.352
3,483,e007,0.2276
3,483,e008,0.2642
3,483,e009,0.2805
3,483,e010,0.3293
3,483,e011,0.2569
3,483,e012,0.3021
3,483,e013,0.2911
3,483,e014,0.3065
3,483,e015,0.2425
3,483,e016,0.3286
3,483,e017,0.2597
3,483,e018,0.3053
3,483,e019,0.2736
3,483,e020,0.2604
3,483,e021,0.2761
3,483,e022,0.2294
3,483,e023,0.2439
3,483,e024,0.2705
3,484,e001,0.3692
3,484,e002,0.3247
3,484,e003,0.3272
3,484,e004,0.3135
3,484,e005,0.319
3,484,e006,0.3531
3,484,e007,0.3136
3,484,e008,0.3217
3,484,e009,0.2603
3,484,e010,0.3727
3,484,e011,0.3438
3,484,e012,0.2822
3,484,e013,0.3239
3,484,e014,0.3195
3,484,e015,0.2972
3,484,e016,0.3279
3,484,e017,0.3249
3,484,e018,0.356
3,484,e019,0.3058
3,484,e020,0.3051
3,484,e021,0.3585
3,484,e022,0.2811
3,484,e023,0.2977
3,484,e024,0.3145
3,485,e001,0.3652
3,485,e002,0.3221
3,485,e003,0.3468
3,485,e004,0.2975
3,485,e005,0.3772
3,485,e006,0.2681
3,485,e007,0.3351
3,485,e008,0.2638
3,485,e009,0.2805
3,485,e010,0.369
3,485,e011,0.2874
3,485,e012,0.276
3,485,e013,0.2729
3,485,e014,0.3018
3,485,e015,0.253
3,485,e016,0.3709
3,485,e017,0.2458
3,485,e018,0.2899
3,485,e019,0.2519
3,485,e020,0.2754
3,485,e021,0.2685
3,485,e022,0.2995
3,485,e023,0.3257
3,485,e024,0.3465
3,486,e001,0.3447
3,486,e002,0.3652
3,486,e003,0.3101
3,486,e004,0.332
3,486,e005,0.3139
3,486,e006,0.3388
3,486,e007,0.3645
3,486,e008,0.2929
3,486,e009,0.2756
3,486,e010,0.3722
3,486,e011,0.3327
3,486,e012,0.3929
3,486,e013,0.3203
3,486,e014,0.3546
3,486,e015,0.2865
3,486,e016,0.3641
3,486,e017,0.3664
3,486,e018,0.3104
3,486,e019,0.316
3,486,e020,0.3594
3,486,e021,0.3393
3,486,e022,0.2853
3,486,e023,0.3685
3,486,e024,0.2981
3,487,e001,0.3194
3,487,e002,0.3594
3,487,e003,0.3343
3,487,e004,0.3428
3,487,e005,0.3228
3,487,e006,0.3729
3,487,e007,0.3463
3,487,e008,0.3748
3,487,e009,0.4104
3,487,e010,0.3549
3,487,e011,0.337
3,487,e012,0.3952
3,487,e013,0.3328
3,487,e014,0.3277
3,487,e015,0.373
3,487,e016,0.3264
3,487,e017,0.3185
3,487,e018,0.3017
3,487,e019,0.3309
3,487,e020,0.3678
3,487,e021,0.399
3,487,e022,0.313
3,487,e023,0.3394
3,487,e024,0.3282
3,488,e001,0.3598
3,488,e002,0.3492
3,488,e003,0.2823
3,488,e004,0.2984
3,488,e005,0.2921
3,488,e006,0.3292
3,488,e007,0.3753
3,488,e008,0.3447
3,488,e009,0.289
3,488,e010,0.3788
3,488,e011,0.2855
3,488,e012,0.2604
3,488,e013,0.3604
3,488,e014,0.347
3,488,e015,0.2638
3,488,e016,0.2928
3,488,e017,0.3628
3,488,e018,0.2841
3,488,e019,0.2577
3,488,e020,0.2747
3,488,e021,0.3086
3,488,e022,0.3331
3,488,e023,0.3058
3,488,e024,0.3097
3,489,e001,0.3082
3,489,e002,0.2925
3,489,e003,0.3495
3,489,e004,0.2916
3,489,e005,0.3423
3,489,e006,0.2793
3,489,e007,0.3413
3,489,e008,0.2871
3,489,e009,0.2824
3,489,e010,0.3058
3,489,e011,0.346
3,489,e012,0.361
3,489,e013,0.3185
3,489,e014,0.3133
3,489,e015,0.2844
3,489,e016,0.2732
3,489,e017,0.2884
3,489,e018,0.3302
3,489,e019,0.2933
3,489,e020,0.2739
3,489,e021,0.3321
3,489,e022,0.3536
3,489,e023,0.3478
3,489,e024,0.368
3,490,e001,0.2664
3,490,e002,0.3096
3,490,e003,0.2682
3,490,e004,0.3334
3,490,e005,0.2767
3,490,e006,0.3518
3,490,e007,0.2822
3,490,e008,0.293
3,490,e009,0.3025
3,490,e010,0.3104
3,490,e011,0.2608
3,490,e012,0.2914
3,490,e013,0.309
3,490,e014,0.2894
3,490,e015,0.2678
3,490,e016,0.2846
3,490,e017,0.3151
3,490,e018,0.2865
3,490,e019,0.2746
3,490,e020,0.2868
3,490,e021,0.2795
3,490,e022,0.2829
3,490,e023,0.2803
3,490,e024,0.2726
3,491,e001,0.2857
3,491,e002,0.2701
3,491,e003,0.3055
3,491,e004,0.3034
3,491,e005,0.2767
3,491,e006,0.2992
3,491,e007,0.2709
3,491,e008,0.2723
3,491,e009,0.3104
3,491,e010,0.2988
3,491,e011,0.3469
3,491,e012,0.2721
3,491,e013,0.3779
3,491,e014,0.2873
3,491,e015,0.3393
3,491,e016,0.3065
3,491,e017,0.2935
3,491,e018,0.3165
3,491,e019,0.3422
3,491,e020,0.2876
3,491,e021,0.2822
3,491,e022,0.2888
3,491,e023,0.2649
3,491,e024,0.3315
3,492,e001,0.3042
3,492,e002,0.3626
3,492,e003,0.334
3,492,e004,0.3417
3,492,e005,0.2966
3,492,e006,0.3287
3,492,e007,0.2876
3,492,e008,0.2582
3,492,e009,0.2616
3,492,e010,0.2966
3,492,e011,0.3057
3,492,e012,0.2852
3,492,e013,0.3443
3,492,e014,0.3363
3,492,e015,0.2706
3,492,e016,0.2638
3,492,e017,0.2942
3,492,e018,0.2746
3,492,e019,0.3401
3,492,e020,0.3069
3,492,e021,0.34
3,492,e022,0.268
3,492,e023,0.3616
3,492,e024,0.3212
3,493,e001,0.379
3,493,e002,0.3461
3,493,e003,0.3577
3,493,e004,0.3105
3,493,e005,0.3281
3,493,e006,0.3448
3,493,e007,0.4024
3,493,e008,0.3706
3,493,e009,0.3148
3,493,e010,0.3331
3,493,e011,0.3084
3,493,e012,0.3904
3,493,e013,0.3607
3,493,e014,0.3934
3,493,e015,0.3709
3,493,e016,0.3989
3,493,e017,0.3948
3,493,e018,0.3186
3,493,e019,0.405
3,493,e020,0.3928
3,493,e021,0.311
3,493,e022,0.2903
3,493,e023,0.385
3,493,e024,0.3956
3,494,e001,0.2869
3,494,e002,0.3858
3,494,e003,0.2849
3,494,e004,0.279
3,494,e005,0.3727
3,494,e006,0.2967
3,494,e007,0.3697
3,494,e008,0.291
3,494,e009,0.2815
3,494,e010,0.3222
3,494,e011,0.332
3,494,e012,0.2884
3,494,e013,0.3584
3,494,e014,0.3266
3,494,e015,0.3656
3,494,e016,0.2913
3,494,e017,0.3375
3,494,e018,0.3065
3,494,e019,0.3075
3,494,e020,0.3083
3,494,e021,0.3867
3,494,e022,0.2449
3,494,e023,0.354
3,494,e024,0.3385
3,495,e001,0.3294
3,495,e002,0.2813
3,495,e003,0.3634
3,495,e004,0.351
3,495,e005,0.3248
3,495,e006,0.3082
3,495,e007,0.3386
3,495,e008,0.2734
3,495,e009,0.323
3,495,e010,0.3298
3,495,e011,0.3878
3,495,e012,0.3059
3,495,e013,0.3016
3,495,e014,0.2659
3,495,e015,0.3138
3,495,e016,0.3656
3,495,e017,0.3421
3,495,e018,0.3157
3,495,e019,0.3895
3,495,e020,0.4051
3,495,e021,0.2981
3,495,e022,0.2919
3,495,e023,0.3434
3,495,e024,0.3674
3,496,e001,0.2781
3,496,e002,0.3038
3,496,e003,0.3114
3,496,e004,0.3188
3,496,e005,0.2674
3,496,e006,0.3105
3,496,e007,0.3109
3,496,e008,0.2911
3,496,e009,0.2902
3,496,e010,0.3074
3,496,e011,0.2979
3,496,e012,0.2412
3,496,e013,0.3734
3,496,e014,0.3243
3,496,e015,0.2972
3,496,e016,0.3489
3,496,e017,0.3064
3,496,e018,0.3559
3,496,e019,0.2662
3,496,e020,0.2813
3,496,e021,0.3265
3,496,e022,0.2658
3,496,e023,0.3259
3,496,e024,0.2584
3,497,e001,0.2902
3,497,e002,0.3715
3,497,e003,0.3594
3,497,e004,0.3089
3,497,e005,0.4049
3,497,e006,0.3541
3,497,e007,0.3317
3,497,e008,0.3269
3,497,e009,0.3692
3,497,e010,0.2852
3,497,e011,0.2889
3,497,e012,0.3463
3,497,e013,0.3867
3,497,e014,0.4114
3,497,e015,0.3311
3,497,e016,0.3766
3,497,e017,0.3912
3,497,e018,0.2853
3,497,e019,0.3446
3,497,e020,0.2978
3,497,e021,0.3707
3,497,e022,0.3128
3,497,e023,0.3516
3,497,e024,0.3382
3,498,e001,0.295
3,498,e002,0.3602
3,498,e003,0.2947
3,498,e004,0.3319
3,498,e005,0.367
3,498,e006,0.3138
3,498,e007,0.3409
3,498,e008,0.3657
3,498,e009,0.3569
3,498,e010,0.3437
3,498,e011,0.2719
3,498,e012,0.2826
3,498,e013,0.3392
3,498,e014,0.2862
3,498,e015,0.2902
3,498,e016,0.3292
3,498,e017,0.2786
3,498,e018,0.3215
3,498,e019,0.2881
3,498,e020,0.3336
3,498,e021,0.3081
3,498,e022,0.244
3,498,e023,0.3039
3,498,e024,0.3184
3,499,e001,0.4
3,499,e002,0.34
3,499,e003,0.3187
3,499,e004,0.3877
3,499,e005,0.4059
3,499,e006,0.3382
3,499,e007,0.3765
3,499,e008,0.3964
3,499,e009,0.4086
3,499,e010,0.2986
3,499,e011,0.3381
3,499,e012,0.3529
3,499,e013,0.4229
3,499,e014,0.3312
3,499,e015,0.4084
3,499,e016,0.3786
3,499,e017,0.3878
3,499,e018,0.3903
3,499,e019,0.3551
3,499,e020,0.3344
3,499,e021,0.3556
3,499,e022,0.3891
3,499,e023,0.4151
3,499,e024,0.3675
3,500,e001,0.2915
3,500,e002,0.3713
3,500,e003,0.3184
3,500,e004,0.3498
3,500,e005,0.3251
3,500,e006,0.3127
3,500,e007,0.3326
3,500,e008,0.3538
3,500,e009,0.3503
3,500,e010,0.3262
3,500,e011,0.3972
3,500,e012,0.3444
3,500,e013,0.322
3,500,e014,0.3642
3,500,e015,0.3552
3,500,e016,0.3516
3,500,e017,0.3105
3,500,e018,0.3191
3,500,e019,0.3654
3,500,e020,0.3455
3,500,e021,0.3457
3,500,e022,0.3698
3,500,e023,0.3289
3,500,e024,0.352
3,501,e001,0.3511
3,501,e002,0.2509
3,501,e003,0.3183
3,501,e004,0.3364
3,501,e005,0.2989
3,501,e006,0.3245
3,501,e007,0.3084
3,501,e008,0.3118
3,501,e009,0.3785
3,501,e010,0.316
3,501,e011,0.3066
3,501,e012,0.341
3,501,e013,0.2708
3,501,e014,0.3057
3,501,e015,0.3554
3,501,e016,0.3336
3,501,e017,0.3223
3,501,e018,0.3601
3,501,e019,0.3293
3,501,e020,0.2653
3,501,e021,0.3033
3,501,e022,0.3306
3,501,e023,0.325
3,501,e024,0.3439
3,502,e001,0.2483
3,502,e002,0.3009
3,502,e003,0.3107
3,502,e004,0.281
3,502,e005,0.3427
3,502,e006,0.2771
3,502,e007,0.3022
3,502,e008,0.2929
3,502,e009,0.3008
3,502,e010,0.2475
3,502,e011,0.3047
3,502,e012,0.2747
3,502,e013,0.2749
3,502,e014,0.2547
3,502,e015,0.3035
3,502,e016,0.2708
3,502,e017,0.2465
3,502,e018,0.2825
3,502,e019,0.2702
3,502,e020,0.3022
3,502,e021,0.3115
3,502,e022,0.2899
3,502,e023,0.2465
3,502,e024,0.2876
3,503,e001,0.3542
3,503,e002,0.3372
3,503,e003,0.327
3,503,e004,0.3359
3,503,e005,0.3312
3,503,e006,0.3827
3,503,e007,0.3035
3,503,e008,0.3703
3,503,e009,0.3374
3,503,e010,0.2896
3,503,e011,0.3522
3,503,e012,0.3665
3,503,e013,0.299
3,503,e014,0.3122
3,503,e015,0.285
3,503,e016,0.2953
3,503,e017,0.3572
3,503,e018,0.3772
3,503,e019,0.3658
3,503,e020,0.3691
3,503,e021,0.291
3,503,e022,0.2959
3,503,e023,0.379
3,503,e024,0.3213
3,504,e001,0.3046
3,504,e002,0.331
3,504,e003,0.4058
3,504,e004,0.3067
3,504,e005,0.3221
3,504,e006,0.3796
3,504,e007,0.3171
3,504,e008,0.3049
3,504,e009,0.3237
3,504,e010,0.3526
3,504,e011,0.3706
3,504,e012,0.3227
3,504,e013,0.3139
3,504,e014,0.3238
3,504,e015,0.3124
3,504,e016,0.2886
3,504,e017,0.3611
3,504,e018,0.3077
3,504,e019,0.3086
3,504,e020,0.3577
3,504,e021,0.2842
3,504,e022,0.3205
3,504,e023,0.2753
3,504,e024,0.3089
3,505,e001,0.3353
3,505,e002,0.3831
3,505,e003,0.3793
3,505,e004,0.3735
3,505,e005,0.3437
3,505,e006,0.3487
3,505,e007,0.4108
3,505,e008,0.375
3,505,e009,0.3135
3,505,e010,0.2977
3,505,e011,0.3399
3,505,e012,0.3563
3,505,e013,0.3167
3,505,e014,0.3338
3,505,e015,0.3149
3,505,e016,0.4124
3,505,e017,0.3288
3,505,e018,0.3259
3,505,e019,0.3652
3,505,e020,0.3556
3,505,e021,0.3451
3,505,e022,0.313
3,505,e023,0.3762
3,505,e024,0.3802
3,506,e001,0.2594
3,506,e002,0.322
3,506,e003,0.3064
3,506,e004,0.251
3,506,e005,0.2973
3,506,e006,0.2751
3,506,e007,0.3277
3,506,e008,0.3467
3,506,e009,0.3466
3,506,e010,0.3177
3,506,e011,0.3776
3,506,e012,0.3041
3,506,e013,0.3252
3,506,e014,0.3361
3,506,e015,0.2947
3,506,e016,0.3587
3,506,e017,0.3021
3,506,e018,0.3414
3,506,e019,0.3522
3,506,e020,0.3086
3,506,e021,0.2881
3,506,e022,0.3015
3,506,e023,0.331
3,506,e024,0.2822
3,507,e001,0.3408
3,507,e002,0.2606
3,507,e003,0.3443
3,507,e004,0.3397
3,507,e005,0.3555
3,507,e006,0.3308
3,507,e007,0.3675
3,507,e008,0.2983
3,507,e009,0.3385
3,507,e010,0.2678
3,507,e011,0.3576
3,507,e012,0.2613
3,507,e013,0.3463
3,507,e014,0.3776
3,507,e015,0.3265
3,507,e016,0.3407
3,507,e017,0.3349
3,507,e018,0.3305
3,507,e019,0.2726
3,507,e020,0.2999
3,507,e021,0.2999
3,507,e022,0.3132
3,507,e023,0.3824
3,507,e024,0.3442
3,508,e001,0.2978
3,508,e002,0.2847
3,508,e003,0.3567
3,508,e004,0.32
3,508,e005,0.3405
3,508,e006,0.3555
3,508,e007,0.3304
3,508,e008,0.3496
3,508,e009,0.3057
3,508,e010,0.3606
3,508,e011,0.3555
3,508,e012,0.3378
3,508,e013,0.2867
3,508,e014,0.3078
3,508,e015,0.3514
3,508,e016,0.2613
3,508,e017,0.3172
3,508,e018,0.3049
3,508,e019,0.3145
3,508,e020,0.2929
3,508,e021,0.296
3,508,e022,0.3785
3,508,e023,0.294
3,508,e024,0.3618
3,509,e001,0.3599
3,509,e002,0.3293
3,509,e003,0.3009
3,509,e004,0.3162
3,509,e005,0.3355
3,509,e006,0.3608
3,509,e007,0.4078
3,509,e008,0.3642
3,509,e009,0.3539
3,509,e010,0.3766
3,509,e011,0.3326
3,509,e012,0.3447
3,509,e013,0.3514
3,509,e014,0.3231
3,509,e015,0.3048
3,509,e016,0.3868
3,509,e017,0.3625
3,509,e018,0.3256
3,509,e019,0.3183
3,509,e020,0.333
3,509,e021,0.3897
3,509,e022,0.3093
3,509,e023,0.3939
3,509,e024,0.3263
3,510,e001,0.3321
3,510,e002,0.2997
3,510,e003,0.2474
3,510,e004,0.2948
3,510,e005,0.2942
3,510,e006,0.2515
3,510,e007,0.3305
3,510,e008,0.296
3,510,e009,0.2806
3,510,e010,0.3443
3,510,e011,0.3051
3,510,e012,0.304
3,510,e013,0.2838
3,510,e014,0.2965
3,510,e015,0.3248
3,510,e016,0.3207
3,510,e017,0.2649
3,510,e018,0.2834
3,510,e019,0.3417
3,510,e020,0.2187
3,510,e021,0.3142
3,510,e022,0.2319
3,510,e023,0.312
3,510,e024,0.2354
3,511,e001,0.3373
3,511,e002,0.3021
3,511,e003,0.3104
3,511,e004,0.3052
3,511,e005,0.3276
3,511,e006,0.3488
3,511,e007,0.3384
3,511,e008,0.3456
3,511,e009,0.3505
3,511,e010,0.3209
3,511,e011,0.2758
3,511,e012,0.3088
3,511,e013,0.3534
3,511,e014,0.3319
3,511,e015,0.2796
3,511,e016,0.3046
3,511,e017,0.3267
3,511,e018,0.3263
3,511,e019,0.3613
3,511,e020,0.3022
3,511,e021,0.3126
3,511,e022,0.3008
3,511,e023,0.3139
3,511,e024,0.3394
3,512,e001,0.3213
3,512,e002,0.3543
3,512,e003,0.3501
3,512,e004,0.3023
3,512,e005,0.2764
3,512,e006,0.3778
3,512,e007,0.271
3,512,e008,0.2712
3,512,e009,0.2858
3,512,e010,0.3167
3,512,e011,0.3644
3,512,e012,0.3321
3,512,e013,0.2959
3,512,e014,0.3429
3,512,e015,0.351
3,512,e016,0.3343
3,512,e017,0.3832
3,512,e018,0.3152
3,512,e019,0.2947
3,512,e020,0.3755
3,512,e021,0.3377
3,512,e022,0.2945
3,512,e023,0.318
3,512,e024,0.3168
3,513,e001,0.3098
3,513,e002,0.3241
3,513,e003,0.3556
3,513,e004,0.3224
3,513,e005,0.3385
3,513,e006,0.4161
3,513,e007,0.2874
3,513,e008,0.384
3,513,e009,0.2928
3,513,e010,0.3314
3,513,e011,0.3473
3,513,e012,0.4149
3,513,e013,0.3403
3,513,e014,0.3415
3,513,e015,0.3916
3,513,e016,0.3307
3,513,e017,0.3492
3,513,e018,0.2987
3,513,e019,0.3268
3,513,e020,0.325
3,513,e021,0.3712
3,513,e022,0.3994
3,513,e023,0.3232
3,513,e024,0.351
3,514,e001,0.2998
3,514,e002,0.2705
3,514,e003,0.3023
3,514,e004,0.3103
3,514,e005,0.2688
3,514,e006,0.2723
3,514,e007,0.3013
3,514,e008,0.3369
3,514,e009,0.3192
3,514,e010,0.3037
3,514,e011,0.3185
3,514,e012,0.3322
3,514,e013,0.2733
3,514,e014,0.3269
3,514,e015,0.3068
3,514,e016,0.3531
3,514,e017,0.2682
3,514,e018,0.267
3,514,e019,0.3346
3,514,e020,0.2963
3,514,e021,0.3224
3,514,e022,0.3449
3,514,e023,0.3344
3,514,e024,0.3063
3,515,e001,0.3133
3,515,e002,0.2689
3,515,e003,0.2613
3,515,e004,0.3645
3,515,e005,0.2809
3,515,e006,0.3696
3,515,e007,0.2997
3,515,e008,0.308
3,515,e009,0.2933
3,515,e010,0.2922
3,515,e011,0.3156
3,515,e012,0.33
3,515,e013,0.2701
3,515,e014,0.3269
3,515,e015,0.2856
3,515,e016,0.3004
3,515,e017,0.2848
3,515,e018,0.2765
3,515,e019,0.352
3,515,e020,0.2997
3,515,e021,0.312
3,515,e022,0.3227
3,515,e023,0.3467
3,515,e024,0.3311
3,516,e001,0.3781
3,516,e002,0.3398
3,516,e003,0.3179
3,516,e004,0.2963
3,516,e005,0.2867
3,516,e006,0.3327
3,516,e007,0.3079
3,516,e008,0.34
3,516,e009,0.312
3,516,e010,0.2807
3,516,e011,0.2996
3,516,e012,0.3443
3,516,e013,0.3728
3,516,e014,0.3443
3,516,e015,0.3268
3,516,e016,0.3839
3,516,e017,0.3709
3,516,e018,0.2876
3,516,e019,0.3012
3,516,e020,0.3055
3,516,e021,0.3109
3,516,e022,0.2875
3,516,e023,0.3917
3,516,e024,0.2694
3,517,e001,0.3018
3,517,e002,0.3683
3,517,e003,0.3513
3,517,e004,0.3748
3,517,e005,0.3612
3,517,e006,0.3557
3,517,e007,0.3819
3,517,e008,0.3519
3,517,e009,0.3963
3,517,e010,0.3264
3,517,e011,0.2813
3,517,e012,0.3253
3,517,e013,0.3674
3,517,e014,0.2964
3,517,e015,0.3647
3,517,e016,0.3435
3,517,e017,0.3887
3,517,e018,0.3235
3,517,e019,0.3301
3,517,e020,0.3083
3,517,e021,0.3443
3,517,e022,0.3883
3,517,e023,0.3228
3,517,e024,0.3702
3,518,e001,0.3371
3,518,e002,0.3927
3,518,e003,0.3632
3,518,e004,0.3806
3,518,e005,0.3213
3,518,e006,0.3444
3,518,e007,0.3616
3,518,e008,0.3485
3,518,e009,0.3147
3,518,e010,0.3737
3,518,e011,0.4458
3,518,e012,0.3455
3,518,e013,0.392
3,518,e014,0.4094
3,518,e015,0.3635
3,518,e016,0.3687
3,518,e017,0.3244
3,518,e018,0.3743
3,518,e019,0.3824
3,518,e020,0.4215
3,518,e021,0.3735
3,518,e022,0.4239
3,518,e023,0.2923
3,518,e024,0.3546
3,519,e001,0.428
3,519,e002,0.3903
3,519,e003,0.3641
3,519,e004,0.4339
3,519,e005,0.4065
3,519,e006,0.4051
3,519,e007,0.4117
3,519,e008,0.3254
3,519,e009,0.3871
3,519,e010,0.3612
3,519,e011,0.3996
3,519,e012,0.3285
3,519,e013,0.4321
3,519,e014,0.3705
3,519,e015,0.3493
3,519,e016,0.3608
3,519,e017,0.3352
3,519,e018,0.4248
3,519,e019,0.3409
3,519,e020,0.3665
3,519,e021,0.4277
3,519,e022,0.4107
3,519,e023,0.351
3,519,e024,0.4333
3,520,e001,0.3169
3,520,e002,0.3499
3,520,e003,0.359
3,520,e004,0.351
3,520,e005,0.3018
3,520,e006,0.321
3,520,e007,0.3633
3,520,e008,0.3507
3,520,e009,0.3574
3,520,e010,0.2874
3,520,e011,0.3423
3,520,e012,0.3858
3,520,e013,0.3085
3,520,e014,0.3018
3,520,e015,0.3321
3,520,e016,0.3477
3,520,e017,0.3186
3,520,e018,0.2958
3,520,e019,0.3098
3,520,e020,0.3401
3,520,e021,0.3515
3,520,e022,0.2771
3,520,e023,0.3044
3,520,e024,0.3599
3,521,e001,0.3845
3,521,e002,0.4098
3,521,e003,0.3383
3,521,e004,0.3782
3,521,e005,0.4178
3,521,e006,0.3734
3,521,e007,0.399
3,521,e008,0.4375
3,521,e009,0.4023
3,521,e010,0.4502
3,521,e011,0.4268
3,521,e012,0.3418
3,521,e013,0.3746
3,521,e014,0.352
3,521,e015,0.3872
3,521,e016,0.4244
3,521,e017,0.385
3,521,e018,0.3264
3,521,e019,0.3447
3,521,e020,0.3318
3,521,e021,0.3937
3,521,e022,0.3936
3,521,e023,0.3572
3,521,e024,0.3419
3,522,e001,0.4127
3,522,e002,0.3477
3,522,e003,0.3947
3,522,e004,0.3988
3,522,e005,0.3498
3,522,e006,0.3685
3,522,e007,0.3538
3,522,e008,0.365
3,522,e009,0.4179
3,522,e010,0.3894
3,522,e011,0.3571
3,522,e012,0.3977
3,522,e013,0.4505
3,522,e014,0.3658
3,522,e015,0.3702
3,522,e016,0.4007
3,522,e017,0.3309
3,522,e018,0.3631
3,522,e019,0.3168
3,522,e020,0.3455
3,522,e021,0.4073
3,522,e022,0.402
3,522,e023,0.3649
3,522,e024,0.3529
3,523,e001,0.2888
3,523,e002,0.3012
3,523,e003,0.284
3,523,e004,0.3205
3,523,e005,0.3234
3,523,e006,0.3403
3,523,e007,0.2933
3,523,e008,0.3596
3,523,e009,0.3412
3,523,e010,0.2864
3,523,e011,0.3328
3,523,e012,0.3588
3,523,e013,0.284
3,523,e014,0.3129
3,523,e015,0.3396
3,523,e016,0.3163
3,523,e017,0.2901
3,523,e018,0.2819
3,523,e019,0.2985
3,523,e020,0.3533
3,523,e021,0.3642
3,523,e022,0.3283
3,523,e023,0.3717
3,523,e024,0.3661
3,524,e001,0.3762
3,524,e002,0.3827
3,524,e003,0.3636
3,524,e004,0.4119
3,524,e005,0.3623
3,524,e006,0.3606
3,524,e007,0.4197
3,524,e008,0.344
3,524,e009,0.3979
3,524,e010,0.352
3,524,e011,0.3718
3,524,e012,0.3156
3,524,e013,0.3803
3,524,e014,0.3589
3,524,e015,0.311
3,524,e016,0.4134
3,524,e017,0.397
3,524,e018,0.4116
3,524,e019,0.3438
3,524,e020,0.3788
3,524,e021,0.3483
3,524,e022,0.3783
3,524,e023,0.3705
3,524,e024,0.3467
3,525,e001,0.289
3,525,e002,0.2763
3,525,e003,0.3043
3,525,e004,0.3276
3,525,e005,0.3623
3,525,e006,0.3685
3,525,e007,0.3106
3,525,e008,0.3339
3,525,e009,0.3739
3,525,e010,0.2992
3,525,e011,0.3101
3,525,e012,0.2705
3,525,e013,0.3312
3,525,e014,0.4018
3,525,e015,0.331
3,525,e016,0.3805
3,525,e017,0.3856
3,525,e018,0.368
3,525,e019,0.3083
3,525,e020,0.3149
3,525,e021,0.3684
3,525,e022,0.3907
3,525,e023,0.3034
3,525,e024,0.3464
3,526,e001,0.34
3,526,e002,0.3627
3,526,e003,0.3143
3,526,e004,0.342
3,526,e005,0.3475
3,526,e006,0.3632
3,526,e007,0.3161
3,526,e008,0.3454
3,526,e009,0.3685
3,526,e010,0.3266
3,526,e011,0.3079
3,526,e012,0.3368
3,526,e013,0.3564
3,526,e014,0.3642
3,526,e015,0.3886
3,526,e016,0.395
3,526,e017,0.368
3,526,e018,0.3783
3,526,e019,0.3843
3,526,e020,0.3919
3,526,e021,0.4063
3,526,e022,0.378
3,526,e023,0.3718
3,526,e024,0.302
3,527,e001,0.2751
3,527,e002,0.3493
3,527,e003,0.4231
3,527,e004,0.3516
3,527,e005,0.3545
3,527,e006,0.3749
3,527,e007,0.3242
3,527,e008,0.3634
3,527,e009,0.3032
3,527,e010,0.3451
3,527,e011,0.3393
3,527,e012,0.2898
3,527,e013,0.3064
3,527,e014,0.3606
3,527,e015,0.3733
3,527,e016,0.33
3,527,e017,0.3733
3,527,e018,0.3661
3,527,e019,0.4009
3,527,e020,0.3589
3,527,e021,0.3638
3,527,e022,0.3563
3,527,e023,0.3128
3,527,e024,0.3114
3,528,e001,0.336
3,528,e002,0.3876
3,528,e003,0.3762
3,528,e004,0.368
3,528,e005,0.3056
3,528,e006,0.2941
3,528,e007,0.3604
3,528,e008,0.3142
3,528,e009,0.3623
3,528,e010,0.3152
3,528,e011,0.3295
3,528,e012,0.3642
3,528,e013,0.3813
3,528,e014,0.3741
3,528,e015,0.3963
3,528,e016,0.3542
3,528,e017,0.2881
3,528,e018,0.3898
3,528,e019,0.3778
3,528,e020,0.3436
3,528,e021,0.3786
3,528,e022,0.3228
3,528,e023,0.3785
3,528,e024,0.3268
3,529,e001,0.4134
3,529,e002,0.3928
3,529,e003,0.3817
3,529,e004,0.3472
3,529,e005,0.4328
3,529,e006,0.4154
3,529,e007,0.4319
3,529,e008,0.4164
3,529,e009,0.3922
3,529,e010,0.3682
3,529,e011,0.3683
3,529,e012,0.4252
3,529,e013,0.4252
3,529,e014,0.3794
3,529,e015,0.3621
3,529,e016,0.4214
3,529,e017,0.392
3,529,e018,0.3796
3,529,e019,0.3565
3,529,e020,0.3651
3,529,e021,0.4454
3,529,e022,0.3865
3,529,e023,0.3822
3,529,e024,0.3805
3,530,e001,0.3816
3,530,e002,0.3993
3,530,e003,0.3664
3,530,e004,0.3899
3,530,e005,0.3267
3,530,e006,0.4062
3,530,e007,0.3536
3,530,e008,0.3987
3,530,e009,0.299
3,530,e010,0.3381
3,530,e011,0.3608
3,530,e012,0.3956
3,530,e013,0.3319
3,530,e014,0.3146
3,530,e015,0.3477
3,530,e016,0.3033
3,530,e017,0.3577
3,530,e018,0.2892
3,530,e019,0.3828
3,530,e020,0.3737
3,530,e021,0.3663
3,530,e022,0.3427
3,530,e023,0.3168
3,530,e024,0.4071
3,531,e001,0.3211
3,531,e002,0.3489
3,531,e003,0.3588
3,531,e004,0.3647
3,531,e005,0.3459
3,531,e006,0.3366
3,531,e007,0.3069
3,531,e008,0.3531
3,531,e009,0.2989
3,531,e010,0.4053
3,531,e011,0.3053
3,531,e012,0.3551
3,531,e013,0.363
3,531,e014,0.2891
3,531,e015,0.3797
3,531,e016,0.3892
3,531,e017,0.3713
3,531,e018,0.3074
3,531,e019,0.3156
3,531,e020,0.3406
3,531,e021,0.3029
3,531,e022,0.2713
3,531,e023,0.3476
3,531,e024,0.2991
3,532,e001,0.4096
3,532,e002,0.4324
3,532,e003,0.3845
3,532,e004,0.4456
3,532,e005,0.3731
3,532,e006,0.4085
3,532,e007,0.3957
3,532,e008,0.4283
3,532,e009,0.3875
3,532,e010,0.4344
3,532,e011,0.4333
3,532,e012,0.3786
3,532,e013,0.375
3,532,e014,0.39
3,532,e015,0.3906
3,532,e016,0.3444
3,532,e017,0.3453
3,532,e018,0.4307
3,532,e019,0.4016
3,532,e020,0.3884
3,532,e021,0.4214
3,532,e022,0.3035
3,532,e023,0.3747
3,532,e024,0.3834
3,533,e001,0.2576
3,533,e002,0.3831
3,533,e003,0.3387
3,533,e004,0.3526
3,533,e005,0.2884
3,533,e006,0.3713
3,533,e007,0.3556
3,533,e008,0.3431
3,533,e009,0.2748
3,533,e010,0.3208
3,533,e011,0.3509
3,533,e012,0.3183
3,533,e013,0.3432
3,533,e014,0.3181
3,533,e015,0.3414
3,533,e016,0.4077
3,533,e017,0.287
3,533,e018,0.3648
3,533,e019,0.3135
3,533,e020,0.3563
3,533,e021,0.3035
3,533,e022,0.3615
3,533,e023,0.3612
3,533,e024,0.3014
3,534,e001,0.3437
3,534,e002,0.3412
3,534,e003,0.3563
3,534,e004,0.3333
3,534,e005,0.3306
3,534,e006,0.4011
3,534,e007,0.3475
3,534,e008,0.3625
3,534,e009,0.3255
3,534,e010,0.3549
3,534,e011,0.3434
3,534,e012,0.3691
3,534,e013,0.3808
3,534,e014,0.3244
3,534,e015,0.36
3,534,e016,0.4147
3,534,e017,0.3788
3,534,e018,0.4205
3,534,e019,0.3457
3,534,e020,0.3233
3,534,e021,0.3975
3,534,e022,0.3865
3,534,e023,0.3227
3,534,e024,0.3423
3,535,e001,0.3579
3,535,e002,0.3233
3,535,e003,0.3957
3,535,e004,0.3406
3,535,e005,0.3561
3,535,e006,0.3546
3,535,e007,0.334
3,535,e008,0.3762
3,535,e009,0.3702
3,535,e010,0.4022
3,535,e011,0.3696
3,535,e012,0.4062
3,535,e013,0.3903
3,535,e014,0.35
3,535,e015,0.314
3,535,e016,0.3418
3,535,e017,0.376
3,535,e018,0.387
3,535,e019,0.353
3,535,e020,0.3386
3,535,e021,0.3824
3,535,e022,0.372
3,535,e023,0.4147
3,535,e024,0.3204
3,536,e001,0.4178
3,536,e002,0.3617
3,536,e003,0.3438
3,536,e004,0.4115
3,536,e005,0.3446
3,536,e006,0.3273
3,536,e007,0.3984
3,536,e008,0.3817
3,536,e009,0.3794
3,536,e010,0.4215
3,536,e011,0.3531
3,536,e012,0.409
3,536,e013,0.3123
3,536,e014,0.4137
3,536,e015,0.4388
3,536,e016,0.4094
3,536,e017,0.4005
3,536,e018,0.3468
3,536,e019,0.3409
3,536,e020,0.3829
3,536,e021,0.4132
3,536,e022,0.3554
3,536,e023,0.3669
3,536,e024,0.3998
3,537,e001,0.3482
3,537,e002,0.4187
3,537,e003,0.4002
3,537,e004,0.4169
3,537,e005,0.4197
3,537,e006,0.3458
3,537,e007,0.3534
3,537,e008,0.4554
3,537,e009,0.4
3,537,e010,0.3857
3,537,e011,0.4226
3,537,e012,0.3676
3,537,e013,0.417
3,537,e014,0.4044
3,537,e015,0.3911
3,537,e016,0.4122
3,537,e017,0.3918
3,537,e018,0.4196
3,537,e019,0.3835
3,537,e020,0.4388
3,537,e021,0.3648
3,537,e022,0.3913
3,537,e023,0.382
3,537,e024,0.3919
3,538,e001,0.3791
3,538,e002,0.3303
3,538,e003,0.4019
3,538,e004,0.3682
3,538,e005,0.3865
3,538,e006,0.3492
3,538,e007,0.328
3,538,e008,0.3104
3,538,e009,0.3609
3,538,e010,0.4054
3,538,e011,0.3593
3,538,e012,0.4288
3,538,e013,0.3544
3,538,e014,0.3463
3,538,e015,0.3521
3,538,e016,0.4028
3,538,e017,0.3544
3,538,e018,0.3295
3,538,e019,0.437
3,538,e020,0.3661
3,538,e021,0.3359
3,538,e022,0.352
3,538,e023,0.3778
3,538,e024,0.3587
3,539,e001,0.4091
3,539,e002,0.4407
3,539,e003,0.4259
3,539,e004,0.4284
3,539,e005,0.4068
3,539,e006,0.384
3,539,e007,0.4163
3,539,e008,0.4494
3,539,e009,0.4701
3,539,e010,0.4218
3,539,e011,0.4296
3,539,e012,0.3984
3,539,e013,0.4401
3,539,e014,0.4236
3,539,e015,0.4591
3,539,e016,0.4379
3,539,e017,0.415
3,539,e018,0.4137
3,539,e019,0.453
3,539,e020,0.4073
3,539,e021,0.3881
3,539,e022,0.4077
3,539,e023,0.3845
3,539,e024,0.4586
3,540,e001,0.4508
3,540,e002,0.4351
3,540,e003,0.4733
3,540,e004,0.4116
3,540,e005,0.3799
3,540,e006,0.4396
3,540,e007,0.4188
3,540,e008,0.37
3,540,e009,0.436
3,540,e010,0.354
3,540,e011,0.414
3,540,e012,0.4406
3,540,e013,0.4635
3,540,e014,0.4827
3,540,e015,0.4241
3,540,e016,0.4673
3,540,e017,0.3937
3,540,e018,0.4721
3,540,e019,0.521
3,540,e020,0.5384
3,540,e021,0.5934
3,540,e022,0.5939
3,540,e023,0.5465
3,540,e024,0.5324
3,541,e001,0.4612
3,541,e002,0.4383
3,541,e003,0.474
3,541,e004,0.4769
3,541,e005,0.4518
3,541,e006,0.4408
3,541,e007,0.4739
3,541,e008,0.4195
3,541,e009,0.4122
3,541,e010,0.4288
3,541,e011,0.3946
3,541,e012,0.3965
3,541,e013,0.4099
3,541,e014,0.4385
3,541,e015,0.4369
3,541,e016,0.4017
3,541,e017,0.4174
3,541,e018,0.4721
3,541,e019,0.6221
3,541,e020,0.5878
3,541,e021,0.517
3,541,e022,0.5328
3,541,e023,0.6004
3,541,e024,0.5776
3,542,e001,0.4393
3,542,e002,0.3834
3,542,e003,0.4274
3,542,e004,0.4151
3,542,e005,0.4281
3,542,e006,0.3701
3,542,e007,0.3805
3,542,e008,0.3841
3,542,e009,0.3655
3,542,e010,0.3528
3,542,e011,0.4327
3,542,e012,0.4095
3,542,e013,0.4166
3,542,e014,0.3635
3,542,e015,0.3584
3,542,e016,0.4404
3,542,e017,0.4033
3,542,e018,0.4245
3,542,e019,0.5715
3,542,e020,0.5295
3,542,e021,0.4954
3,542,e022,0.5053
3,542,e023,0.5707
3,542,e024,0.5194
3,543,e001,0.474
3,543,e002,0.3927
3,543,e003,0.4024
3,543,e004,0.3816
3,543,e005,0.4418
3,543,e006,0.3862
3,543,e007,0.3773
3,543,e008,0.3987
3,543,e009,0.4122
3,543,e010,0.3893
3,543,e011,0.38
3,543,e012,0.4119
3,543,e013,0.406
3,543,e014,0.3919
3,543,e015,0.4243
3,543,e016,0.3913
3,543,e017,0.4068
3,543,e018,0.4052
3,543,e019,0.5697
3,543,e020,0.5007
3,543,e021,0.5369
3,543,e022,0.5342
3,543,e023,0.5157
3,543,e024,0.5313
3,544,e001,0.4391
3,544,e002,0.3703
3,544,e003,0.429
3,544,e004,0.3901
3,544,e005,0.4637
3,544,e006,0.4498
3,544,e007,0.4154
3,544,e008,0.3556
3,544,e009,0.3806
3,544,e010,0.4174
3,544,e011,0.375
3,544,e012,0.3872
3,544,e013,0.4182
3,544,e014,0.4287
3,544,e015,0.3826
3,544,e016,0.384
3,544,e017,0.3849
3,544,e018,0.4398
3,544,e019,0.5431
3,544,e020,0.5103
3,544,e021,0.552
3,544,e022,0.5368
3,544,e023,0.5419
3,544,e024,0.5078
3,545,e001,0.3732
3,545,e002,0.4377
3,545,e003,0.3663
3,545,e004,0.4208
3,545,e005,0.4403
3,545,e006,0.3873
3,545,e007,0.4247
3,545,e008,0.3588
3,545,e009,0.4486
3,545,e010,0.3901
3,545,e011,0.3586
3,545,e012,0.388
3,545,e013,0.3699
3,545,e014,0.4291
3,545,e015,0.3874
3,545,e016,0.3644
3,545,e017,0.3502
3,545,e018,0.4374
3,545,e019,0.491
3,545,e020,0.5313
3,545,e021,0.4859
3,545,e022,0.486
3,545,e023,0.5325
3,545,e024,0.5053
3,546,e001,0.4649
3,546,e002,0.3887
3,546,e003,0.366
3,546,e004,0.4451
3,546,e005,0.4526
3,546,e006,0.42
3,546,e007,0.3615
3,546,e008,0.3611
3,546,e009,0.4271
3,546,e010,0.44
3,546,e011,0.4529
3,546,e012,0.3838
3,546,e013,0.3677
3,546,e014,0.3781
3,546,e015,0.4383
3,546,e016,0.4296
3,546,e017,0.403
3,546,e018,0.3549
3,546,e019,0.5025
3,546,e020,0.5295
3,546,e021,0.5138
3,546,e022,0.49
3,546,e023,0.5306
3,546,e024,0.5273
3,547,e001,0.4299
3,547,e002,0.4414
3,547,e003,0.4868
3,547,e004,0.425
3,547,e005,0.4139
3,547,e006,0.4306
3,547,e007,0.3965
3,547,e008,0.4665
3,547,e009,0.4007
3,547,e010,0.4545
3,547,e011,0.4143
3,547,e012,0.4352
3,547,e013,0.3972
3,547,e014,0.3917
3,547,e015,0.4078
3,547,e016,0.3888
3,547,e017,0.4332
3,547,e018,0.4691
3,547,e019,0.5577
3,547,e020,0.5772
3,547,e021,0.5306
3,547,e022,0.5288
3,547,e023,0.5882
3,547,e024,0.5701
3,548,e001,0.3909
3,548,e002,0.4629
3,548,e003,0.4009
3,548,e004,0.4111
3,548,e005,0.4214
3,548,e006,0.4029
3,548,e007,0.3406
3,548,e008,0.3769
3,548,e009,0.461
3,548,e010,0.4111
3,548,e011,0.4202
3,548,e012,0.4528
3,548,e013,0.3653
3,548,e014,0.3656
3,548,e015,0.3508
3,548,e016,0.4158
3,548,e017,0.3552
3,548,e018,0.4168
3,548,e019,0.5461
3,548,e020,0.482
3,548,e021,0.5622
3,548,e022,0.5157
3,548,e023,0.5989
3,548,e024,0.5001
3,549,e001,0.4582
3,549,e002,0.4699
3,549,e003,0.4382
3,549,e004,0.446
3,549,e005,0.4658
3,549,e006,0.4467
3,549,e007,0.4529
3,549,e008,0.4805
3,549,e009,0.4857
3,549,e010,0.4689
3,549,e011,0.4201
3,549,e012,0.4132
3,549,e013,0.3938
3,549,e014,0.4307
3,549,e015,0.3929
3,549,e016,0.4463
3,549,e017,0.4171
3,549,e018,0.3658
3,549,e019,0.6327
3,549,e020,0.5785
3,549,e021,0.6257
3,549,e022,0.5306
3,549,e023,0.6196
3,549,e024,0.6275
3,550,e001,0.4684
3,550,e002,0.4209
3,550,e003,0.4355
3,550,e004,0.4449
3,550,e005,0.408
3,550,e006,0.4261
3,550,e007,0.4143
3,550,e008,0.4247
3,550,e009,0.443
3,550,e010,0.4212
3,550,e011,0.3816
3,550,e012,0.474
3,550,e013,0.4771
3,550,e014,0.4371
3,550,e015,0.4745
3,550,e016,0.4106
3,550,e017,0.5024
3,550,e018,0.4592
3,550,e019,0.6076
3,550,e020,0.565
3,550,e021,0.5744
3,550,e022,0.5344
3,550,e023,0.5761
3,550,e024,0.5177
3,551,e001,0.4026
3,551,e002,0.3844
3,551,e003,0.4442
3,551,e004,0.4729
3,551,e005,0.4739
3,551,e006,0.4452
3,551,e007,0.4805
3,551,e008,0.3962
3,551,e009,0.4372
3,551,e010,0.4714
3,551,e011,0.4282
3,551,e012,0.4809
3,551,e013,0.37
3,551,e014,0.4884
3,551,e015,0.4587
3,551,e016,0.4798
3,551,e017,0.4552
3,551,e018,0.3864
3,551,e019,0.6149
3,551,e020,0.6098
3,551,e021,0.5654
3,551,e022,0.5932
3,551,e023,0.5995
3,551,e024,0.6009
3,552,e001,0.4502
3,552,e002,0.39
3,552,e003,0.4323
3,552,e004,0.4039
3,552,e005,0.4582
3,552,e006,0.4177
3,552,e007,0.4653
3,552,e008,0.4171
3,552,e009,0.4237
3,552,e010,0.4092
3,552,e011,0.4496
3,552,e012,0.4026
3,552,e013,0.3582
3,552,e014,0.3637
3,552,e015,0.4338
3,552,e016,0.4292
3,552,e017,0.4459
3,552,e018,0.4201
3,552,e019,0.5333
3,552,e020,0.5359
3,552,e021,0.5105
3,552,e022,0.532
3,552,e023,0.5801
3,552,e024,0.5648
3,553,e001,0.4662
3,553,e002,0.4403
3,553,e003,0.5001
3,553,e004,0.48
3,553,e005,0.4959
3,553,e006,0.4193
3,553,e007,0.4664
3,553,e008,0.3988
3,553,e009,0.4448
3,553,e010,0.4741
3,553,e011,0.5076
3,553,e012,0.4898
3,553,e013,0.4828
3,553,e014,0.4375
3,553,e015,0.4157
3,553,e016,0.5144
3,553,e017,0.4396
3,553,e018,0.4305
3,553,e019,0.5524
3,553,e020,0.6235
3,553,e021,0.5572
3,553,e022,0.6084
3,553,e023,0.5883
3,553,e024,0.5612
3,554,e001,0.4261
3,554,e002,0.3517
3,554,e003,0.3966
3,554,e004,0.4636
3,554,e005,0.4509
3,554,e006,0.4442
3,554,e007,0.4263
3,554,e008,0.465
3,554,e009,0.4527
3,554,e010,0.3697
3,554,e011,0.4565
3,554,e012,0.4274
3,554,e013,0.4332
3,554,e014,0.4425
3,554,e015,0.4943
3,554,e016,0.392
3,554,e017,0.4426
3,554,e018,0.422
3,554,e019,0.5866
3,554,e020,0.4981
3,554,e021,0.5713
3,554,e022,0.5771
3,554,e023,0.5469
3,554,e024,0.5476
3,555,e001,0.425
3,555,e002,0.4927
3,555,e003,0.43
3,555,e004,0.4156
3,555,e005,0.5038
3,555,e006,0.4982
3,555,e007,0.4587
3,555,e008,0.4565
3,555,e009,0.4567
3,555,e010,0.4961
3,555,e011,0.4702
3,555,e012,0.4606
3,555,e013,0.4882
3,555,e014,0.5026
3,555,e015,0.4923
3,555,e016,0.4762
3,555,e017,0.4227
3,555,e018,0.4825
3,555,e019,0.6175
3,555,e020,0.5612
3,555,e021,0.6123
3,555,e022,0.6136
3,555,e023,0.5978
3,555,e024,0.5335
3,556,e001,0.4175
3,556,e002,0.4724
3,556,e003,0.4153
3,556,e004,0.4516
3,556,e005,0.4372
3,556,e006,0.4384
3,556,e007,0.4568
3,556,e008,0.4005
3,556,e009,0.4495
3,556,e010,0.4572
3,556,e011,0.4285
3,556,e012,0.4312
3,556,e013,0.4383
3,556,e014,0.374
3,556,e015,0.3979
3,556,e016,0.453
3,556,e017,0.4779
3,556,e018,0.4431
3,556,e019,0.5638
3,556,e020,0.5935
3,556,e021,0.5642
3,556,e022,0.591
3,556,e023,0.6101
3,556,e024,0.543
3,557,e001,0.4614
3,557,e002,0.385
3,557,e003,0.4159
3,557,e004,0.4739
3,557,e005,0.4637
3,557,e006,0.3826
3,557,e007,0.4911
3,557,e008,0.4361
3,557,e009,0.3967
3,557,e010,0.4751
3,557,e011,0.4423
3,557,e012,0.4313
3,557,e013,0.4571
3,557,e014,0.4082
3,557,e015,0.4127
3,557,e016,0.3711
3,557,e017,0.39
3,557,e018,0.4376
3,557,e019,0.5941
3,557,e020,0.5323
3,557,e021,0.6165
3,557,e022,0.5785
3,557,e023,0.5196
3,557,e024,0.5329
3,558,e001,0.4356
3,558,e002,0.4957
3,558,e003,0.4519
3,558,e004,0.4738
3,558,e005,0.4465
3,558,e006,0.4118
3,558,e007,0.4625
3,558,e008,0.5144
3,558,e009,0.4532
3,558,e010,0.4419
3,558,e011,0.4184
3,558,e012,0.4745
3,558,e013,0.4802
3,558,e014,0.4426
3,558,e015,0.4476
3,558,e016,0.4262
3,558,e017,0.4841
3,558,e018,0.4807
3,558,e019,0.6353
3,558,e020,0.5958
3,558,e021,0.5644
3,558,e022,0.6351
3,558,e023,0.5625
3,558,e024,0.5443
3,559,e001,0.446
3,559,e002,0.3915
3,559,e003,0.4611
3,559,e004,0.4732
3,559,e005,0.4533
3,559,e006,0.4639
3,559,e007,0.4411
3,559,e008,0.4438
3,559,e009,0.5
3,559,e010,0.4034
3,559,e011,0.438
3,559,e012,0.4292
3,559,e013,0.4577
3,559,e014,0.389
3,559,e015,0.3836
3,559,e016,0.4659
3,559,e017,0.4078
3,559,e018,0.5046
3,559,e019,0.5346
3,559,e020,0.5386
3,559,e021,0.6134
3,559,e022,0.5943
3,559,e023,0.6116
3,559,e024,0.5273
3,560,e001,0.461
3,560,e002,0.4681
3,560,e003,0.4714
3,560,e004,0.5055
3,560,e005,0.494
3,560,e006,0.4833
3,560,e007,0.4632
3,560,e008,0.4927
3,560,e009,0.4816
3,560,e010,0.5099
3,560,e011,0.4275
3,560,e012,0.4986
3,560,e013,0.4693
3,560,e014,0.4221
3,560,e015,0.454
3,560,e016,0.4678
3,560,e017,0.411
3,560,e018,0.4457
3,560,e019,0.7845
3,560,e020,0.716
3,560,e021,0.8004
3,560,e022,0.7963
3,560,e023,0.7678
3,560,e024,0.7614
3,561,e001,0.4286
3,561,e002,0.498
3,561,e003,0.4064
3,561,e004,0.4324
3,561,e005,0.4035
3,561,e006,0.4729
3,561,e007,0.4434
3,561,e008,0.4882
3,561,e009,0.4062
3,561,e010,0.4307
3,561,e011,0.4479
3,561,e012,0.448
3,561,e013,0.4299
3,561,e014,0.4187
3,561,e015,0.4903
3,561,e016,0.47
3,561,e017,0.4115
3,561,e018,0.4351
3,561,e019,0.8292
3,561,e020,0.7482
3,561,e021,0.7243
3,561,e022,0.8264
3,561,e023,0.806
3,561,e024,0.764
3,562,e001,0.4543
3,562,e002,0.4571
3,562,e003,0.4766
3,562,e004,0.4624
3,562,e005,0.4978
3,562,e006,0.4483
3,562,e007,0.5008
3,562,e008,0.4398
3,562,e009,0.5113
3,562,e010,0.4517
3,562,e011,0.4907
3,562,e012,0.4773
3,562,e013,0.5241
3,562,e014,0.5345
3,562,e015,0.5192
3,562,e016,0.4128
3,562,e017,0.536
3,562,e018,0.4476
3,562,e019,0.8506
3,562,e020,0.8216
3,562,e021,0.8361
3,562,e022,0.8043
3,562,e023,0.7817
3,562,e024,0.7901
3,563,e001,0.4924
3,563,e002,0.4761
3,563,e003,0.4506
3,563,e004,0.4286
3,563,e005,0.4539
3,563,e006,0.4976
3,563,e007,0.4997
3,563,e008,0.4095
3,563,e009,0.4409
3,563,e010,0.4541
3,563,e011,0.457
3,563,e012,0.4455
3,563,e013,0.4923
3,563,e014,0.4298
3,563,e015,0.4918
3,563,e016,0.4665
3,563,e017,0.4323
3,563,e018,0.4221
3,563,e019,0.7695
3,563,e020,0.8079
3,563,e021,0.8112
3,563,e022,0.8092
3,563,e023,0.8011
3,563,e024,0.7982
3,564,e001,0.4513
3,564,e002,0.5047
3,564,e003,0.4445
3,564,e004,0.4768
3,564,e005,0.4319
3,564,e006,0.51
3,564,e007,0.4054
3,564,e008,0.4741
3,564,e009,0.5045
3,564,e010,0.5167
3,564,e011,0.5015
3,564,e012,0.5008
3,564,e013,0.4745
3,564,e014,0.4623
3,564,e015,0.4951
3,564,e016,0.5025
3,564,e017,0.4689
3,564,e018,0.4466
3,564,e019,0.8129
3,564,e020,0.8451
3,564,e021,0.7795
3,564,e022,0.8271
3,564,e023,0.8355
3,564,e024,0.7759
3,565,e001,0.454
3,565,e002,0.4421
3,565,e003,0.4763
3,565,e004,0.439
3,565,e005,0.419
3,565,e006,0.4372
3,565,e007,0.4848
3,565,e008,0.4454
3,565,e009,0.4198
3,565,e010,0.4862
3,565,e011,0.5161
3,565,e012,0.4884
3,565,e013,0.4842
3,565,e014,0.4922
3,565,e015,0.513
3,565,e016,0.4988
3,565,e017,0.4611
3,565,e018,0.4714
3,565,e019,0.787
3,565,e020,0.8091
3,565,e021,0.7755
3,565,e022,0.7631
3,565,e023,0.8303
3,565,e024,0.7956
3,566,e001,0.5145
3,566,e002,0.4572
3,566,e003,0.4717
3,566,e004,0.4604
3,566,e005,0.4689
3,566,e006,0.4529
3,566,e007,0.4704
3,566,e008,0.5011
3,566,e009,0.4551
3,566,e010,0.4495
3,566,e011,0.5074
3,566,e012,0.4992
3,566,e013,0.5146
3,566,e014,0.4852
3,566,e015,0.5083
3,566,e016,0.4991
3,566,e017,0.5054
3,566,e018,0.4755
3,566,e019,0.8711
3,566,e020,0.7779
3,566,e021,0.8891
3,566,e022,0.7873
3,566,e023,0.8011
3,566,e024,0.8044
3,567,e001,0.4448
3,567,e002,0.433
3,567,e003,0.4349
3,567,e004,0.4025
3,567,e005,0.468
3,567,e006,0.4333
3,567,e007,0.4901
3,567,e008,0.4315
3,567,e009,0.4391
3,567,e010,0.4677
3,567,e011,0.4788
3,567,e012,0.4357
3,567,e013,0.43
3,567,e014,0.4107
3,567,e015,0.4698
3,567,e016,0.4183
3,567,e017,0.4472
3,567,e018,0.4482
3,567,e019,0.8017
3,567,e020,0.8208
3,567,e021,0.7587
3,567,e022,0.7951
3,567,e023,0.731
3,567,e024,0.7261
3,568,e001,0.4734
3,568,e002,0.5291
3,568,e003,0.4706
3,568,e004,0.5072
3,568,e005,0.4946
3,568,e006,0.4506
3,568,e007,0.4183
3,568,e008,0.4669
3,568,e009,0.469
3,568,e010,0.4408
3,568,e011,0.4844
3,568,e012,0.4186
3,568,e013,0.4592
3,568,e014,0.458
3,568,e015,0.426
3,568,e016,0.4002
3,568,e017,0.4763
3,568,e018,0.442
3,568,e019,0.7544
3,568,e020,0.8035
3,568,e021,0.8055
3,568,e022,0.7336
3,568,e023,0.8001
3,568,e024,0.805
3,569,e001,0.4267
3,569,e002,0.402
3,569,e003,0.4275
3,569,e004,0.4149
3,569,e005,0.4052
3,569,e006,0.4361
3,569,e007,0.443
3,569,e008,0.4454
3,569,e009,0.4409
3,569,e010,0.4798
3,569,e011,0.4479
3,569,e012,0.4995
3,569,e013,0.4293
3,569,e014,0.4208
3,569,e015,0.4049
3,569,e016,0.4439
3,569,e017,0.4247
3,569,e018,0.4243
3,569,e019,0.7518
3,569,e020,0.7841
3,569,e021,0.7885
3,569,e022,0.7853
3,569,e023,0.797
3,569,e024,0.7374
3,570,e001,0.473
3,570,e002,0.3861
3,570,e003,0.4422
3,570,e004,0.4373
3,570,e005,0.4985
3,570,e006,0.5126
3,570,e007,0.4163
3,570,e008,0.486
3,570,e009,0.473
3,570,e010,0.5015
3,570,e011,0.5187
3,570,e012,0.4934
3,570,e013,0.4689
3,570,e014,0.4288
3,570,e015,0.4246
3,570,e016,0.4386
3,570,e017,0.5326
3,570,e018,0.4704
3,570,e019,0.8552
3,570,e020,0.8172
3,570,e021,0.7789
3,570,e022,0.8073
3,570,e023,0.8266
3,570,e024,0.7934
3,571,e001,0.487
3,571,e002,0.4513
3,571,e003,0.488
3,571,e004,0.5258
3,571,e005,0.5031
3,571,e006,0.4703
3,571,e007,0.497
3,571,e008,0.4529
3,571,e009,0.5464
3,571,e010,0.5436
3,571,e011,0.4689
3,571,e012,0.4698
3,571,e013,0.5215
3,571,e014,0.4882
3,571,e015,0.4708
3,571,e016,0.5192
3,571,e017,0.4427
3,571,e018,0.5399
3,571,e019,0.8745
3,571,e020,0.8674
3,571,e021,0.8073
3,571,e022,0.8766
3,571,e023,0.8361
3,571,e024,0.8478
3,572,e001,0.4741
3,572,e002,0.4522
3,572,e003,0.4456
3,572,e004,0.4815
3,572,e005,0.452
3,572,e006,0.4458
3,572,e007,0.4305
3,572,e008,0.4199
3,572,e009,0.4418
3,572,e010,0.4278
3,572,e011,0.5104
3,572,e012,0.5086
3,572,e013,0.4742
3,572,e014,0.4293
3,572,e015,0.4914
3,572,e016,0.4512
3,572,e017,0.4369
3,572,e018,0.4624
3,572,e019,0.8413
3,572,e020,0.8168
3,572,e021,0.8002
3,572,e022,0.8149
3,572,e023,0.8036
3,572,e024,0.8044
3,573,e001,0.5425
3,573,e002,0.4553
3,573,e003,0.4875
3,573,e004,0.4847
3,573,e005,0.5466
3,573,e006,0.5228
3,573,e007,0.5
3,573,e008,0.5628
3,573,e009,0.4591
3,573,e010,0.462
3,573,e011,0.5218
3,573,e012,0.4627
3,573,e013,0.4945
3,573,e014,0.5026
3,573,e015,0.4768
3,573,e016,0.5085
3,573,e017,0.5027
3,573,e018,0.4513
3,573,e019,0.8209
3,573,e020,0.8134
3,573,e021,0.8542
3,573,e022,0.8584
3,573,e023,0.8278
3,573,e024,0.8906
3,574,e001,0.4711
3,574,e002,0.4395
3,574,e003,0.4261
3,574,e004,0.4132
3,574,e005,0.4927
3,574,e006,0.4588
3,574,e007,0.4308
3,574,e008,0.4951
3,574,e009,0.4882
3,574,e010,0.5015
3,574,e011,0.506
3,574,e012,0.4927
3,574,e013,0.5001
3,574,e014,0.448
3,574,e015,0.4245
3,574,e016,0.4204
3,574,e017,0.4892
3,574,e018,0.4278
3,574,e019,0.757
3,574,e020,0.7224
3,574,e021,0.7802
3,574,e022,0.7398
3,574,e023,0.8074
3,574,e024,0.8442
3,575,e001,0.4118
3,575,e002,0.4722
3,575,e003,0.4216
3,575,e004,0.4932
3,575,e005,0.4308
3,575,e006,0.4669
3,575,e007,0.5313
3,575,e008,0.409
3,575,e009,0.4312
3,575,e010,0.4089
3,575,e011,0.4532
3,575,e012,0.4939
3,575,e013,0.5
3,575,e014,0.4767
3,575,e015,0.4128
3,575,e016,0.4789
3,575,e017,0.4103
3,575,e018,0.4918
3,575,e019,0.812
3,575,e020,0.7603
3,575,e021,0.8125
3,575,e022,0.8108
3,575,e023,0.8196
3,575,e024,0.8429
3,576,e001,0.3849
3,576,e002,0.4548
3,576,e003,0.4819
3,576,e004,0.4332
3,576,e005,0.4766
3,576,e006,0.4943
3,576,e007,0.4116
3,576,e008,0.4929
3,576,e009,0.5016
3,576,e010,0.4921
3,576,e011,0.4341
3,576,e012,0.4558
3,576,e013,0.4965
3,576,e014,0.4709
3,576,e015,0.4457
3,576,e016,0.4629
3,576,e017,0.4698
3,576,e018,0.5012
3,576,e019,0.747
3,576,e020,0.8056
3,576,e021,0.8037
3,576,e022,0.8095
3,576,e023,0.7512
3,576,e024,0.7883
3,577,e001,0.4548
3,577,e002,0.5155
3,577,e003,0.4738
3,577,e004,0.4528
3,577,e005,0.5162
3,577,e006,0.4633
3,577,e007,0.4946
3,577,e008,0.4476
3,577,e009,0.4275
3,577,e010,0.4731
3,577,e011,0.4388
3,577,e012,0.4739
3,577,e013,0.5152
3,577,e014,0.4839
3,577,e015,0.4726
3,577,e016,0.4532
3,577,e017,0.5069
3,577,e018,0.5051
3,577,e019,0.7678
3,577,e020,0.7632
3,577,e021,0.8164
3,577,e022,0.7971
3,577,e023,0.7647
3,577,e024,0.8162
3,578,e001,0.513
3,578,e002,0.4963
3,578,e003,0.5182
3,578,e004,0.4758
3,578,e005,0.5109
3,578,e006,0.4707
3,578,e007,0.56
3,578,e008,0.5216
3,578,e009,0.5001
3,578,e010,0.5093
3,578,e011,0.5564
3,578,e012,0.5319
3,578,e013,0.5435
3,578,e014,0.4683
3,578,e015,0.5229
3,578,e016,0.5081
3,578,e017,0.5784
3,578,e018,0.5526
3,578,e019,0.6849
3,578,e020,0.6037
3,578,e021,0.6141
3,578,e022,0.6785
3,578,e023,0.6049
3,578,e024,0.6796
3,579,e001,0.4595
3,579,e002,0.4955
3,579,e003,0.4995
3,579,e004,0.4994
3,579,e005,0.495
3,579,e006,0.4934
3,579,e007,0.4932
3,579,e008,0.5584
3,579,e009,0.4755
3,579,e010,0.5074
3,579,e011,0.5386
3,579,e012,0.5083
3,579,e013,0.4917
3,579,e014,0.5405
3,579,e015,0.5227
3,579,e016,0.4909
3,579,e017,0.5608
3,579,e018,0.488
3,579,e019,0.666
3,579,e020,0.668
3,579,e021,0.6523
3,579,e022,0.6633
3,579,e023,0.6386
3,579,e024,0.6046
3,580,e001,0.5122
3,580,e002,0.4401
3,580,e003,0.492
3,580,e004,0.4477
3,580,e005,0.4439
3,580,e006,0.4153
3,580,e007,0.4109
3,580,e008,0.3877
3,580,e009,0.3779
3,580,e010,0.4723
3,580,e011,0.4412
3,580,e012,0.424
3,580,e013,0.4146
3,580,e014,0.4619
3,580,e015,0.437
3,580,e016,0.3906
3,580,e017,0.3813
3,580,e018,0.4482
3,580,e019,0.5579
3,580,e020,0.5516
3,580,e021,0.5886
3,580,e022,0.5367
3,580,e023,0.5915
3,580,e024,0.5787
3,581,e001,0.5083
3,581,e002,0.5509
3,581,e003,0.5352
3,581,e004,0.5388
3,581,e005,0.5045
3,581,e006,0.5519
3,581,e007,0.558
3,581,e008,0.44
3,581,e009,0.5289
3,581,e010,0.5252
3,581,e011,0.556
3,581,e012,0.4674
3,581,e013,0.4655
3,581,e014,0.4851
3,581,e015,0.4798
3,581,e016,0.5561
3,581,e017,0.5669
3,581,e018,0.4807
3,581,e019,0.6072
3,581,e020,0.6891
3,581,e021,0.6821
3,581,e022,0.6542
3,581,e023,0.5888
3,581,e024,0.6447
3,582,e001,0.5343
3,582,e002,0.487
3,582,e003,0.5045
3,582,e004,0.4634
3,582,e005,0.4765
3,582,e006,0.4372
3,582,e007,0.5207
3,582,e008,0.4703
3,582,e009,0.5326
3,582,e010,0.4472
3,582,e011,0.4502
3,582,e012,0.5234
3,582,e013,0.5062
3,582,e014,0.4952
3,582,e015,0.5325
3,582,e016,0.4441
3,582,e017,0.4776
3,582,e018,0.4732
3,582,e019,0.6458
3,582,e020,0.6603
3,582,e021,0.6247
3,582,e022,0.5985
3,582,e023,0.5923
3,582,e024,0.5479
3,583,e001,0.5236
3,583,e002,0.5037
3,583,e003,0.4397
3,583,e004,0.4806
3,583,e005,0.4627
3,583,e006,0.4425
3,583,e007,0.4796
3,583,e008,0.4381
3,583,e009,0.4424
3,583,e010,0.4235
3,583,e011,0.4807
3,583,e012,0.4344
3,583,e013,0.4514
3,583,e014,0.4913
3,583,e015,0.5234
3,583,e016,0.439
3,583,e017,0.4599
3,583,e018,0.4876
3,583,e019,0.5808
3,583,e020,0.5642
3,583,e021,0.6341
3,583,e022,0.6067
3,583,e023,0.5903
3,583,e024,0.5888
3,584,e001,0.4889
3,584,e002,0.4978
3,584,e003,0.4878
3,584,e004,0.4791
3,584,e005,0.4693
3,584,e006,0.4761
3,584,e007,0.4706
3,584,e008,0.4796
3,584,e009,0.4266
3,584,e010,0.5025
3,584,e011,0.5154
3,584,e012,0.5234
3,584,e013,0.5162
3,584,e014,0.49
3,584,e015,0.4809
3,584,e016,0.4548
3,584,e017,0.4505
3,584,e018,0.4297
3,584,e019,0.6621
3,584,e020,0.6642
3,584,e021,0.5579
3,584,e022,0.6446
3,584,e023,0.6123
3,584,e024,0.5645
3,585,e001,0.5505
3,585,e002,0.4807
3,585,e003,0.4557
3,585,e004,0.4894
3,585,e005,0.5064
3,585,e006,0.4476
3,585,e007,0.4268
3,585,e008,0.4953
3,585,e009,0.5273
3,585,e010,0.4937
3,585,e011,0.5117
3,585,e012,0.5286
3,585,e013,0.5325
3,585,e014,0.5053
3,585,e015,0.5242
3,585,e016,0.4549
3,585,e017,0.4543
3,585,e018,0.53
3,585,e019,0.6007
3,585,e020,0.5956
3,585,e021,0.6373
3,585,e022,0.5546
3,585,e023,0.6184
3,585,e024,0.6214
3,586,e001,0.5073
3,586,e002,0.4731
3,586,e003,0.4481
3,586,e004,0.5307
3,586,e005,0.4156
3,586,e006,0.4579
3,586,e007,0.4037
3,586,e008,0.3827
3,586,e009,0.4966
3,586,e010,0.4144
3,586,e011,0.4106
3,586,e012,0.4324
3,586,e013,0.4077
3,586,e014,0.4783
3,586,e015,0.4754
3,586,e016,0.4188
3,586,e017,0.4069
3,586,e018,0.4483
3,586,e019,0.5581
3,586,e020,0.5974
3,586,e021,0.5625
3,586,e022,0.6141
3,586,e023,0.5647
3,586,e024,0.5154
3,587,e001,0.4865
3,587,e002,0.5106
3,587,e003,0.4507
3,587,e004,0.5558
3,587,e005,0.4693
3,587,e006,0.4952
3,587,e007,0.5123
3,587,e008,0.458
3,587,e009,0.541
3,587,e010,0.5284
3,587,e011,0.5785
3,587,e012,0.5313
3,587,e013,0.4973
3,587,e014,0.5175
3,587,e015,0.549
3,587,e016,0.5264
3,587,e017,0.5203
3,587,e018,0.4322
3,587,e019,0.6624
3,587,e020,0.6143
3,587,e021,0.6529
3,587,e022,0.6017
3,587,e023,0.6747
3,587,e024,0.6015
3,588,e001,0.4833
3,588,e002,0.4905
3,588,e003,0.4999
3,588,e004,0.4485
3,588,e005,0.4626
3,588,e006,0.4984
3,588,e007,0.4362
3,588,e008,0.4489
3,588,e009,0.4786
3,588,e010,0.4698
3,588,e011,0.4883
3,588,e012,0.4375
3,588,e013,0.5111
3,588,e014,0.5045
3,588,e015,0.4903
3,588,e016,0.4981
3,588,e017,0.4548
3,588,e018,0.4543
3,588,e019,0.652
3,588,e020,0.5899
3,588,e021,0.6077
3,588,e022,0.6102
3,588,e023,0.5733
3,588,e024,0.6503
3,589,e001,0.5092
3,589,e002,0.4477
3,589,e003,0.4423
3,589,e004,0.4502
3,589,e005,0.5096
3,589,e006,0.5502
3,589,e007,0.4572
3,589,e008,0.5187
3,589,e009,0.5083
3,589,e010,0.4986
3,589,e011,0.4498
3,589,e012,0.4798
3,589,e013,0.4747
3,589,e014,0.4399
3,589,e015,0.4745
3,589,e016,0.4987
3,589,e017,0.4786
3,589,e018,0.4533
3,589,e019,0.5905
3,589,e020,0.5666
3,589,e021,0.6559
3,589,e022,0.5762
3,589,e023,0.6823
3,589,e024,0.6511
3,590,e001,0.4451
3,590,e002,0.4531
3,590,e003,0.4923
3,590,e004,0.463
3,590,e005,0.4515
3,590,e006,0.5033
3,590,e007,0.5167
3,590,e008,0.4972
3,590,e009,0.4475
3,590,e010,0.4722
3,590,e011,0.5099
3,590,e012,0.4409
3,590,e013,0.4512
3,590,e014,0.4863
3,590,e015,0.4253
3,590,e016,0.5084
3,590,e017,0.5076
3,590,e018,0.535
3,590,e019,0.6506
3,590,e020,0.5762
3,590,e021,0.6346
3,590,e022,0.641
3,590,e023,0.6394
3,590,e024,0.5848
3,591,e001,0.4753
3,591,e002,0.4447
3,591,e003,0.4387
3,591,e004,0.4387
3,591,e005,0.4363
3,591,e006,0.4767
3,591,e007,0.4748
3,591,e008,0.4581
3,591,e009,0.4882
3,591,e010,0.4215
3,591,e011,0.4298
3,591,e012,0.4508
3,591,e013,0.4091
3,591,e014,0.4541
3,591,e015,0.442
3,591,e016,0.4933
3,591,e017,0.4455
3,591,e018,0.4941
3,591,e019,0.5472
3,591,e020,0.5645
3,591,e021,0.5628
3,591,e022,0.5928
3,591,e023,0.6
3,591,e024,0.5748
3,592,e001,0.4391
3,592,e002,0.4545
3,592,e003,0.479
3,592,e004,0.4942
3,592,e005,0.4241
3,592,e006,0.4873
3,592,e007,0.4775
3,592,e008,0.4244
3,592,e009,0.5241
3,592,e010,0.4199
3,592,e011,0.4415
3,592,e012,0.4611
3,592,e013,0.4108
3,592,e014,0.5243
3,592,e015,0.4397
3,592,e016,0.477
3,592,e017,0.4471
3,592,e018,0.4486
3,592,e019,0.6424
3,592,e020,0.5924
3,592,e021,0.6309
3,592,e022,0.6318
3,592,e023,0.6279
3,592,e024,0.6266
3,593,e001,0.5049
3,593,e002,0.5278
3,593,e003,0.4568
3,593,e004,0.4904
3,593,e005,0.5375
3,593,e006,0.4575
3,593,e007,0.4305
3,593,e008,0.5331
3,593,e009,0.4757
3,593,e010,0.5063
3,593,e011,0.4455
3,593,e012,0.4773
3,593,e013,0.485
3,593,e014,0.5085
3,593,e015,0.4157
3,593,e016,0.5393
3,593,e017,0.48
3,593,e018,0.5015
3,593,e019,0.6382
3,593,e020,0.5685
3,593,e021,0.6513
3,593,e022,0.5563
3,593,e023,0.5837
3,593,e024,0.5636
3,594,e001,0.4203
3,594,e002,0.4672
3,594,e003,0.4523
3,594,e004,0.4968
3,594,e005,0.4014
3,594,e006,0.4495
3,594,e007,0.5056
3,594,e008,0.5151
3,594,e009,0.4521
3,594,e010,0.4929
3,594,e011,0.4774
3,594,e012,0.4501
3,594,e013,0.4125
3,594,e014,0.4767
3,594,e015,0.471
3,594,e016,0.4004
3,594,e017,0.4238
3,594,e018,0.4616
3,594,e019,0.5882
3,594,e020,0.5442
3,594,e021,0.6591
3,594,e022,0.6012
3,594,e023,0.5565
3,594,e024,0.5917
3,595,e001,0.5267
3,595,e002,0.5183
3,595,e003,0.5156
3,595,e004,0.507
3,595,e005,0.503
3,595,e006,0.5241
3,595,e007,0.5287
3,595,e008,0.4728
3,595,e009,0.5092
3,595,e010,0.4314
3,595,e011,0.4776
3,595,e012,0.552
3,595,e013,0.4701
3,595,e014,0.5344
3,595,e015,0.4849
3,595,e016,0.5002
3,595,e017,0.4858
3,595,e018,0.4893
3,595,e019,0.6209
3,595,e020,0.6161
3,595,e021,0.6221
3,595,e022,0.5884
3,595,e023,0.6271
3,595,e024,0.6333
3,596,e001,0.4343
3,596,e002,0.4557
3,596,e003,0.4649
3,596,e004,0.4982
3,596,e005,0.537
3,596,e006,0.4161
3,596,e007,0.4492
3,596,e008,0.4859
3,596,e009,0.4222
3,596,e010,0.4624
3,596,e011,0.4279
3,596,e012,0.5003
3,596,e013,0.4636
3,596,e014,0.4145
3,596,e015,0.5062
3,596,e016,0.492
3,596,e017,0.4234
3,596,e018,0.5263
3,596,e019,0.6438
3,596,e020,0.6064
3,596,e021,0.5725
3,596,e022,0.6412
3,596,e023,0.6092
3,596,e024,0.5906
3,597,e001,0.4528
3,597,e002,0.5353
3,597,e003,0.4955
3,597,e004,0.4853
3,597,e005,0.4768
3,597,e006,0.5463
3,597,e007,0.4859
3,597,e008,0.4789
3,597,e009,0.5057
3,597,e010,0.462
3,597,e011,0.4538
3,597,e012,0.5018
3,597,e013,0.4561
3,597,e014,0.5326
3,597,e015,0.5033
3,597,e016,0.5116
3,597,e017,0.5076
3,597,e018,0.5121
3,597,e019,0.5778
3,597,e020,0.667
3,597,e021,0.5897
3,597,e022,0.6264
3,597,e023,0.5506
3,597,e024,0.6322
3,598,e001,0.4557
3,598,e002,0.4087
3,598,e003,0.5012
3,598,e004,0.4655
3,598,e005,0.4802
3,598,e006,0.4691
3,598,e007,0.4742
3,598,e008,0.4291
3,598,e009,0.3929
3,598,e010,0.4386
3,598,e011,0.4925
3,598,e012,0.3978
3,598,e013,0.4102
3,598,e014,0.413
3,598,e015,0.4142
3,598,e016,0.4235
3,598,e017,0.4409
3,598,e018,0.4046
3,598,e019,0.5355
3,598,e020,0.5879
3,598,e021,0.5896
3,598,e022,0.6084
3,598,e023,0.4932
3,598,e024,0.5483
3,599,e001,0.4964
3,599,e002,0.5033
3,599,e003,0.5311
3,599,e004,0.4367
3,599,e005,0.5009
3,599,e006,0.4908
3,599,e007,0.4418
3,599,e008,0.4734
3,599,e009,0.4913
3,599,e010,0.4669
3,599,e011,0.443
3,599,e012,0.4874
3,599,e013,0.4353
3,599,e014,0.4272
3,599,e015,0.4613
3,599,e016,0.4839
3,599,e017,0.4182
3,599,e018,0.4635
3,599,e019,0.5652
3,599,e020,0.6105
3,599,e021,0.557
3,599,e022,0.6216
3,599,e023,0.5843
3,599,e024,0.6106
