seed,time_s,link_id,utilization
2,0,e001,0.5074
2,0,e002,0.52
2,0,e003,0.5518
2,0,e004,0.4935
2,0,e005,0.5642
2,0,e006,0.4939
2,0,e007,0.4275
2,0,e008,0.4253
2,0,e009,0.424
2,0,e010,0.3851
2,0,e011,0.4098
2,0,e012,0.4162
2,0,e013,0.4771
2,0,e014,0.3972
2,0,e015,0.3769
2,0,e016,0.4584
2,0,e017,0.4419
2,0,e018,0.3919
2,0,e019,0.3962
2,0,e020,0.4012
2,0,e021,0.4037
2,0,e022,0.3951
2,0,e023,0.3842
2,0,e024,0.3473
2,1,e001,0.5543
2,1,e002,0.6134
2,1,e003,0.5589
2,1,e004,0.5687
2,1,e005,0.5345
2,1,e006,0.5196
2,1,e007,0.4084
2,1,e008,0.3871
2,1,e009,0.3624
2,1,e010,0.4422
2,1,e011,0.4484
2,1,e012,0.4393
2,1,e013,0.4359
2,1,e014,0.4586
2,1,e015,0.4496
2,1,e016,0.3754
2,1,e017,0.4815
2,1,e018,0.3653
2,1,e019,0.3628
2,1,e020,0.4036
2,1,e021,0.461
2,1,e022,0.3972
2,1,e023,0.4018
2,1,e024,0.4284
2,2,e001,0.4877
2,2,e002,0.4836
2,2,e003,0.5114
2,2,e004,0.5828
2,2,e005,0.5026
2,2,e006,0.582
2,2,e007,0.3799
2,2,e008,0.4191
2,2,e009,0.4471
2,2,e010,0.3376
2,2,e011,0.4198
2,2,e012,0.3612
2,2,e013,0.383
2,2,e014,0.4393
2,2,e015,0.3933
2,2,e016,0.3672
2,2,e017,0.4291
2,2,e018,0.3499
2,2,e019,0.4226
2,2,e020,0.3744
2,2,e021,0.4069
2,2,e022,0.3547
2,2,e023,0.4018
2,2,e024,0.3669
2,3,e001,0.5171
2,3,e002,0.6157
2,3,e003,0.576
2,3,e004,0.5716
2,3,e005,0.5351
2,3,e006,0.5533
2,3,e007,0.4658
2,3,e008,0.3794
2,3,e009,0.4102
2,3,e010,0.4047
2,3,e011,0.4591
2,3,e012,0.4056
2,3,e013,0.3983
2,3,e014,0.4653
2,3,e015,0.404
2,3,e016,0.4224
2,3,e017,0.4409
2,3,e018,0.3936
2,3,e019,0.3554
2,3,e020,0.4632
2,3,e021,0.4672
2,3,e022,0.452
2,3,e023,0.4064
2,3,e024,0.386
2,4,e001,0.566
2,4,e002,0.5394
2,4,e003,0.5336
2,4,e004,0.5306
2,4,e005,0.5489
2,4,e006,0.5873
2,4,e007,0.36
2,4,e008,0.3873
2,4,e009,0.4328
2,4,e010,0.3552
2,4,e011,0.4589
2,4,e012,0.3581
2,4,e013,0.4378
2,4,e014,0.4884
2,4,e015,0.3748
2,4,e016,0.411
2,4,e017,0.3552
2,4,e018,0.4103
2,4,e019,0.3656
2,4,e020,0.4518
2,4,e021,0.3906
2,4,e022,0.3932
2,4,e023,0.4166
2,4,e024,0.4107
2,5,e001,0.5378
2,5,e002,0.4963
2,5,e003,0.4734
2,5,e004,0.5238
2,5,e005,0.5073
2,5,e006,0.5045
2,5,e007,0.337
2,5,e008,0.3518
2,5,e009,0.4248
2,5,e010,0.3567
2,5,e011,0.3921
2,5,e012,0.3844
2,5,e013,0.325
2,5,e014,0.3961
2,5,e015,0.3586
2,5,e016,0.3388
2,5,e017,0.3868
2,5,e018,0.3566
2,5,e019,0.3581
2,5,e020,0.3573
2,5,e021,0.3939
2,5,e022,0.3324
2,5,e023,0.3381
2,5,e024,0.3947
2,6,e001,0.5058
2,6,e002,0.4839
2,6,e003,0.5475
2,6,e004,0.4994
2,6,e005,0.5266
2,6,e006,0.5933
2,6,e007,0.4211
2,6,e008,0.4017
2,6,e009,0.4118
2,6,e010,0.396
2,6,e011,0.4491
2,6,e012,0.3668
2,6,e013,0.4333
2,6,e014,0.3627
2,6,e015,0.3789
2,6,e016,0.3694
2,6,e017,0.4307
2,6,e018,0.4355
2,6,e019,0.388
2,6,e020,0.3859
2,6,e021,0.3739
2,6,e022,0.4127
2,6,e023,0.4334
2,6,e024,0.4095
2,7,e001,0.5705
2,7,e002,0.5599
2,7,e003,0.5084
2,7,e004,0.5633
2,7,e005,0.5276
2,7,e006,0.5928
2,7,e007,0.4045
2,7,e008,0.4005
2,7,e009,0.4386
2,7,e010,0.4674
2,7,e011,0.4413
2,7,e012,0.4479
2,7,e013,0.4656
2,7,e014,0.3929
2,7,e015,0.373
2,7,e016,0.4229
2,7,e017,0.4549
2,7,e018,0.4164
2,7,e019,0.4449
2,7,e020,0.3922
2,7,e021,0.3815
2,7,e022,0.3931
2,7,e023,0.441
2,7,e024,0.4144
2,8,e001,0.5438
2,8,e002,0.5483
2,8,e003,0.5542
2,8,e004,0.5805
2,8,e005,0.5154
2,8,e006,0.5945
2,8,e007,0.4154
2,8,e008,0.4433
2,8,e009,0.3717
2,8,e010,0.4482
2,8,e011,0.3983
2,8,e012,0.4137
2,8,e013,0.4394
2,8,e014,0.4219
2,8,e015,0.4718
2,8,e016,0.3876
2,8,e017,0.4447
2,8,e018,0.4123
2,8,e019,0.4445
2,8,e020,0.4548
2,8,e021,0.4637
2,8,e022,0.5118
2,8,e023,0.4297
2,8,e024,0.442
2,9,e001,0.5917
2,9,e002,0.5603
2,9,e003,0.5384
2,9,e004,0.6247
2,9,e005,0.5444
2,9,e006,0.5952
2,9,e007,0.4632
2,9,e008,0.4177
2,9,e009,0.4364
2,9,e010,0.4528
2,9,e011,0.4392
2,9,e012,0.482
2,9,e013,0.4584
2,9,e014,0.409
2,9,e015,0.4957
2,9,e016,0.4278
2,9,e017,0.4352
2,9,e018,0.4706
2,9,e019,0.5349
2,9,e020,0.5068
2,9,e021,0.497
2,9,e022,0.4362
2,9,e023,0.4037
2,9,e024,0.4237
2,10,e001,0.6026
2,10,e002,0.5651
2,10,e003,0.6011
2,10,e004,0.5512
2,10,e005,0.6345
2,10,e006,0.56
2,10,e007,0.4327
2,10,e008,0.4413
2,10,e009,0.4079
2,10,e010,0.4354
2,10,e011,0.4023
2,10,e012,0.4309
2,10,e013,0.4475
2,10,e014,0.4032
2,10,e015,0.4589
2,10,e016,0.3926
2,10,e017,0.4618
2,10,e018,0.4651
2,10,e019,0.3911
2,10,e020,0.4918
2,10,e021,0.512
2,10,e022,0.4148
2,10,e023,0.4714
2,10,e024,0.4592
2,11,e001,0.5671
2,11,e002,0.5202
2,11,e003,0.5479
2,11,e004,0.5823
2,11,e005,0.4824
2,11,e006,0.4654
2,11,e007,0.3342
2,11,e008,0.3829
2,11,e009,0.3675
2,11,e010,0.452
2,11,e011,0.3402
2,11,e012,0.3897
2,11,e013,0.4342
2,11,e014,0.3836
2,11,e015,0.3892
2,11,e016,0.4409
2,11,e017,0.4141
2,11,e018,0.4423
2,11,e019,0.4523
2,11,e020,0.4169
2,11,e021,0.3913
2,11,e022,0.4412
2,11,e023,0.3527
2,11,e024,0.3621
2,12,e001,0.5676
2,12,e002,0.5346
2,12,e003,0.5505
2,12,e004,0.5738
2,12,e005,0.5708
2,12,e006,0.5243
2,12,e007,0.4608
2,12,e008,0.3716
2,12,e009,0.4065
2,12,e010,0.4736
2,12,e011,0.4292
2,12,e012,0.3662
2,12,e013,0.448
2,12,e014,0.4475
2,12,e015,0.4257
2,12,e016,0.4233
2,12,e017,0.4184
2,12,e018,0.4577
2,12,e019,0.4186
2,12,e020,0.3765
2,12,e021,0.4741
2,12,e022,0.4751
2,12,e023,0.4058
2,12,e024,0.438
2,13,e001,0.5504
2,13,e002,0.5588
2,13,e003,0.5331
2,13,e004,0.5323
2,13,e005,0.5442
2,13,e006,0.5627
2,13,e007,0.4882
2,13,e008,0.3809
2,13,e009,0.4422
2,13,e010,0.4157
2,13,e011,0.4438
2,13,e012,0.3755
2,13,e013,0.3918
2,13,e014,0.4335
2,13,e015,0.4304
2,13,e016,0.386
2,13,e017,0.4854
2,13,e018,0.3876
2,13,e019,0.4973
2,13,e020,0.4336
2,13,e021,0.3846
2,13,e022,0.4095
2,13,e023,0.398
2,13,e024,0.4264
2,14,e001,0.6169
2,14,e002,0.5435
2,14,e003,0.5829
2,14,e004,0.526
2,14,e005,0.6145
2,14,e006,0.5533
2,14,e007,0.4257
2,14,e008,0.4017
2,14,e009,0.4009
2,14,e010,0.4326
2,14,e011,0.4349
2,14,e012,0.438
2,14,e013,0.4169
2,14,e014,0.3842
2,14,e015,0.4368
2,14,e016,0.4257
2,14,e017,0.5059
2,14,e018,0.4193
2,14,e019,0.4087
2,14,e020,0.4864
2,14,e021,0.4442
2,14,e022,0.4681
2,14,e023,0.5031
2,14,e024,0.4527
2,15,e001,0.5045
2,15,e002,0.5684
2,15,e003,0.5859
2,15,e004,0.5401
2,15,e005,0.5151
2,15,e006,0.5486
2,15,e007,0.3551
2,15,e008,0.4072
2,15,e009,0.444
2,15,e010,0.4421
2,15,e011,0.4458
2,15,e012,0.4894
2,15,e013,0.4812
2,15,e014,0.4292
2,15,e015,0.4654
2,15,e016,0.4269
2,15,e017,0.4087
2,15,e018,0.4315
2,15,e019,0.3653
2,15,e020,0.391
2,15,e021,0.4275
2,15,e022,0.406
2,15,e023,0.4457
2,15,e024,0.3704
2,16,e001,0.5562
2,16,e002,0.588
2,16,e003,0.5973
2,16,e004,0.4805
2,16,e005,0.5891
2,16,e006,0.5236
2,16,e007,0.4364
2,16,e008,0.398
2,16,e009,0.3946
2,16,e010,0.3904
2,16,e011,0.4265
2,16,e012,0.4407
2,16,e013,0.4426
2,16,e014,0.4186
2,16,e015,0.4281
2,16,e016,0.4395
2,16,e017,0.4321
2,16,e018,0.456
2,16,e019,0.4721
2,16,e020,0.4572
2,16,e021,0.3759
2,16,e022,0.3938
2,16,e023,0.4055
2,16,e024,0.4469
2,17,e001,0.6312
2,17,e002,0.6341
2,17,e003,0.5903
2,17,e004,0.5643
2,17,e005,0.5559
2,17,e006,0.5727
2,17,e007,0.4128
2,17,e008,0.4446
2,17,e009,0.4818
2,17,e010,0.4256
2,17,e011,0.4809
2,17,e012,0.4059
2,17,e013,0.5088
2,17,e014,0.4647
2,17,e015,0.4609
2,17,e016,0.489
2,17,e017,0.465
2,17,e018,0.4638
2,17,e019,0.4382
2,17,e020,0.4786
2,17,e021,0.4518
2,17,e022,0.5049
2,17,e023,0.4331
2,17,e024,0.4874
2,18,e001,0.5787
2,18,e002,0.5825
2,18,e003,0.5669
2,18,e004,0.6128
2,18,e005,0.6545
2,18,e006,0.5664
2,18,e007,0.4457
2,18,e008,0.4774
2,18,e009,0.4255
2,18,e010,0.4826
2,18,e011,0.4506
2,18,e012,0.3985
2,18,e013,0.5006
2,18,e014,0.4675
2,18,e015,0.4906
2,18,e016,0.4501
2,18,e017,0.4676
2,18,e018,0.5037
2,18,e019,0.5144
2,18,e020,0.4932
2,18,e021,0.4797
2,18,e022,0.4835
2,18,e023,0.4293
2,18,e024,0.4594
2,19,e001,0.5586
2,19,e002,0.5682
2,19,e003,0.5694
2,19,e004,0.5763
2,19,e005,0.6198
2,19,e006,0.5754
2,19,e007,0.5065
2,19,e008,0.4772
2,19,e009,0.4688
2,19,e010,0.4691
2,19,e011,0.4389
2,19,e012,0.5055
2,19,e013,0.4887
2,19,e014,0.4423
2,19,e015,0.4308
2,19,e016,0.4612
2,19,e017,0.4564
2,19,e018,0.4423
2,19,e019,0.4177
2,19,e020,0.5108
2,19,e021,0.4258
2,19,e022,0.4228
2,19,e023,0.4262
2,19,e024,0.4821
2,20,e001,0.7842
2,20,e002,0.8366
2,20,e003,0.7839
2,20,e004,0.754
2,20,e005,0.7834
2,20,e006,0.7381
2,20,e007,0.4887
2,20,e008,0.5111
2,20,e009,0.4369
2,20,e010,0.4148
2,20,e011,0.4556
2,20,e012,0.4543
2,20,e013,0.4634
2,20,e014,0.4537
2,20,e015,0.4039
2,20,e016,0.4087
2,20,e017,0.457
2,20,e018,0.4371
2,20,e019,0.5142
2,20,e020,0.4571
2,20,e021,0.4784
2,20,e022,0.4542
2,20,e023,0.4729
2,20,e024,0.4021
2,21,e001,0.7375
2,21,e002,0.7577
2,21,e003,0.7384
2,21,e004,0.7262
2,21,e005,0.7586
2,21,e006,0.7967
2,21,e007,0.5023
2,21,e008,0.4754
2,21,e009,0.4301
2,21,e010,0.4048
2,21,e011,0.4162
2,21,e012,0.4562
2,21,e013,0.4067
2,21,e014,0.4589
2,21,e015,0.4925
2,21,e016,0.4194
2,21,e017,0.4233
2,21,e018,0.4702
2,21,e019,0.3681
2,21,e020,0.4524
2,21,e021,0.4098
2,21,e022,0.4314
2,21,e023,0.4171
2,21,e024,0.4727
2,22,e001,0.7509
2,22,e002,0.8033
2,22,e003,0.7765
2,22,e004,0.7525
2,22,e005,0.8071
2,22,e006,0.7927
2,22,e007,0.5097
2,22,e008,0.4542
2,22,e009,0.4247
2,22,e010,0.4787
2,22,e011,0.4944
2,22,e012,0.4289
2,22,e013,0.4462
2,22,e014,0.4883
2,22,e015,0.4634
2,22,e016,0.4533
2,22,e017,0.4124
2,22,e018,0.4984
2,22,e019,0.425
2,22,e020,0.4584
2,22,e021,0.4564
2,22,e022,0.4475
2,22,e023,0.4896
2,22,e024,0.4425
2,23,e001,0.7322
2,23,e002,0.7847
2,23,e003,0.7294
2,23,e004,0.7221
2,23,e005,0.7728
2,23,e006,0.7879
2,23,e007,0.4598
2,23,e008,0.4444
2,23,e009,0.3833
2,23,e010,0.4178
2,23,e011,0.4399
2,23,e012,0.4003
2,23,e013,0.4402
2,23,e014,0.4762
2,23,e015,0.5056
2,23,e016,0.4425
2,23,e017,0.4736
2,23,e018,0.4427
2,23,e019,0.4792
2,23,e020,0.4812
2,23,e021,0.3939
2,23,e022,0.4215
2,23,e023,0.4129
2,23,e024,0.4147
2,24,e001,0.8117
2,24,e002,0.8427
2,24,e003,0.8252
2,24,e004,0.8629
2,24,e005,0.8257
2,24,e006,0.7896
2,24,e007,0.4613
2,24,e008,0.4785
2,24,e009,0.457
2,24,e010,0.5158
2,24,e011,0.4328
2,24,e012,0.421
2,24,e013,0.4219
2,24,e014,0.4893
2,24,e015,0.4848
2,24,e016,0.4547
2,24,e017,0.4983
2,24,e018,0.4721
2,24,e019,0.5049
2,24,e020,0.445
2,24,e021,0.4481
2,24,e022,0.5234
2,24,e023,0.4622
2,24,e024,0.484
2,25,e001,0.8036
2,25,e002,0.836
2,25,e003,0.7762
2,25,e004,0.7966
2,25,e005,0.7529
2,25,e006,0.8557
2,25,e007,0.4543
2,25,e008,0.4308
2,25,e009,0.4823
2,25,e010,0.5295
2,25,e011,0.442
2,25,e012,0.5054
2,25,e013,0.4327
2,25,e014,0.5394
2,25,e015,0.4514
2,25,e016,0.4594
2,25,e017,0.5031
2,25,e018,0.481
2,25,e019,0.449
2,25,e020,0.4838
2,25,e021,0.4688
2,25,e022,0.5244
2,25,e023,0.5163
2,25,e024,0.4542
2,26,e001,0.8032
2,26,e002,0.7496
2,26,e003,0.7524
2,26,e004,0.7104
2,26,e005,0.7544
2,26,e006,0.6807
2,26,e007,0.3664
2,26,e008,0.4639
2,26,e009,0.4334
2,26,e010,0.4179
2,26,e011,0.4056
2,26,e012,0.418
2,26,e013,0.441
2,26,e014,0.3938
2,26,e015,0.3631
2,26,e016,0.4329
2,26,e017,0.4546
2,26,e018,0.4616
2,26,e019,0.4179
2,26,e020,0.4048
2,26,e021,0.3763
2,26,e022,0.4769
2,26,e023,0.3975
2,26,e024,0.3711
2,27,e001,0.7919
2,27,e002,0.8513
2,27,e003,0.8353
2,27,e004,0.839
2,27,e005,0.7811
2,27,e006,0.7887
2,27,e007,0.4947
2,27,e008,0.4981
2,27,e009,0.5574
2,27,e010,0.43
2,27,e011,0.4564
2,27,e012,0.5039
2,27,e013,0.4821
2,27,e014,0.4838
2,27,e015,0.5134
2,27,e016,0.4645
2,27,e017,0.4726
2,27,e018,0.4943
2,27,e019,0.4346
2,27,e020,0.4428
2,27,e021,0.5156
2,27,e022,0.4958
2,27,e023,0.4425
2,27,e024,0.5175
2,28,e001,0.855
2,28,e002,0.7442
2,28,e003,0.8595
2,28,e004,0.7671
2,28,e005,0.8033
2,28,e006,0.8319
2,28,e007,0.5123
2,28,e008,0.5141
2,28,e009,0.4947
2,28,e010,0.5216
2,28,e011,0.5154
2,28,e012,0.5058
2,28,e013,0.4639
2,28,e014,0.5339
2,28,e015,0.4242
2,28,e016,0.5053
2,28,e017,0.4851
2,28,e018,0.5128
2,28,e019,0.4814
2,28,e020,0.5046
2,28,e021,0.4377
2,28,e022,0.4665
2,28,e023,0.5023
2,28,e024,0.4246
2,29,e001,0.7814
2,29,e002,0.8494
2,29,e003,0.8749
2,29,e004,0.7868
2,29,e005,0.8337
2,29,e006,0.7949
2,29,e007,0.5262
2,29,e008,0.5171
2,29,e009,0.502
2,29,e010,0.4399
2,29,e011,0.4761
2,29,e012,0.5256
2,29,e013,0.5259
2,29,e014,0.5541
2,29,e015,0.4748
2,29,e016,0.5404
2,29,e017,0.5502
2,29,e018,0.5616
2,29,e019,0.4925
2,29,e020,0.5584
2,29,e021,0.4543
2,29,e022,0.4854
2,29,e023,0.4514
2,29,e024,0.4777
2,30,e001,0.8603
2,30,e002,0.7944
2,30,e003,0.795
2,30,e004,0.7727
2,30,e005,0.8439
2,30,e006,0.8382
2,30,e007,0.4978
2,30,e008,0.5012
2,30,e009,0.4535
2,30,e010,0.5142
2,30,e011,0.5105
2,30,e012,0.4474
2,30,e013,0.4559
2,30,e014,0.4659
2,30,e015,0.4457
2,30,e016,0.5145
2,30,e017,0.46
2,30,e018,0.4735
2,30,e019,0.4898
2,30,e020,0.4497
2,30,e021,0.471
2,30,e022,0.4718
2,30,e023,0.5011
2,30,e024,0.484
2,31,e001,0.8191
2,31,e002,0.8127
2,31,e003,0.8783
2,31,e004,0.8209
2,31,e005,0.8677
2,31,e006,0.8207
2,31,e007,0.4421
2,31,e008,0.5593
2,31,e009,0.5186
2,31,e010,0.509
2,31,e011,0.5087
2,31,e012,0.4919
2,31,e013,0.5277
2,31,e014,0.4941
2,31,e015,0.4901
2,31,e016,0.472
2,31,e017,0.5353
2,31,e018,0.5304
2,31,e019,0.4977
2,31,e020,0.4267
2,31,e021,0.5077
2,31,e022,0.5459
2,31,e023,0.5155
2,31,e024,0.5279
2,32,e001,0.8626
2,32,e002,0.7891
2,32,e003,0.7444
2,32,e004,0.7638
2,32,e005,0.8042
2,32,e006,0.8481
2,32,e007,0.4172
2,32,e008,0.476
2,32,e009,0.408
2,32,e010,0.4908
2,32,e011,0.5012
2,32,e012,0.4524
2,32,e013,0.5166
2,32,e014,0.4871
2,32,e015,0.5302
2,32,e016,0.445
2,32,e017,0.4346
2,32,e018,0.4646
2,32,e019,0.4843
2,32,e020,0.4111
2,32,e021,0.4659
2,32,e022,0.5016
2,32,e023,0.4781
2,32,e024,0.5024
2,33,e001,0.7939
2,33,e002,0.7819
2,33,e003,0.7768
2,33,e004,0.8327
2,33,e005,0.835
2,33,e006,0.7785
2,33,e007,0.4467
2,33,e008,0.3996
2,33,e009,0.4536
2,33,e010,0.4804
2,33,e011,0.4234
2,33,e012,0.4368
2,33,e013,0.5108
2,33,e014,0.4915
2,33,e015,0.4157
2,33,e016,0.4058
2,33,e017,0.4657
2,33,e018,0.4575
2,33,e019,0.4393
2,33,e020,0.5027
2,33,e021,0.4636
2,33,e022,0.4658
2,33,e023,0.4181
2,33,e024,0.431
2,34,e001,0.8201
2,34,e002,0.8533
2,34,e003,0.8019
2,34,e004,0.8352
2,34,e005,0.8316
2,34,e006,0.7874
2,34,e007,0.5239
2,34,e008,0.5253
2,34,e009,0.4995
2,34,e010,0.4938
2,34,e011,0.4561
2,34,e012,0.5027
2,34,e013,0.4584
2,34,e014,0.4212
2,34,e015,0.5056
2,34,e016,0.4642
2,34,e017,0.4837
2,34,e018,0.4967
2,34,e019,0.4788
2,34,e020,0.5439
2,34,e021,0.5264
2,34,e022,0.4748
2,34,e023,0.5164
2,34,e024,0.5179
2,35,e001,0.8603
2,35,e002,0.7619
2,35,e003,0.7946
2,35,e004,0.8257
2,35,e005,0.8277
2,35,e006,0.8554
2,35,e007,0.5262
2,35,e008,0.5341
2,35,e009,0.4525
2,35,e010,0.5177
2,35,e011,0.4213
2,35,e012,0.5102
2,35,e013,0.4604
2,35,e014,0.5088
2,35,e015,0.4461
2,35,e016,0.5154
2,35,e017,0.5414
2,35,e018,0.481
2,35,e019,0.4648
2,35,e020,0.4988
2,35,e021,0.4726
2,35,e022,0.5024
2,35,e023,0.474
2,35,e024,0.4885
2,36,e001,0.8228
2,36,e002,0.8109
2,36,e003,0.8575
2,36,e004,0.8504
2,36,e005,0.7826
2,36,e006,0.7507
2,36,e007,0.5305
2,36,e008,0.4667
2,36,e009,0.5153
2,36,e010,0.4893
2,36,e011,0.5079
2,36,e012,0.4806
2,36,e013,0.4892
2,36,e014,0.4941
2,36,e015,0.4595
2,36,e016,0.4918
2,36,e017,0.4639
2,36,e018,0.4544
2,36,e019,0.5208
2,36,e020,0.4985
2,36,e021,0.5094
2,36,e022,0.5233
2,36,e023,0.4328
2,36,e024,0.46
2,37,e001,0.8881
2,37,e002,0.8274
2,37,e003,0.8405
2,37,e004,0.7798
2,37,e005,0.8275
2,37,e006,0.8261
2,37,e007,0.4529
2,37,e008,0.4888
2,37,e009,0.5259
2,37,e010,0.4609
2,37,e011,0.4586
2,37,e012,0.5072
2,37,e013,0.4931
2,37,e014,0.5074
2,37,e015,0.4644
2,37,e016,0.4969
2,37,e017,0.4817
2,37,e018,0.5364
2,37,e019,0.4928
2,37,e020,0.543
2,37,e021,0.4726
2,37,e022,0.5335
2,37,e023,0.5365
2,37,e024,0.5162
2,38,e001,0.5852
2,38,e002,0.5577
2,38,e003,0.6141
2,38,e004,0.6529
2,38,e005,0.5772
2,38,e006,0.5885
2,38,e007,0.4606
2,38,e008,0.45
2,38,e009,0.4661
2,38,e010,0.4696
2,38,e011,0.5037
2,38,e012,0.439
2,38,e013,0.4417
2,38,e014,0.4925
2,38,e015,0.4995
2,38,e016,0.4648
2,38,e017,0.4833
2,38,e018,0.4255
2,38,e019,0.5177
2,38,e020,0.4235
2,38,e021,0.4667
2,38,e022,0.5139
2,38,e023,0.47
2,38,e024,0.4488
2,39,e001,0.6139
2,39,e002,0.6256
2,39,e003,0.6221
2,39,e004,0.5734
2,39,e005,0.5824
2,39,e006,0.6557
2,39,e007,0.4426
2,39,e008,0.4746
2,39,e009,0.4658
2,39,e010,0.4868
2,39,e011,0.5127
2,39,e012,0.4666
2,39,e013,0.5151
2,39,e014,0.5135
2,39,e015,0.424
2,39,e016,0.4327
2,39,e017,0.4348
2,39,e018,0.4902
2,39,e019,0.516
2,39,e020,0.5247
2,39,e021,0.4194
2,39,e022,0.5074
2,39,e023,0.4195
2,39,e024,0.4297
2,40,e001,0.6418
2,40,e002,0.668
2,40,e003,0.5784
2,40,e004,0.618
2,40,e005,0.6452
2,40,e006,0.5898
2,40,e007,0.4756
2,40,e008,0.4966
2,40,e009,0.4708
2,40,e010,0.5331
2,40,e011,0.5143
2,40,e012,0.4033
2,40,e013,0.4316
2,40,e014,0.5349
2,40,e015,0.4606
2,40,e016,0.458
2,40,e017,0.4792
2,40,e018,0.4394
2,40,e019,0.5173
2,40,e020,0.531
2,40,e021,0.4827
2,40,e022,0.5033
2,40,e023,0.5333
2,40,e024,0.5407
2,41,e001,0.6528
2,41,e002,0.6314
2,41,e003,0.6098
2,41,e004,0.6434
2,41,e005,0.5862
2,41,e006,0.6575
2,41,e007,0.4286
2,41,e008,0.4781
2,41,e009,0.5096
2,41,e010,0.4304
2,41,e011,0.4946
2,41,e012,0.449
2,41,e013,0.4126
2,41,e014,0.5141
2,41,e015,0.5102
2,41,e016,0.4611
2,41,e017,0.526
2,41,e018,0.5131
2,41,e019,0.4817
2,41,e020,0.4846
2,41,e021,0.4216
2,41,e022,0.461
2,41,e023,0.4945
2,41,e024,0.4536
2,42,e001,0.6093
2,42,e002,0.5315
2,42,e003,0.6566
2,42,e004,0.6304
2,42,e005,0.6854
2,42,e006,0.6232
2,42,e007,0.4839
2,42,e008,0.5275
2,42,e009,0.5188
2,42,e010,0.4877
2,42,e011,0.4731
2,42,e012,0.4881
2,42,e013,0.4325
2,42,e014,0.4508
2,42,e015,0.4847
2,42,e016,0.5408
2,42,e017,0.5272
2,42,e018,0.447
2,42,e019,0.4533
2,42,e020,0.4691
2,42,e021,0.521
2,42,e022,0.4863
2,42,e023,0.5386
2,42,e024,0.5385
2,43,e001,0.612
2,43,e002,0.6483
2,43,e003,0.5919
2,43,e004,0.5975
2,43,e005,0.6153
2,43,e006,0.6895
2,43,e007,0.4397
2,43,e008,0.4974
2,43,e009,0.5018
2,43,e010,0.4674
2,43,e011,0.4578
2,43,e012,0.511
2,43,e013,0.5482
2,43,e014,0.5447
2,43,e015,0.4443
2,43,e016,0.4857
2,43,e017,0.4687
2,43,e018,0.5169
2,43,e019,0.5487
2,43,e020,0.5254
2,43,e021,0.4366
2,43,e022,0.489
2,43,e023,0.4887
2,43,e024,0.4917
2,44,e001,0.5617
2,44,e002,0.5676
2,44,e003,0.5899
2,44,e004,0.6001
2,44,e005,0.5934
2,44,e006,0.5895
2,44,e007,0.3768
2,44,e008,0.3905
2,44,e009,0.398
2,44,e010,0.4049
2,44,e011,0.4705
2,44,e012,0.4791
2,44,e013,0.506
2,44,e014,0.4331
2,44,e015,0.3865
2,44,e016,0.4878
2,44,e017,0.4278
2,44,e018,0.4505
2,44,e019,0.4672
2,44,e020,0.4941
2,44,e021,0.4494
2,44,e022,0.4655
2,44,e023,0.4072
2,44,e024,0.3992
2,45,e001,0.5905
2,45,e002,0.5996
2,45,e003,0.5773
2,45,e004,0.6616
2,45,e005,0.6332
2,45,e006,0.5928
2,45,e007,0.4546
2,45,e008,0.5511
2,45,e009,0.4898
2,45,e010,0.4274
2,45,e011,0.457
2,45,e012,0.4921
2,45,e013,0.4736
2,45,e014,0.4873
2,45,e015,0.4684
2,45,e016,0.4506
2,45,e017,0.4632
2,45,e018,0.5204
2,45,e019,0.5151
2,45,e020,0.4563
2,45,e021,0.4557
2,45,e022,0.4652
2,45,e023,0.5251
2,45,e024,0.5317
2,46,e001,0.579
2,46,e002,0.5752
2,46,e003,0.5769
2,46,e004,0.6011
2,46,e005,0.6166
2,46,e006,0.5977
2,46,e007,0.5152
2,46,e008,0.4159
2,46,e009,0.4734
2,46,e010,0.4797
2,46,e011,0.4939
2,46,e012,0.5007
2,46,e013,0.4248
2,46,e014,0.4793
2,46,e015,0.4805
2,46,e016,0.457
2,46,e017,0.4727
2,46,e018,0.5048
2,46,e019,0.4943
2,46,e020,0.4053
2,46,e021,0.4091
2,46,e022,0.4557
2,46,e023,0.4217
2,46,e024,0.4143
2,47,e001,0.6459
2,47,e002,0.6184
2,47,e003,0.6354
2,47,e004,0.6361
2,47,e005,0.616
2,47,e006,0.6427
2,47,e007,0.5637
2,47,e008,0.4589
2,47,e009,0.523
2,47,e010,0.545
2,47,e011,0.4736
2,47,e012,0.5769
2,47,e013,0.5107
2,47,e014,0.4935
2,47,e015,0.5651
2,47,e016,0.5305
2,47,e017,0.4948
2,47,e018,0.5005
2,47,e019,0.542
2,47,e020,0.5511
2,47,e021,0.4901
2,47,e022,0.4953
2,47,e023,0.5017
2,47,e024,0.5044
2,48,e001,0.5879
2,48,e002,0.5258
2,48,e003,0.6376
2,48,e004,0.624
2,48,e005,0.6092
2,48,e006,0.5646
2,48,e007,0.4761
2,48,e008,0.4483
2,48,e009,0.5043
2,48,e010,0.4245
2,48,e011,0.4191
2,48,e012,0.4206
2,48,e013,0.494
2,48,e014,0.4763
2,48,e015,0.4106
2,48,e016,0.4902
2,48,e017,0.4643
2,48,e018,0.373
2,48,e019,0.4425
2,48,e020,0.4344
2,48,e021,0.4898
2,48,e022,0.4123
2,48,e023,0.418
2,48,e024,0.414
2,49,e001,0.5552
2,49,e002,0.656
2,49,e003,0.5372
2,49,e004,0.5983
2,49,e005,0.5975
2,49,e006,0.57
2,49,e007,0.4392
2,49,e008,0.4896
2,49,e009,0.4534
2,49,e010,0.4675
2,49,e011,0.4717
2,49,e012,0.4997
2,49,e013,0.5021
2,49,e014,0.45
2,49,e015,0.5017
2,49,e016,0.4136
2,49,e017,0.4613
2,49,e018,0.4281
2,49,e019,0.4799
2,49,e020,0.5129
2,49,e021,0.4608
2,49,e022,0.4439
2,49,e023,0.4239
2,49,e024,0.4436
2,50,e001,0.6429
2,50,e002,0.5668
2,50,e003,0.6491
2,50,e004,0.6616
2,50,e005,0.66
2,50,e006,0.6001
2,50,e007,0.4888
2,50,e008,0.4488
2,50,e009,0.4754
2,50,e010,0.4661
2,50,e011,0.5225
2,50,e012,0.4557
2,50,e013,0.4252
2,50,e014,0.506
2,50,e015,0.4505
2,50,e016,0.5111
2,50,e017,0.4305
2,50,e018,0.4819
2,50,e019,0.5355
2,50,e020,0.4732
2,50,e021,0.5265
2,50,e022,0.4272
2,50,e023,0.5009
2,50,e024,0.5116
2,51,e001,0.6248
2,51,e002,0.5574
2,51,e003,0.5937
2,51,e004,0.6692
2,51,e005,0.6422
2,51,e006,0.6283
2,51,e007,0.5323
2,51,e008,0.4204
2,51,e009,0.4952
2,51,e010,0.4439
2,51,e011,0.4832
2,51,e012,0.4538
2,51,e013,0.4859
2,51,e014,0.4769
2,51,e015,0.5509
2,51,e016,0.4987
2,51,e017,0.4644
2,51,e018,0.5086
2,51,e019,0.5173
2,51,e020,0.4674
2,51,e021,0.4683
2,51,e022,0.4593
2,51,e023,0.5053
2,51,e024,0.5227
2,52,e001,0.6081
2,52,e002,0.5712
2,52,e003,0.6509
2,52,e004,0.5775
2,52,e005,0.5944
2,52,e006,0.5415
2,52,e007,0.4162
2,52,e008,0.4428
2,52,e009,0.4812
2,52,e010,0.3983
2,52,e011,0.4814
2,52,e012,0.4813
2,52,e013,0.4431
2,52,e014,0.4481
2,52,e015,0.4578
2,52,e016,0.471
2,52,e017,0.4745
2,52,e018,0.4508
2,52,e019,0.4162
2,52,e020,0.501
2,52,e021,0.4787
2,52,e022,0.4213
2,52,e023,0.4019
2,52,e024,0.4824
2,53,e001,0.5457
2,53,e002,0.5379
2,53,e003,0.5496
2,53,e004,0.6167
2,53,e005,0.6452
2,53,e006,0.5861
2,53,e007,0.5105
2,53,e008,0.4646
2,53,e009,0.5155
2,53,e010,0.4481
2,53,e011,0.5164
2,53,e012,0.4249
2,53,e013,0.4249
2,53,e014,0.5305
2,53,e015,0.4693
2,53,e016,0.4416
2,53,e017,0.4502
2,53,e018,0.478
2,53,e019,0.4553
2,53,e020,0.4744
2,53,e021,0.4765
2,53,e022,0.5063
2,53,e023,0.4798
2,53,e024,0.4158
2,54,e001,0.6728
2,54,e002,0.6016
2,54,e003,0.6227
2,54,e004,0.593
2,54,e005,0.6383
2,54,e006,0.6081
2,54,e007,0.5328
2,54,e008,0.4466
2,54,e009,0.4991
2,54,e010,0.4213
2,54,e011,0.4616
2,54,e012,0.5315
2,54,e013,0.4857
2,54,e014,0.4627
2,54,e015,0.4777
2,54,e016,0.5486
2,54,e017,0.4763
2,54,e018,0.455
2,54,e019,0.5227
2,54,e020,0.5466
2,54,e021,0.4966
2,54,e022,0.5451
2,54,e023,0.546
2,54,e024,0.4989
2,55,e001,0.5994
2,55,e002,0.6462
2,55,e003,0.5923
2,55,e004,0.633
2,55,e005,0.6247
2,55,e006,0.6674
2,55,e007,0.5298
2,55,e008,0.4622
2,55,e009,0.4785
2,55,e010,0.481
2,55,e011,0.5011
2,55,e012,0.4629
2,55,e013,0.5028
2,55,e014,0.4906
2,55,e015,0.5041
2,55,e016,0.5585
2,55,e017,0.5284
2,55,e018,0.5191
2,55,e019,0.5038
2,55,e020,0.5318
2,55,e021,0.5261
2,55,e022,0.4645
2,55,e023,0.5488
2,55,e024,0.4575
2,56,e001,0.6396
2,56,e002,0.6313
2,56,e003,0.623
2,56,e004,0.6543
2,56,e005,0.6141
2,56,e006,0.6513
2,56,e007,0.5341
2,56,e008,0.5028
2,56,e009,0.5393
2,56,e010,0.5181
2,56,e011,0.5079
2,56,e012,0.5411
2,56,e013,0.4339
2,56,e014,0.4785
2,56,e015,0.4759
2,56,e016,0.499
2,56,e017,0.4767
2,56,e018,0.497
2,56,e019,0.5008
2,56,e020,0.4636
2,56,e021,0.5289
2,56,e022,0.5489
2,56,e023,0.5317
2,56,e024,0.5627
2,57,e001,0.6299
2,57,e002,0.5474
2,57,e003,0.5516
2,57,e004,0.5934
2,57,e005,0.5991
2,57,e006,0.5312
2,57,e007,0.4796
2,57,e008,0.4391
2,57,e009,0.4236
2,57,e010,0.4709
2,57,e011,0.4908
2,57,e012,0.4824
2,57,e013,0.4893
2,57,e014,0.473
2,57,e015,0.4845
2,57,e016,0.5032
2,57,e017,0.4906
2,57,e018,0.4341
2,57,e019,0.4496
2,57,e020,0.4969
2,57,e021,0.4538
2,57,e022,0.4874
2,57,e023,0.4641
2,57,e024,0.492
2,58,e001,0.629
2,58,e002,0.666
2,58,e003,0.6025
2,58,e004,0.6263
2,58,e005,0.6632
2,58,e006,0.6886
2,58,e007,0.5378
2,58,e008,0.4727
2,58,e009,0.481
2,58,e010,0.5084
2,58,e011,0.5248
2,58,e012,0.5013
2,58,e013,0.4686
2,58,e014,0.5032
2,58,e015,0.5196
2,58,e016,0.4717
2,58,e017,0.4962
2,58,e018,0.495
2,58,e019,0.4353
2,58,e020,0.4763
2,58,e021,0.5281
2,58,e022,0.4939
2,58,e023,0.5165
2,58,e024,0.4904
2,59,e001,0.5438
2,59,e002,0.5946
2,59,e003,0.5795
2,59,e004,0.5949
2,59,e005,0.6188
2,59,e006,0.5778
2,59,e007,0.4487
2,59,e008,0.4785
2,59,e009,0.4482
2,59,e010,0.43
2,59,e011,0.4469
2,59,e012,0.4574
2,59,e013,0.4946
2,59,e014,0.4591
2,59,e015,0.4689
2,59,e016,0.4031
2,59,e017,0.4271
2,59,e018,0.4475
2,59,e019,0.5035
2,59,e020,0.4886
2,59,e021,0.4523
2,59,e022,0.4372
2,59,e023,0.4058
2,59,e024,0.4827
2,60,e001,0.528
2,60,e002,0.5909
2,60,e003,0.6172
2,60,e004,0.5438
2,60,e005,0.5811
2,60,e006,0.6005
2,60,e007,0.4887
2,60,e008,0.4166
2,60,e009,0.4025
2,60,e010,0.4021
2,60,e011,0.4637
2,60,e012,0.4311
2,60,e013,0.4817
2,60,e014,0.4095
2,60,e015,0.473
2,60,e016,0.4272
2,60,e017,0.4624
2,60,e018,0.4723
2,60,e019,0.4683
2,60,e020,0.455
2,60,e021,0.4327
2,60,e022,0.4851
2,60,e023,0.432
2,60,e024,0.4754
2,61,e001,0.6559
2,61,e002,0.6291
2,61,e003,0.5853
2,61,e004,0.5646
2,61,e005,0.6351
2,61,e006,0.5492
2,61,e007,0.4788
2,61,e008,0.4915
2,61,e009,0.4298
2,61,e010,0.413
2,61,e011,0.4126
2,61,e012,0.4762
2,61,e013,0.4291
2,61,e014,0.4082
2,61,e015,0.489
2,61,e016,0.4779
2,61,e017,0.4183
2,61,e018,0.4733
2,61,e019,0.4803
2,61,e020,0.4697
2,61,e021,0.478
2,61,e022,0.4738
2,61,e023,0.4362
2,61,e024,0.4932
2,62,e001,0.5606
2,62,e002,0.6095
2,62,e003,0.6251
2,62,e004,0.571
2,62,e005,0.5787
2,62,e006,0.5312
2,62,e007,0.4962
2,62,e008,0.4938
2,62,e009,0.4774
2,62,e010,0.4374
2,62,e011,0.4914
2,62,e012,0.4237
2,62,e013,0.4574
2,62,e014,0.4586
2,62,e015,0.448
2,62,e016,0.4154
2,62,e017,0.4578
2,62,e018,0.3793
2,62,e019,0.4289
2,62,e020,0.4594
2,62,e021,0.4287
2,62,e022,0.3797
2,62,e023,0.4528
2,62,e024,0.4948
2,63,e001,0.6891
2,63,e002,0.597
2,63,e003,0.5987
2,63,e004,0.6714
2,63,e005,0.6996
2,63,e006,0.6619
2,63,e007,0.444
2,63,e008,0.4503
2,63,e009,0.489
2,63,e010,0.4735
2,63,e011,0.5383
2,63,e012,0.5471
2,63,e013,0.4384
2,63,e014,0.5334
2,63,e015,0.5024
2,63,e016,0.4901
2,63,e017,0.5274
2,63,e018,0.5601
2,63,e019,0.524
2,63,e020,0.4912
2,63,e021,0.5136
2,63,e022,0.5427
2,63,e023,0.5379
2,63,e024,0.5316
2,64,e001,0.6168
2,64,e002,0.5683
2,64,e003,0.5613
2,64,e004,0.642
2,64,e005,0.5962
2,64,e006,0.6114
2,64,e007,0.4265
2,64,e008,0.4776
2,64,e009,0.4163
2,64,e010,0.4568
2,64,e011,0.4326
2,64,e012,0.4591
2,64,e013,0.4074
2,64,e014,0.4477
2,64,e015,0.4932
2,64,e016,0.464
2,64,e017,0.4543
2,64,e018,0.4756
2,64,e019,0.5145
2,64,e020,0.4287
2,64,e021,0.4656
2,64,e022,0.5266
2,64,e023,0.5131
2,64,e024,0.4379
2,65,e001,0.5897
2,65,e002,0.6127
2,65,e003,0.6527
2,65,e004,0.5553
2,65,e005,0.6443
2,65,e006,0.5817
2,65,e007,0.439
2,65,e008,0.4976
2,65,e009,0.4385
2,65,e010,0.4413
2,65,e011,0.5412
2,65,e012,0.4652
2,65,e013,0.4459
2,65,e014,0.4209
2,65,e015,0.514
2,65,e016,0.4222
2,65,e017,0.4386
2,65,e018,0.5249
2,65,e019,0.4555
2,65,e020,0.445
2,65,e021,0.4363
2,65,e022,0.5006
2,65,e023,0.4511
2,65,e024,0.51
2,66,e001,0.5609
2,66,e002,0.5621
2,66,e003,0.5685
2,66,e004,0.5272
2,66,e005,0.5805
2,66,e006,0.5957
2,66,e007,0.4454
2,66,e008,0.5239
2,66,e009,0.4574
2,66,e010,0.454
2,66,e011,0.4822
2,66,e012,0.4893
2,66,e013,0.4197
2,66,e014,0.4364
2,66,e015,0.4508
2,66,e016,0.5154
2,66,e017,0.4926
2,66,e018,0.4898
2,66,e019,0.4655
2,66,e020,0.479
2,66,e021,0.4539
2,66,e022,0.4902
2,66,e023,0.4155
2,66,e024,0.3942
2,67,e001,0.5957
2,67,e002,0.5881
2,67,e003,0.6428
2,67,e004,0.6479
2,67,e005,0.6157
2,67,e006,0.5945
2,67,e007,0.4629
2,67,e008,0.5086
2,67,e009,0.5352
2,67,e010,0.5328
2,67,e011,0.4554
2,67,e012,0.4724
2,67,e013,0.4894
2,67,e014,0.4697
2,67,e015,0.4407
2,67,e016,0.4996
2,67,e017,0.5337
2,67,e018,0.4665
2,67,e019,0.5055
2,67,e020,0.516
2,67,e021,0.5235
2,67,e022,0.5686
2,67,e023,0.4645
2,67,e024,0.489
2,68,e001,0.6423
2,68,e002,0.5872
2,68,e003,0.5038
2,68,e004,0.631
2,68,e005,0.4977
2,68,e006,0.628
2,68,e007,0.4366
2,68,e008,0.4567
2,68,e009,0.5116
2,68,e010,0.42
2,68,e011,0.4657
2,68,e012,0.4235
2,68,e013,0.4487
2,68,e014,0.4151
2,68,e015,0.5032
2,68,e016,0.4838
2,68,e017,0.4311
2,68,e018,0.4015
2,68,e019,0.4079
2,68,e020,0.5009
2,68,e021,0.4276
2,68,e022,0.4494
2,68,e023,0.4887
2,68,e024,0.4717
2,69,e001,0.6353
2,69,e002,0.5942
2,69,e003,0.6534
2,69,e004,0.6979
2,69,e005,0.5903
2,69,e006,0.6515
2,69,e007,0.5285
2,69,e008,0.4693
2,69,e009,0.5324
2,69,e010,0.4919
2,69,e011,0.4956
2,69,e012,0.4537
2,69,e013,0.4683
2,69,e014,0.4003
2,69,e015,0.4612
2,69,e016,0.5292
2,69,e017,0.4843
2,69,e018,0.5178
2,69,e019,0.5225
2,69,e020,0.5256
2,69,e021,0.4953
2,69,e022,0.4887
2,69,e023,0.478
2,69,e024,0.5076
2,70,e001,0.6101
2,70,e002,0.5943
2,70,e003,0.6214
2,70,e004,0.5866
2,70,e005,0.526
2,70,e006,0.6052
2,70,e007,0.4239
2,70,e008,0.4744
2,70,e009,0.4385
2,70,e010,0.4015
2,70,e011,0.4274
2,70,e012,0.4823
2,70,e013,0.4324
2,70,e014,0.4342
2,70,e015,0.4866
2,70,e016,0.4891
2,70,e017,0.4289
2,70,e018,0.4196
2,70,e019,0.4879
2,70,e020,0.4551
2,70,e021,0.3689
2,70,e022,0.4875
2,70,e023,0.4389
2,70,e024,0.4125
2,71,e001,0.6087
2,71,e002,0.5436
2,71,e003,0.5792
2,71,e004,0.5916
2,71,e005,0.5748
2,71,e006,0.566
2,71,e007,0.4744
2,71,e008,0.4625
2,71,e009,0.448
2,71,e010,0.4221
2,71,e011,0.5125
2,71,e012,0.4879
2,71,e013,0.4515
2,71,e014,0.4242
2,71,e015,0.4292
2,71,e016,0.4476
2,71,e017,0.4248
2,71,e018,0.4543
2,71,e019,0.5077
2,71,e020,0.5041
2,71,e021,0.4179
2,71,e022,0.4761
2,71,e023,0.4329
2,71,e024,0.428
2,72,e001,0.5446
2,72,e002,0.5751
2,72,e003,0.5813
2,72,e004,0.546
2,72,e005,0.5207
2,72,e006,0.5737
2,72,e007,0.4085
2,72,e008,0.4249
2,72,e009,0.4387
2,72,e010,0.3997
2,72,e011,0.4624
2,72,e012,0.4348
2,72,e013,0.4531
2,72,e014,0.4873
2,72,e015,0.4185
2,72,e016,0.4439
2,72,e017,0.4251
2,72,e018,0.4255
2,72,e019,0.386
2,72,e020,0.4796
2,72,e021,0.4792
2,72,e022,0.4097
2,72,e023,0.4361
2,72,e024,0.4801
2,73,e001,0.5284
2,73,e002,0.5168
2,73,e003,0.562
2,73,e004,0.5834
2,73,e005,0.5473
2,73,e006,0.569
2,73,e007,0.4379
2,73,e008,0.3976
2,73,e009,0.4275
2,73,e010,0.3646
2,73,e011,0.3584
2,73,e012,0.3676
2,73,e013,0.37
2,73,e014,0.3513
2,73,e015,0.3994
2,73,e016,0.418
2,73,e017,0.3985
2,73,e018,0.3817
2,73,e019,0.3857
2,73,e020,0.39
2,73,e021,0.4505
2,73,e022,0.462
2,73,e023,0.3976
2,73,e024,0.4365
2,74,e001,0.558
2,74,e002,0.5338
2,74,e003,0.6152
2,74,e004,0.5731
2,74,e005,0.6289
2,74,e006,0.5663
2,74,e007,0.4029
2,74,e008,0.4404
2,74,e009,0.4918
2,74,e010,0.4546
2,74,e011,0.4258
2,74,e012,0.4492
2,74,e013,0.4388
2,74,e014,0.4254
2,74,e015,0.4064
2,74,e016,0.4645
2,74,e017,0.4735
2,74,e018,0.4349
2,74,e019,0.4144
2,74,e020,0.4464
2,74,e021,0.4319
2,74,e022,0.3611
2,74,e023,0.3678
2,74,e024,0.4231
2,75,e001,0.603
2,75,e002,0.5336
2,75,e003,0.5328
2,75,e004,0.5766
2,75,e005,0.5737
2,75,e006,0.5406
2,75,e007,0.4576
2,75,e008,0.5206
2,75,e009,0.5061
2,75,e010,0.4047
2,75,e011,0.4395
2,75,e012,0.4997
2,75,e013,0.4578
2,75,e014,0.4617
2,75,e015,0.4157
2,75,e016,0.4657
2,75,e017,0.4781
2,75,e018,0.4789
2,75,e019,0.4973
2,75,e020,0.4544
2,75,e021,0.4961
2,75,e022,0.4395
2,75,e023,0.4029
2,75,e024,0.5012
2,76,e001,0.5632
2,76,e002,0.5613
2,76,e003,0.5254
2,76,e004,0.5408
2,76,e005,0.5399
2,76,e006,0.6087
2,76,e007,0.4335
2,76,e008,0.3953
2,76,e009,0.3857
2,76,e010,0.3747
2,76,e011,0.3775
2,76,e012,0.4065
2,76,e013,0.4131
2,76,e014,0.3908
2,76,e015,0.3965
2,76,e016,0.4002
2,76,e017,0.4506
2,76,e018,0.4157
2,76,e019,0.3968
2,76,e020,0.4003
2,76,e021,0.3752
2,76,e022,0.4253
2,76,e023,0.3569
2,76,e024,0.4517
2,77,e001,0.587
2,77,e002,0.4918
2,77,e003,0.5626
2,77,e004,0.5082
2,77,e005,0.501
2,77,e006,0.5392
2,77,e007,0.3832
2,77,e008,0.3713
2,77,e009,0.4077
2,77,e010,0.3538
2,77,e011,0.424
2,77,e012,0.361
2,77,e013,0.362
2,77,e014,0.3646
2,77,e015,0.3755
2,77,e016,0.408
2,77,e017,0.3599
2,77,e018,0.4015
2,77,e019,0.4006
2,77,e020,0.4615
2,77,e021,0.4634
2,77,e022,0.3822
2,77,e023,0.3687
2,77,e024,0.356
2,78,e001,0.5839
2,78,e002,0.5979
2,78,e003,0.541
2,78,e004,0.5361
2,78,e005,0.5517
2,78,e006,0.5471
2,78,e007,0.4659
2,78,e008,0.4202
2,78,e009,0.4087
2,78,e010,0.4596
2,78,e011,0.4733
2,78,e012,0.391
2,78,e013,0.4572
2,78,e014,0.4762
2,78,e015,0.4709
2,78,e016,0.4997
2,78,e017,0.4504
2,78,e018,0.5024
2,78,e019,0.4982
2,78,e020,0.4613
2,78,e021,0.4248
2,78,e022,0.4384
2,78,e023,0.4362
2,78,e024,0.4725
2,79,e001,0.6013
2,79,e002,0.5775
2,79,e003,0.5755
2,79,e004,0.5463
2,79,e005,0.5201
2,79,e006,0.5003
2,79,e007,0.3368
2,79,e008,0.3535
2,79,e009,0.3725
2,79,e010,0.3627
2,79,e011,0.4601
2,79,e012,0.4404
2,79,e013,0.4419
2,79,e014,0.3552
2,79,e015,0.4515
2,79,e016,0.3875
2,79,e017,0.3504
2,79,e018,0.3662
2,79,e019,0.4472
2,79,e020,0.4018
2,79,e021,0.4292
2,79,e022,0.4315
2,79,e023,0.3343
2,79,e024,0.3858
2,80,e001,0.5287
2,80,e002,0.562
2,80,e003,0.5783
2,80,e004,0.5822
2,80,e005,0.6073
2,80,e006,0.6309
2,80,e007,0.4315
2,80,e008,0.4636
2,80,e009,0.3992
2,80,e010,0.4492
2,80,e011,0.4701
2,80,e012,0.4317
2,80,e013,0.4837
2,80,e014,0.4461
2,80,e015,0.4566
2,80,e016,0.3885
2,80,e017,0.4975
2,80,e018,0.4583
2,80,e019,0.4765
2,80,e020,0.4094
2,80,e021,0.3978
2,80,e022,0.4146
2,80,e023,0.4661
2,80,e024,0.4608
2,81,e001,0.5416
2,81,e002,0.5868
2,81,e003,0.5238
2,81,e004,0.5535
2,81,e005,0.5665
2,81,e006,0.5515
2,81,e007,0.3939
2,81,e008,0.4755
2,81,e009,0.4262
2,81,e010,0.4187
2,81,e011,0.4143
2,81,e012,0.4464
2,81,e013,0.3985
2,81,e014,0.3973
2,81,e015,0.403
2,81,e016,0.4462
2,81,e017,0.4584
2,81,e018,0.4435
2,81,e019,0.3815
2,81,e020,0.4011
2,81,e021,0.4138
2,81,e022,0.4471
2,81,e023,0.4468
2,81,e024,0.4657
2,82,e001,0.5253
2,82,e002,0.53
2,82,e003,0.5426
2,82,e004,0.5819
2,82,e005,0.5473
2,82,e006,0.5415
2,82,e007,0.4536
2,82,e008,0.4439
2,82,e009,0.4041
2,82,e010,0.4136
2,82,e011,0.4431
2,82,e012,0.4048
2,82,e013,0.4477
2,82,e014,0.4403
2,82,e015,0.3922
2,82,e016,0.4429
2,82,e017,0.4141
2,82,e018,0.4694
2,82,e019,0.4715
2,82,e020,0.448
2,82,e021,0.4019
2,82,e022,0.4276
2,82,e023,0.4586
2,82,e024,0.4852
2,83,e001,0.5165
2,83,e002,0.5428
2,83,e003,0.5492
2,83,e004,0.4829
2,83,e005,0.4947
2,83,e006,0.5466
2,83,e007,0.4079
2,83,e008,0.3593
2,83,e009,0.4248
2,83,e010,0.4466
2,83,e011,0.3826
2,83,e012,0.3477
2,83,e013,0.4646
2,83,e014,0.3362
2,83,e015,0.444
2,83,e016,0.4502
2,83,e017,0.4148
2,83,e018,0.3607
2,83,e019,0.4038
2,83,e020,0.3889
2,83,e021,0.3798
2,83,e022,0.389
2,83,e023,0.4885
2,83,e024,0.3615
2,84,e001,0.5269
2,84,e002,0.5779
2,84,e003,0.5362
2,84,e004,0.5364
2,84,e005,0.5266
2,84,e006,0.5908
2,84,e007,0.4544
2,84,e008,0.4957
2,84,e009,0.4235
2,84,e010,0.4599
2,84,e011,0.4109
2,84,e012,0.5102
2,84,e013,0.4766
2,84,e014,0.4729
2,84,e015,0.4866
2,84,e016,0.3768
2,84,e017,0.4232
2,84,e018,0.3755
2,84,e019,0.4575
2,84,e020,0.4798
2,84,e021,0.4019
2,84,e022,0.4644
2,84,e023,0.4132
2,84,e024,0.4069
2,85,e001,0.4965
2,85,e002,0.5035
2,85,e003,0.4957
2,85,e004,0.5275
2,85,e005,0.6169
2,85,e006,0.605
2,85,e007,0.4113
2,85,e008,0.4107
2,85,e009,0.4515
2,85,e010,0.4156
2,85,e011,0.375
2,85,e012,0.4078
2,85,e013,0.3968
2,85,e014,0.4398
2,85,e015,0.3804
2,85,e016,0.4619
2,85,e017,0.4152
2,85,e018,0.3787
2,85,e019,0.4401
2,85,e020,0.3992
2,85,e021,0.3855
2,85,e022,0.4495
2,85,e023,0.4378
2,85,e024,0.3854
2,86,e001,0.5273
2,86,e002,0.5312
2,86,e003,0.57
2,86,e004,0.5579
2,86,e005,0.6146
2,86,e006,0.5247
2,86,e007,0.4378
2,86,e008,0.4181
2,86,e009,0.385
2,86,e010,0.3773
2,86,e011,0.3972
2,86,e012,0.4358
2,86,e013,0.5036
2,86,e014,0.3881
2,86,e015,0.3756
2,86,e016,0.3911
2,86,e017,0.435
2,86,e018,0.47
2,86,e019,0.4164
2,86,e020,0.3861
2,86,e021,0.4037
2,86,e022,0.3815
2,86,e023,0.3935
2,86,e024,0.4528
2,87,e001,0.5152
2,87,e002,0.5383
2,87,e003,0.4602
2,87,e004,0.4935
2,87,e005,0.4997
2,87,e006,0.5042
2,87,e007,0.3982
2,87,e008,0.425
2,87,e009,0.3858
2,87,e010,0.3441
2,87,e011,0.4166
2,87,e012,0.378
2,87,e013,0.3888
2,87,e014,0.4147
2,87,e015,0.3613
2,87,e016,0.3633
2,87,e017,0.3885
2,87,e018,0.3452
2,87,e019,0.3506
2,87,e020,0.4318
2,87,e021,0.404
2,87,e022,0.3516
2,87,e023,0.376
2,87,e024,0.3974
2,88,e001,0.5371
2,88,e002,0.463
2,88,e003,0.5664
2,88,e004,0.5082
2,88,e005,0.5218
2,88,e006,0.5022
2,88,e007,0.363
2,88,e008,0.3649
2,88,e009,0.4071
2,88,e010,0.3736
2,88,e011,0.3315
2,88,e012,0.3178
2,88,e013,0.3979
2,88,e014,0.3737
2,88,e015,0.3628
2,88,e016,0.4501
2,88,e017,0.3775
2,88,e018,0.3796
2,88,e019,0.4407
2,88,e020,0.3345
2,88,e021,0.3911
2,88,e022,0.3957
2,88,e023,0.3331
2,88,e024,0.4134
2,89,e001,0.5914
2,89,e002,0.5779
2,89,e003,0.5293
2,89,e004,0.5439
2,89,e005,0.5441
2,89,e006,0.4966
2,89,e007,0.4769
2,89,e008,0.4561
2,89,e009,0.4635
2,89,e010,0.3898
2,89,e011,0.3817
2,89,e012,0.4288
2,89,e013,0.4344
2,89,e014,0.3884
2,89,e015,0.3933
2,89,e016,0.386
2,89,e017,0.4385
2,89,e018,0.3695
2,89,e019,0.4318
2,89,e020,0.3917
2,89,e021,0.3755
2,89,e022,0.3837
2,89,e023,0.4385
2,89,e024,0.4574
2,90,e001,0.42
2,90,e002,0.3894
2,90,e003,0.3889
2,90,e004,0.3319
2,90,e005,0.3798
2,90,e006,0.3981
2,90,e007,0.4266
2,90,e008,0.4538
2,90,e009,0.4424
2,90,e010,0.455
2,90,e011,0.4013
2,90,e012,0.3841
2,90,e013,0.4074
2,90,e014,0.419
2,90,e015,0.4425
2,90,e016,0.4396
2,90,e017,0.3784
2,90,e018,0.4004
2,90,e019,0.3529
2,90,e020,0.4359
2,90,e021,0.3842
2,90,e022,0.3732
2,90,e023,0.4329
2,90,e024,0.4275
2,91,e001,0.4396
2,91,e002,0.4243
2,91,e003,0.4513
2,91,e004,0.4237
2,91,e005,0.4394
2,91,e006,0.361
2,91,e007,0.4094
2,91,e008,0.3948
2,91,e009,0.3705
2,91,e010,0.3677
2,91,e011,0.3616
2,91,e012,0.4563
2,91,e013,0.3589
2,91,e014,0.4476
2,91,e015,0.3562
2,91,e016,0.3674
2,91,e017,0.4562
2,91,e018,0.4372
2,91,e019,0.4288
2,91,e020,0.4049
2,91,e021,0.4076
2,91,e022,0.4429
2,91,e023,0.4492
2,91,e024,0.3934
2,92,e001,0.3358
2,92,e002,0.3816
2,92,e003,0.3566
2,92,e004,0.337
2,92,e005,0.3442
2,92,e006,0.3558
2,92,e007,0.3099
2,92,e008,0.3443
2,92,e009,0.4212
2,92,e010,0.3757
2,92,e011,0.2951
2,92,e012,0.2898
2,92,e013,0.3826
2,92,e014,0.4322
2,92,e015,0.3771
2,92,e016,0.3655
2,92,e017,0.3459
2,92,e018,0.3612
2,92,e019,0.3294
2,92,e020,0.3059
2,92,e021,0.4033
2,92,e022,0.3299
2,92,e023,0.4215
2,92,e024,0.3336
2,93,e001,0.3684
2,93,e002,0.381
2,93,e003,0.339
2,93,e004,0.3908
2,93,e005,0.3366
2,93,e006,0.3335
2,93,e007,0.3829
2,93,e008,0.3635
2,93,e009,0.3738
2,93,e010,0.3757
2,93,e011,0.3876
2,93,e012,0.3954
2,93,e013,0.3838
2,93,e014,0.314
2,93,e015,0.3846
2,93,e016,0.392
2,93,e017,0.3386
2,93,e018,0.365
2,93,e019,0.3807
2,93,e020,0.3717
2,93,e021,0.4307
2,93,e022,0.3932
2,93,e023,0.3104
2,93,e024,0.3518
2,94,e001,0.4389
2,94,e002,0.4097
2,94,e003,0.3751
2,94,e004,0.3895
2,94,e005,0.4179
2,94,e006,0.3413
2,94,e007,0.428
2,94,e008,0.3562
2,94,e009,0.3917
2,94,e010,0.3303
2,94,e011,0.4401
2,94,e012,0.3891
2,94,e013,0.3862
2,94,e014,0.3803
2,94,e015,0.354
2,94,e016,0.3566
2,94,e017,0.3504
2,94,e018,0.4221
2,94,e019,0.3562
2,94,e020,0.3751
2,94,e021,0.4343
2,94,e022,0.3557
2,94,e023,0.3855
2,94,e024,0.3517
2,95,e001,0.3929
2,95,e002,0.3869
2,95,e003,0.4034
2,95,e004,0.452
2,95,e005,0.4342
2,95,e006,0.4817
2,95,e007,0.3319
2,95,e008,0.4433
2,95,e009,0.4354
2,95,e010,0.4348
2,95,e011,0.3751
2,95,e012,0.3996
2,95,e013,0.369
2,95,e014,0.4667
2,95,e015,0.4401
2,95,e016,0.3973
2,95,e017,0.4585
2,95,e018,0.4439
2,95,e019,0.4013
2,95,e020,0.4382
2,95,e021,0.4009
2,95,e022,0.3739
2,95,e023,0.3826
2,95,e024,0.358
2,96,e001,0.3513
2,96,e002,0.4008
2,96,e003,0.4304
2,96,e004,0.4212
2,96,e005,0.3947
2,96,e006,0.4189
2,96,e007,0.3917
2,96,e008,0.3453
2,96,e009,0.3681
2,96,e010,0.4522
2,96,e011,0.3501
2,96,e012,0.4211
2,96,e013,0.3775
2,96,e014,0.3495
2,96,e015,0.3903
2,96,e016,0.3716
2,96,e017,0.3352
2,96,e018,0.3886
2,96,e019,0.3424
2,96,e020,0.3889
2,96,e021,0.3503
2,96,e022,0.4044
2,96,e023,0.4361
2,96,e024,0.4096
2,97,e001,0.3968
2,97,e002,0.3992
2,97,e003,0.3426
2,97,e004,0.3881
2,97,e005,0.4009
2,97,e006,0.3507
2,97,e007,0.358
2,97,e008,0.3866
2,97,e009,0.395
2,97,e010,0.3791
2,97,e011,0.3652
2,97,e012,0.3705
2,97,e013,0.3547
2,97,e014,0.3499
2,97,e015,0.4419
2,97,e016,0.3647
2,97,e017,0.3715
2,97,e018,0.3582
2,97,e019,0.4045
2,97,e020,0.4019
2,97,e021,0.346
2,97,e022,0.3429
2,97,e023,0.3729
2,97,e024,0.3778
2,98,e001,0.3542
2,98,e002,0.4323
2,98,e003,0.3443
2,98,e004,0.3571
2,98,e005,0.3817
2,98,e006,0.3581
2,98,e007,0.3505
2,98,e008,0.3802
2,98,e009,0.3613
2,98,e010,0.3711
2,98,e011,0.3457
2,98,e012,0.4113
2,98,e013,0.374
2,98,e014,0.3845
2,98,e015,0.3486
2,98,e016,0.3698
2,98,e017,0.3538
2,98,e018,0.3646
2,98,e019,0.3256
2,98,e020,0.4104
2,98,e021,0.3149
2,98,e022,0.3275
2,98,e023,0.4003
2,98,e024,0.3394
2,99,e001,0.3988
2,99,e002,0.3742
2,99,e003,0.3351
2,99,e004,0.3195
2,99,e005,0.3955
2,99,e006,0.3565
2,99,e007,0.4178
2,99,e008,0.3273
2,99,e009,0.3916
2,99,e010,0.3403
2,99,e011,0.3522
2,99,e012,0.3833
2,99,e013,0.3572
2,99,e014,0.3742
2,99,e015,0.4032
2,99,e016,0.4476
2,99,e017,0.3576
2,99,e018,0.3185
2,99,e019,0.3515
2,99,e020,0.3352
2,99,e021,0.3216
2,99,e022,0.3338
2,99,e023,0.3464
2,99,e024,0.4174
2,100,e001,0.323
2,100,e002,0.4163
2,100,e003,0.4226
2,100,e004,0.3882
2,100,e005,0.3706
2,100,e006,0.3874
2,100,e007,0.3872
2,100,e008,0.3999
2,100,e009,0.3105
2,100,e010,0.3654
2,100,e011,0.3902
2,100,e012,0.3514
2,100,e013,0.4187
2,100,e014,0.4103
2,100,e015,0.3085
2,100,e016,0.3641
2,100,e017,0.3033
2,100,e018,0.3752
2,100,e019,0.3418
2,100,e020,0.4407
2,100,e021,0.3387
2,100,e022,0.3235
2,100,e023,0.4356
2,100,e024,0.3757
2,101,e001,0.3753
2,101,e002,0.4036
2,101,e003,0.3441
2,101,e004,0.3506
2,101,e005,0.3213
2,101,e006,0.3191
2,101,e007,0.3919
2,101,e008,0.3542
2,101,e009,0.3971
2,101,e010,0.3279
2,101,e011,0.3466
2,101,e012,0.3335
2,101,e013,0.3793
2,101,e014,0.3583
2,101,e015,0.3417
2,101,e016,0.3942
2,101,e017,0.3776
2,101,e018,0.3461
2,101,e019,0.3162
2,101,e020,0.3376
2,101,e021,0.3906
2,101,e022,0.3357
2,101,e023,0.3488
2,101,e024,0.3461
2,102,e001,0.3749
2,102,e002,0.3178
2,102,e003,0.402
2,102,e004,0.3622
2,102,e005,0.4103
2,102,e006,0.3418
2,102,e007,0.395
2,102,e008,0.3878
2,102,e009,0.4184
2,102,e010,0.3831
2,102,e011,0.3885
2,102,e012,0.423
2,102,e013,0.4041
2,102,e014,0.3426
2,102,e015,0.3404
2,102,e016,0.4049
2,102,e017,0.4307
2,102,e018,0.4098
2,102,e019,0.4092
2,102,e020,0.3544
2,102,e021,0.4135
2,102,e022,0.3937
2,102,e023,0.408
2,102,e024,0.3801
2,103,e001,0.3724
2,103,e002,0.4045
2,103,e003,0.3723
2,103,e004,0.3927
2,103,e005,0.3518
2,103,e006,0.4073
2,103,e007,0.3751
2,103,e008,0.348
2,103,e009,0.3784
2,103,e010,0.4093
2,103,e011,0.3852
2,103,e012,0.3467
2,103,e013,0.3951
2,103,e014,0.4252
2,103,e015,0.3827
2,103,e016,0.3719
2,103,e017,0.3657
2,103,e018,0.4167
2,103,e019,0.3617
2,103,e020,0.3728
2,103,e021,0.4056
2,103,e022,0.4086
2,103,e023,0.4153
2,103,e024,0.4256
2,104,e001,0.3251
2,104,e002,0.378
2,104,e003,0.3236
2,104,e004,0.3843
2,104,e005,0.3341
2,104,e006,0.4114
2,104,e007,0.3572
2,104,e008,0.3842
2,104,e009,0.3868
2,104,e010,0.3218
2,104,e011,0.3844
2,104,e012,0.338
2,104,e013,0.2803
2,104,e014,0.3631
2,104,e015,0.3864
2,104,e016,0.3612
2,104,e017,0.3273
2,104,e018,0.3787
2,104,e019,0.3331
2,104,e020,0.3158
2,104,e021,0.401
2,104,e022,0.3833
2,104,e023,0.3549
2,104,e024,0.4044
2,105,e001,0.3293
2,105,e002,0.3047
2,105,e003,0.3415
2,105,e004,0.3405
2,105,e005,0.3665
2,105,e006,0.2816
2,105,e007,0.3894
2,105,e008,0.3088
2,105,e009,0.3544
2,105,e010,0.3775
2,105,e011,0.3271
2,105,e012,0.3589
2,105,e013,0.3513
2,105,e014,0.3255
2,105,e015,0.303
2,105,e016,0.3197
2,105,e017,0.3942
2,105,e018,0.3224
2,105,e019,0.2847
2,105,e020,0.2839
2,105,e021,0.3805
2,105,e022,0.3406
2,105,e023,0.3927
2,105,e024,0.3437
2,106,e001,0.3298
2,106,e002,0.3773
2,106,e003,0.406
2,106,e004,0.4038
2,106,e005,0.3728
2,106,e006,0.3785
2,106,e007,0.4285
2,106,e008,0.3587
2,106,e009,0.4
2,106,e010,0.3865
2,106,e011,0.3975
2,106,e012,0.4174
2,106,e013,0.376
2,106,e014,0.4168
2,106,e015,0.4597
2,106,e016,0.3629
2,106,e017,0.4052
2,106,e018,0.447
2,106,e019,0.4638
2,106,e020,0.3854
2,106,e021,0.3916
2,106,e022,0.4265
2,106,e023,0.3983
2,106,e024,0.3938
2,107,e001,0.3188
2,107,e002,0.3547
2,107,e003,0.3671
2,107,e004,0.3073
2,107,e005,0.3143
2,107,e006,0.3764
2,107,e007,0.3293
2,107,e008,0.3728
2,107,e009,0.3624
2,107,e010,0.333
2,107,e011,0.2832
2,107,e012,0.3317
2,107,e013,0.3216
2,107,e014,0.3841
2,107,e015,0.4305
2,107,e016,0.3703
2,107,e017,0.3847
2,107,e018,0.3204
2,107,e019,0.2934
2,107,e020,0.3677
2,107,e021,0.3914
2,107,e022,0.4077
2,107,e023,0.3534
2,107,e024,0.4004
2,108,e001,0.3193
2,108,e002,0.3662
2,108,e003,0.3255
2,108,e004,0.3242
2,108,e005,0.2978
2,108,e006,0.396
2,108,e007,0.3337
2,108,e008,0.3427
2,108,e009,0.3663
2,108,e010,0.3506
2,108,e011,0.3538
2,108,e012,0.3691
2,108,e013,0.2994
2,108,e014,0.3489
2,108,e015,0.3467
2,108,e016,0.3465
2,108,e017,0.3099
2,108,e018,0.3311
2,108,e019,0.3877
2,108,e020,0.3445
2,108,e021,0.3286
2,108,e022,0.3319
2,108,e023,0.3383
2,108,e024,0.37
2,109,e001,0.3565
2,109,e002,0.3797
2,109,e003,0.3
2,109,e004,0.3536
2,109,e005,0.3307
2,109,e006,0.302
2,109,e007,0.3402
2,109,e008,0.3744
2,109,e009,0.3724
2,109,e010,0.3868
2,109,e011,0.3411
2,109,e012,0.3483
2,109,e013,0.3587
2,109,e014,0.3199
2,109,e015,0.3283
2,109,e016,0.3572
2,109,e017,0.3909
2,109,e018,0.3293
2,109,e019,0.359
2,109,e020,0.2674
2,109,e021,0.3343
2,109,e022,0.3414
2,109,e023,0.3451
2,109,e024,0.327
2,110,e001,0.3863
2,110,e002,0.3035
2,110,e003,0.3102
2,110,e004,0.3246
2,110,e005,0.3221
2,110,e006,0.3134
2,110,e007,0.3938
2,110,e008,0.3792
2,110,e009,0.3264
2,110,e010,0.3496
2,110,e011,0.3158
2,110,e012,0.359
2,110,e013,0.38
2,110,e014,0.3146
2,110,e015,0.3249
2,110,e016,0.3611
2,110,e017,0.3677
2,110,e018,0.2765
2,110,e019,0.3261
2,110,e020,0.3126
2,110,e021,0.3275
2,110,e022,0.3565
2,110,e023,0.3325
2,110,e024,0.3275
2,111,e001,0.3321
2,111,e002,0.3035
2,111,e003,0.3392
2,111,e004,0.3127
2,111,e005,0.2577
2,111,e006,0.389
2,111,e007,0.3128
2,111,e008,0.3915
2,111,e009,0.3178
2,111,e010,0.3125
2,111,e011,0.3552
2,111,e012,0.3064
2,111,e013,0.3387
2,111,e014,0.3015
2,111,e015,0.2893
2,111,e016,0.3544
2,111,e017,0.284
2,111,e018,0.3147
2,111,e019,0.3492
2,111,e020,0.3431
2,111,e021,0.2651
2,111,e022,0.2964
2,111,e023,0.3189
2,111,e024,0.3307
2,112,e001,0.3581
2,112,e002,0.3208
2,112,e003,0.3437
2,112,e004,0.3356
2,112,e005,0.3196
2,112,e006,0.3487
2,112,e007,0.2828
2,112,e008,0.2985
2,112,e009,0.3499
2,112,e010,0.2881
2,112,e011,0.3129
2,112,e012,0.2653
2,112,e013,0.3378
2,112,e014,0.2863
2,112,e015,0.3133
2,112,e016,0.3266
2,112,e017,0.3501
2,112,e018,0.2671
2,112,e019,0.3356
2,112,e020,0.2808
2,112,e021,0.2598
2,112,e022,0.2623
2,112,e023,0.3714
2,112,e024,0.2714
2,113,e001,0.4245
2,113,e002,0.3604
2,113,e003,0.3934
2,113,e004,0.3738
2,113,e005,0.3534
2,113,e006,0.399
2,113,e007,0.3231
2,113,e008,0.3724
2,113,e009,0.3956
2,113,e010,0.431
2,113,e011,0.4046
2,113,e012,0.3681
2,113,e013,0.4002
2,113,e014,0.366
2,113,e015,0.3542
2,113,e016,0.3435
2,113,e017,0.4065
2,113,e018,0.3957
2,113,e019,0.4052
2,113,e020,0.3192
2,113,e021,0.4004
2,113,e022,0.3592
2,113,e023,0.3389
2,113,e024,0.3775
2,114,e001,0.3747
2,114,e002,0.3804
2,114,e003,0.395
2,114,e004,0.3678
2,114,e005,0.3601
2,114,e006,0.3784
2,114,e007,0.3831
2,114,e008,0.4269
2,114,e009,0.4145
2,114,e010,0.3268
2,114,e011,0.3439
2,114,e012,0.3381
2,114,e013,0.2815
2,114,e014,0.3542
2,114,e015,0.3409
2,114,e016,0.3238
2,114,e017,0.347
2,114,e018,0.3266
2,114,e019,0.3222
2,114,e020,0.384
2,114,e021,0.3049
2,114,e022,0.4031
2,114,e023,0.3632
2,114,e024,0.3894
2,115,e001,0.3193
2,115,e002,0.3355
2,115,e003,0.4021
2,115,e004,0.3548
2,115,e005,0.3211
2,115,e006,0.3943
2,115,e007,0.3749
2,115,e008,0.323
2,115,e009,0.3456
2,115,e010,0.3623
2,115,e011,0.3117
2,115,e012,0.3808
2,115,e013,0.3575
2,115,e014,0.3288
2,115,e015,0.2875
2,115,e016,0.3365
2,115,e017,0.3097
2,115,e018,0.3784
2,115,e019,0.3491
2,115,e020,0.351
2,115,e021,0.3665
2,115,e022,0.3693
2,115,e023,0.4084
2,115,e024,0.4089
2,116,e001,0.3392
2,116,e002,0.2688
2,116,e003,0.293
2,116,e004,0.2476
2,116,e005,0.277
2,116,e006,0.3217
2,116,e007,0.3536
2,116,e008,0.2635
2,116,e009,0.2964
2,116,e010,0.3643
2,116,e011,0.3341
2,116,e012,0.3408
2,116,e013,0.2739
2,116,e014,0.3467
2,116,e015,0.2721
2,116,e016,0.2777
2,116,e017,0.3341
2,116,e018,0.2708
2,116,e019,0.3301
2,116,e020,0.3057
2,116,e021,0.2936
2,116,e022,0.308
2,116,e023,0.3346
2,116,e024,0.3396
2,117,e001,0.3829
2,117,e002,0.3864
2,117,e003,0.3111
2,117,e004,0.3881
2,117,e005,0.3832
2,117,e006,0.3441
2,117,e007,0.4113
2,117,e008,0.3617
2,117,e009,0.3975
2,117,e010,0.3723
2,117,e011,0.3754
2,117,e012,0.3358
2,117,e013,0.3198
2,117,e014,0.3228
2,117,e015,0.4092
2,117,e016,0.3667
2,117,e017,0.3593
2,117,e018,0.3292
2,117,e019,0.3532
2,117,e020,0.4053
2,117,e021,0.4056
2,117,e022,0.2882
2,117,e023,0.3161
2,117,e024,0.3342
2,118,e001,0.2666
2,118,e002,0.3321
2,118,e003,0.2735
2,118,e004,0.3041
2,118,e005,0.2775
2,118,e006,0.3113
2,118,e007,0.3043
2,118,e008,0.3324
2,118,e009,0.2683
2,118,e010,0.2943
2,118,e011,0.3108
2,118,e012,0.3742
2,118,e013,0.3405
2,118,e014,0.3765
2,118,e015,0.2815
2,118,e016,0.2778
2,118,e017,0.2764
2,118,e018,0.3439
2,118,e019,0.3258
2,118,e020,0.3286
2,118,e021,0.3639
2,118,e022,0.3451
2,118,e023,0.2961
2,118,e024,0.3408
2,119,e001,0.3052
2,119,e002,0.3382
2,119,e003,0.318
2,119,e004,0.3028
2,119,e005,0.3744
2,119,e006,0.2997
2,119,e007,0.3883
2,119,e008,0.2999
2,119,e009,0.3307
2,119,e010,0.277
2,119,e011,0.3619
2,119,e012,0.2964
2,119,e013,0.3295
2,119,e014,0.3671
2,119,e015,0.2579
2,119,e016,0.3276
2,119,e017,0.3146
2,119,e018,0.3195
2,119,e019,0.2874
2,119,e020,0.3134
2,119,e021,0.3455
2,119,e022,0.3101
2,119,e023,0.332
2,119,e024,0.3378
2,120,e001,0.3231
2,120,e002,0.3419
2,120,e003,0.2828
2,120,e004,0.348
2,120,e005,0.3029
2,120,e006,0.299
2,120,e007,0.3023
2,120,e008,0.3145
2,120,e009,0.3621
2,120,e010,0.3162
2,120,e011,0.2982
2,120,e012,0.3162
2,120,e013,0.3046
2,120,e014,0.347
2,120,e015,0.3475
2,120,e016,0.3159
2,120,e017,0.3394
2,120,e018,0.3248
2,120,e019,0.3355
2,120,e020,0.3283
2,120,e021,0.3647
2,120,e022,0.3023
2,120,e023,0.3049
2,120,e024,0.2754
2,121,e001,0.3289
2,121,e002,0.2466
2,121,e003,0.2761
2,121,e004,0.3222
2,121,e005,0.2164
2,121,e006,0.3231
2,121,e007,0.2886
2,121,e008,0.2324
2,121,e009,0.2436
2,121,e010,0.3174
2,121,e011,0.2804
2,121,e012,0.317
2,121,e013,0.2347
2,121,e014,0.2477
2,121,e015,0.2958
2,121,e016,0.3231
2,121,e017,0.3711
2,121,e018,0.2627
2,121,e019,0.3286
2,121,e020,0.3147
2,121,e021,0.2726
2,121,e022,0.2671
2,121,e023,0.2964
2,121,e024,0.3579
2,122,e001,0.2716
2,122,e002,0.3295
2,122,e003,0.2668
2,122,e004,0.319
2,122,e005,0.3363
2,122,e006,0.2402
2,122,e007,0.2569
2,122,e008,0.3088
2,122,e009,0.3457
2,122,e010,0.3324
2,122,e011,0.3126
2,122,e012,0.3282
2,122,e013,0.3056
2,122,e014,0.2729
2,122,e015,0.2479
2,122,e016,0.3056
2,122,e017,0.2886
2,122,e018,0.3211
2,122,e019,0.279
2,122,e020,0.357
2,122,e021,0.3219
2,122,e022,0.328
2,122,e023,0.2398
2,122,e024,0.2801
2,123,e001,0.3554
2,123,e002,0.3352
2,123,e003,0.2961
2,123,e004,0.3152
2,123,e005,0.3058
2,123,e006,0.3033
2,123,e007,0.2865
2,123,e008,0.3111
2,123,e009,0.3303
2,123,e010,0.3569
2,123,e011,0.3703
2,123,e012,0.2841
2,123,e013,0.3031
2,123,e014,0.318
2,123,e015,0.3041
2,123,e016,0.3381
2,123,e017,0.3333
2,123,e018,0.3339
2,123,e019,0.3695
2,123,e020,0.281
2,123,e021,0.3062
2,123,e022,0.2927
2,123,e023,0.252
2,123,e024,0.2482
2,124,e001,0.3611
2,124,e002,0.3117
2,124,e003,0.3673
2,124,e004,0.3291
2,124,e005,0.376
2,124,e006,0.365
2,124,e007,0.2907
2,124,e008,0.2993
2,124,e009,0.3124
2,124,e010,0.3047
2,124,e011,0.2852
2,124,e012,0.3302
2,124,e013,0.3271
2,124,e014,0.3102
2,124,e015,0.4057
2,124,e016,0.3227
2,124,e017,0.3631
2,124,e018,0.3434
2,124,e019,0.3099
2,124,e020,0.3265
2,124,e021,0.3627
2,124,e022,0.3602
2,124,e023,0.2971
2,124,e024,0.306
2,125,e001,0.3312
2,125,e002,0.3884
2,125,e003,0.3367
2,125,e004,0.4358
2,125,e005,0.3319
2,125,e006,0.3233
2,125,e007,0.3043
2,125,e008,0.2918
2,125,e009,0.3865
2,125,e010,0.3613
2,125,e011,0.3629
2,125,e012,0.2875
2,125,e013,0.3717
2,125,e014,0.3718
2,125,e015,0.3717
2,125,e016,0.3206
2,125,e017,0.3189
2,125,e018,0.3321
2,125,e019,0.3678
2,125,e020,0.3901
2,125,e021,0.3781
2,125,e022,0.3424
2,125,e023,0.3664
2,125,e024,0.3764
2,126,e001,0.3892
2,126,e002,0.2967
2,126,e003,0.2867
2,126,e004,0.2883
2,126,e005,0.3582
2,126,e006,0.3422
2,126,e007,0.3272
2,126,e008,0.4039
2,126,e009,0.3764
2,126,e010,0.2898
2,126,e011,0.3172
2,126,e012,0.332
2,126,e013,0.3112
2,126,e014,0.3897
2,126,e015,0.2881
2,126,e016,0.3354
2,126,e017,0.3472
2,126,e018,0.3247
2,126,e019,0.3359
2,126,e020,0.3346
2,126,e021,0.3505
2,126,e022,0.2883
2,126,e023,0.3915
2,126,e024,0.349
2,127,e001,0.3403
2,127,e002,0.2912
2,127,e003,0.344
2,127,e004,0.309
2,127,e005,0.2903
2,127,e006,0.27
2,127,e007,0.292
2,127,e008,0.3508
2,127,e009,0.2874
2,127,e010,0.3179
2,127,e011,0.2634
2,127,e012,0.2793
2,127,e013,0.3509
2,127,e014,0.3056
2,127,e015,0.367
2,127,e016,0.3375
2,127,e017,0.2737
2,127,e018,0.3252
2,127,e019,0.3208
2,127,e020,0.3551
2,127,e021,0.3369
2,127,e022,0.3057
2,127,e023,0.3361
2,127,e024,0.3318
2,128,e001,0.35
2,128,e002,0.2937
2,128,e003,0.3142
2,128,e004,0.3076
2,128,e005,0.2873
2,128,e006,0.3874
2,128,e007,0.3354
2,128,e008,0.3407
2,128,e009,0.359
2,128,e010,0.3082
2,128,e011,0.2895
2,128,e012,0.3984
2,128,e013,0.3621
2,128,e014,0.3343
2,128,e015,0.3206
2,128,e016,0.3838
2,128,e017,0.3162
2,128,e018,0.2813
2,128,e019,0.3146
2,128,e020,0.3515
2,128,e021,0.3056
2,128,e022,0.3567
2,128,e023,0.3848
2,128,e024,0.345
2,129,e001,0.3601
2,129,e002,0.3308
2,129,e003,0.3541
2,129,e004,0.3214
2,129,e005,0.2923
2,129,e006,0.3266
2,129,e007,0.3345
2,129,e008,0.2655
2,129,e009,0.2757
2,129,e010,0.24
2,129,e011,0.3306
2,129,e012,0.3036
2,129,e013,0.3248
2,129,e014,0.387
2,129,e015,0.3459
2,129,e016,0.2844
2,129,e017,0.3389
2,129,e018,0.315
2,129,e019,0.3532
2,129,e020,0.3369
2,129,e021,0.3282
2,129,e022,0.3064
2,129,e023,0.3577
2,129,e024,0.3321
2,130,e001,0.335
2,130,e002,0.3355
2,130,e003,0.3121
2,130,e004,0.3302
2,130,e005,0.3847
2,130,e006,0.4029
2,130,e007,0.3503
2,130,e008,0.3566
2,130,e009,0.3869
2,130,e010,0.3824
2,130,e011,0.3153
2,130,e012,0.3614
2,130,e013,0.397
2,130,e014,0.3531
2,130,e015,0.3627
2,130,e016,0.3099
2,130,e017,0.3097
2,130,e018,0.3374
2,130,e019,0.3767
2,130,e020,0.3382
2,130,e021,0.3603
2,130,e022,0.3336
2,130,e023,0.3721
2,130,e024,0.2966
2,131,e001,0.3196
2,131,e002,0.2766
2,131,e003,0.2757
2,131,e004,0.2829
2,131,e005,0.2577
2,131,e006,0.3559
2,131,e007,0.2495
2,131,e008,0.2748
2,131,e009,0.2621
2,131,e010,0.3162
2,131,e011,0.2581
2,131,e012,0.2519
2,131,e013,0.2823
2,131,e014,0.3142
2,131,e015,0.3284
2,131,e016,0.3176
2,131,e017,0.3228
2,131,e018,0.2531
2,131,e019,0.3462
2,131,e020,0.3195
2,131,e021,0.3057
2,131,e022,0.24
2,131,e023,0.2823
2,131,e024,0.3247
2,132,e001,0.3022
2,132,e002,0.3233
2,132,e003,0.3214
2,132,e004,0.2867
2,132,e005,0.323
2,132,e006,0.3205
2,132,e007,0.3813
2,132,e008,0.3253
2,132,e009,0.3055
2,132,e010,0.37
2,132,e011,0.3614
2,132,e012,0.2806
2,132,e013,0.3929
2,132,e014,0.3408
2,132,e015,0.3995
2,132,e016,0.3353
2,132,e017,0.3885
2,132,e018,0.3485
2,132,e019,0.3117
2,132,e020,0.3631
2,132,e021,0.3116
2,132,e022,0.3069
2,132,e023,0.3909
2,132,e024,0.3452
2,133,e001,0.2872
2,133,e002,0.3337
2,133,e003,0.3576
2,133,e004,0.3232
2,133,e005,0.299
2,133,e006,0.2716
2,133,e007,0.3082
2,133,e008,0.3066
2,133,e009,0.3237
2,133,e010,0.2668
2,133,e011,0.287
2,133,e012,0.2985
2,133,e013,0.3403
2,133,e014,0.3049
2,133,e015,0.3467
2,133,e016,0.2875
2,133,e017,0.3034
2,133,e018,0.3229
2,133,e019,0.3364
2,133,e020,0.3041
2,133,e021,0.3273
2,133,e022,0.2695
2,133,e023,0.3332
2,133,e024,0.2596
2,134,e001,0.3596
2,134,e002,0.3231
2,134,e003,0.3843
2,134,e004,0.3718
2,134,e005,0.3295
2,134,e006,0.3335
2,134,e007,0.3278
2,134,e008,0.3534
2,134,e009,0.3803
2,134,e010,0.3212
2,134,e011,0.357
2,134,e012,0.4197
2,134,e013,0.3556
2,134,e014,0.3841
2,134,e015,0.3077
2,134,e016,0.378
2,134,e017,0.3356
2,134,e018,0.3647
2,134,e019,0.3954
2,134,e020,0.393
2,134,e021,0.4074
2,134,e022,0.3204
2,134,e023,0.3546
2,134,e024,0.3116
2,135,e001,0.3746
2,135,e002,0.3497
2,135,e003,0.3966
2,135,e004,0.2981
2,135,e005,0.3056
2,135,e006,0.2822
2,135,e007,0.306
2,135,e008,0.3385
2,135,e009,0.3237
2,135,e010,0.33
2,135,e011,0.3797
2,135,e012,0.3802
2,135,e013,0.2722
2,135,e014,0.4191
2,135,e015,0.3754
2,135,e016,0.365
2,135,e017,0.3372
2,135,e018,0.3772
2,135,e019,0.3539
2,135,e020,0.3389
2,135,e021,0.3953
2,135,e022,0.395
2,135,e023,0.3996
2,135,e024,0.3546
2,136,e001,0.3769
2,136,e002,0.3071
2,136,e003,0.3638
2,136,e004,0.304
2,136,e005,0.3227
2,136,e006,0.3108
2,136,e007,0.3724
2,136,e008,0.3882
2,136,e009,0.2988
2,136,e010,0.3126
2,136,e011,0.3196
2,136,e012,0.3221
2,136,e013,0.3063
2,136,e014,0.3469
2,136,e015,0.3059
2,136,e016,0.3747
2,136,e017,0.4149
2,136,e018,0.3683
2,136,e019,0.3687
2,136,e020,0.309
2,136,e021,0.2794
2,136,e022,0.3962
2,136,e023,0.3167
2,136,e024,0.3063
2,137,e001,0.3112
2,137,e002,0.3015
2,137,e003,0.3174
2,137,e004,0.2689
2,137,e005,0.3044
2,137,e006,0.2654
2,137,e007,0.2747
2,137,e008,0.28
2,137,e009,0.2886
2,137,e010,0.2733
2,137,e011,0.2943
2,137,e012,0.3226
2,137,e013,0.2399
2,137,e014,0.252
2,137,e015,0.2512
2,137,e016,0.3089
2,137,e017,0.305
2,137,e018,0.2874
2,137,e019,0.2937
2,137,e020,0.2622
2,137,e021,0.2811
2,137,e022,0.309
2,137,e023,0.2747
2,137,e024,0.2864
2,138,e001,0.2558
2,138,e002,0.3174
2,138,e003,0.3035
2,138,e004,0.3555
2,138,e005,0.2964
2,138,e006,0.3107
2,138,e007,0.2965
2,138,e008,0.3582
2,138,e009,0.2989
2,138,e010,0.3556
2,138,e011,0.3218
2,138,e012,0.2887
2,138,e013,0.3603
2,138,e014,0.3297
2,138,e015,0.3132
2,138,e016,0.3439
2,138,e017,0.3077
2,138,e018,0.2878
2,138,e019,0.3284
2,138,e020,0.3536
2,138,e021,0.2904
2,138,e022,0.2825
2,138,e023,0.3713
2,138,e024,0.3066
2,139,e001,0.343
2,139,e002,0.3254
2,139,e003,0.3062
2,139,e004,0.3118
2,139,e005,0.3456
2,139,e006,0.3263
2,139,e007,0.3483
2,139,e008,0.3077
2,139,e009,0.3395
2,139,e010,0.3553
2,139,e011,0.3853
2,139,e012,0.2932
2,139,e013,0.3716
2,139,e014,0.4222
2,139,e015,0.3412
2,139,e016,0.3602
2,139,e017,0.3935
2,139,e018,0.3401
2,139,e019,0.355
2,139,e020,0.3019
2,139,e021,0.383
2,139,e022,0.3266
2,139,e023,0.3096
2,139,e024,0.3235
2,140,e001,0.3594
2,140,e002,0.3433
2,140,e003,0.3122
2,140,e004,0.338
2,140,e005,0.2721
2,140,e006,0.3046
2,140,e007,0.3228
2,140,e008,0.2788
2,140,e009,0.2744
2,140,e010,0.3073
2,140,e011,0.3074
2,140,e012,0.3415
2,140,e013,0.3394
2,140,e014,0.303
2,140,e015,0.3053
2,140,e016,0.3334
2,140,e017,0.2851
2,140,e018,0.3027
2,140,e019,0.3371
2,140,e020,0.36
2,140,e021,0.3255
2,140,e022,0.3034
2,140,e023,0.3059
2,140,e024,0.3059
2,141,e001,0.3417
2,141,e002,0.3117
2,141,e003,0.3254
2,141,e004,0.3139
2,141,e005,0.2842
2,141,e006,0.3317
2,141,e007,0.3437
2,141,e008,0.3053
2,141,e009,0.3222
2,141,e010,0.3242
2,141,e011,0.3133
2,141,e012,0.334
2,141,e013,0.3229
2,141,e014,0.2501
2,141,e015,0.23
2,141,e016,0.3225
2,141,e017,0.301
2,141,e018,0.2826
2,141,e019,0.3179
2,141,e020,0.2422
2,141,e021,0.3245
2,141,e022,0.3045
2,141,e023,0.3026
2,141,e024,0.2725
2,142,e001,0.3381
2,142,e002,0.3436
2,142,e003,0.2926
2,142,e004,0.3478
2,142,e005,0.3508
2,142,e006,0.2755
2,142,e007,0.3013
2,142,e008,0.3302
2,142,e009,0.3226
2,142,e010,0.2723
2,142,e011,0.2897
2,142,e012,0.3071
2,142,e013,0.3435
2,142,e014,0.3284
2,142,e015,0.3311
2,142,e016,0.2811
2,142,e017,0.3201
2,142,e018,0.357
2,142,e019,0.2948
2,142,e020,0.3416
2,142,e021,0.3036
2,142,e022,0.3507
2,142,e023,0.3023
2,142,e024,0.2454
2,143,e001,0.4046
2,143,e002,0.3628
2,143,e003,0.348
2,143,e004,0.3764
2,143,e005,0.2998
2,143,e006,0.3623
2,143,e007,0.323
2,143,e008,0.327
2,143,e009,0.3071
2,143,e010,0.2942
2,143,e011,0.3339
2,143,e012,0.3608
2,143,e013,0.3463
2,143,e014,0.3034
2,143,e015,0.3398
2,143,e016,0.3347
2,143,e017,0.3457
2,143,e018,0.3226
2,143,e019,0.3369
2,143,e020,0.3456
2,143,e021,0.3631
2,143,e022,0.3401
2,143,e023,0.3748
2,143,e024,0.3067
2,144,e001,0.3467
2,144,e002,0.3765
2,144,e003,0.4096
2,144,e004,0.3078
2,144,e005,0.395
2,144,e006,0.3536
2,144,e007,0.3988
2,144,e008,0.4052
2,144,e009,0.3234
2,144,e010,0.376
2,144,e011,0.395
2,144,e012,0.3658
2,144,e013,0.3785
2,144,e014,0.3586
2,144,e015,0.3503
2,144,e016,0.3666
2,144,e017,0.3571
2,144,e018,0.2985
2,144,e019,0.3993
2,144,e020,0.4148
2,144,e021,0.3938
2,144,e022,0.3346
2,144,e023,0.3429
2,144,e024,0.3896
2,145,e001,0.295
2,145,e002,0.308
2,145,e003,0.339
2,145,e004,0.2477
2,145,e005,0.358
2,145,e006,0.2963
2,145,e007,0.278
2,145,e008,0.3336
2,145,e009,0.2732
2,145,e010,0.2723
2,145,e011,0.3512
2,145,e012,0.3197
2,145,e013,0.2691
2,145,e014,0.3103
2,145,e015,0.3558
2,145,e016,0.2607
2,145,e017,0.2703
2,145,e018,0.3011
2,145,e019,0.3201
2,145,e020,0.3604
2,145,e021,0.3269
2,145,e022,0.3677
2,145,e023,0.2699
2,145,e024,0.27
2,146,e001,0.3526
2,146,e002,0.2582
2,146,e003,0.3172
2,146,e004,0.2915
2,146,e005,0.3331
2,146,e006,0.321
2,146,e007,0.2872
2,146,e008,0.2939
2,146,e009,0.2708
2,146,e010,0.2909
2,146,e011,0.3354
2,146,e012,0.3436
2,146,e013,0.3013
2,146,e014,0.3288
2,146,e015,0.3389
2,146,e016,0.2812
2,146,e017,0.356
2,146,e018,0.2766
2,146,e019,0.3679
2,146,e020,0.3469
2,146,e021,0.364
2,146,e022,0.2835
2,146,e023,0.282
2,146,e024,0.2908
2,147,e001,0.3444
2,147,e002,0.3668
2,147,e003,0.3242
2,147,e004,0.333
2,147,e005,0.3185
2,147,e006,0.3745
2,147,e007,0.3516
2,147,e008,0.298
2,147,e009,0.3646
2,147,e010,0.3537
2,147,e011,0.3635
2,147,e012,0.2895
2,147,e013,0.3752
2,147,e014,0.3305
2,147,e015,0.3331
2,147,e016,0.3355
2,147,e017,0.338
2,147,e018,0.3146
2,147,e019,0.3614
2,147,e020,0.3515
2,147,e021,0.3263
2,147,e022,0.3581
2,147,e023,0.3016
2,147,e024,0.3067
2,148,e001,0.3308
2,148,e002,0.2916
2,148,e003,0.3475
2,148,e004,0.3804
2,148,e005,0.3562
2,148,e006,0.3468
2,148,e007,0.3136
2,148,e008,0.2918
2,148,e009,0.2676
2,148,e010,0.3078
2,148,e011,0.3157
2,148,e012,0.2492
2,148,e013,0.3247
2,148,e014,0.2893
2,148,e015,0.3155
2,148,e016,0.3173
2,148,e017,0.3148
2,148,e018,0.2966
2,148,e019,0.2934
2,148,e020,0.3069
2,148,e021,0.3324
2,148,e022,0.2874
2,148,e023,0.334
2,148,e024,0.3401
2,149,e001,0.3511
2,149,e002,0.3298
2,149,e003,0.3304
2,149,e004,0.2794
2,149,e005,0.3182
2,149,e006,0.3124
2,149,e007,0.2966
2,149,e008,0.3531
2,149,e009,0.3676
2,149,e010,0.3096
2,149,e011,0.3652
2,149,e012,0.2856
2,149,e013,0.3012
2,149,e014,0.3229
2,149,e015,0.3416
2,149,e016,0.3396
2,149,e017,0.3588
2,149,e018,0.3448
2,149,e019,0.2786
2,149,e020,0.3588
2,149,e021,0.2751
2,149,e022,0.2688
2,149,e023,0.3669
2,149,e024,0.3406
2,150,e001,0.2932
2,150,e002,0.278
2,150,e003,0.2809
2,150,e004,0.3664
2,150,e005,0.3146
2,150,e006,0.3293
2,150,e007,0.3721
2,150,e008,0.3013
2,150,e009,0.3059
2,150,e010,0.2944
2,150,e011,0.3414
2,150,e012,0.3194
2,150,e013,0.297
2,150,e014,0.2784
2,150,e015,0.2933
2,150,e016,0.3156
2,150,e017,0.3697
2,150,e018,0.2711
2,150,e019,0.2989
2,150,e020,0.3073
2,150,e021,0.3508
2,150,e022,0.3388
2,150,e023,0.2701
2,150,e024,0.3419
2,151,e001,0.2939
2,151,e002,0.2628
2,151,e003,0.3519
2,151,e004,0.3248
2,151,e005,0.2619
2,151,e006,0.2766
2,151,e007,0.2584
2,151,e008,0.2623
2,151,e009,0.3325
2,151,e010,0.2829
2,151,e011,0.3268
2,151,e012,0.2714
2,151,e013,0.2939
2,151,e014,0.2894
2,151,e015,0.2761
2,151,e016,0.2673
2,151,e017,0.2447
2,151,e018,0.3299
2,151,e019,0.3268
2,151,e020,0.3431
2,151,e021,0.3065
2,151,e022,0.3453
2,151,e023,0.2532
2,151,e024,0.256
2,152,e001,0.2776
2,152,e002,0.3544
2,152,e003,0.297
2,152,e004,0.3041
2,152,e005,0.3658
2,152,e006,0.302
2,152,e007,0.3627
2,152,e008,0.2784
2,152,e009,0.2983
2,152,e010,0.338
2,152,e011,0.3033
2,152,e012,0.3092
2,152,e013,0.3325
2,152,e014,0.3165
2,152,e015,0.2973
2,152,e016,0.3291
2,152,e017,0.3027
2,152,e018,0.3626
2,152,e019,0.3193
2,152,e020,0.2806
2,152,e021,0.321
2,152,e022,0.3019
2,152,e023,0.3913
2,152,e024,0.3017
2,153,e001,0.2511
2,153,e002,0.3416
2,153,e003,0.279
2,153,e004,0.3355
2,153,e005,0.2636
2,153,e006,0.2924
2,153,e007,0.3415
2,153,e008,0.2636
2,153,e009,0.274
2,153,e010,0.2739
2,153,e011,0.3042
2,153,e012,0.3272
2,153,e013,0.3383
2,153,e014,0.3405
2,153,e015,0.2559
2,153,e016,0.2963
2,153,e017,0.294
2,153,e018,0.2983
2,153,e019,0.2972
2,153,e020,0.3138
2,153,e021,0.2664
2,153,e022,0.302
2,153,e023,0.3025
2,153,e024,0.2758
2,154,e001,0.3189
2,154,e002,0.3747
2,154,e003,0.3663
2,154,e004,0.3403
2,154,e005,0.3513
2,154,e006,0.4255
2,154,e007,0.3966
2,154,e008,0.3022
2,154,e009,0.3909
2,154,e010,0.3625
2,154,e011,0.3478
2,154,e012,0.3791
2,154,e013,0.3565
2,154,e014,0.3225
2,154,e015,0.393
2,154,e016,0.3554
2,154,e017,0.3428
2,154,e018,0.3079
2,154,e019,0.3881
2,154,e020,0.363
2,154,e021,0.3108
2,154,e022,0.3264
2,154,e023,0.3819
2,154,e024,0.3163
2,155,e001,0.2951
2,155,e002,0.3202
2,155,e003,0.2711
2,155,e004,0.2561
2,155,e005,0.2954
2,155,e006,0.2858
2,155,e007,0.2909
2,155,e008,0.2676
2,155,e009,0.3647
2,155,e010,0.2605
2,155,e011,0.2734
2,155,e012,0.3137
2,155,e013,0.2734
2,155,e014,0.2891
2,155,e015,0.321
2,155,e016,0.3376
2,155,e017,0.336
2,155,e018,0.3397
2,155,e019,0.3391
2,155,e020,0.3223
2,155,e021,0.2862
2,155,e022,0.2894
2,155,e023,0.3635
2,155,e024,0.2968
2,156,e001,0.3624
2,156,e002,0.3118
2,156,e003,0.3736
2,156,e004,0.3614
2,156,e005,0.4326
2,156,e006,0.3197
2,156,e007,0.3213
2,156,e008,0.3878
2,156,e009,0.3914
2,156,e010,0.4152
2,156,e011,0.3667
2,156,e012,0.396
2,156,e013,0.3906
2,156,e014,0.4048
2,156,e015,0.4019
2,156,e016,0.4204
2,156,e017,0.4161
2,156,e018,0.3524
2,156,e019,0.3738
2,156,e020,0.3948
2,156,e021,0.4093
2,156,e022,0.4142
2,156,e023,0.3868
2,156,e024,0.4068
2,157,e001,0.303
2,157,e002,0.3681
2,157,e003,0.3812
2,157,e004,0.3319
2,157,e005,0.3352
2,157,e006,0.2983
2,157,e007,0.3598
2,157,e008,0.3532
2,157,e009,0.3075
2,157,e010,0.4074
2,157,e011,0.3569
2,157,e012,0.3642
2,157,e013,0.3223
2,157,e014,0.3341
2,157,e015,0.271
2,157,e016,0.4059
2,157,e017,0.3941
2,157,e018,0.3013
2,157,e019,0.3544
2,157,e020,0.3514
2,157,e021,0.3126
2,157,e022,0.3826
2,157,e023,0.3817
2,157,e024,0.3445
2,158,e001,0.3344
2,158,e002,0.3671
2,158,e003,0.3836
2,158,e004,0.3576
2,158,e005,0.3342
2,158,e006,0.3763
2,158,e007,0.372
2,158,e008,0.3693
2,158,e009,0.3275
2,158,e010,0.2959
2,158,e011,0.3015
2,158,e012,0.2829
2,158,e013,0.3566
2,158,e014,0.3642
2,158,e015,0.3229
2,158,e016,0.3451
2,158,e017,0.3341
2,158,e018,0.365
2,158,e019,0.3533
2,158,e020,0.378
2,158,e021,0.3139
2,158,e022,0.3367
2,158,e023,0.3008
2,158,e024,0.3738
2,159,e001,0.423
2,159,e002,0.3608
2,159,e003,0.4094
2,159,e004,0.3677
2,159,e005,0.3051
2,159,e006,0.3457
2,159,e007,0.377
2,159,e008,0.3337
2,159,e009,0.3098
2,159,e010,0.3685
2,159,e011,0.3221
2,159,e012,0.3073
2,159,e013,0.3934
2,159,e014,0.339
2,159,e015,0.3323
2,159,e016,0.4233
2,159,e017,0.3704
2,159,e018,0.3406
2,159,e019,0.3917
2,159,e020,0.3652
2,159,e021,0.334
2,159,e022,0.3855
2,159,e023,0.347
2,159,e024,0.3906
2,160,e001,0.3306
2,160,e002,0.3298
2,160,e003,0.3268
2,160,e004,0.3636
2,160,e005,0.3273
2,160,e006,0.3304
2,160,e007,0.3328
2,160,e008,0.282
2,160,e009,0.3646
2,160,e010,0.331
2,160,e011,0.3687
2,160,e012,0.3282
2,160,e013,0.3283
2,160,e014,0.3225
2,160,e015,0.388
2,160,e016,0.3694
2,160,e017,0.3552
2,160,e018,0.3703
2,160,e019,0.3863
2,160,e020,0.3353
2,160,e021,0.3378
2,160,e022,0.3324
2,160,e023,0.3686
2,160,e024,0.3396
2,161,e001,0.33
2,161,e002,0.3306
2,161,e003,0.36
2,161,e004,0.3893
2,161,e005,0.3243
2,161,e006,0.3532
2,161,e007,0.3154
2,161,e008,0.378
2,161,e009,0.3177
2,161,e010,0.3122
2,161,e011,0.3326
2,161,e012,0.3524
2,161,e013,0.3812
2,161,e014,0.3684
2,161,e015,0.3314
2,161,e016,0.3169
2,161,e017,0.3074
2,161,e018,0.3076
2,161,e019,0.3226
2,161,e020,0.3554
2,161,e021,0.4039
2,161,e022,0.3814
2,161,e023,0.3511
2,161,e024,0.357
2,162,e001,0.3105
2,162,e002,0.3833
2,162,e003,0.3777
2,162,e004,0.3301
2,162,e005,0.396
2,162,e006,0.3144
2,162,e007,0.3489
2,162,e008,0.3283
2,162,e009,0.3057
2,162,e010,0.3634
2,162,e011,0.3567
2,162,e012,0.3918
2,162,e013,0.3353
2,162,e014,0.3369
2,162,e015,0.398
2,162,e016,0.3699
2,162,e017,0.3832
2,162,e018,0.3913
2,162,e019,0.3212
2,162,e020,0.3691
2,162,e021,0.3362
2,162,e022,0.3638
2,162,e023,0.3121
2,162,e024,0.3778
2,163,e001,0.3466
2,163,e002,0.3651
2,163,e003,0.4076
2,163,e004,0.4216
2,163,e005,0.3384
2,163,e006,0.4345
2,163,e007,0.3945
2,163,e008,0.3975
2,163,e009,0.3189
2,163,e010,0.3912
2,163,e011,0.3482
2,163,e012,0.4201
2,163,e013,0.3726
2,163,e014,0.3885
2,163,e015,0.3373
2,163,e016,0.4112
2,163,e017,0.345
2,163,e018,0.404
2,163,e019,0.4222
2,163,e020,0.3846
2,163,e021,0.3679
2,163,e022,0.3773
2,163,e023,0.356
2,163,e024,0.3802
2,164,e001,0.4008
2,164,e002,0.3743
2,164,e003,0.3715
2,164,e004,0.342
2,164,e005,0.3318
2,164,e006,0.3959
2,164,e007,0.3581
2,164,e008,0.3486
2,164,e009,0.3528
2,164,e010,0.3819
2,164,e011,0.3263
2,164,e012,0.3412
2,164,e013,0.338
2,164,e014,0.367
2,164,e015,0.3598
2,164,e016,0.3287
2,164,e017,0.3092
2,164,e018,0.4055
2,164,e019,0.355
2,164,e020,0.387
2,164,e021,0.2758
2,164,e022,0.3991
2,164,e023,0.3898
2,164,e024,0.3217
2,165,e001,0.3274
2,165,e002,0.4229
2,165,e003,0.3621
2,165,e004,0.3329
2,165,e005,0.388
2,165,e006,0.3595
2,165,e007,0.3815
2,165,e008,0.3953
2,165,e009,0.3857
2,165,e010,0.3631
2,165,e011,0.3609
2,165,e012,0.3814
2,165,e013,0.3566
2,165,e014,0.329
2,165,e015,0.4044
2,165,e016,0.3799
2,165,e017,0.3448
2,165,e018,0.3665
2,165,e019,0.4171
2,165,e020,0.3938
2,165,e021,0.3685
2,165,e022,0.3799
2,165,e023,0.3344
2,165,e024,0.3394
2,166,e001,0.3491
2,166,e002,0.3568
2,166,e003,0.3556
2,166,e004,0.3553
2,166,e005,0.3726
2,166,e006,0.3137
2,166,e007,0.3127
2,166,e008,0.3426
2,166,e009,0.3681
2,166,e010,0.3576
2,166,e011,0.3474
2,166,e012,0.3971
2,166,e013,0.3465
2,166,e014,0.3762
2,166,e015,0.3757
2,166,e016,0.3241
2,166,e017,0.4319
2,166,e018,0.3025
2,166,e019,0.3799
2,166,e020,0.3937
2,166,e021,0.3645
2,166,e022,0.3304
2,166,e023,0.2846
2,166,e024,0.3583
2,167,e001,0.3638
2,167,e002,0.4554
2,167,e003,0.4198
2,167,e004,0.3881
2,167,e005,0.4413
2,167,e006,0.3751
2,167,e007,0.4776
2,167,e008,0.4294
2,167,e009,0.4053
2,167,e010,0.4311
2,167,e011,0.4387
2,167,e012,0.3715
2,167,e013,0.3459
2,167,e014,0.3711
2,167,e015,0.3969
2,167,e016,0.4374
2,167,e017,0.417
2,167,e018,0.4525
2,167,e019,0.3878
2,167,e020,0.3954
2,167,e021,0.3632
2,167,e022,0.4254
2,167,e023,0.4139
2,167,e024,0.365
2,168,e001,0.401
2,168,e002,0.38
2,168,e003,0.3482
2,168,e004,0.3536
2,168,e005,0.3676
2,168,e006,0.326
2,168,e007,0.3534
2,168,e008,0.3808
2,168,e009,0.3978
2,168,e010,0.3561
2,168,e011,0.3542
2,168,e012,0.329
2,168,e013,0.3582
2,168,e014,0.3313
2,168,e015,0.3955
2,168,e016,0.3427
2,168,e017,0.4071
2,168,e018,0.3666
2,168,e019,0.3635
2,168,e020,0.3874
2,168,e021,0.3191
2,168,e022,0.4034
2,168,e023,0.3682
2,168,e024,0.3964
2,169,e001,0.4009
2,169,e002,0.4155
2,169,e003,0.3856
2,169,e004,0.366
2,169,e005,0.4232
2,169,e006,0.4048
2,169,e007,0.3979
2,169,e008,0.3865
2,169,e009,0.384
2,169,e010,0.4271
2,169,e011,0.4236
2,169,e012,0.407
2,169,e013,0.3856
2,169,e014,0.3378
2,169,e015,0.3596
2,169,e016,0.3362
2,169,e017,0.3696
2,169,e018,0.4131
2,169,e019,0.3997
2,169,e020,0.4167
2,169,e021,0.4284
2,169,e022,0.4272
2,169,e023,0.3217
2,169,e024,0.4155
2,170,e001,0.3954
2,170,e002,0.413
2,170,e003,0.4042
2,170,e004,0.4096
2,170,e005,0.4137
2,170,e006,0.328
2,170,e007,0.3502
2,170,e008,0.3591
2,170,e009,0.3906
2,170,e010,0.3888
2,170,e011,0.3891
2,170,e012,0.4102
2,170,e013,0.3545
2,170,e014,0.3487
2,170,e015,0.3719
2,170,e016,0.422
2,170,e017,0.4265
2,170,e018,0.3556
2,170,e019,0.2854
2,170,e020,0.4402
2,170,e021,0.3252
2,170,e022,0.415
2,170,e023,0.3983
2,170,e024,0.3619
2,171,e001,0.3482
2,171,e002,0.4429
2,171,e003,0.3576
2,171,e004,0.3683
2,171,e005,0.3688
2,171,e006,0.3698
2,171,e007,0.3968
2,171,e008,0.4001
2,171,e009,0.4064
2,171,e010,0.398
2,171,e011,0.4154
2,171,e012,0.4373
2,171,e013,0.4227
2,171,e014,0.4273
2,171,e015,0.3378
2,171,e016,0.4232
2,171,e017,0.3813
2,171,e018,0.3474
2,171,e019,0.3389
2,171,e020,0.4198
2,171,e021,0.3498
2,171,e022,0.4256
2,171,e023,0.3867
2,171,e024,0.3904
2,172,e001,0.3573
2,172,e002,0.3373
2,172,e003,0.4179
2,172,e004,0.386
2,172,e005,0.4077
2,172,e006,0.4328
2,172,e007,0.3492
2,172,e008,0.3368
2,172,e009,0.4241
2,172,e010,0.424
2,172,e011,0.3713
2,172,e012,0.3825
2,172,e013,0.4396
2,172,e014,0.3425
2,172,e015,0.3489
2,172,e016,0.4288
2,172,e017,0.4348
2,172,e018,0.385
2,172,e019,0.3966
2,172,e020,0.3118
2,172,e021,0.3917
2,172,e022,0.3666
2,172,e023,0.3816
2,172,e024,0.3813
2,173,e001,0.3733
2,173,e002,0.357
2,173,e003,0.3008
2,173,e004,0.4167
2,173,e005,0.3556
2,173,e006,0.4082
2,173,e007,0.3181
2,173,e008,0.3638
2,173,e009,0.3382
2,173,e010,0.3727
2,173,e011,0.3227
2,173,e012,0.3903
2,173,e013,0.3138
2,173,e014,0.3175
2,173,e015,0.3425
2,173,e016,0.3525
2,173,e017,0.404
2,173,e018,0.3329
2,173,e019,0.3676
2,173,e020,0.3618
2,173,e021,0.2981
2,173,e022,0.3427
2,173,e023,0.3128
2,173,e024,0.4011
2,174,e001,0.3308
2,174,e002,0.3973
2,174,e003,0.3709
2,174,e004,0.3365
2,174,e005,0.3244
2,174,e006,0.3974
2,174,e007,0.3493
2,174,e008,0.379
2,174,e009,0.3319
2,174,e010,0.3671
2,174,e011,0.3879
2,174,e012,0.3769
2,174,e013,0.3855
2,174,e014,0.3232
2,174,e015,0.3221
2,174,e016,0.3125
2,174,e017,0.3643
2,174,e018,0.3413
2,174,e019,0.4194
2,174,e020,0.3323
2,174,e021,0.3329
2,174,e022,0.3358
2,174,e023,0.3353
2,174,e024,0.3136
2,175,e001,0.3636
2,175,e002,0.3832
2,175,e003,0.4351
2,175,e004,0.381
2,175,e005,0.4723
2,175,e006,0.4683
2,175,e007,0.4475
2,175,e008,0.4358
2,175,e009,0.476
2,175,e010,0.4297
2,175,e011,0.4023
2,175,e012,0.3964
2,175,e013,0.3677
2,175,e014,0.4096
2,175,e015,0.4157
2,175,e016,0.4056
2,175,e017,0.402
2,175,e018,0.3692
2,175,e019,0.4071
2,175,e020,0.4411
2,175,e021,0.4404
2,175,e022,0.3469
2,175,e023,0.3757
2,175,e024,0.3798
2,176,e001,0.4297
2,176,e002,0.3219
2,176,e003,0.3499
2,176,e004,0.353
2,176,e005,0.4173
2,176,e006,0.3974
2,176,e007,0.3824
2,176,e008,0.3454
2,176,e009,0.3851
2,176,e010,0.3908
2,176,e011,0.4429
2,176,e012,0.4067
2,176,e013,0.3708
2,176,e014,0.3604
2,176,e015,0.4129
2,176,e016,0.3889
2,176,e017,0.3777
2,176,e018,0.3675
2,176,e019,0.377
2,176,e020,0.371
2,176,e021,0.3376
2,176,e022,0.4353
2,176,e023,0.3943
2,176,e024,0.3684
2,177,e001,0.3944
2,177,e002,0.3703
2,177,e003,0.3973
2,177,e004,0.437
2,177,e005,0.3851
2,177,e006,0.4234
2,177,e007,0.4615
2,177,e008,0.3793
2,177,e009,0.3787
2,177,e010,0.3719
2,177,e011,0.3447
2,177,e012,0.3742
2,177,e013,0.3779
2,177,e014,0.4757
2,177,e015,0.4363
2,177,e016,0.3679
2,177,e017,0.3821
2,177,e018,0.3909
2,177,e019,0.3702
2,177,e020,0.4199
2,177,e021,0.4093
2,177,e022,0.3827
2,177,e023,0.3938
2,177,e024,0.4091
2,178,e001,0.3932
2,178,e002,0.3617
2,178,e003,0.3493
2,178,e004,0.3354
2,178,e005,0.3362
2,178,e006,0.3207
2,178,e007,0.3715
2,178,e008,0.3407
2,178,e009,0.363
2,178,e010,0.4213
2,178,e011,0.3606
2,178,e012,0.376
2,178,e013,0.322
2,178,e014,0.3686
2,178,e015,0.38
2,178,e016,0.3328
2,178,e017,0.3648
2,178,e018,0.3362
2,178,e019,0.3366
2,178,e020,0.3149
2,178,e021,0.3731
2,178,e022,0.41
2,178,e023,0.3649
2,178,e024,0.3972
2,179,e001,0.3616
2,179,e002,0.4313
2,179,e003,0.3422
2,179,e004,0.3996
2,179,e005,0.3451
2,179,e006,0.3363
2,179,e007,0.4212
2,179,e008,0.3507
2,179,e009,0.3594
2,179,e010,0.3956
2,179,e011,0.3591
2,179,e012,0.3542
2,179,e013,0.3871
2,179,e014,0.3719
2,179,e015,0.4314
2,179,e016,0.3918
2,179,e017,0.3721
2,179,e018,0.345
2,179,e019,0.37
2,179,e020,0.3616
2,179,e021,0.4004
2,179,e022,0.3861
2,179,e023,0.3593
2,179,e024,0.4281
2,180,e001,0.3885
2,180,e002,0.4827
2,180,e003,0.3637
2,180,e004,0.4573
2,180,e005,0.4228
2,180,e006,0.3692
2,180,e007,0.5039
2,180,e008,0.5635
2,180,e009,0.5856
2,180,e010,0.5967
2,180,e011,0.5441
2,180,e012,0.5726
2,180,e013,0.4411
2,180,e014,0.4655
2,180,e015,0.4822
2,180,e016,0.467
2,180,e017,0.4138
2,180,e018,0.4888
2,180,e019,0.4508
2,180,e020,0.3658
2,180,e021,0.4306
2,180,e022,0.3588
2,180,e023,0.3848
2,180,e024,0.3815
2,181,e001,0.4257
2,181,e002,0.4666
2,181,e003,0.4481
2,181,e004,0.4454
2,181,e005,0.3637
2,181,e006,0.429
2,181,e007,0.514
2,181,e008,0.5766
2,181,e009,0.5536
2,181,e010,0.5541
2,181,e011,0.5
2,181,e012,0.5034
2,181,e013,0.4379
2,181,e014,0.4352
2,181,e015,0.4274
2,181,e016,0.4066
2,181,e017,0.4356
2,181,e018,0.3576
2,181,e019,0.4488
2,181,e020,0.3535
2,181,e021,0.4281
2,181,e022,0.3939
2,181,e023,0.4037
2,181,e024,0.4326
2,182,e001,0.3558
2,182,e002,0.3881
2,182,e003,0.4424
2,182,e004,0.4084
2,182,e005,0.3271
2,182,e006,0.3891
2,182,e007,0.5197
2,182,e008,0.5028
2,182,e009,0.4712
2,182,e010,0.5464
2,182,e011,0.58
2,182,e012,0.506
2,182,e013,0.4091
2,182,e014,0.4418
2,182,e015,0.4147
2,182,e016,0.3438
2,182,e017,0.3684
2,182,e018,0.4437
2,182,e019,0.4168
2,182,e020,0.4463
2,182,e021,0.3299
2,182,e022,0.4254
2,182,e023,0.3745
2,182,e024,0.3669
2,183,e001,0.4827
2,183,e002,0.4325
2,183,e003,0.4099
2,183,e004,0.4072
2,183,e005,0.4611
2,183,e006,0.4455
2,183,e007,0.5867
2,183,e008,0.5213
2,183,e009,0.5069
2,183,e010,0.5782
2,183,e011,0.5828
2,183,e012,0.5017
2,183,e013,0.4677
2,183,e014,0.4051
2,183,e015,0.3932
2,183,e016,0.4733
2,183,e017,0.454
2,183,e018,0.4752
2,183,e019,0.3613
2,183,e020,0.4559
2,183,e021,0.437
2,183,e022,0.3626
2,183,e023,0.4486
2,183,e024,0.4462
2,184,e001,0.4116
2,184,e002,0.355
2,184,e003,0.3881
2,184,e004,0.4142
2,184,e005,0.3848
2,184,e006,0.44
2,184,e007,0.5593
2,184,e008,0.5622
2,184,e009,0.5121
2,184,e010,0.5632
2,184,e011,0.4776
2,184,e012,0.553
2,184,e013,0.4156
2,184,e014,0.358
2,184,e015,0.3392
2,184,e016,0.3574
2,184,e017,0.4159
2,184,e018,0.4351
2,184,e019,0.3981
2,184,e020,0.4027
2,184,e021,0.4185
2,184,e022,0.4098
2,184,e023,0.3703
2,184,e024,0.4297
2,185,e001,0.3908
2,185,e002,0.4244
2,185,e003,0.3927
2,185,e004,0.3868
2,185,e005,0.4356
2,185,e006,0.4296
2,185,e007,0.6068
2,185,e008,0.5826
2,185,e009,0.5685
2,185,e010,0.5409
2,185,e011,0.5201
2,185,e012,0.4941
2,185,e013,0.4748
2,185,e014,0.4361
2,185,e015,0.4427
2,185,e016,0.4578
2,185,e017,0.4534
2,185,e018,0.4534
2,185,e019,0.44
2,185,e020,0.4064
2,185,e021,0.3894
2,185,e022,0.3844
2,185,e023,0.4305
2,185,e024,0.3956
2,186,e001,0.4435
2,186,e002,0.4536
2,186,e003,0.4279
2,186,e004,0.4713
2,186,e005,0.4905
2,186,e006,0.4965
2,186,e007,0.6354
2,186,e008,0.5985
2,186,e009,0.5212
2,186,e010,0.5037
2,186,e011,0.5637
2,186,e012,0.5869
2,186,e013,0.4331
2,186,e014,0.5119
2,186,e015,0.4092
2,186,e016,0.464
2,186,e017,0.4523
2,186,e018,0.4566
2,186,e019,0.5136
2,186,e020,0.4765
2,186,e021,0.5227
2,186,e022,0.4437
2,186,e023,0.4862
2,186,e024,0.4215
2,187,e001,0.4089
2,187,e002,0.4703
2,187,e003,0.424
2,187,e004,0.498
2,187,e005,0.4407
2,187,e006,0.4893
2,187,e007,0.5807
2,187,e008,0.5912
2,187,e009,0.5512
2,187,e010,0.5403
2,187,e011,0.614
2,187,e012,0.5794
2,187,e013,0.4354
2,187,e014,0.4171
2,187,e015,0.4541
2,187,e016,0.5036
2,187,e017,0.4338
2,187,e018,0.4496
2,187,e019,0.4054
2,187,e020,0.4431
2,187,e021,0.4392
2,187,e022,0.4488
2,187,e023,0.3921
2,187,e024,0.3972
2,188,e001,0.4456
2,188,e002,0.3929
2,188,e003,0.3939
2,188,e004,0.3863
2,188,e005,0.3792
2,188,e006,0.4134
2,188,e007,0.5978
2,188,e008,0.5272
2,188,e009,0.598
2,188,e010,0.5888
2,188,e011,0.5586
2,188,e012,0.6084
2,188,e013,0.4138
2,188,e014,0.4528
2,188,e015,0.443
2,188,e016,0.3966
2,188,e017,0.3939
2,188,e018,0.4569
2,188,e019,0.4336
2,188,e020,0.433
2,188,e021,0.403
2,188,e022,0.4045
2,188,e023,0.4164
2,188,e024,0.4424
2,189,e001,0.3593
2,189,e002,0.4317
2,189,e003,0.4427
2,189,e004,0.3999
2,189,e005,0.3736
2,189,e006,0.3914
2,189,e007,0.5599
2,189,e008,0.5757
2,189,e009,0.5893
2,189,e010,0.5586
2,189,e011,0.5421
2,189,e012,0.5389
2,189,e013,0.3617
2,189,e014,0.4395
2,189,e015,0.429
2,189,e016,0.3739
2,189,e017,0.4318
2,189,e018,0.4099
2,189,e019,0.3587
2,189,e020,0.4099
2,189,e021,0.4528
2,189,e022,0.4217
2,189,e023,0.3343
2,189,e024,0.3999
2,190,e001,0.4347
2,190,e002,0.396
2,190,e003,0.4591
2,190,e004,0.448
2,190,e005,0.4705
2,190,e006,0.3847
2,190,e007,0.6048
2,190,e008,0.5612
2,190,e009,0.555
2,190,e010,0.6164
2,190,e011,0.5835
2,190,e012,0.5366
2,190,e013,0.4655
2,190,e014,0.4262
2,190,e015,0.4322
2,190,e016,0.5187
2,190,e017,0.4315
2,190,e018,0.4538
2,190,e019,0.4046
2,190,e020,0.4638
2,190,e021,0.4686
2,190,e022,0.4539
2,190,e023,0.4006
2,190,e024,0.4727
2,191,e001,0.4608
2,191,e002,0.4026
2,191,e003,0.4699
2,191,e004,0.366
2,191,e005,0.3742
2,191,e006,0.4383
2,191,e007,0.5804
2,191,e008,0.5174
2,191,e009,0.6139
2,191,e010,0.6134
2,191,e011,0.5545
2,191,e012,0.5052
2,191,e013,0.4712
2,191,e014,0.461
2,191,e015,0.4575
2,191,e016,0.4024
2,191,e017,0.3984
2,191,e018,0.3896
2,191,e019,0.4166
2,191,e020,0.3724
2,191,e021,0.4771
2,191,e022,0.4248
2,191,e023,0.4524
2,191,e024,0.3946
2,192,e001,0.383
2,192,e002,0.3923
2,192,e003,0.4506
2,192,e004,0.4695
2,192,e005,0.385
2,192,e006,0.4172
2,192,e007,0.6287
2,192,e008,0.5802
2,192,e009,0.5228
2,192,e010,0.5367
2,192,e011,0.5498
2,192,e012,0.5032
2,192,e013,0.4566
2,192,e014,0.3762
2,192,e015,0.4012
2,192,e016,0.4726
2,192,e017,0.4073
2,192,e018,0.3979
2,192,e019,0.4264
2,192,e020,0.3931
2,192,e021,0.473
2,192,e022,0.3981
2,192,e023,0.3622
2,192,e024,0.4038
2,193,e001,0.4572
2,193,e002,0.486
2,193,e003,0.4866
2,193,e004,0.4869
2,193,e005,0.4285
2,193,e006,0.4751
2,193,e007,0.5764
2,193,e008,0.6219
2,193,e009,0.6145
2,193,e010,0.587
2,193,e011,0.5744
2,193,e012,0.6026
2,193,e013,0.4007
2,193,e014,0.4724
2,193,e015,0.4714
2,193,e016,0.5116
2,193,e017,0.4455
2,193,e018,0.4744
2,193,e019,0.4032
2,193,e020,0.4898
2,193,e021,0.5196
2,193,e022,0.4779
2,193,e023,0.4519
2,193,e024,0.4492
2,194,e001,0.4671
2,194,e002,0.4912
2,194,e003,0.4458
2,194,e004,0.4482
2,194,e005,0.4698
2,194,e006,0.4568
2,194,e007,0.5879
2,194,e008,0.5822
2,194,e009,0.538
2,194,e010,0.6086
2,194,e011,0.6066
2,194,e012,0.5755
2,194,e013,0.4651
2,194,e014,0.4475
2,194,e015,0.4282
2,194,e016,0.512
2,194,e017,0.473
2,194,e018,0.4658
2,194,e019,0.4015
2,194,e020,0.448
2,194,e021,0.4314
2,194,e022,0.4782
2,194,e023,0.4301
2,194,e024,0.4471
2,195,e001,0.4197
2,195,e002,0.4932
2,195,e003,0.3978
2,195,e004,0.4596
2,195,e005,0.4816
2,195,e006,0.4504
2,195,e007,0.6233
2,195,e008,0.5462
2,195,e009,0.5679
2,195,e010,0.6245
2,195,e011,0.6055
2,195,e012,0.58
2,195,e013,0.5181
2,195,e014,0.4412
2,195,e015,0.4888
2,195,e016,0.4604
2,195,e017,0.4634
2,195,e018,0.4799
2,195,e019,0.4692
2,195,e020,0.4662
2,195,e021,0.4304
2,195,e022,0.4771
2,195,e023,0.4305
2,195,e024,0.4499
2,196,e001,0.4524
2,196,e002,0.4238
2,196,e003,0.4653
2,196,e004,0.4722
2,196,e005,0.4701
2,196,e006,0.4708
2,196,e007,0.5267
2,196,e008,0.5833
2,196,e009,0.6081
2,196,e010,0.569
2,196,e011,0.5705
2,196,e012,0.6086
2,196,e013,0.4397
2,196,e014,0.4302
2,196,e015,0.4317
2,196,e016,0.4549
2,196,e017,0.414
2,196,e018,0.425
2,196,e019,0.4523
2,196,e020,0.396
2,196,e021,0.4794
2,196,e022,0.4882
2,196,e023,0.4564
2,196,e024,0.5082
2,197,e001,0.4007
2,197,e002,0.4648
2,197,e003,0.4351
2,197,e004,0.5124
2,197,e005,0.421
2,197,e006,0.4978
2,197,e007,0.5695
2,197,e008,0.6035
2,197,e009,0.5556
2,197,e010,0.4972
2,197,e011,0.552
2,197,e012,0.5669
2,197,e013,0.5036
2,197,e014,0.4393
2,197,e015,0.4143
2,197,e016,0.4414
2,197,e017,0.3975
2,197,e018,0.428
2,197,e019,0.4071
2,197,e020,0.486
2,197,e021,0.4939
2,197,e022,0.416
2,197,e023,0.4651
2,197,e024,0.4083
2,198,e001,0.5058
2,198,e002,0.4806
2,198,e003,0.4803
2,198,e004,0.4824
2,198,e005,0.4639
2,198,e006,0.5098
2,198,e007,0.6615
2,198,e008,0.5642
2,198,e009,0.6176
2,198,e010,0.5983
2,198,e011,0.5941
2,198,e012,0.5986
2,198,e013,0.4084
2,198,e014,0.4534
2,198,e015,0.4667
2,198,e016,0.5003
2,198,e017,0.4843
2,198,e018,0.4432
2,198,e019,0.457
2,198,e020,0.4467
2,198,e021,0.4224
2,198,e022,0.4212
2,198,e023,0.4739
2,198,e024,0.4844
2,199,e001,0.4572
2,199,e002,0.4841
2,199,e003,0.3745
2,199,e004,0.4119
2,199,e005,0.4813
2,199,e006,0.3896
2,199,e007,0.5209
2,199,e008,0.5824
2,199,e009,0.6082
2,199,e010,0.5991
2,199,e011,0.5561
2,199,e012,0.5385
2,199,e013,0.424
2,199,e014,0.4402
2,199,e015,0.4491
2,199,e016,0.4444
2,199,e017,0.4771
2,199,e018,0.5004
2,199,e019,0.4509
2,199,e020,0.4396
2,199,e021,0.4446
2,199,e022,0.4582
2,199,e023,0.4804
2,199,e024,0.488
2,200,e001,0.4847
2,200,e002,0.4483
2,200,e003,0.4311
2,200,e004,0.482
2,200,e005,0.498
2,200,e006,0.407
2,200,e007,0.7609
2,200,e008,0.7986
2,200,e009,0.7507
2,200,e010,0.7784
2,200,e011,0.8015
2,200,e012,0.8093
2,200,e013,0.4827
2,200,e014,0.4449
2,200,e015,0.4743
2,200,e016,0.4168
2,200,e017,0.4521
2,200,e018,0.507
2,200,e019,0.4741
2,200,e020,0.5418
2,200,e021,0.4346
2,200,e022,0.4093
2,200,e023,0.4865
2,200,e024,0.3925
2,201,e001,0.4769
2,201,e002,0.4489
2,201,e003,0.4288
2,201,e004,0.4118
2,201,e005,0.4781
2,201,e006,0.4795
2,201,e007,0.7221
2,201,e008,0.7753
2,201,e009,0.7436
2,201,e010,0.8038
2,201,e011,0.8146
2,201,e012,0.7722
2,201,e013,0.4292
2,201,e014,0.4748
2,201,e015,0.3974
2,201,e016,0.4411
2,201,e017,0.4695
2,201,e018,0.5069
2,201,e019,0.4426
2,201,e020,0.4743
2,201,e021,0.4509
2,201,e022,0.5282
2,201,e023,0.4794
2,201,e024,0.5003
2,202,e001,0.4735
2,202,e002,0.4812
2,202,e003,0.4941
2,202,e004,0.454
2,202,e005,0.4714
2,202,e006,0.519
2,202,e007,0.8461
2,202,e008,0.7757
2,202,e009,0.7872
2,202,e010,0.8403
2,202,e011,0.8244
2,202,e012,0.8237
2,202,e013,0.4897
2,202,e014,0.4589
2,202,e015,0.4455
2,202,e016,0.4529
2,202,e017,0.4783
2,202,e018,0.403
2,202,e019,0.4311
2,202,e020,0.5255
2,202,e021,0.451
2,202,e022,0.4815
2,202,e023,0.4351
2,202,e024,0.428
2,203,e001,0.4227
2,203,e002,0.4518
2,203,e003,0.4388
2,203,e004,0.4299
2,203,e005,0.4166
2,203,e006,0.4835
2,203,e007,0.8053
2,203,e008,0.8084
2,203,e009,0.8062
2,203,e010,0.8214
2,203,e011,0.7481
2,203,e012,0.7623
2,203,e013,0.4745
2,203,e014,0.479
2,203,e015,0.4725
2,203,e016,0.4334
2,203,e017,0.4181
2,203,e018,0.5051
2,203,e019,0.467
2,203,e020,0.4363
2,203,e021,0.4399
2,203,e022,0.5177
2,203,e023,0.4878
2,203,e024,0.5054
2,204,e001,0.4673
2,204,e002,0.389
2,204,e003,0.4195
2,204,e004,0.4201
2,204,e005,0.3819
2,204,e006,0.4238
2,204,e007,0.7391
2,204,e008,0.7184
2,204,e009,0.7522
2,204,e010,0.6944
2,204,e011,0.7097
2,204,e012,0.7826
2,204,e013,0.3875
2,204,e014,0.3813
2,204,e015,0.3676
2,204,e016,0.4481
2,204,e017,0.4575
2,204,e018,0.456
2,204,e019,0.4175
2,204,e020,0.3954
2,204,e021,0.4486
2,204,e022,0.4561
2,204,e023,0.4498
2,204,e024,0.3593
2,205,e001,0.4361
2,205,e002,0.4916
2,205,e003,0.4177
2,205,e004,0.467
2,205,e005,0.4538
2,205,e006,0.4473
2,205,e007,0.7731
2,205,e008,0.7172
2,205,e009,0.8004
2,205,e010,0.7317
2,205,e011,0.8104
2,205,e012,0.7268
2,205,e013,0.4391
2,205,e014,0.4242
2,205,e015,0.4704
2,205,e016,0.4002
2,205,e017,0.4794
2,205,e018,0.4913
2,205,e019,0.4442
2,205,e020,0.3909
2,205,e021,0.4322
2,205,e022,0.4516
2,205,e023,0.4326
2,205,e024,0.4711
2,206,e001,0.4718
2,206,e002,0.4281
2,206,e003,0.4199
2,206,e004,0.4714
2,206,e005,0.4473
2,206,e006,0.42
2,206,e007,0.7536
2,206,e008,0.7441
2,206,e009,0.6905
2,206,e010,0.7612
2,206,e011,0.7559
2,206,e012,0.7981
2,206,e013,0.4602
2,206,e014,0.4218
2,206,e015,0.4911
2,206,e016,0.4632
2,206,e017,0.4146
2,206,e018,0.4564
2,206,e019,0.404
2,206,e020,0.3648
2,206,e021,0.4506
2,206,e022,0.3959
2,206,e023,0.4756
2,206,e024,0.398
2,207,e001,0.5209
2,207,e002,0.512
2,207,e003,0.4326
2,207,e004,0.4484
2,207,e005,0.4594
2,207,e006,0.4846
2,207,e007,0.7413
2,207,e008,0.7466
2,207,e009,0.7898
2,207,e010,0.7833
2,207,e011,0.7705
2,207,e012,0.8376
2,207,e013,0.5043
2,207,e014,0.4577
2,207,e015,0.5042
2,207,e016,0.4231
2,207,e017,0.4547
2,207,e018,0.4378
2,207,e019,0.4711
2,207,e020,0.4573
2,207,e021,0.469
2,207,e022,0.4761
2,207,e023,0.4509
2,207,e024,0.417
2,208,e001,0.5794
2,208,e002,0.5572
2,208,e003,0.5672
2,208,e004,0.5251
2,208,e005,0.4971
2,208,e006,0.464
2,208,e007,0.8448
2,208,e008,0.7957
2,208,e009,0.8284
2,208,e010,0.8476
2,208,e011,0.8207
2,208,e012,0.8952
2,208,e013,0.5733
2,208,e014,0.5373
2,208,e015,0.4757
2,208,e016,0.548
2,208,e017,0.5327
2,208,e018,0.5149
2,208,e019,0.4648
2,208,e020,0.5732
2,208,e021,0.5324
2,208,e022,0.4693
2,208,e023,0.479
2,208,e024,0.4698
2,209,e001,0.5401
2,209,e002,0.4891
2,209,e003,0.505
2,209,e004,0.485
2,209,e005,0.4593
2,209,e006,0.4728
2,209,e007,0.8502
2,209,e008,0.8227
2,209,e009,0.8019
2,209,e010,0.768
2,209,e011,0.8226
2,209,e012,0.8257
2,209,e013,0.5024
2,209,e014,0.4572
2,209,e015,0.4704
2,209,e016,0.4743
2,209,e017,0.5009
2,209,e018,0.4913
2,209,e019,0.5299
2,209,e020,0.4788
2,209,e021,0.4647
2,209,e022,0.4958
2,209,e023,0.4187
2,209,e024,0.4883
2,210,e001,0.4781
2,210,e002,0.4354
2,210,e003,0.4531
2,210,e004,0.4609
2,210,e005,0.5138
2,210,e006,0.4629
2,210,e007,0.7871
2,210,e008,0.7638
2,210,e009,0.772
2,210,e010,0.8233
2,210,e011,0.7684
2,210,e012,0.7567
2,210,e013,0.5084
2,210,e014,0.4481
2,210,e015,0.4414
2,210,e016,0.5093
2,210,e017,0.5001
2,210,e018,0.4694
2,210,e019,0.4625
2,210,e020,0.4896
2,210,e021,0.4499
2,210,e022,0.4812
2,210,e023,0.4691
2,210,e024,0.4075
2,211,e001,0.4419
2,211,e002,0.5318
2,211,e003,0.5331
2,211,e004,0.4992
2,211,e005,0.4566
2,211,e006,0.4674
2,211,e007,0.7835
2,211,e008,0.8569
2,211,e009,0.7978
2,211,e010,0.7738
2,211,e011,0.8269
2,211,e012,0.7909
2,211,e013,0.487
2,211,e014,0.4591
2,211,e015,0.4276
2,211,e016,0.4488
2,211,e017,0.4961
2,211,e018,0.468
2,211,e019,0.5164
2,211,e020,0.4361
2,211,e021,0.442
2,211,e022,0.5121
2,211,e023,0.5044
2,211,e024,0.5026
2,212,e001,0.4482
2,212,e002,0.4303
2,212,e003,0.4423
2,212,e004,0.5064
2,212,e005,0.4266
2,212,e006,0.4631
2,212,e007,0.8181
2,212,e008,0.839
2,212,e009,0.8374
2,212,e010,0.7188
2,212,e011,0.7373
2,212,e012,0.7686
2,212,e013,0.4677
2,212,e014,0.4744
2,212,e015,0.4925
2,212,e016,0.465
2,212,e017,0.5195
2,212,e018,0.4526
2,212,e019,0.4709
2,212,e020,0.4453
2,212,e021,0.4741
2,212,e022,0.4724
2,212,e023,0.5154
2,212,e024,0.4585
2,213,e001,0.45
2,213,e002,0.4562
2,213,e003,0.4498
2,213,e004,0.4086
2,213,e005,0.4515
2,213,e006,0.4554
2,213,e007,0.7967
2,213,e008,0.7566
2,213,e009,0.758
2,213,e010,0.7461
2,213,e011,0.6848
2,213,e012,0.7146
2,213,e013,0.3925
2,213,e014,0.4477
2,213,e015,0.4533
2,213,e016,0.428
2,213,e017,0.4161
2,213,e018,0.4814
2,213,e019,0.4487
2,213,e020,0.467
2,213,e021,0.4404
2,213,e022,0.3806
2,213,e023,0.5044
2,213,e024,0.4628
2,214,e001,0.522
2,214,e002,0.4626
2,214,e003,0.4595
2,214,e004,0.4947
2,214,e005,0.4367
2,214,e006,0.4457
2,214,e007,0.8084
2,214,e008,0.7455
2,214,e009,0.7767
2,214,e010,0.8716
2,214,e011,0.7918
2,214,e012,0.8137
2,214,e013,0.4398
2,214,e014,0.4617
2,214,e015,0.5062
2,214,e016,0.5286
2,214,e017,0.4991
2,214,e018,0.458
2,214,e019,0.4903
2,214,e020,0.4914
2,214,e021,0.512
2,214,e022,0.4414
2,214,e023,0.4308
2,214,e024,0.4412
2,215,e001,0.4912
2,215,e002,0.3891
2,215,e003,0.4546
2,215,e004,0.5025
2,215,e005,0.4852
2,215,e006,0.491
2,215,e007,0.7308
2,215,e008,0.779
2,215,e009,0.7583
2,215,e010,0.7047
2,215,e011,0.7975
2,215,e012,0.7701
2,215,e013,0.4531
2,215,e014,0.443
2,215,e015,0.4356
2,215,e016,0.3918
2,215,e017,0.4118
2,215,e018,0.4624
2,215,e019,0.3979
2,215,e020,0.3756
2,215,e021,0.4384
2,215,e022,0.4969
2,215,e023,0.4557
2,215,e024,0.4122
2,216,e001,0.4681
2,216,e002,0.4933
2,216,e003,0.4564
2,216,e004,0.5033
2,216,e005,0.475
2,216,e006,0.5263
2,216,e007,0.7956
2,216,e008,0.7644
2,216,e009,0.777
2,216,e010,0.7549
2,216,e011,0.8332
2,216,e012,0.7722
2,216,e013,0.5233
2,216,e014,0.4577
2,216,e015,0.488
2,216,e016,0.4967
2,216,e017,0.5323
2,216,e018,0.4496
2,216,e019,0.472
2,216,e020,0.4831
2,216,e021,0.4831
2,216,e022,0.4207
2,216,e023,0.509
2,216,e024,0.518
2,217,e001,0.4804
2,217,e002,0.5618
2,217,e003,0.5387
2,217,e004,0.4693
2,217,e005,0.4864
2,217,e006,0.5688
2,217,e007,0.8774
2,217,e008,0.8321
2,217,e009,0.8021
2,217,e010,0.8599
2,217,e011,0.8405
2,217,e012,0.8834
2,217,e013,0.5216
2,217,e014,0.5143
2,217,e015,0.483
2,217,e016,0.5404
2,217,e017,0.4897
2,217,e018,0.539
2,217,e019,0.492
2,217,e020,0.5595
2,217,e021,0.5288
2,217,e022,0.5478
2,217,e023,0.519
2,217,e024,0.4972
2,218,e001,0.4868
2,218,e002,0.4515
2,218,e003,0.429
2,218,e004,0.4501
2,218,e005,0.4047
2,218,e006,0.4023
2,218,e007,0.5063
2,218,e008,0.5715
2,218,e009,0.5721
2,218,e010,0.5617
2,218,e011,0.5648
2,218,e012,0.5674
2,218,e013,0.4315
2,218,e014,0.427
2,218,e015,0.443
2,218,e016,0.4855
2,218,e017,0.423
2,218,e018,0.4589
2,218,e019,0.487
2,218,e020,0.4933
2,218,e021,0.4508
2,218,e022,0.4242
2,218,e023,0.4161
2,218,e024,0.4702
2,219,e001,0.4877
2,219,e002,0.5138
2,219,e003,0.5014
2,219,e004,0.5063
2,219,e005,0.5239
2,219,e006,0.4474
2,219,e007,0.6889
2,219,e008,0.6439
2,219,e009,0.6817
2,219,e010,0.6097
2,219,e011,0.6443
2,219,e012,0.6312
2,219,e013,0.5363
2,219,e014,0.5292
2,219,e015,0.4372
2,219,e016,0.5152
2,219,e017,0.5312
2,219,e018,0.481
2,219,e019,0.4915
2,219,e020,0.5386
2,219,e021,0.473
2,219,e022,0.5382
2,219,e023,0.4787
2,219,e024,0.5044
2,220,e001,0.4989
2,220,e002,0.4504
2,220,e003,0.4743
2,220,e004,0.4783
2,220,e005,0.4568
2,220,e006,0.4531
2,220,e007,0.6265
2,220,e008,0.5817
2,220,e009,0.5843
2,220,e010,0.619
2,220,e011,0.6082
2,220,e012,0.5832
2,220,e013,0.4737
2,220,e014,0.4307
2,220,e015,0.4009
2,220,e016,0.5002
2,220,e017,0.476
2,220,e018,0.4996
2,220,e019,0.4708
2,220,e020,0.4497
2,220,e021,0.5017
2,220,e022,0.4122
2,220,e023,0.432
2,220,e024,0.5026
2,221,e001,0.5433
2,221,e002,0.4965
2,221,e003,0.4508
2,221,e004,0.5263
2,221,e005,0.447
2,221,e006,0.4728
2,221,e007,0.6446
2,221,e008,0.6169
2,221,e009,0.6514
2,221,e010,0.5972
2,221,e011,0.6553
2,221,e012,0.5955
2,221,e013,0.4965
2,221,e014,0.4751
2,221,e015,0.4861
2,221,e016,0.5039
2,221,e017,0.5218
2,221,e018,0.5468
2,221,e019,0.4943
2,221,e020,0.5056
2,221,e021,0.5202
2,221,e022,0.4845
2,221,e023,0.5119
2,221,e024,0.5464
2,222,e001,0.4881
2,222,e002,0.4268
2,222,e003,0.4314
2,222,e004,0.448
2,222,e005,0.4362
2,222,e006,0.5001
2,222,e007,0.6425
2,222,e008,0.566
2,222,e009,0.6084
2,222,e010,0.594
2,222,e011,0.6211
2,222,e012,0.5941
2,222,e013,0.4049
2,222,e014,0.4963
2,222,e015,0.4582
2,222,e016,0.436
2,222,e017,0.5015
2,222,e018,0.4964
2,222,e019,0.4454
2,222,e020,0.4477
2,222,e021,0.457
2,222,e022,0.4733
2,222,e023,0.472
2,222,e024,0.4767
2,223,e001,0.4454
2,223,e002,0.5125
2,223,e003,0.5151
2,223,e004,0.4648
2,223,e005,0.5179
2,223,e006,0.4867
2,223,e007,0.6269
2,223,e008,0.5918
2,223,e009,0.5608
2,223,e010,0.6355
2,223,e011,0.6083
2,223,e012,0.5686
2,223,e013,0.4497
2,223,e014,0.4676
2,223,e015,0.4789
2,223,e016,0.4381
2,223,e017,0.4776
2,223,e018,0.4799
2,223,e019,0.4579
2,223,e020,0.4772
2,223,e021,0.467
2,223,e022,0.4779
2,223,e023,0.4521
2,223,e024,0.5108
2,224,e001,0.4493
2,224,e002,0.4732
2,224,e003,0.4399
2,224,e004,0.5468
2,224,e005,0.4913
2,224,e006,0.475
2,224,e007,0.5643
2,224,e008,0.6403
2,224,e009,0.6216
2,224,e010,0.6668
2,224,e011,0.6508
2,224,e012,0.6398
2,224,e013,0.4438
2,224,e014,0.5157
2,224,e015,0.5117
2,224,e016,0.4488
2,224,e017,0.5626
2,224,e018,0.4599
2,224,e019,0.5178
2,224,e020,0.507
2,224,e021,0.4272
2,224,e022,0.4321
2,224,e023,0.432
2,224,e024,0.4704
2,225,e001,0.4246
2,225,e002,0.4216
2,225,e003,0.4773
2,225,e004,0.4435
2,225,e005,0.4051
2,225,e006,0.515
2,225,e007,0.5781
2,225,e008,0.5546
2,225,e009,0.6685
2,225,e010,0.6145
2,225,e011,0.5308
2,225,e012,0.6649
2,225,e013,0.5011
2,225,e014,0.4246
2,225,e015,0.4809
2,225,e016,0.4239
2,225,e017,0.5119
2,225,e018,0.5101
2,225,e019,0.4831
2,225,e020,0.4396
2,225,e021,0.4667
2,225,e022,0.4462
2,225,e023,0.5159
2,225,e024,0.5265
2,226,e001,0.4182
2,226,e002,0.456
2,226,e003,0.5062
2,226,e004,0.41
2,226,e005,0.493
2,226,e006,0.5425
2,226,e007,0.5776
2,226,e008,0.6381
2,226,e009,0.5732
2,226,e010,0.5419
2,226,e011,0.6196
2,226,e012,0.5544
2,226,e013,0.4047
2,226,e014,0.4517
2,226,e015,0.5061
2,226,e016,0.4382
2,226,e017,0.5014
2,226,e018,0.4827
2,226,e019,0.5021
2,226,e020,0.4868
2,226,e021,0.4311
2,226,e022,0.5071
2,226,e023,0.469
2,226,e024,0.4081
2,227,e001,0.5489
2,227,e002,0.493
2,227,e003,0.4697
2,227,e004,0.5556
2,227,e005,0.4718
2,227,e006,0.4562
2,227,e007,0.6408
2,227,e008,0.6342
2,227,e009,0.6311
2,227,e010,0.6832
2,227,e011,0.6783
2,227,e012,0.6602
2,227,e013,0.5347
2,227,e014,0.5168
2,227,e015,0.5153
2,227,e016,0.483
2,227,e017,0.5216
2,227,e018,0.5276
2,227,e019,0.4811
2,227,e020,0.4778
2,227,e021,0.4769
2,227,e022,0.4867
2,227,e023,0.5022
2,227,e024,0.4512
2,228,e001,0.5148
2,228,e002,0.4576
2,228,e003,0.4562
2,228,e004,0.5033
2,228,e005,0.4161
2,228,e006,0.4521
2,228,e007,0.6018
2,228,e008,0.56
2,228,e009,0.6654
2,228,e010,0.5861
2,228,e011,0.6057
2,228,e012,0.5819
2,228,e013,0.5122
2,228,e014,0.5191
2,228,e015,0.4594
2,228,e016,0.4385
2,228,e017,0.4449
2,228,e018,0.4825
2,228,e019,0.4992
2,228,e020,0.4744
2,228,e021,0.4965
2,228,e022,0.4634
2,228,e023,0.4461
2,228,e024,0.492
2,229,e001,0.4839
2,229,e002,0.4326
2,229,e003,0.4484
2,229,e004,0.4685
2,229,e005,0.5194
2,229,e006,0.5175
2,229,e007,0.5839
2,229,e008,0.598
2,229,e009,0.6363
2,229,e010,0.5925
2,229,e011,0.5773
2,229,e012,0.6176
2,229,e013,0.4746
2,229,e014,0.4519
2,229,e015,0.4306
2,229,e016,0.5092
2,229,e017,0.4303
2,229,e018,0.4736
2,229,e019,0.5118
2,229,e020,0.4586
2,229,e021,0.4081
2,229,e022,0.5146
2,229,e023,0.4436
2,229,e024,0.5258
2,230,e001,0.4788
2,230,e002,0.4161
2,230,e003,0.4833
2,230,e004,0.418
2,230,e005,0.4217
2,230,e006,0.4788
2,230,e007,0.5981
2,230,e008,0.6547
2,230,e009,0.6273
2,230,e010,0.588
2,230,e011,0.5484
2,230,e012,0.5717
2,230,e013,0.4663
2,230,e014,0.4999
2,230,e015,0.4155
2,230,e016,0.472
2,230,e017,0.4295
2,230,e018,0.452
2,230,e019,0.4065
2,230,e020,0.4932
2,230,e021,0.4881
2,230,e022,0.4777
2,230,e023,0.5114
2,230,e024,0.4567
2,231,e001,0.5417
2,231,e002,0.5314
2,231,e003,0.512
2,231,e004,0.5103
2,231,e005,0.4668
2,231,e006,0.558
2,231,e007,0.6113
2,231,e008,0.5539
2,231,e009,0.5916
2,231,e010,0.6785
2,231,e011,0.6362
2,231,e012,0.6466
2,231,e013,0.5599
2,231,e014,0.5026
2,231,e015,0.5105
2,231,e016,0.4878
2,231,e017,0.5027
2,231,e018,0.479
2,231,e019,0.5266
2,231,e020,0.4664
2,231,e021,0.468
2,231,e022,0.5209
2,231,e023,0.4793
2,231,e024,0.464
2,232,e001,0.4668
2,232,e002,0.5291
2,232,e003,0.4154
2,232,e004,0.4314
2,232,e005,0.4694
2,232,e006,0.4953
2,232,e007,0.6094
2,232,e008,0.6209
2,232,e009,0.6029
2,232,e010,0.6168
2,232,e011,0.5868
2,232,e012,0.6146
2,232,e013,0.4071
2,232,e014,0.5048
2,232,e015,0.4548
2,232,e016,0.4071
2,232,e017,0.4431
2,232,e018,0.4249
2,232,e019,0.4434
2,232,e020,0.5147
2,232,e021,0.4774
2,232,e022,0.503
2,232,e023,0.4737
2,232,e024,0.4916
2,233,e001,0.4255
2,233,e002,0.4242
2,233,e003,0.4729
2,233,e004,0.4179
2,233,e005,0.4555
2,233,e006,0.4333
2,233,e007,0.5902
2,233,e008,0.5356
2,233,e009,0.599
2,233,e010,0.5341
2,233,e011,0.6279
2,233,e012,0.5653
2,233,e013,0.4634
2,233,e014,0.5089
2,233,e015,0.4967
2,233,e016,0.4719
2,233,e017,0.4289
2,233,e018,0.48
2,233,e019,0.4536
2,233,e020,0.4928
2,233,e021,0.4919
2,233,e022,0.4554
2,233,e023,0.4558
2,233,e024,0.446
2,234,e001,0.4447
2,234,e002,0.4562
2,234,e003,0.4869
2,234,e004,0.4631
2,234,e005,0.5156
2,234,e006,0.4674
2,234,e007,0.642
2,234,e008,0.6129
2,234,e009,0.6182
2,234,e010,0.5733
2,234,e011,0.6228
2,234,e012,0.6303
2,234,e013,0.486
2,234,e014,0.4799
2,234,e015,0.4656
2,234,e016,0.4988
2,234,e017,0.4509
2,234,e018,0.4934
2,234,e019,0.475
2,234,e020,0.5145
2,234,e021,0.428
2,234,e022,0.4692
2,234,e023,0.4281
2,234,e024,0.4949
2,235,e001,0.5034
2,235,e002,0.495
2,235,e003,0.4704
2,235,e004,0.5231
2,235,e005,0.4546
2,235,e006,0.4618
2,235,e007,0.6003
2,235,e008,0.5769
2,235,e009,0.68
2,235,e010,0.5953
2,235,e011,0.6111
2,235,e012,0.6193
2,235,e013,0.4541
2,235,e014,0.4836
2,235,e015,0.5256
2,235,e016,0.5144
2,235,e017,0.4656
2,235,e018,0.4967
2,235,e019,0.5296
2,235,e020,0.4389
2,235,e021,0.4966
2,235,e022,0.4834
2,235,e023,0.4654
2,235,e024,0.5342
2,236,e001,0.438
2,236,e002,0.4518
2,236,e003,0.4912
2,236,e004,0.425
2,236,e005,0.4366
2,236,e006,0.4242
2,236,e007,0.5454
2,236,e008,0.543
2,236,e009,0.5589
2,236,e010,0.52
2,236,e011,0.5718
2,236,e012,0.5987
2,236,e013,0.4945
2,236,e014,0.3893
2,236,e015,0.4924
2,236,e016,0.4132
2,236,e017,0.4573
2,236,e018,0.4492
2,236,e019,0.4829
2,236,e020,0.4672
2,236,e021,0.5096
2,236,e022,0.4318
2,236,e023,0.4107
2,236,e024,0.4445
2,237,e001,0.488
2,237,e002,0.4222
2,237,e003,0.4396
2,237,e004,0.4492
2,237,e005,0.4902
2,237,e006,0.4913
2,237,e007,0.5833
2,237,e008,0.6312
2,237,e009,0.5425
2,237,e010,0.5799
2,237,e011,0.6583
2,237,e012,0.6054
2,237,e013,0.4939
2,237,e014,0.4379
2,237,e015,0.5226
2,237,e016,0.5058
2,237,e017,0.5024
2,237,e018,0.4663
2,237,e019,0.4646
2,237,e020,0.4148
2,237,e021,0.4948
2,237,e022,0.4552
2,237,e023,0.4843
2,237,e024,0.4904
2,238,e001,0.4437
2,238,e002,0.4516
2,238,e003,0.4719
2,238,e004,0.4514
2,238,e005,0.4553
2,238,e006,0.4757
2,238,e007,0.5562
2,238,e008,0.5331
2,238,e009,0.608
2,238,e010,0.5941
2,238,e011,0.5182
2,238,e012,0.5912
2,238,e013,0.4317
2,238,e014,0.3894
2,238,e015,0.3744
2,238,e016,0.3969
2,238,e017,0.4615
2,238,e018,0.4091
2,238,e019,0.4099
2,238,e020,0.4622
2,238,e021,0.4394
2,238,e022,0.4097
2,238,e023,0.3956
2,238,e024,0.4589
2,239,e001,0.4985
2,239,e002,0.5517
2,239,e003,0.5692
2,239,e004,0.5037
2,239,e005,0.5022
2,239,e006,0.5025
2,239,e007,0.6171
2,239,e008,0.5923
2,239,e009,0.6116
2,239,e010,0.6202
2,239,e011,0.6661
2,239,e012,0.6944
2,239,e013,0.4673
2,239,e014,0.5338
2,239,e015,0.5366
2,239,e016,0.4856
2,239,e017,0.538
2,239,e018,0.4781
2,239,e019,0.5097
2,239,e020,0.4649
2,239,e021,0.4653
2,239,e022,0.4828
2,239,e023,0.5365
2,239,e024,0.4996
2,240,e001,0.4914
2,240,e002,0.4873
2,240,e003,0.5334
2,240,e004,0.5199
2,240,e005,0.5106
2,240,e006,0.4345
2,240,e007,0.6688
2,240,e008,0.5996
2,240,e009,0.6257
2,240,e010,0.6026
2,240,e011,0.63
2,240,e012,0.6009
2,240,e013,0.4508
2,240,e014,0.4824
2,240,e015,0.4516
2,240,e016,0.4989
2,240,e017,0.525
2,240,e018,0.4225
2,240,e019,0.4357
2,240,e020,0.5258
2,240,e021,0.5166
2,240,e022,0.4249
2,240,e023,0.4545
2,240,e024,0.4882
2,241,e001,0.4985
2,241,e002,0.4499
2,241,e003,0.5004
2,241,e004,0.545
2,241,e005,0.4711
2,241,e006,0.4545
2,241,e007,0.6338
2,241,e008,0.5877
2,241,e009,0.5542
2,241,e010,0.5823
2,241,e011,0.5707
2,241,e012,0.6588
2,241,e013,0.5164
2,241,e014,0.4968
2,241,e015,0.4742
2,241,e016,0.4371
2,241,e017,0.5284
2,241,e018,0.4355
2,241,e019,0.4988
2,241,e020,0.4492
2,241,e021,0.4793
2,241,e022,0.53
2,241,e023,0.4996
2,241,e024,0.4813
2,242,e001,0.5081
2,242,e002,0.5052
2,242,e003,0.4689
2,242,e004,0.4749
2,242,e005,0.4823
2,242,e006,0.4838
2,242,e007,0.5591
2,242,e008,0.6311
2,242,e009,0.5976
2,242,e010,0.6581
2,242,e011,0.6154
2,242,e012,0.6719
2,242,e013,0.5008
2,242,e014,0.4497
2,242,e015,0.4198
2,242,e016,0.5108
2,242,e017,0.458
2,242,e018,0.4629
2,242,e019,0.5507
2,242,e020,0.4858
2,242,e021,0.4882
2,242,e022,0.4623
2,242,e023,0.518
2,242,e024,0.4479
2,243,e001,0.5037
2,243,e002,0.4543
2,243,e003,0.5069
2,243,e004,0.5299
2,243,e005,0.4893
2,243,e006,0.4888
2,243,e007,0.5991
2,243,e008,0.6285
2,243,e009,0.6281
2,243,e010,0.6287
2,243,e011,0.5941
2,243,e012,0.6456
2,243,e013,0.4659
2,243,e014,0.4815
2,243,e015,0.4616
2,243,e016,0.4509
2,243,e017,0.4343
2,243,e018,0.4512
2,243,e019,0.4688
2,243,e020,0.4663
2,243,e021,0.4893
2,243,e022,0.5156
2,243,e023,0.4426
2,243,e024,0.4548
2,244,e001,0.4984
2,244,e002,0.4342
2,244,e003,0.4901
2,244,e004,0.4031
2,244,e005,0.4165
2,244,e006,0.4058
2,244,e007,0.5747
2,244,e008,0.5809
2,244,e009,0.611
2,244,e010,0.6031
2,244,e011,0.614
2,244,e012,0.644
2,244,e013,0.4996
2,244,e014,0.5109
2,244,e015,0.4677
2,244,e016,0.4477
2,244,e017,0.4435
2,244,e018,0.4981
2,244,e019,0.5042
2,244,e020,0.4995
2,244,e021,0.4426
2,244,e022,0.4812
2,244,e023,0.4664
2,244,e024,0.4439
2,245,e001,0.4294
2,245,e002,0.4192
2,245,e003,0.48
2,245,e004,0.4155
2,245,e005,0.4529
2,245,e006,0.4673
2,245,e007,0.6097
2,245,e008,0.5977
2,245,e009,0.5473
2,245,e010,0.6146
2,245,e011,0.6462
2,245,e012,0.5395
2,245,e013,0.4935
2,245,e014,0.4035
2,245,e015,0.4746
2,245,e016,0.4019
2,245,e017,0.4182
2,245,e018,0.428
2,245,e019,0.4639
2,245,e020,0.4494
2,245,e021,0.5236
2,245,e022,0.4468
2,245,e023,0.5077
2,245,e024,0.4595
2,246,e001,0.4077
2,246,e002,0.4349
2,246,e003,0.3905
2,246,e004,0.4413
2,246,e005,0.4692
2,246,e006,0.4575
2,246,e007,0.5832
2,246,e008,0.5406
2,246,e009,0.5504
2,246,e010,0.549
2,246,e011,0.5908
2,246,e012,0.5873
2,246,e013,0.4554
2,246,e014,0.4892
2,246,e015,0.5067
2,246,e016,0.462
2,246,e017,0.4072
2,246,e018,0.4339
2,246,e019,0.4327
2,246,e020,0.4501
2,246,e021,0.4336
2,246,e022,0.481
2,246,e023,0.3978
2,246,e024,0.4474
2,247,e001,0.4102
2,247,e002,0.3865
2,247,e003,0.4137
2,247,e004,0.51
2,247,e005,0.4684
2,247,e006,0.4392
2,247,e007,0.5736
2,247,e008,0.6145
2,247,e009,0.5086
2,247,e010,0.5109
2,247,e011,0.5254
2,247,e012,0.6103
2,247,e013,0.4574
2,247,e014,0.4996
2,247,e015,0.4635
2,247,e016,0.464
2,247,e017,0.4181
2,247,e018,0.4237
2,247,e019,0.4347
2,247,e020,0.4816
2,247,e021,0.4552
2,247,e022,0.4235
2,247,e023,0.4402
2,247,e024,0.4116
2,248,e001,0.4766
2,248,e002,0.505
2,248,e003,0.4539
2,248,e004,0.4832
2,248,e005,0.4081
2,248,e006,0.474
2,248,e007,0.6199
2,248,e008,0.6536
2,248,e009,0.5746
2,248,e010,0.6055
2,248,e011,0.5793
2,248,e012,0.6551
2,248,e013,0.437
2,248,e014,0.4602
2,248,e015,0.4796
2,248,e016,0.4888
2,248,e017,0.4442
2,248,e018,0.5097
2,248,e019,0.5084
2,248,e020,0.5085
2,248,e021,0.4549
2,248,e022,0.45
2,248,e023,0.4798
2,248,e024,0.5133
2,249,e001,0.4585
2,249,e002,0.4512
2,249,e003,0.4365
2,249,e004,0.4219
2,249,e005,0.4328
2,249,e006,0.457
2,249,e007,0.625
2,249,e008,0.6053
2,249,e009,0.5819
2,249,e010,0.6237
2,249,e011,0.6336
2,249,e012,0.6183
2,249,e013,0.4323
2,249,e014,0.5151
2,249,e015,0.4895
2,249,e016,0.4671
2,249,e017,0.4969
2,249,e018,0.5063
2,249,e019,0.4677
2,249,e020,0.4808
2,249,e021,0.4893
2,249,e022,0.4952
2,249,e023,0.453
2,249,e024,0.467
2,250,e001,0.4501
2,250,e002,0.5169
2,250,e003,0.4908
2,250,e004,0.4701
2,250,e005,0.4842
2,250,e006,0.5033
2,250,e007,0.5678
2,250,e008,0.6217
2,250,e009,0.5513
2,250,e010,0.6118
2,250,e011,0.6294
2,250,e012,0.6129
2,250,e013,0.389
2,250,e014,0.4348
2,250,e015,0.4541
2,250,e016,0.4264
2,250,e017,0.4328
2,250,e018,0.4644
2,250,e019,0.4502
2,250,e020,0.4146
2,250,e021,0.4615
2,250,e022,0.4631
2,250,e023,0.5259
2,250,e024,0.4937
2,251,e001,0.4576
2,251,e002,0.4834
2,251,e003,0.4074
2,251,e004,0.4485
2,251,e005,0.4539
2,251,e006,0.4943
2,251,e007,0.5518
2,251,e008,0.6007
2,251,e009,0.5295
2,251,e010,0.5778
2,251,e011,0.5512
2,251,e012,0.6272
2,251,e013,0.4813
2,251,e014,0.384
2,251,e015,0.4076
2,251,e016,0.3999
2,251,e017,0.4559
2,251,e018,0.4159
2,251,e019,0.4181
2,251,e020,0.4084
2,251,e021,0.4075
2,251,e022,0.5126
2,251,e023,0.4398
2,251,e024,0.4297
2,252,e001,0.426
2,252,e002,0.447
2,252,e003,0.4196
2,252,e004,0.4058
2,252,e005,0.4098
2,252,e006,0.4451
2,252,e007,0.6062
2,252,e008,0.5542
2,252,e009,0.5182
2,252,e010,0.5166
2,252,e011,0.5545
2,252,e012,0.5752
2,252,e013,0.4961
2,252,e014,0.3746
2,252,e015,0.4027
2,252,e016,0.4809
2,252,e017,0.3904
2,252,e018,0.4404
2,252,e019,0.393
2,252,e020,0.4437
2,252,e021,0.4297
2,252,e022,0.3945
2,252,e023,0.4809
2,252,e024,0.4405
2,253,e001,0.4192
2,253,e002,0.4619
2,253,e003,0.4498
2,253,e004,0.4955
2,253,e005,0.4958
2,253,e006,0.4465
2,253,e007,0.5951
2,253,e008,0.5793
2,253,e009,0.5225
2,253,e010,0.6261
2,253,e011,0.5856
2,253,e012,0.5768
2,253,e013,0.4528
2,253,e014,0.4551
2,253,e015,0.437
2,253,e016,0.4316
2,253,e017,0.4708
2,253,e018,0.4878
2,253,e019,0.4129
2,253,e020,0.4703
2,253,e021,0.4131
2,253,e022,0.47
2,253,e023,0.443
2,253,e024,0.4323
2,254,e001,0.5065
2,254,e002,0.4904
2,254,e003,0.462
2,254,e004,0.505
2,254,e005,0.4619
2,254,e006,0.5012
2,254,e007,0.5636
2,254,e008,0.657
2,254,e009,0.636
2,254,e010,0.5928
2,254,e011,0.6402
2,254,e012,0.6476
2,254,e013,0.4412
2,254,e014,0.4168
2,254,e015,0.4492
2,254,e016,0.5103
2,254,e017,0.4501
2,254,e018,0.5112
2,254,e019,0.4259
2,254,e020,0.4175
2,254,e021,0.5325
2,254,e022,0.4551
2,254,e023,0.4863
2,254,e024,0.4744
2,255,e001,0.4844
2,255,e002,0.472
2,255,e003,0.4431
2,255,e004,0.5222
2,255,e005,0.4354
2,255,e006,0.4591
2,255,e007,0.6028
2,255,e008,0.5739
2,255,e009,0.5787
2,255,e010,0.5921
2,255,e011,0.5586
2,255,e012,0.6497
2,255,e013,0.4552
2,255,e014,0.4643
2,255,e015,0.4951
2,255,e016,0.493
2,255,e017,0.4238
2,255,e018,0.5104
2,255,e019,0.4511
2,255,e020,0.4963
2,255,e021,0.515
2,255,e022,0.4371
2,255,e023,0.5056
2,255,e024,0.4672
2,256,e001,0.4107
2,256,e002,0.4343
2,256,e003,0.4245
2,256,e004,0.4537
2,256,e005,0.4359
2,256,e006,0.4757
2,256,e007,0.6162
2,256,e008,0.5527
2,256,e009,0.5522
2,256,e010,0.5843
2,256,e011,0.5888
2,256,e012,0.5547
2,256,e013,0.4335
2,256,e014,0.4561
2,256,e015,0.4567
2,256,e016,0.441
2,256,e017,0.4581
2,256,e018,0.4252
2,256,e019,0.4529
2,256,e020,0.4618
2,256,e021,0.4398
2,256,e022,0.4673
2,256,e023,0.4125
2,256,e024,0.4304
2,257,e001,0.4877
2,257,e002,0.439
2,257,e003,0.4604
2,257,e004,0.4295
2,257,e005,0.4593
2,257,e006,0.4186
2,257,e007,0.5914
2,257,e008,0.5263
2,257,e009,0.6075
2,257,e010,0.5788
2,257,e011,0.6073
2,257,e012,0.5241
2,257,e013,0.4387
2,257,e014,0.4673
2,257,e015,0.3985
2,257,e016,0.4247
2,257,e017,0.4633
2,257,e018,0.4447
2,257,e019,0.4476
2,257,e020,0.4387
2,257,e021,0.4425
2,257,e022,0.4154
2,257,e023,0.3724
2,257,e024,0.384
2,258,e001,0.4907
2,258,e002,0.4451
2,258,e003,0.4357
2,258,e004,0.4085
2,258,e005,0.4329
2,258,e006,0.5073
2,258,e007,0.5875
2,258,e008,0.5737
2,258,e009,0.5752
2,258,e010,0.5388
2,258,e011,0.5753
2,258,e012,0.6077
2,258,e013,0.4492
2,258,e014,0.5003
2,258,e015,0.4135
2,258,e016,0.4387
2,258,e017,0.4304
2,258,e018,0.4838
2,258,e019,0.4299
2,258,e020,0.4043
2,258,e021,0.5015
2,258,e022,0.4819
2,258,e023,0.4301
2,258,e024,0.5008
2,259,e001,0.4282
2,259,e002,0.3923
2,259,e003,0.3657
2,259,e004,0.448
2,259,e005,0.3902
2,259,e006,0.3892
2,259,e007,0.5428
2,259,e008,0.5764
2,259,e009,0.5498
2,259,e010,0.5278
2,259,e011,0.5573
2,259,e012,0.4979
2,259,e013,0.4053
2,259,e014,0.3919
2,259,e015,0.3798
2,259,e016,0.3807
2,259,e017,0.4663
2,259,e018,0.4313
2,259,e019,0.411
2,259,e020,0.3641
2,259,e021,0.4261
2,259,e022,0.3846
2,259,e023,0.4319
2,259,e024,0.4472
2,260,e001,0.443
2,260,e002,0.4432
2,260,e003,0.487
2,260,e004,0.4719
2,260,e005,0.3824
2,260,e006,0.4588
2,260,e007,0.5455
2,260,e008,0.5804
2,260,e009,0.5282
2,260,e010,0.522
2,260,e011,0.585
2,260,e012,0.5739
2,260,e013,0.38
2,260,e014,0.3861
2,260,e015,0.4802
2,260,e016,0.3907
2,260,e017,0.4495
2,260,e018,0.3917
2,260,e019,0.3869
2,260,e020,0.3983
2,260,e021,0.3643
2,260,e022,0.3817
2,260,e023,0.4283
2,260,e024,0.3863
2,261,e001,0.4283
2,261,e002,0.5332
2,261,e003,0.4268
2,261,e004,0.5053
2,261,e005,0.4883
2,261,e006,0.4358
2,261,e007,0.624
2,261,e008,0.6029
2,261,e009,0.6073
2,261,e010,0.6592
2,261,e011,0.6631
2,261,e012,0.6192
2,261,e013,0.4884
2,261,e014,0.4878
2,261,e015,0.5131
2,261,e016,0.4394
2,261,e017,0.5099
2,261,e018,0.4986
2,261,e019,0.4845
2,261,e020,0.4822
2,261,e021,0.5078
2,261,e022,0.5039
2,261,e023,0.4798
2,261,e024,0.4808
2,262,e001,0.4315
2,262,e002,0.3938
2,262,e003,0.3647
2,262,e004,0.4113
2,262,e005,0.4303
2,262,e006,0.4274
2,262,e007,0.5421
2,262,e008,0.5441
2,262,e009,0.5468
2,262,e010,0.5132
2,262,e011,0.5271
2,262,e012,0.4639
2,262,e013,0.3842
2,262,e014,0.4464
2,262,e015,0.3641
2,262,e016,0.41
2,262,e017,0.4154
2,262,e018,0.3942
2,262,e019,0.3763
2,262,e020,0.422
2,262,e021,0.4024
2,262,e022,0.4187
2,262,e023,0.3752
2,262,e024,0.4096
2,263,e001,0.4437
2,263,e002,0.392
2,263,e003,0.4694
2,263,e004,0.4232
2,263,e005,0.4865
2,263,e006,0.3756
2,263,e007,0.5088
2,263,e008,0.5733
2,263,e009,0.5485
2,263,e010,0.5348
2,263,e011,0.5416
2,263,e012,0.6009
2,263,e013,0.4261
2,263,e014,0.4809
2,263,e015,0.4139
2,263,e016,0.4165
2,263,e017,0.4498
2,263,e018,0.4898
2,263,e019,0.43
2,263,e020,0.4156
2,263,e021,0.4656
2,263,e022,0.3765
2,263,e023,0.4246
2,263,e024,0.407
2,264,e001,0.4246
2,264,e002,0.4509
2,264,e003,0.4246
2,264,e004,0.4217
2,264,e005,0.4855
2,264,e006,0.4383
2,264,e007,0.527
2,264,e008,0.5146
2,264,e009,0.5891
2,264,e010,0.5816
2,264,e011,0.5924
2,264,e012,0.5755
2,264,e013,0.5171
2,264,e014,0.4146
2,264,e015,0.4534
2,264,e016,0.3943
2,264,e017,0.381
2,264,e018,0.4093
2,264,e019,0.4034
2,264,e020,0.4137
2,264,e021,0.437
2,264,e022,0.4076
2,264,e023,0.4576
2,264,e024,0.4107
2,265,e001,0.4724
2,265,e002,0.385
2,265,e003,0.4158
2,265,e004,0.4337
2,265,e005,0.4028
2,265,e006,0.4144
2,265,e007,0.4972
2,265,e008,0.5031
2,265,e009,0.5585
2,265,e010,0.5246
2,265,e011,0.5423
2,265,e012,0.5295
2,265,e013,0.419
2,265,e014,0.427
2,265,e015,0.4506
2,265,e016,0.3746
2,265,e017,0.3858
2,265,e018,0.4558
2,265,e019,0.3937
2,265,e020,0.3952
2,265,e021,0.3888
2,265,e022,0.4579
2,265,e023,0.479
2,265,e024,0.4609
2,266,e001,0.391
2,266,e002,0.3791
2,266,e003,0.4335
2,266,e004,0.3684
2,266,e005,0.3703
2,266,e006,0.4082
2,266,e007,0.5404
2,266,e008,0.5669
2,266,e009,0.4769
2,266,e010,0.5115
2,266,e011,0.5123
2,266,e012,0.5208
2,266,e013,0.3786
2,266,e014,0.4375
2,266,e015,0.3913
2,266,e016,0.3998
2,266,e017,0.4206
2,266,e018,0.4227
2,266,e019,0.3902
2,266,e020,0.4004
2,266,e021,0.4463
2,266,e022,0.3903
2,266,e023,0.3691
2,266,e024,0.4161
2,267,e001,0.4052
2,267,e002,0.368
2,267,e003,0.4351
2,267,e004,0.3942
2,267,e005,0.3516
2,267,e006,0.4097
2,267,e007,0.5775
2,267,e008,0.5749
2,267,e009,0.5236
2,267,e010,0.4584
2,267,e011,0.5697
2,267,e012,0.5429
2,267,e013,0.3805
2,267,e014,0.3756
2,267,e015,0.3376
2,267,e016,0.3607
2,267,e017,0.3396
2,267,e018,0.4473
2,267,e019,0.4149
2,267,e020,0.439
2,267,e021,0.3264
2,267,e022,0.3699
2,267,e023,0.423
2,267,e024,0.3934
2,268,e001,0.3862
2,268,e002,0.3799
2,268,e003,0.3971
2,268,e004,0.4507
2,268,e005,0.4171
2,268,e006,0.4238
2,268,e007,0.516
2,268,e008,0.4825
2,268,e009,0.5107
2,268,e010,0.5803
2,268,e011,0.5412
2,268,e012,0.5583
2,268,e013,0.4572
2,268,e014,0.3556
2,268,e015,0.461
2,268,e016,0.4179
2,268,e017,0.3855
2,268,e018,0.3398
2,268,e019,0.4471
2,268,e020,0.3812
2,268,e021,0.3923
2,268,e022,0.4156
2,268,e023,0.4107
2,268,e024,0.4028
2,269,e001,0.4387
2,269,e002,0.4347
2,269,e003,0.4118
2,269,e004,0.3989
2,269,e005,0.4092
2,269,e006,0.4156
2,269,e007,0.5488
2,269,e008,0.5362
2,269,e009,0.5897
2,269,e010,0.5177
2,269,e011,0.5267
2,269,e012,0.5104
2,269,e013,0.4327
2,269,e014,0.3544
2,269,e015,0.411
2,269,e016,0.3956
2,269,e017,0.3868
2,269,e018,0.4096
2,269,e019,0.3689
2,269,e020,0.3771
2,269,e021,0.419
2,269,e022,0.3569
2,269,e023,0.3549
2,269,e024,0.3647
2,270,e001,0.4831
2,270,e002,0.412
2,270,e003,0.4462
2,270,e004,0.3933
2,270,e005,0.4027
2,270,e006,0.4254
2,270,e007,0.4305
2,270,e008,0.4655
2,270,e009,0.44
2,270,e010,0.4712
2,270,e011,0.4293
2,270,e012,0.4059
2,270,e013,0.4632
2,270,e014,0.4044
2,270,e015,0.4834
2,270,e016,0.4443
2,270,e017,0.4098
2,270,e018,0.3931
2,270,e019,0.4291
2,270,e020,0.4342
2,270,e021,0.4704
2,270,e022,0.4381
2,270,e023,0.4259
2,270,e024,0.4078
2,271,e001,0.4064
2,271,e002,0.409
2,271,e003,0.384
2,271,e004,0.4118
2,271,e005,0.4018
2,271,e006,0.4208
2,271,e007,0.385
2,271,e008,0.4244
2,271,e009,0.3582
2,271,e010,0.3438
2,271,e011,0.3729
2,271,e012,0.3644
2,271,e013,0.392
2,271,e014,0.4191
2,271,e015,0.3411
2,271,e016,0.4236
2,271,e017,0.4211
2,271,e018,0.4056
2,271,e019,0.394
2,271,e020,0.3913
2,271,e021,0.3479
2,271,e022,0.3995
2,271,e023,0.3247
2,271,e024,0.317
2,272,e001,0.3955
2,272,e002,0.3908
2,272,e003,0.35
2,272,e004,0.3461
2,272,e005,0.4253
2,272,e006,0.3561
2,272,e007,0.3538
2,272,e008,0.3524
2,272,e009,0.3403
2,272,e010,0.4448
2,272,e011,0.4394
2,272,e012,0.3549
2,272,e013,0.428
2,272,e014,0.4288
2,272,e015,0.4093
2,272,e016,0.3702
2,272,e017,0.3603
2,272,e018,0.3447
2,272,e019,0.4118
2,272,e020,0.4454
2,272,e021,0.3965
2,272,e022,0.3694
2,272,e023,0.3652
2,272,e024,0.3779
2,273,e001,0.3778
2,273,e002,0.4514
2,273,e003,0.3632
2,273,e004,0.421
2,273,e005,0.3612
2,273,e006,0.364
2,273,e007,0.4767
2,273,e008,0.4273
2,273,e009,0.4295
2,273,e010,0.4599
2,273,e011,0.4052
2,273,e012,0.3755
2,273,e013,0.3908
2,273,e014,0.4438
2,273,e015,0.3897
2,273,e016,0.4293
2,273,e017,0.427
2,273,e018,0.3478
2,273,e019,0.3482
2,273,e020,0.4086
2,273,e021,0.4385
2,273,e022,0.3751
2,273,e023,0.3859
2,273,e024,0.3905
2,274,e001,0.4243
2,274,e002,0.4336
2,274,e003,0.4109
2,274,e004,0.4238
2,274,e005,0.4775
2,274,e006,0.3794
2,274,e007,0.4305
2,274,e008,0.3997
2,274,e009,0.3853
2,274,e010,0.3708
2,274,e011,0.4465
2,274,e012,0.4686
2,274,e013,0.4156
2,274,e014,0.4648
2,274,e015,0.4163
2,274,e016,0.4759
2,274,e017,0.4547
2,274,e018,0.3685
2,274,e019,0.444
2,274,e020,0.4426
2,274,e021,0.4533
2,274,e022,0.4456
2,274,e023,0.4202
2,274,e024,0.4568
2,275,e001,0.3568
2,275,e002,0.3941
2,275,e003,0.3904
2,275,e004,0.3381
2,275,e005,0.3664
2,275,e006,0.3568
2,275,e007,0.3469
2,275,e008,0.4142
2,275,e009,0.3745
2,275,e010,0.4095
2,275,e011,0.3088
2,275,e012,0.3823
2,275,e013,0.4201
2,275,e014,0.3412
2,275,e015,0.3994
2,275,e016,0.4087
2,275,e017,0.3281
2,275,e018,0.3311
2,275,e019,0.3864
2,275,e020,0.3603
2,275,e021,0.3846
2,275,e022,0.4292
2,275,e023,0.4055
2,275,e024,0.3501
2,276,e001,0.4233
2,276,e002,0.394
2,276,e003,0.4116
2,276,e004,0.4361
2,276,e005,0.4074
2,276,e006,0.3799
2,276,e007,0.402
2,276,e008,0.4834
2,276,e009,0.4179
2,276,e010,0.4079
2,276,e011,0.4854
2,276,e012,0.4474
2,276,e013,0.4327
2,276,e014,0.4216
2,276,e015,0.4059
2,276,e016,0.4062
2,276,e017,0.464
2,276,e018,0.4256
2,276,e019,0.4525
2,276,e020,0.4008
2,276,e021,0.4621
2,276,e022,0.4484
2,276,e023,0.4449
2,276,e024,0.3845
2,277,e001,0.3622
2,277,e002,0.3265
2,277,e003,0.3434
2,277,e004,0.3883
2,277,e005,0.3836
2,277,e006,0.4242
2,277,e007,0.3651
2,277,e008,0.3324
2,277,e009,0.4284
2,277,e010,0.446
2,277,e011,0.4092
2,277,e012,0.38
2,277,e013,0.3941
2,277,e014,0.3283
2,277,e015,0.4168
2,277,e016,0.3493
2,277,e017,0.3581
2,277,e018,0.3734
2,277,e019,0.347
2,277,e020,0.3999
2,277,e021,0.3479
2,277,e022,0.4003
2,277,e023,0.3228
2,277,e024,0.3515
2,278,e001,0.352
2,278,e002,0.3495
2,278,e003,0.3621
2,278,e004,0.3942
2,278,e005,0.3208
2,278,e006,0.3256
2,278,e007,0.3338
2,278,e008,0.3319
2,278,e009,0.3076
2,278,e010,0.4025
2,278,e011,0.3335
2,278,e012,0.3969
2,278,e013,0.3731
2,278,e014,0.3398
2,278,e015,0.3949
2,278,e016,0.381
2,278,e017,0.3376
2,278,e018,0.3184
2,278,e019,0.3616
2,278,e020,0.3672
2,278,e021,0.3573
2,278,e022,0.3815
2,278,e023,0.4068
2,278,e024,0.335
2,279,e001,0.4105
2,279,e002,0.4075
2,279,e003,0.4333
2,279,e004,0.3316
2,279,e005,0.4321
2,279,e006,0.3335
2,279,e007,0.3449
2,279,e008,0.4521
2,279,e009,0.3944
2,279,e010,0.368
2,279,e011,0.4286
2,279,e012,0.3797
2,279,e013,0.3893
2,279,e014,0.4368
2,279,e015,0.3688
2,279,e016,0.3356
2,279,e017,0.3539
2,279,e018,0.3791
2,279,e019,0.4192
2,279,e020,0.3499
2,279,e021,0.4292
2,279,e022,0.3715
2,279,e023,0.355
2,279,e024,0.4447
2,280,e001,0.421
2,280,e002,0.4079
2,280,e003,0.4016
2,280,e004,0.4149
2,280,e005,0.4615
2,280,e006,0.431
2,280,e007,0.3718
2,280,e008,0.3862
2,280,e009,0.379
2,280,e010,0.3878
2,280,e011,0.407
2,280,e012,0.4015
2,280,e013,0.3561
2,280,e014,0.3613
2,280,e015,0.354
2,280,e016,0.4316
2,280,e017,0.4352
2,280,e018,0.4302
2,280,e019,0.3711
2,280,e020,0.3586
2,280,e021,0.426
2,280,e022,0.4108
2,280,e023,0.403
2,280,e024,0.4261
2,281,e001,0.3879
2,281,e002,0.3814
2,281,e003,0.3209
2,281,e004,0.3904
2,281,e005,0.3139
2,281,e006,0.3167
2,281,e007,0.3359
2,281,e008,0.3199
2,281,e009,0.2978
2,281,e010,0.3203
2,281,e011,0.3188
2,281,e012,0.3563
2,281,e013,0.4017
2,281,e014,0.4126
2,281,e015,0.3262
2,281,e016,0.3499
2,281,e017,0.3239
2,281,e018,0.34
2,281,e019,0.3484
2,281,e020,0.3107
2,281,e021,0.3233
2,281,e022,0.322
2,281,e023,0.3362
2,281,e024,0.3555
2,282,e001,0.3138
2,282,e002,0.3499
2,282,e003,0.4191
2,282,e004,0.3189
2,282,e005,0.2836
2,282,e006,0.3143
2,282,e007,0.358
2,282,e008,0.3091
2,282,e009,0.3157
2,282,e010,0.3844
2,282,e011,0.293
2,282,e012,0.3741
2,282,e013,0.3513
2,282,e014,0.3803
2,282,e015,0.2787
2,282,e016,0.3815
2,282,e017,0.3679
2,282,e018,0.2981
2,282,e019,0.3592
2,282,e020,0.3352
2,282,e021,0.3758
2,282,e022,0.3016
2,282,e023,0.3314
2,282,e024,0.3376
2,283,e001,0.3399
2,283,e002,0.3309
2,283,e003,0.3265
2,283,e004,0.3169
2,283,e005,0.3284
2,283,e006,0.4077
2,283,e007,0.3844
2,283,e008,0.4074
2,283,e009,0.3435
2,283,e010,0.4037
2,283,e011,0.3747
2,283,e012,0.4017
2,283,e013,0.3072
2,283,e014,0.3197
2,283,e015,0.3498
2,283,e016,0.4001
2,283,e017,0.3218
2,283,e018,0.3365
2,283,e019,0.3459
2,283,e020,0.3498
2,283,e021,0.3996
2,283,e022,0.3441
2,283,e023,0.388
2,283,e024,0.3838
2,284,e001,0.3968
2,284,e002,0.3124
2,284,e003,0.3356
2,284,e004,0.3207
2,284,e005,0.3287
2,284,e006,0.3793
2,284,e007,0.3054
2,284,e008,0.3557
2,284,e009,0.3034
2,284,e010,0.3144
2,284,e011,0.2769
2,284,e012,0.3465
2,284,e013,0.3376
2,284,e014,0.3121
2,284,e015,0.3571
2,284,e016,0.3031
2,284,e017,0.3347
2,284,e018,0.3497
2,284,e019,0.3436
2,284,e020,0.3301
2,284,e021,0.3959
2,284,e022,0.3465
2,284,e023,0.3984
2,284,e024,0.3849
2,285,e001,0.3173
2,285,e002,0.2635
2,285,e003,0.3498
2,285,e004,0.3678
2,285,e005,0.3637
2,285,e006,0.2746
2,285,e007,0.2765
2,285,e008,0.313
2,285,e009,0.2956
2,285,e010,0.3141
2,285,e011,0.3152
2,285,e012,0.3268
2,285,e013,0.3574
2,285,e014,0.2951
2,285,e015,0.3151
2,285,e016,0.3212
2,285,e017,0.2936
2,285,e018,0.2893
2,285,e019,0.2804
2,285,e020,0.3129
2,285,e021,0.3286
2,285,e022,0.3104
2,285,e023,0.3276
2,285,e024,0.3663
2,286,e001,0.3881
2,286,e002,0.3572
2,286,e003,0.4278
2,286,e004,0.3569
2,286,e005,0.3288
2,286,e006,0.3705
2,286,e007,0.3437
2,286,e008,0.3878
2,286,e009,0.4159
2,286,e010,0.3613
2,286,e011,0.3901
2,286,e012,0.4241
2,286,e013,0.32
2,286,e014,0.3917
2,286,e015,0.3909
2,286,e016,0.3063
2,286,e017,0.3095
2,286,e018,0.3157
2,286,e019,0.3716
2,286,e020,0.4196
2,286,e021,0.3443
2,286,e022,0.3938
2,286,e023,0.3883
2,286,e024,0.3824
2,287,e001,0.3237
2,287,e002,0.3527
2,287,e003,0.3425
2,287,e004,0.4112
2,287,e005,0.3494
2,287,e006,0.3221
2,287,e007,0.3384
2,287,e008,0.3881
2,287,e009,0.3019
2,287,e010,0.3976
2,287,e011,0.3524
2,287,e012,0.39
2,287,e013,0.3801
2,287,e014,0.3034
2,287,e015,0.373
2,287,e016,0.3787
2,287,e017,0.3
2,287,e018,0.331
2,287,e019,0.3921
2,287,e020,0.3172
2,287,e021,0.3744
2,287,e022,0.3436
2,287,e023,0.3068
2,287,e024,0.3731
2,288,e001,0.4047
2,288,e002,0.3679
2,288,e003,0.3529
2,288,e004,0.3189
2,288,e005,0.3751
2,288,e006,0.3372
2,288,e007,0.3716
2,288,e008,0.3505
2,288,e009,0.3342
2,288,e010,0.361
2,288,e011,0.3982
2,288,e012,0.3576
2,288,e013,0.3911
2,288,e014,0.3066
2,288,e015,0.3636
2,288,e016,0.3749
2,288,e017,0.3578
2,288,e018,0.2928
2,288,e019,0.3829
2,288,e020,0.3501
2,288,e021,0.307
2,288,e022,0.3014
2,288,e023,0.377
2,288,e024,0.3756
2,289,e001,0.3831
2,289,e002,0.367
2,289,e003,0.3605
2,289,e004,0.3522
2,289,e005,0.3833
2,289,e006,0.3077
2,289,e007,0.2955
2,289,e008,0.3068
2,289,e009,0.3512
2,289,e010,0.3053
2,289,e011,0.4081
2,289,e012,0.3923
2,289,e013,0.3117
2,289,e014,0.4
2,289,e015,0.3223
2,289,e016,0.3444
2,289,e017,0.3897
2,289,e018,0.3556
2,289,e019,0.3893
2,289,e020,0.3687
2,289,e021,0.3462
2,289,e022,0.3345
2,289,e023,0.3215
2,289,e024,0.3178
2,290,e001,0.3793
2,290,e002,0.3749
2,290,e003,0.3901
2,290,e004,0.2923
2,290,e005,0.3523
2,290,e006,0.38
2,290,e007,0.343
2,290,e008,0.3436
2,290,e009,0.3314
2,290,e010,0.3145
2,290,e011,0.3452
2,290,e012,0.3084
2,290,e013,0.3532
2,290,e014,0.373
2,290,e015,0.3429
2,290,e016,0.3157
2,290,e017,0.3057
2,290,e018,0.3209
2,290,e019,0.404
2,290,e020,0.3692
2,290,e021,0.3359
2,290,e022,0.3311
2,290,e023,0.3739
2,290,e024,0.3251
2,291,e001,0.4196
2,291,e002,0.376
2,291,e003,0.3995
2,291,e004,0.365
2,291,e005,0.4422
2,291,e006,0.4253
2,291,e007,0.4304
2,291,e008,0.4236
2,291,e009,0.3069
2,291,e010,0.382
2,291,e011,0.4289
2,291,e012,0.3859
2,291,e013,0.385
2,291,e014,0.4027
2,291,e015,0.3304
2,291,e016,0.3829
2,291,e017,0.376
2,291,e018,0.4329
2,291,e019,0.3733
2,291,e020,0.3819
2,291,e021,0.3567
2,291,e022,0.4098
2,291,e023,0.4279
2,291,e024,0.3296
2,292,e001,0.3204
2,292,e002,0.3392
2,292,e003,0.2584
2,292,e004,0.3486
2,292,e005,0.3124
2,292,e006,0.3477
2,292,e007,0.3412
2,292,e008,0.3635
2,292,e009,0.3827
2,292,e010,0.3872
2,292,e011,0.337
2,292,e012,0.3141
2,292,e013,0.339
2,292,e014,0.3258
2,292,e015,0.2718
2,292,e016,0.3392
2,292,e017,0.3684
2,292,e018,0.3773
2,292,e019,0.2808
2,292,e020,0.3697
2,292,e021,0.3897
2,292,e022,0.3423
2,292,e023,0.3648
2,292,e024,0.2887
2,293,e001,0.3726
2,293,e002,0.3744
2,293,e003,0.3667
2,293,e004,0.3627
2,293,e005,0.3627
2,293,e006,0.3261
2,293,e007,0.3952
2,293,e008,0.3001
2,293,e009,0.2778
2,293,e010,0.3346
2,293,e011,0.3565
2,293,e012,0.3303
2,293,e013,0.3288
2,293,e014,0.3254
2,293,e015,0.3291
2,293,e016,0.3506
2,293,e017,0.3611
2,293,e018,0.3306
2,293,e019,0.3481
2,293,e020,0.3157
2,293,e021,0.3793
2,293,e022,0.302
2,293,e023,0.3208
2,293,e024,0.3697
2,294,e001,0.3942
2,294,e002,0.3934
2,294,e003,0.3874
2,294,e004,0.3885
2,294,e005,0.3142
2,294,e006,0.3979
2,294,e007,0.3649
2,294,e008,0.3888
2,294,e009,0.3532
2,294,e010,0.313
2,294,e011,0.3771
2,294,e012,0.3369
2,294,e013,0.4088
2,294,e014,0.3891
2,294,e015,0.3488
2,294,e016,0.3492
2,294,e017,0.3625
2,294,e018,0.3577
2,294,e019,0.3897
2,294,e020,0.3306
2,294,e021,0.3862
2,294,e022,0.3818
2,294,e023,0.3393
2,294,e024,0.4133
2,295,e001,0.3696
2,295,e002,0.3634
2,295,e003,0.3283
2,295,e004,0.42
2,295,e005,0.3923
2,295,e006,0.3351
2,295,e007,0.4139
2,295,e008,0.4329
2,295,e009,0.3895
2,295,e010,0.3728
2,295,e011,0.383
2,295,e012,0.3858
2,295,e013,0.4105
2,295,e014,0.3877
2,295,e015,0.4122
2,295,e016,0.3597
2,295,e017,0.3398
2,295,e018,0.3888
2,295,e019,0.4081
2,295,e020,0.3381
2,295,e021,0.4053
2,295,e022,0.38
2,295,e023,0.4115
2,295,e024,0.4146
2,296,e001,0.3851
2,296,e002,0.3786
2,296,e003,0.2904
2,296,e004,0.3881
2,296,e005,0.3163
2,296,e006,0.2841
2,296,e007,0.293
2,296,e008,0.2861
2,296,e009,0.2806
2,296,e010,0.3004
2,296,e011,0.3823
2,296,e012,0.3181
2,296,e013,0.3639
2,296,e014,0.2581
2,296,e015,0.3078
2,296,e016,0.2733
2,296,e017,0.3769
2,296,e018,0.3627
2,296,e019,0.3036
2,296,e020,0.3308
2,296,e021,0.3377
2,296,e022,0.2697
2,296,e023,0.331
2,296,e024,0.2867
2,297,e001,0.2845
2,297,e002,0.2946
2,297,e003,0.3231
2,297,e004,0.3641
2,297,e005,0.3131
2,297,e006,0.3234
2,297,e007,0.2816
2,297,e008,0.2769
2,297,e009,0.3784
2,297,e010,0.289
2,297,e011,0.3365
2,297,e012,0.2878
2,297,e013,0.2997
2,297,e014,0.3178
2,297,e015,0.3192
2,297,e016,0.3333
2,297,e017,0.3133
2,297,e018,0.3405
2,297,e019,0.244
2,297,e020,0.3019
2,297,e021,0.3514
2,297,e022,0.3256
2,297,e023,0.2636
2,297,e024,0.3562
2,298,e001,0.3639
2,298,e002,0.2853
2,298,e003,0.3353
2,298,e004,0.3386
2,298,e005,0.3989
2,298,e006,0.3875
2,298,e007,0.3219
2,298,e008,0.3637
2,298,e009,0.3536
2,298,e010,0.3695
2,298,e011,0.3589
2,298,e012,0.379
2,298,e013,0.3285
2,298,e014,0.3013
2,298,e015,0.3761
2,298,e016,0.2543
2,298,e017,0.3496
2,298,e018,0.2981
2,298,e019,0.383
2,298,e020,0.3441
2,298,e021,0.3144
2,298,e022,0.3607
2,298,e023,0.3339
2,298,e024,0.3275
2,299,e001,0.3119
2,299,e002,0.3786
2,299,e003,0.2809
2,299,e004,0.3399
2,299,e005,0.3242
2,299,e006,0.3633
2,299,e007,0.2965
2,299,e008,0.3474
2,299,e009,0.3567
2,299,e010,0.3601
2,299,e011,0.3602
2,299,e012,0.3736
2,299,e013,0.3034
2,299,e014,0.3615
2,299,e015,0.3557
2,299,e016,0.3165
2,299,e017,0.3451
2,299,e018,0.3669
2,299,e019,0.299
2,299,e020,0.3912
2,299,e021,0.3355
2,299,e022,0.3503
2,299,e023,0.3685
2,299,e024,0.3083
2,300,e001,0.3138
2,300,e002,0.2751
2,300,e003,0.3378
2,300,e004,0.3074
2,300,e005,0.3619
2,300,e006,0.3333
2,300,e007,0.3121
2,300,e008,0.2832
2,300,e009,0.2655
2,300,e010,0.3048
2,300,e011,0.2845
2,300,e012,0.3565
2,300,e013,0.2902
2,300,e014,0.3038
2,300,e015,0.3194
2,300,e016,0.3137
2,300,e017,0.3024
2,300,e018,0.292
2,300,e019,0.2943
2,300,e020,0.2775
2,300,e021,0.3312
2,300,e022,0.3681
2,300,e023,0.3766
2,300,e024,0.3359
2,301,e001,0.4246
2,301,e002,0.3849
2,301,e003,0.45
2,301,e004,0.3739
2,301,e005,0.3677
2,301,e006,0.404
2,301,e007,0.3919
2,301,e008,0.3497
2,301,e009,0.4136
2,301,e010,0.3505
2,301,e011,0.3858
2,301,e012,0.4076
2,301,e013,0.393
2,301,e014,0.4084
2,301,e015,0.362
2,301,e016,0.3541
2,301,e017,0.3688
2,301,e018,0.3982
2,301,e019,0.3855
2,301,e020,0.3806
2,301,e021,0.4166
2,301,e022,0.4133
2,301,e023,0.3677
2,301,e024,0.3981
2,302,e001,0.3019
2,302,e002,0.3462
2,302,e003,0.3219
2,302,e004,0.3821
2,302,e005,0.3222
2,302,e006,0.3096
2,302,e007,0.3267
2,302,e008,0.3175
2,302,e009,0.361
2,302,e010,0.2719
2,302,e011,0.3297
2,302,e012,0.3093
2,302,e013,0.2614
2,302,e014,0.2655
2,302,e015,0.2935
2,302,e016,0.3184
2,302,e017,0.3177
2,302,e018,0.3466
2,302,e019,0.3272
2,302,e020,0.2887
2,302,e021,0.3353
2,302,e022,0.2709
2,302,e023,0.2784
2,302,e024,0.2727
2,303,e001,0.3081
2,303,e002,0.382
2,303,e003,0.3621
2,303,e004,0.3921
2,303,e005,0.3809
2,303,e006,0.4107
2,303,e007,0.3424
2,303,e008,0.3483
2,303,e009,0.3377
2,303,e010,0.4074
2,303,e011,0.3475
2,303,e012,0.3357
2,303,e013,0.3701
2,303,e014,0.3332
2,303,e015,0.3568
2,303,e016,0.394
2,303,e017,0.3091
2,303,e018,0.3329
2,303,e019,0.3654
2,303,e020,0.3167
2,303,e021,0.4
2,303,e022,0.3449
2,303,e023,0.3856
2,303,e024,0.3988
2,304,e001,0.3948
2,304,e002,0.3763
2,304,e003,0.3728
2,304,e004,0.3502
2,304,e005,0.3405
2,304,e006,0.3341
2,304,e007,0.346
2,304,e008,0.3259
2,304,e009,0.3099
2,304,e010,0.3173
2,304,e011,0.2885
2,304,e012,0.3237
2,304,e013,0.378
2,304,e014,0.3288
2,304,e015,0.3035
2,304,e016,0.3137
2,304,e017,0.2884
2,304,e018,0.3247
2,304,e019,0.3083
2,304,e020,0.3893
2,304,e021,0.2978
2,304,e022,0.353
2,304,e023,0.3059
2,304,e024,0.3711
2,305,e001,0.2884
2,305,e002,0.252
2,305,e003,0.3129
2,305,e004,0.2948
2,305,e005,0.3177
2,305,e006,0.2902
2,305,e007,0.2717
2,305,e008,0.2715
2,305,e009,0.3165
2,305,e010,0.3634
2,305,e011,0.2752
2,305,e012,0.3281
2,305,e013,0.3152
2,305,e014,0.3302
2,305,e015,0.3021
2,305,e016,0.3651
2,305,e017,0.3016
2,305,e018,0.3384
2,305,e019,0.3011
2,305,e020,0.2857
2,305,e021,0.3269
2,305,e022,0.3548
2,305,e023,0.2933
2,305,e024,0.2926
2,306,e001,0.2958
2,306,e002,0.3497
2,306,e003,0.371
2,306,e004,0.3329
2,306,e005,0.3912
2,306,e006,0.3081
2,306,e007,0.3214
2,306,e008,0.3096
2,306,e009,0.3645
2,306,e010,0.3274
2,306,e011,0.3731
2,306,e012,0.3484
2,306,e013,0.3433
2,306,e014,0.2873
2,306,e015,0.3594
2,306,e016,0.3554
2,306,e017,0.2929
2,306,e018,0.3205
2,306,e019,0.3615
2,306,e020,0.3444
2,306,e021,0.2755
2,306,e022,0.317
2,306,e023,0.3793
2,306,e024,0.352
2,307,e001,0.4015
2,307,e002,0.4189
2,307,e003,0.3716
2,307,e004,0.4296
2,307,e005,0.4143
2,307,e006,0.3955
2,307,e007,0.373
2,307,e008,0.3703
2,307,e009,0.3735
2,307,e010,0.3806
2,307,e011,0.3938
2,307,e012,0.3226
2,307,e013,0.3728
2,307,e014,0.3724
2,307,e015,0.3544
2,307,e016,0.3688
2,307,e017,0.3775
2,307,e018,0.3984
2,307,e019,0.3404
2,307,e020,0.4172
2,307,e021,0.3321
2,307,e022,0.3347
2,307,e023,0.3849
2,307,e024,0.3465
2,308,e001,0.3201
2,308,e002,0.3347
2,308,e003,0.4037
2,308,e004,0.3227
2,308,e005,0.3539
2,308,e006,0.3772
2,308,e007,0.3409
2,308,e008,0.3392
2,308,e009,0.388
2,308,e010,0.3056
2,308,e011,0.3496
2,308,e012,0.3805
2,308,e013,0.3615
2,308,e014,0.2823
2,308,e015,0.3115
2,308,e016,0.3096
2,308,e017,0.3287
2,308,e018,0.3596
2,308,e019,0.3336
2,308,e020,0.2946
2,308,e021,0.3503
2,308,e022,0.385
2,308,e023,0.3206
2,308,e024,0.2719
2,309,e001,0.3508
2,309,e002,0.3464
2,309,e003,0.3256
2,309,e004,0.3721
2,309,e005,0.3669
2,309,e006,0.3422
2,309,e007,0.3215
2,309,e008,0.3459
2,309,e009,0.3315
2,309,e010,0.3092
2,309,e011,0.3374
2,309,e012,0.3237
2,309,e013,0.3882
2,309,e014,0.3525
2,309,e015,0.3573
2,309,e016,0.3491
2,309,e017,0.351
2,309,e018,0.342
2,309,e019,0.2976
2,309,e020,0.3244
2,309,e021,0.3391
2,309,e022,0.3821
2,309,e023,0.3257
2,309,e024,0.381
2,310,e001,0.3327
2,310,e002,0.374
2,310,e003,0.3626
2,310,e004,0.33
2,310,e005,0.338
2,310,e006,0.3038
2,310,e007,0.353
2,310,e008,0.3351
2,310,e009,0.3559
2,310,e010,0.3755
2,310,e011,0.3304
2,310,e012,0.3737
2,310,e013,0.3232
2,310,e014,0.3541
2,310,e015,0.3076
2,310,e016,0.3607
2,310,e017,0.3377
2,310,e018,0.3142
2,310,e019,0.3484
2,310,e020,0.3593
2,310,e021,0.3593
2,310,e022,0.3355
2,310,e023,0.2903
2,310,e024,0.2855
2,311,e001,0.3447
2,311,e002,0.2596
2,311,e003,0.3123
2,311,e004,0.2897
2,311,e005,0.281
2,311,e006,0.2733
2,311,e007,0.3315
2,311,e008,0.2875
2,311,e009,0.3016
2,311,e010,0.3626
2,311,e011,0.3111
2,311,e012,0.2608
2,311,e013,0.2871
2,311,e014,0.3316
2,311,e015,0.2694
2,311,e016,0.3324
2,311,e017,0.2845
2,311,e018,0.3584
2,311,e019,0.2683
2,311,e020,0.3049
2,311,e021,0.3054
2,311,e022,0.2776
2,311,e023,0.3173
2,311,e024,0.2848
2,312,e001,0.3038
2,312,e002,0.2966
2,312,e003,0.2734
2,312,e004,0.3241
2,312,e005,0.2655
2,312,e006,0.3352
2,312,e007,0.3359
2,312,e008,0.2712
2,312,e009,0.3333
2,312,e010,0.3134
2,312,e011,0.2702
2,312,e012,0.353
2,312,e013,0.2838
2,312,e014,0.2726
2,312,e015,0.2741
2,312,e016,0.3463
2,312,e017,0.2691
2,312,e018,0.2928
2,312,e019,0.3361
2,312,e020,0.2685
2,312,e021,0.266
2,312,e022,0.3176
2,312,e023,0.3096
2,312,e024,0.2988
2,313,e001,0.267
2,313,e002,0.3112
2,313,e003,0.2972
2,313,e004,0.2963
2,313,e005,0.355
2,313,e006,0.2568
2,313,e007,0.2854
2,313,e008,0.3428
2,313,e009,0.3156
2,313,e010,0.2875
2,313,e011,0.3567
2,313,e012,0.2993
2,313,e013,0.2888
2,313,e014,0.3532
2,313,e015,0.2668
2,313,e016,0.334
2,313,e017,0.362
2,313,e018,0.2833
2,313,e019,0.3116
2,313,e020,0.24
2,313,e021,0.3447
2,313,e022,0.2808
2,313,e023,0.3269
2,313,e024,0.2493
2,314,e001,0.2894
2,314,e002,0.2829
2,314,e003,0.2871
2,314,e004,0.3105
2,314,e005,0.2703
2,314,e006,0.2556
2,314,e007,0.2532
2,314,e008,0.3032
2,314,e009,0.3148
2,314,e010,0.3596
2,314,e011,0.3384
2,314,e012,0.3507
2,314,e013,0.3088
2,314,e014,0.3084
2,314,e015,0.2305
2,314,e016,0.3641
2,314,e017,0.3049
2,314,e018,0.3048
2,314,e019,0.2912
2,314,e020,0.2682
2,314,e021,0.3521
2,314,e022,0.2998
2,314,e023,0.3357
2,314,e024,0.3122
2,315,e001,0.2534
2,315,e002,0.3424
2,315,e003,0.3572
2,315,e004,0.2461
2,315,e005,0.2578
2,315,e006,0.3332
2,315,e007,0.3166
2,315,e008,0.3205
2,315,e009,0.2576
2,315,e010,0.3596
2,315,e011,0.3617
2,315,e012,0.2617
2,315,e013,0.3404
2,315,e014,0.3721
2,315,e015,0.3341
2,315,e016,0.352
2,315,e017,0.3279
2,315,e018,0.3473
2,315,e019,0.3361
2,315,e020,0.2674
2,315,e021,0.2828
2,315,e022,0.3484
2,315,e023,0.2386
2,315,e024,0.3102
2,316,e001,0.3448
2,316,e002,0.3006
2,316,e003,0.3131
2,316,e004,0.2727
2,316,e005,0.3644
2,316,e006,0.3368
2,316,e007,0.3449
2,316,e008,0.2968
2,316,e009,0.3906
2,316,e010,0.2786
2,316,e011,0.3211
2,316,e012,0.2971
2,316,e013,0.274
2,316,e014,0.3807
2,316,e015,0.2724
2,316,e016,0.3726
2,316,e017,0.2865
2,316,e018,0.3875
2,316,e019,0.287
2,316,e020,0.2948
2,316,e021,0.2853
2,316,e022,0.2833
2,316,e023,0.3893
2,316,e024,0.3307
2,317,e001,0.3278
2,317,e002,0.2636
2,317,e003,0.3677
2,317,e004,0.3228
2,317,e005,0.3602
2,317,e006,0.326
2,317,e007,0.2823
2,317,e008,0.3527
2,317,e009,0.2884
2,317,e010,0.3127
2,317,e011,0.3295
2,317,e012,0.3399
2,317,e013,0.2942
2,317,e014,0.2898
2,317,e015,0.3301
2,317,e016,0.3172
2,317,e017,0.2858
2,317,e018,0.2737
2,317,e019,0.3306
2,317,e020,0.3321
2,317,e021,0.3546
2,317,e022,0.2842
2,317,e023,0.3212
2,317,e024,0.3303
2,318,e001,0.2578
2,318,e002,0.3409
2,318,e003,0.3515
2,318,e004,0.2789
2,318,e005,0.2885
2,318,e006,0.2766
2,318,e007,0.3351
2,318,e008,0.313
2,318,e009,0.2594
2,318,e010,0.3176
2,318,e011,0.3403
2,318,e012,0.271
2,318,e013,0.3476
2,318,e014,0.275
2,318,e015,0.2588
2,318,e016,0.3442
2,318,e017,0.3391
2,318,e018,0.3392
2,318,e019,0.3325
2,318,e020,0.2899
2,318,e021,0.2917
2,318,e022,0.2997
2,318,e023,0.3471
2,318,e024,0.2531
2,319,e001,0.2939
2,319,e002,0.3432
2,319,e003,0.3086
2,319,e004,0.2367
2,319,e005,0.3722
2,319,e006,0.2876
2,319,e007,0.335
2,319,e008,0.2663
2,319,e009,0.3209
2,319,e010,0.301
2,319,e011,0.3051
2,319,e012,0.3296
2,319,e013,0.3096
2,319,e014,0.3279
2,319,e015,0.2777
2,319,e016,0.2563
2,319,e017,0.2552
2,319,e018,0.3493
2,319,e019,0.3553
2,319,e020,0.3639
2,319,e021,0.3571
2,319,e022,0.3428
2,319,e023,0.3127
2,319,e024,0.3553
2,320,e001,0.3321
2,320,e002,0.3462
2,320,e003,0.3944
2,320,e004,0.3607
2,320,e005,0.3305
2,320,e006,0.3966
2,320,e007,0.2927
2,320,e008,0.2793
2,320,e009,0.3354
2,320,e010,0.2952
2,320,e011,0.346
2,320,e012,0.2841
2,320,e013,0.366
2,320,e014,0.3345
2,320,e015,0.3422
2,320,e016,0.3573
2,320,e017,0.3482
2,320,e018,0.3511
2,320,e019,0.3025
2,320,e020,0.3527
2,320,e021,0.3516
2,320,e022,0.3564
2,320,e023,0.3154
2,320,e024,0.345
2,321,e001,0.3843
2,321,e002,0.2929
2,321,e003,0.3848
2,321,e004,0.3174
2,321,e005,0.3527
2,321,e006,0.3852
2,321,e007,0.301
2,321,e008,0.3228
2,321,e009,0.2849
2,321,e010,0.3373
2,321,e011,0.3422
2,321,e012,0.3373
2,321,e013,0.3157
2,321,e014,0.3415
2,321,e015,0.3702
2,321,e016,0.3351
2,321,e017,0.283
2,321,e018,0.3821
2,321,e019,0.2919
2,321,e020,0.3044
2,321,e021,0.4055
2,321,e022,0.309
2,321,e023,0.3376
2,321,e024,0.3804
2,322,e001,0.3932
2,322,e002,0.3416
2,322,e003,0.343
2,322,e004,0.3653
2,322,e005,0.3585
2,322,e006,0.3833
2,322,e007,0.333
2,322,e008,0.3928
2,322,e009,0.3616
2,322,e010,0.3337
2,322,e011,0.3689
2,322,e012,0.3598
2,322,e013,0.3681
2,322,e014,0.3667
2,322,e015,0.3268
2,322,e016,0.3316
2,322,e017,0.3268
2,322,e018,0.369
2,322,e019,0.3916
2,322,e020,0.3924
2,322,e021,0.3801
2,322,e022,0.3277
2,322,e023,0.3647
2,322,e024,0.3761
2,323,e001,0.3547
2,323,e002,0.2784
2,323,e003,0.3344
2,323,e004,0.3142
2,323,e005,0.2847
2,323,e006,0.3201
2,323,e007,0.3455
2,323,e008,0.3624
2,323,e009,0.2976
2,323,e010,0.2572
2,323,e011,0.2732
2,323,e012,0.2921
2,323,e013,0.3371
2,323,e014,0.3075
2,323,e015,0.2842
2,323,e016,0.3219
2,323,e017,0.3
2,323,e018,0.3554
2,323,e019,0.2857
2,323,e020,0.3139
2,323,e021,0.2738
2,323,e022,0.3001
2,323,e023,0.367
2,323,e024,0.3547
2,324,e001,0.35
2,324,e002,0.3111
2,324,e003,0.3406
2,324,e004,0.3097
2,324,e005,0.3891
2,324,e006,0.3101
2,324,e007,0.3425
2,324,e008,0.3209
2,324,e009,0.3112
2,324,e010,0.3455
2,324,e011,0.2813
2,324,e012,0.3999
2,324,e013,0.3247
2,324,e014,0.2964
2,324,e015,0.35
2,324,e016,0.3729
2,324,e017,0.2522
2,324,e018,0.3257
2,324,e019,0.3734
2,324,e020,0.2909
2,324,e021,0.3037
2,324,e022,0.3356
2,324,e023,0.3413
2,324,e024,0.3216
2,325,e001,0.32
2,325,e002,0.3651
2,325,e003,0.2986
2,325,e004,0.3015
2,325,e005,0.3625
2,325,e006,0.3771
2,325,e007,0.3365
2,325,e008,0.3624
2,325,e009,0.3125
2,325,e010,0.3096
2,325,e011,0.3282
2,325,e012,0.3497
2,325,e013,0.3739
2,325,e014,0.3568
2,325,e015,0.2986
2,325,e016,0.3781
2,325,e017,0.3397
2,325,e018,0.334
2,325,e019,0.3304
2,325,e020,0.3718
2,325,e021,0.3324
2,325,e022,0.3646
2,325,e023,0.3217
2,325,e024,0.3528
2,326,e001,0.2663
2,326,e002,0.2622
2,326,e003,0.2529
2,326,e004,0.2884
2,326,e005,0.2468
2,326,e006,0.3145
2,326,e007,0.2705
2,326,e008,0.2498
2,326,e009,0.2399
2,326,e010,0.2892
2,326,e011,0.2672
2,326,e012,0.3321
2,326,e013,0.2792
2,326,e014,0.2757
2,326,e015,0.2894
2,326,e016,0.3083
2,326,e017,0.3146
2,326,e018,0.2744
2,326,e019,0.3185
2,326,e020,0.2833
2,326,e021,0.2721
2,326,e022,0.2296
2,326,e023,0.2693
2,326,e024,0.2422
2,327,e001,0.3211
2,327,e002,0.3058
2,327,e003,0.302
2,327,e004,0.3881
2,327,e005,0.3759
2,327,e006,0.387
2,327,e007,0.3087
2,327,e008,0.2736
2,327,e009,0.3433
2,327,e010,0.3296
2,327,e011,0.2802
2,327,e012,0.3426
2,327,e013,0.3065
2,327,e014,0.3343
2,327,e015,0.3717
2,327,e016,0.2746
2,327,e017,0.3074
2,327,e018,0.3707
2,327,e019,0.3334
2,327,e020,0.385
2,327,e021,0.3943
2,327,e022,0.3797
2,327,e023,0.3012
2,327,e024,0.317
2,328,e001,0.3639
2,328,e002,0.3047
2,328,e003,0.2858
2,328,e004,0.2994
2,328,e005,0.3426
2,328,e006,0.378
2,328,e007,0.2754
2,328,e008,0.3472
2,328,e009,0.3709
2,328,e010,0.3117
2,328,e011,0.3956
2,328,e012,0.3961
2,328,e013,0.3574
2,328,e014,0.3599
2,328,e015,0.3079
2,328,e016,0.2871
2,328,e017,0.2945
2,328,e018,0.3461
2,328,e019,0.2894
2,328,e020,0.3244
2,328,e021,0.3293
2,328,e022,0.3664
2,328,e023,0.3067
2,328,e024,0.2711
2,329,e001,0.3232
2,329,e002,0.375
2,329,e003,0.3288
2,329,e004,0.3187
2,329,e005,0.336
2,329,e006,0.2928
2,329,e007,0.2512
2,329,e008,0.3236
2,329,e009,0.3357
2,329,e010,0.2667
2,329,e011,0.3311
2,329,e012,0.3463
2,329,e013,0.2675
2,329,e014,0.2598
2,329,e015,0.3119
2,329,e016,0.3166
2,329,e017,0.3101
2,329,e018,0.3349
2,329,e019,0.3383
2,329,e020,0.2938
2,329,e021,0.3522
2,329,e022,0.3337
2,329,e023,0.3133
2,329,e024,0.29
2,330,e001,0.3167
2,330,e002,0.3268
2,330,e003,0.3039
2,330,e004,0.3116
2,330,e005,0.3785
2,330,e006,0.3455
2,330,e007,0.3719
2,330,e008,0.3648
2,330,e009,0.3112
2,330,e010,0.3429
2,330,e011,0.3041
2,330,e012,0.3454
2,330,e013,0.3804
2,330,e014,0.3073
2,330,e015,0.3718
2,330,e016,0.3246
2,330,e017,0.2886
2,330,e018,0.3164
2,330,e019,0.374
2,330,e020,0.3482
2,330,e021,0.371
2,330,e022,0.3248
2,330,e023,0.3359
2,330,e024,0.3749
2,331,e001,0.3216
2,331,e002,0.3032
2,331,e003,0.3452
2,331,e004,0.266
2,331,e005,0.2987
2,331,e006,0.2586
2,331,e007,0.3366
2,331,e008,0.3718
2,331,e009,0.3215
2,331,e010,0.3416
2,331,e011,0.3118
2,331,e012,0.3333
2,331,e013,0.3318
2,331,e014,0.3629
2,331,e015,0.3428
2,331,e016,0.3183
2,331,e017,0.3518
2,331,e018,0.2811
2,331,e019,0.3191
2,331,e020,0.3722
2,331,e021,0.2846
2,331,e022,0.3448
2,331,e023,0.3046
2,331,e024,0.3278
2,332,e001,0.3222
2,332,e002,0.2603
2,332,e003,0.3262
2,332,e004,0.3377
2,332,e005,0.3691
2,332,e006,0.3305
2,332,e007,0.3968
2,332,e008,0.3082
2,332,e009,0.3285
2,332,e010,0.3447
2,332,e011,0.3116
2,332,e012,0.3426
2,332,e013,0.3568
2,332,e014,0.3085
2,332,e015,0.2812
2,332,e016,0.3021
2,332,e017,0.2993
2,332,e018,0.3211
2,332,e019,0.3726
2,332,e020,0.3989
2,332,e021,0.316
2,332,e022,0.3642
2,332,e023,0.3796
2,332,e024,0.3703
2,333,e001,0.3594
2,333,e002,0.3367
2,333,e003,0.3653
2,333,e004,0.3077
2,333,e005,0.3759
2,333,e006,0.3379
2,333,e007,0.3128
2,333,e008,0.373
2,333,e009,0.3341
2,333,e010,0.322
2,333,e011,0.3321
2,333,e012,0.389
2,333,e013,0.3515
2,333,e014,0.3053
2,333,e015,0.3779
2,333,e016,0.3509
2,333,e017,0.3211
2,333,e018,0.3689
2,333,e019,0.3035
2,333,e020,0.3042
2,333,e021,0.3644
2,333,e022,0.3466
2,333,e023,0.308
2,333,e024,0.3191
2,334,e001,0.3227
2,334,e002,0.3509
2,334,e003,0.3239
2,334,e004,0.3688
2,334,e005,0.3643
2,334,e006,0.313
2,334,e007,0.2889
2,334,e008,0.3383
2,334,e009,0.3195
2,334,e010,0.3275
2,334,e011,0.3069
2,334,e012,0.295
2,334,e013,0.288
2,334,e014,0.3139
2,334,e015,0.2774
2,334,e016,0.3021
2,334,e017,0.3127
2,334,e018,0.3015
2,334,e019,0.3468
2,334,e020,0.2838
2,334,e021,0.284
2,334,e022,0.3791
2,334,e023,0.3256
2,334,e024,0.3396
2,335,e001,0.3111
2,335,e002,0.268
2,335,e003,0.2705
2,335,e004,0.3652
2,335,e005,0.325
2,335,e006,0.3026
2,335,e007,0.3134
2,335,e008,0.3831
2,335,e009,0.3006
2,335,e010,0.324
2,335,e011,0.2952
2,335,e012,0.376
2,335,e013,0.3775
2,335,e014,0.3321
2,335,e015,0.3355
2,335,e016,0.3376
2,335,e017,0.3938
2,335,e018,0.3107
2,335,e019,0.3943
2,335,e020,0.297
2,335,e021,0.388
2,335,e022,0.3298
2,335,e023,0.3646
2,335,e024,0.3589
2,336,e001,0.3202
2,336,e002,0.3726
2,336,e003,0.3641
2,336,e004,0.3729
2,336,e005,0.3397
2,336,e006,0.3322
2,336,e007,0.3906
2,336,e008,0.3127
2,336,e009,0.3649
2,336,e010,0.3318
2,336,e011,0.407
2,336,e012,0.3368
2,336,e013,0.3551
2,336,e014,0.3154
2,336,e015,0.3251
2,336,e016,0.2973
2,336,e017,0.2964
2,336,e018,0.3184
2,336,e019,0.3537
2,336,e020,0.3588
2,336,e021,0.2979
2,336,e022,0.3092
2,336,e023,0.3056
2,336,e024,0.3432
2,337,e001,0.3155
2,337,e002,0.2812
2,337,e003,0.3366
2,337,e004,0.3122
2,337,e005,0.3019
2,337,e006,0.3244
2,337,e007,0.3141
2,337,e008,0.3138
2,337,e009,0.3535
2,337,e010,0.3567
2,337,e011,0.3273
2,337,e012,0.3734
2,337,e013,0.3611
2,337,e014,0.3159
2,337,e015,0.3223
2,337,e016,0.3393
2,337,e017,0.3296
2,337,e018,0.2721
2,337,e019,0.3494
2,337,e020,0.3827
2,337,e021,0.3314
2,337,e022,0.3564
2,337,e023,0.3611
2,337,e024,0.3831
2,338,e001,0.34
2,338,e002,0.3907
2,338,e003,0.3403
2,338,e004,0.383
2,338,e005,0.3581
2,338,e006,0.3528
2,338,e007,0.3317
2,338,e008,0.3451
2,338,e009,0.3633
2,338,e010,0.3727
2,338,e011,0.3432
2,338,e012,0.3527
2,338,e013,0.3536
2,338,e014,0.3688
2,338,e015,0.3047
2,338,e016,0.3555
2,338,e017,0.3334
2,338,e018,0.3498
2,338,e019,0.3855
2,338,e020,0.3978
2,338,e021,0.3398
2,338,e022,0.335
2,338,e023,0.3508
2,338,e024,0.3453
2,339,e001,0.3961
2,339,e002,0.3896
2,339,e003,0.2985
2,339,e004,0.4197
2,339,e005,0.3581
2,339,e006,0.3567
2,339,e007,0.3788
2,339,e008,0.357
2,339,e009,0.4089
2,339,e010,0.373
2,339,e011,0.3355
2,339,e012,0.3411
2,339,e013,0.3385
2,339,e014,0.3217
2,339,e015,0.3322
2,339,e016,0.3721
2,339,e017,0.3129
2,339,e018,0.3654
2,339,e019,0.3432
2,339,e020,0.4171
2,339,e021,0.3887
2,339,e022,0.4353
2,339,e023,0.4106
2,339,e024,0.378
2,340,e001,0.3516
2,340,e002,0.3766
2,340,e003,0.3678
2,340,e004,0.3503
2,340,e005,0.2957
2,340,e006,0.3212
2,340,e007,0.3488
2,340,e008,0.3272
2,340,e009,0.3253
2,340,e010,0.339
2,340,e011,0.3736
2,340,e012,0.3482
2,340,e013,0.3506
2,340,e014,0.3226
2,340,e015,0.3213
2,340,e016,0.3898
2,340,e017,0.2971
2,340,e018,0.3618
2,340,e019,0.4187
2,340,e020,0.354
2,340,e021,0.346
2,340,e022,0.3148
2,340,e023,0.3352
2,340,e024,0.3043
2,341,e001,0.333
2,341,e002,0.3633
2,341,e003,0.3402
2,341,e004,0.4225
2,341,e005,0.3404
2,341,e006,0.398
2,341,e007,0.3856
2,341,e008,0.369
2,341,e009,0.3946
2,341,e010,0.3421
2,341,e011,0.3893
2,341,e012,0.3993
2,341,e013,0.3369
2,341,e014,0.3223
2,341,e015,0.381
2,341,e016,0.3879
2,341,e017,0.3314
2,341,e018,0.3235
2,341,e019,0.3673
2,341,e020,0.3069
2,341,e021,0.3739
2,341,e022,0.3668
2,341,e023,0.3365
2,341,e024,0.384
2,342,e001,0.3127
2,342,e002,0.3188
2,342,e003,0.3706
2,342,e004,0.3539
2,342,e005,0.2642
2,342,e006,0.3632
2,342,e007,0.3119
2,342,e008,0.3372
2,342,e009,0.2791
2,342,e010,0.3699
2,342,e011,0.3329
2,342,e012,0.3405
2,342,e013,0.3571
2,342,e014,0.325
2,342,e015,0.2974
2,342,e016,0.3369
2,342,e017,0.3297
2,342,e018,0.3645
2,342,e019,0.3271
2,342,e020,0.2662
2,342,e021,0.321
2,342,e022,0.34
2,342,e023,0.353
2,342,e024,0.3346
2,343,e001,0.3325
2,343,e002,0.3413
2,343,e003,0.3161
2,343,e004,0.3852
2,343,e005,0.3835
2,343,e006,0.3833
2,343,e007,0.3091
2,343,e008,0.3142
2,343,e009,0.3554
2,343,e010,0.3337
2,343,e011,0.3898
2,343,e012,0.3298
2,343,e013,0.3342
2,343,e014,0.3606
2,343,e015,0.3848
2,343,e016,0.3209
2,343,e017,0.353
2,343,e018,0.3399
2,343,e019,0.3659
2,343,e020,0.339
2,343,e021,0.3084
2,343,e022,0.335
2,343,e023,0.3154
2,343,e024,0.3321
2,344,e001,0.3763
2,344,e002,0.4175
2,344,e003,0.3582
2,344,e004,0.4005
2,344,e005,0.3076
2,344,e006,0.3799
2,344,e007,0.4048
2,344,e008,0.3909
2,344,e009,0.294
2,344,e010,0.3476
2,344,e011,0.4056
2,344,e012,0.3426
2,344,e013,0.3843
2,344,e014,0.3674
2,344,e015,0.4076
2,344,e016,0.4017
2,344,e017,0.3143
2,344,e018,0.3398
2,344,e019,0.3745
2,344,e020,0.3692
2,344,e021,0.3425
2,344,e022,0.38
2,344,e023,0.4183
2,344,e024,0.3381
2,345,e001,0.3396
2,345,e002,0.3096
2,345,e003,0.3789
2,345,e004,0.3756
2,345,e005,0.3193
2,345,e006,0.3222
2,345,e007,0.339
2,345,e008,0.3485
2,345,e009,0.267
2,345,e010,0.2826
2,345,e011,0.3146
2,345,e012,0.3407
2,345,e013,0.3777
2,345,e014,0.3852
2,345,e015,0.3058
2,345,e016,0.3642
2,345,e017,0.3165
2,345,e018,0.4055
2,345,e019,0.3593
2,345,e020,0.3463
2,345,e021,0.2825
2,345,e022,0.3385
2,345,e023,0.3365
2,345,e024,0.3274
2,346,e001,0.2669
2,346,e002,0.3246
2,346,e003,0.3181
2,346,e004,0.3555
2,346,e005,0.3653
2,346,e006,0.3214
2,346,e007,0.3473
2,346,e008,0.3345
2,346,e009,0.3102
2,346,e010,0.3121
2,346,e011,0.3314
2,346,e012,0.3647
2,346,e013,0.3075
2,346,e014,0.3333
2,346,e015,0.3529
2,346,e016,0.3435
2,346,e017,0.3435
2,346,e018,0.3387
2,346,e019,0.3269
2,346,e020,0.3533
2,346,e021,0.3713
2,346,e022,0.2899
2,346,e023,0.3395
2,346,e024,0.2996
2,347,e001,0.3913
2,347,e002,0.3689
2,347,e003,0.4228
2,347,e004,0.3587
2,347,e005,0.3545
2,347,e006,0.4277
2,347,e007,0.3919
2,347,e008,0.3536
2,347,e009,0.4295
2,347,e010,0.406
2,347,e011,0.4376
2,347,e012,0.4337
2,347,e013,0.3741
2,347,e014,0.4204
2,347,e015,0.4158
2,347,e016,0.397
2,347,e017,0.3548
2,347,e018,0.4258
2,347,e019,0.4304
2,347,e020,0.3244
2,347,e021,0.4201
2,347,e022,0.3717
2,347,e023,0.3742
2,347,e024,0.3627
2,348,e001,0.3421
2,348,e002,0.2862
2,348,e003,0.3475
2,348,e004,0.409
2,348,e005,0.3568
2,348,e006,0.3335
2,348,e007,0.3513
2,348,e008,0.3792
2,348,e009,0.2999
2,348,e010,0.3173
2,348,e011,0.3643
2,348,e012,0.2902
2,348,e013,0.3243
2,348,e014,0.3753
2,348,e015,0.373
2,348,e016,0.3748
2,348,e017,0.3365
2,348,e018,0.3523
2,348,e019,0.3092
2,348,e020,0.3311
2,348,e021,0.3569
2,348,e022,0.2958
2,348,e023,0.3637
2,348,e024,0.3061
2,349,e001,0.3315
2,349,e002,0.3884
2,349,e003,0.3723
2,349,e004,0.3956
2,349,e005,0.3401
2,349,e006,0.3318
2,349,e007,0.3651
2,349,e008,0.3022
2,349,e009,0.3735
2,349,e010,0.3202
2,349,e011,0.3816
2,349,e012,0.4152
2,349,e013,0.3252
2,349,e014,0.3015
2,349,e015,0.3486
2,349,e016,0.3318
2,349,e017,0.3611
2,349,e018,0.3296
2,349,e019,0.333
2,349,e020,0.3369
2,349,e021,0.4244
2,349,e022,0.3199
2,349,e023,0.3075
2,349,e024,0.302
2,350,e001,0.3986
2,350,e002,0.2878
2,350,e003,0.4181
2,350,e004,0.3565
2,350,e005,0.3406
2,350,e006,0.3437
2,350,e007,0.3392
2,350,e008,0.3728
2,350,e009,0.4017
2,350,e010,0.3675
2,350,e011,0.3674
2,350,e012,0.3305
2,350,e013,0.3427
2,350,e014,0.3111
2,350,e015,0.3815
2,350,e016,0.3359
2,350,e017,0.315
2,350,e018,0.2977
2,350,e019,0.2857
2,350,e020,0.3226
2,350,e021,0.3352
2,350,e022,0.3274
2,350,e023,0.376
2,350,e024,0.3947
2,351,e001,0.4645
2,351,e002,0.3771
2,351,e003,0.3635
2,351,e004,0.4288
2,351,e005,0.4071
2,351,e006,0.3671
2,351,e007,0.3941
2,351,e008,0.413
2,351,e009,0.4139
2,351,e010,0.3614
2,351,e011,0.4131
2,351,e012,0.3469
2,351,e013,0.3994
2,351,e014,0.4415
2,351,e015,0.4042
2,351,e016,0.3791
2,351,e017,0.372
2,351,e018,0.4005
2,351,e019,0.4017
2,351,e020,0.404
2,351,e021,0.3882
2,351,e022,0.3631
2,351,e023,0.3555
2,351,e024,0.3958
2,352,e001,0.2968
2,352,e002,0.3082
2,352,e003,0.377
2,352,e004,0.3402
2,352,e005,0.311
2,352,e006,0.3818
2,352,e007,0.356
2,352,e008,0.3764
2,352,e009,0.322
2,352,e010,0.3994
2,352,e011,0.3961
2,352,e012,0.3555
2,352,e013,0.3749
2,352,e014,0.4134
2,352,e015,0.3269
2,352,e016,0.351
2,352,e017,0.3905
2,352,e018,0.3609
2,352,e019,0.3722
2,352,e020,0.3147
2,352,e021,0.4095
2,352,e022,0.3246
2,352,e023,0.3174
2,352,e024,0.3815
2,353,e001,0.3578
2,353,e002,0.3721
2,353,e003,0.4503
2,353,e004,0.4271
2,353,e005,0.3274
2,353,e006,0.3686
2,353,e007,0.3771
2,353,e008,0.3834
2,353,e009,0.3297
2,353,e010,0.3855
2,353,e011,0.3707
2,353,e012,0.4116
2,353,e013,0.3904
2,353,e014,0.3948
2,353,e015,0.3464
2,353,e016,0.3442
2,353,e017,0.4075
2,353,e018,0.3523
2,353,e019,0.3359
2,353,e020,0.3913
2,353,e021,0.3805
2,353,e022,0.3492
2,353,e023,0.3945
2,353,e024,0.3663
2,354,e001,0.3479
2,354,e002,0.3154
2,354,e003,0.4094
2,354,e004,0.3876
2,354,e005,0.3996
2,354,e006,0.3726
2,354,e007,0.3712
2,354,e008,0.4012
2,354,e009,0.3837
2,354,e010,0.3111
2,354,e011,0.3898
2,354,e012,0.3467
2,354,e013,0.3528
2,354,e014,0.3459
2,354,e015,0.3829
2,354,e016,0.385
2,354,e017,0.3821
2,354,e018,0.3385
2,354,e019,0.3108
2,354,e020,0.3969
2,354,e021,0.3329
2,354,e022,0.3507
2,354,e023,0.3659
2,354,e024,0.3393
2,355,e001,0.4358
2,355,e002,0.4196
2,355,e003,0.4545
2,355,e004,0.4229
2,355,e005,0.4041
2,355,e006,0.3588
2,355,e007,0.4308
2,355,e008,0.4549
2,355,e009,0.4639
2,355,e010,0.4712
2,355,e011,0.4251
2,355,e012,0.445
2,355,e013,0.4453
2,355,e014,0.3993
2,355,e015,0.3946
2,355,e016,0.4618
2,355,e017,0.4564
2,355,e018,0.3716
2,355,e019,0.3959
2,355,e020,0.4275
2,355,e021,0.4026
2,355,e022,0.4584
2,355,e023,0.3993
2,355,e024,0.439
2,356,e001,0.3783
2,356,e002,0.3826
2,356,e003,0.3198
2,356,e004,0.3363
2,356,e005,0.4008
2,356,e006,0.407
2,356,e007,0.3534
2,356,e008,0.3479
2,356,e009,0.3768
2,356,e010,0.3578
2,356,e011,0.3851
2,356,e012,0.4004
2,356,e013,0.3304
2,356,e014,0.3324
2,356,e015,0.3651
2,356,e016,0.3752
2,356,e017,0.3632
2,356,e018,0.3112
2,356,e019,0.3218
2,356,e020,0.3854
2,356,e021,0.3974
2,356,e022,0.3975
2,356,e023,0.3973
2,356,e024,0.3629
2,357,e001,0.3668
2,357,e002,0.4046
2,357,e003,0.414
2,357,e004,0.4123
2,357,e005,0.3298
2,357,e006,0.3308
2,357,e007,0.3324
2,357,e008,0.3974
2,357,e009,0.3289
2,357,e010,0.4376
2,357,e011,0.3417
2,357,e012,0.4373
2,357,e013,0.3903
2,357,e014,0.3814
2,357,e015,0.4095
2,357,e016,0.4205
2,357,e017,0.3453
2,357,e018,0.3893
2,357,e019,0.4401
2,357,e020,0.339
2,357,e021,0.3512
2,357,e022,0.3786
2,357,e023,0.3325
2,357,e024,0.3946
2,358,e001,0.4608
2,358,e002,0.4154
2,358,e003,0.4021
2,358,e004,0.4104
2,358,e005,0.3841
2,358,e006,0.3782
2,358,e007,0.3614
2,358,e008,0.412
2,358,e009,0.4252
2,358,e010,0.4275
2,358,e011,0.3368
2,358,e012,0.3575
2,358,e013,0.4337
2,358,e014,0.3402
2,358,e015,0.3202
2,358,e016,0.4435
2,358,e017,0.4155
2,358,e018,0.3577
2,358,e019,0.4123
2,358,e020,0.4058
2,358,e021,0.433
2,358,e022,0.3618
2,358,e023,0.4058
2,358,e024,0.3797
2,359,e001,0.3202
2,359,e002,0.363
2,359,e003,0.3566
2,359,e004,0.3883
2,359,e005,0.3156
2,359,e006,0.3212
2,359,e007,0.3463
2,359,e008,0.3159
2,359,e009,0.3369
2,359,e010,0.3414
2,359,e011,0.3574
2,359,e012,0.338
2,359,e013,0.3787
2,359,e014,0.3125
2,359,e015,0.3325
2,359,e016,0.3888
2,359,e017,0.2999
2,359,e018,0.4041
2,359,e019,0.3056
2,359,e020,0.3164
2,359,e021,0.3759
2,359,e022,0.3524
2,359,e023,0.3657
2,359,e024,0.3923
2,360,e001,0.4087
2,360,e002,0.4445
2,360,e003,0.387
2,360,e004,0.4772
2,360,e005,0.4434
2,360,e006,0.4834
2,360,e007,0.4327
2,360,e008,0.413
2,360,e009,0.4606
2,360,e010,0.4606
2,360,e011,0.4755
2,360,e012,0.4619
2,360,e013,0.5345
2,360,e014,0.5935
2,360,e015,0.5874
2,360,e016,0.5109
2,360,e017,0.6273
2,360,e018,0.6046
2,360,e019,0.4735
2,360,e020,0.4018
2,360,e021,0.4563
2,360,e022,0.4345
2,360,e023,0.4553
2,360,e024,0.4113
2,361,e001,0.3562
2,361,e002,0.4475
2,361,e003,0.4418
2,361,e004,0.3841
2,361,e005,0.339
2,361,e006,0.4233
2,361,e007,0.4023
2,361,e008,0.4451
2,361,e009,0.3726
2,361,e010,0.4113
2,361,e011,0.3635
2,361,e012,0.3674
2,361,e013,0.5931
2,361,e014,0.5307
2,361,e015,0.5868
2,361,e016,0.471
2,361,e017,0.545
2,361,e018,0.5021
2,361,e019,0.383
2,361,e020,0.4404
2,361,e021,0.4769
2,361,e022,0.4091
2,361,e023,0.3928
2,361,e024,0.4033
2,362,e001,0.3681
2,362,e002,0.3501
2,362,e003,0.3661
2,362,e004,0.3639
2,362,e005,0.4307
2,362,e006,0.3971
2,362,e007,0.3819
2,362,e008,0.3986
2,362,e009,0.3679
2,362,e010,0.3756
2,362,e011,0.4359
2,362,e012,0.3681
2,362,e013,0.479
2,362,e014,0.4875
2,362,e015,0.5414
2,362,e016,0.492
2,362,e017,0.5679
2,362,e018,0.5412
2,362,e019,0.4225
2,362,e020,0.4377
2,362,e021,0.3542
2,362,e022,0.3465
2,362,e023,0.3955
2,362,e024,0.3955
2,363,e001,0.4387
2,363,e002,0.4621
2,363,e003,0.3842
2,363,e004,0.4493
2,363,e005,0.3739
2,363,e006,0.3652
2,363,e007,0.4503
2,363,e008,0.3635
2,363,e009,0.3987
2,363,e010,0.3994
2,363,e011,0.3554
2,363,e012,0.4296
2,363,e013,0.5366
2,363,e014,0.6094
2,363,e015,0.5526
2,363,e016,0.4794
2,363,e017,0.5726
2,363,e018,0.5565
2,363,e019,0.4023
2,363,e020,0.4393
2,363,e021,0.3911
2,363,e022,0.4343
2,363,e023,0.4102
2,363,e024,0.4049
2,364,e001,0.3992
2,364,e002,0.4299
2,364,e003,0.4172
2,364,e004,0.3977
2,364,e005,0.4217
2,364,e006,0.431
2,364,e007,0.442
2,364,e008,0.4914
2,364,e009,0.4111
2,364,e010,0.4767
2,364,e011,0.4655
2,364,e012,0.4314
2,364,e013,0.5732
2,364,e014,0.6022
2,364,e015,0.5369
2,364,e016,0.5434
2,364,e017,0.5133
2,364,e018,0.5674
2,364,e019,0.4463
2,364,e020,0.4752
2,364,e021,0.4276
2,364,e022,0.4143
2,364,e023,0.4622
2,364,e024,0.4312
2,365,e001,0.3978
2,365,e002,0.343
2,365,e003,0.3335
2,365,e004,0.4193
2,365,e005,0.4058
2,365,e006,0.3886
2,365,e007,0.3809
2,365,e008,0.3277
2,365,e009,0.3384
2,365,e010,0.3141
2,365,e011,0.396
2,365,e012,0.4242
2,365,e013,0.5702
2,365,e014,0.4759
2,365,e015,0.5099
2,365,e016,0.5213
2,365,e017,0.5462
2,365,e018,0.5363
2,365,e019,0.3936
2,365,e020,0.4318
2,365,e021,0.4094
2,365,e022,0.427
2,365,e023,0.345
2,365,e024,0.41
2,366,e001,0.3426
2,366,e002,0.3961
2,366,e003,0.3695
2,366,e004,0.3769
2,366,e005,0.3784
2,366,e006,0.3375
2,366,e007,0.4285
2,366,e008,0.3424
2,366,e009,0.4492
2,366,e010,0.3826
2,366,e011,0.3792
2,366,e012,0.3694
2,366,e013,0.5018
2,366,e014,0.5417
2,366,e015,0.5241
2,366,e016,0.5016
2,366,e017,0.5515
2,366,e018,0.5485
2,366,e019,0.3568
2,366,e020,0.418
2,366,e021,0.4179
2,366,e022,0.4184
2,366,e023,0.3546
2,366,e024,0.3481
2,367,e001,0.4343
2,367,e002,0.4164
2,367,e003,0.4217
2,367,e004,0.3631
2,367,e005,0.4357
2,367,e006,0.4424
2,367,e007,0.3836
2,367,e008,0.3951
2,367,e009,0.3908
2,367,e010,0.3881
2,367,e011,0.4641
2,367,e012,0.4208
2,367,e013,0.5465
2,367,e014,0.5637
2,367,e015,0.5665
2,367,e016,0.5715
2,367,e017,0.5509
2,367,e018,0.5145
2,367,e019,0.4293
2,367,e020,0.416
2,367,e021,0.3988
2,367,e022,0.3773
2,367,e023,0.437
2,367,e024,0.4373
2,368,e001,0.343
2,368,e002,0.3579
2,368,e003,0.4137
2,368,e004,0.4091
2,368,e005,0.3648
2,368,e006,0.3591
2,368,e007,0.4253
2,368,e008,0.4072
2,368,e009,0.3547
2,368,e010,0.3645
2,368,e011,0.3355
2,368,e012,0.3804
2,368,e013,0.5861
2,368,e014,0.5303
2,368,e015,0.4764
2,368,e016,0.5478
2,368,e017,0.504
2,368,e018,0.5641
2,368,e019,0.3756
2,368,e020,0.427
2,368,e021,0.3911
2,368,e022,0.3415
2,368,e023,0.4325
2,368,e024,0.3613
2,369,e001,0.4584
2,369,e002,0.4442
2,369,e003,0.426
2,369,e004,0.3649
2,369,e005,0.3625
2,369,e006,0.3812
2,369,e007,0.4642
2,369,e008,0.3821
2,369,e009,0.4013
2,369,e010,0.402
2,369,e011,0.4259
2,369,e012,0.3715
2,369,e013,0.5149
2,369,e014,0.5241
2,369,e015,0.5876
2,369,e016,0.5193
2,369,e017,0.5634
2,369,e018,0.5664
2,369,e019,0.3587
2,369,e020,0.3822
2,369,e021,0.4367
2,369,e022,0.4486
2,369,e023,0.3939
2,369,e024,0.4614
2,370,e001,0.444
2,370,e002,0.4371
2,370,e003,0.4101
2,370,e004,0.4512
2,370,e005,0.4518
2,370,e006,0.4651
2,370,e007,0.4248
2,370,e008,0.4178
2,370,e009,0.4667
2,370,e010,0.4742
2,370,e011,0.4325
2,370,e012,0.4562
2,370,e013,0.642
2,370,e014,0.5987
2,370,e015,0.5872
2,370,e016,0.6179
2,370,e017,0.5627
2,370,e018,0.6106
2,370,e019,0.4432
2,370,e020,0.4855
2,370,e021,0.4443
2,370,e022,0.4497
2,370,e023,0.4414
2,370,e024,0.4343
2,371,e001,0.3755
2,371,e002,0.4461
2,371,e003,0.448
2,371,e004,0.3724
2,371,e005,0.3692
2,371,e006,0.4101
2,371,e007,0.4762
2,371,e008,0.4213
2,371,e009,0.4265
2,371,e010,0.4213
2,371,e011,0.4256
2,371,e012,0.3879
2,371,e013,0.5089
2,371,e014,0.5885
2,371,e015,0.5593
2,371,e016,0.5638
2,371,e017,0.5361
2,371,e018,0.543
2,371,e019,0.4264
2,371,e020,0.4117
2,371,e021,0.4673
2,371,e022,0.3877
2,371,e023,0.4754
2,371,e024,0.3989
2,372,e001,0.4187
2,372,e002,0.4981
2,372,e003,0.4335
2,372,e004,0.4002
2,372,e005,0.446
2,372,e006,0.4383
2,372,e007,0.5129
2,372,e008,0.4695
2,372,e009,0.3924
2,372,e010,0.4779
2,372,e011,0.4261
2,372,e012,0.4045
2,372,e013,0.5939
2,372,e014,0.6123
2,372,e015,0.6288
2,372,e016,0.5805
2,372,e017,0.6506
2,372,e018,0.5894
2,372,e019,0.4641
2,372,e020,0.506
2,372,e021,0.4872
2,372,e022,0.4305
2,372,e023,0.489
2,372,e024,0.4206
2,373,e001,0.4122
2,373,e002,0.4162
2,373,e003,0.457
2,373,e004,0.4308
2,373,e005,0.4886
2,373,e006,0.4056
2,373,e007,0.4227
2,373,e008,0.4502
2,373,e009,0.4776
2,373,e010,0.4247
2,373,e011,0.4273
2,373,e012,0.5072
2,373,e013,0.5342
2,373,e014,0.6349
2,373,e015,0.5873
2,373,e016,0.6235
2,373,e017,0.6059
2,373,e018,0.5854
2,373,e019,0.4614
2,373,e020,0.4664
2,373,e021,0.4192
2,373,e022,0.4686
2,373,e023,0.497
2,373,e024,0.4881
2,374,e001,0.4388
2,374,e002,0.4191
2,374,e003,0.4939
2,374,e004,0.4638
2,374,e005,0.4956
2,374,e006,0.4353
2,374,e007,0.4013
2,374,e008,0.444
2,374,e009,0.4101
2,374,e010,0.4479
2,374,e011,0.393
2,374,e012,0.4352
2,374,e013,0.5611
2,374,e014,0.5365
2,374,e015,0.5699
2,374,e016,0.5297
2,374,e017,0.5289
2,374,e018,0.576
2,374,e019,0.4134
2,374,e020,0.4988
2,374,e021,0.4044
2,374,e022,0.452
2,374,e023,0.3949
2,374,e024,0.4635
2,375,e001,0.4751
2,375,e002,0.4247
2,375,e003,0.5032
2,375,e004,0.4994
2,375,e005,0.4443
2,375,e006,0.4128
2,375,e007,0.4253
2,375,e008,0.4208
2,375,e009,0.4352
2,375,e010,0.4954
2,375,e011,0.5196
2,375,e012,0.4857
2,375,e013,0.6109
2,375,e014,0.6113
2,375,e015,0.6541
2,375,e016,0.6388
2,375,e017,0.5652
2,375,e018,0.58
2,375,e019,0.5011
2,375,e020,0.4545
2,375,e021,0.4228
2,375,e022,0.4664
2,375,e023,0.5017
2,375,e024,0.4925
2,376,e001,0.4466
2,376,e002,0.4188
2,376,e003,0.4168
2,376,e004,0.4404
2,376,e005,0.4359
2,376,e006,0.4531
2,376,e007,0.4718
2,376,e008,0.4067
2,376,e009,0.3628
2,376,e010,0.4129
2,376,e011,0.44
2,376,e012,0.4561
2,376,e013,0.552
2,376,e014,0.5129
2,376,e015,0.5193
2,376,e016,0.5236
2,376,e017,0.5107
2,376,e018,0.561
2,376,e019,0.4777
2,376,e020,0.3988
2,376,e021,0.3755
2,376,e022,0.4346
2,376,e023,0.4465
2,376,e024,0.4273
2,377,e001,0.4709
2,377,e002,0.4788
2,377,e003,0.4539
2,377,e004,0.46
2,377,e005,0.4231
2,377,e006,0.4703
2,377,e007,0.4357
2,377,e008,0.4637
2,377,e009,0.4852
2,377,e010,0.5143
2,377,e011,0.4767
2,377,e012,0.4856
2,377,e013,0.6504
2,377,e014,0.5389
2,377,e015,0.6132
2,377,e016,0.5809
2,377,e017,0.5608
2,377,e018,0.5625
2,377,e019,0.4179
2,377,e020,0.5084
2,377,e021,0.5064
2,377,e022,0.427
2,377,e023,0.4601
2,377,e024,0.4244
2,378,e001,0.4991
2,378,e002,0.4862
2,378,e003,0.4352
2,378,e004,0.4215
2,378,e005,0.4289
2,378,e006,0.431
2,378,e007,0.4876
2,378,e008,0.4458
2,378,e009,0.4985
2,378,e010,0.4943
2,378,e011,0.4459
2,378,e012,0.4471
2,378,e013,0.5893
2,378,e014,0.5569
2,378,e015,0.5836
2,378,e016,0.5703
2,378,e017,0.5739
2,378,e018,0.5343
2,378,e019,0.4354
2,378,e020,0.4704
2,378,e021,0.4078
2,378,e022,0.4976
2,378,e023,0.5059
2,378,e024,0.4865
2,379,e001,0.4255
2,379,e002,0.4407
2,379,e003,0.4842
2,379,e004,0.4563
2,379,e005,0.3967
2,379,e006,0.4688
2,379,e007,0.4588
2,379,e008,0.4995
2,379,e009,0.4362
2,379,e010,0.3965
2,379,e011,0.4136
2,379,e012,0.4326
2,379,e013,0.589
2,379,e014,0.5924
2,379,e015,0.5523
2,379,e016,0.5853
2,379,e017,0.5752
2,379,e018,0.5692
2,379,e019,0.4469
2,379,e020,0.4602
2,379,e021,0.471
2,379,e022,0.3911
2,379,e023,0.4427
2,379,e024,0.4669
2,380,e001,0.4176
2,380,e002,0.4638
2,380,e003,0.406
2,380,e004,0.3607
2,380,e005,0.4066
2,380,e006,0.4635
2,380,e007,0.4373
2,380,e008,0.3871
2,380,e009,0.473
2,380,e010,0.4072
2,380,e011,0.4453
2,380,e012,0.4247
2,380,e013,0.7306
2,380,e014,0.835
2,380,e015,0.7664
2,380,e016,0.7742
2,380,e017,0.7817
2,380,e018,0.7715
2,380,e019,0.4559
2,380,e020,0.3983
2,380,e021,0.4712
2,380,e022,0.4077
2,380,e023,0.4105
2,380,e024,0.3894
2,381,e001,0.4767
2,381,e002,0.4358
2,381,e003,0.4494
2,381,e004,0.4118
2,381,e005,0.4622
2,381,e006,0.4126
2,381,e007,0.4485
2,381,e008,0.4841
2,381,e009,0.4723
2,381,e010,0.4134
2,381,e011,0.401
2,381,e012,0.4153
2,381,e013,0.8224
2,381,e014,0.8065
2,381,e015,0.8232
2,381,e016,0.8315
2,381,e017,0.7606
2,381,e018,0.8069
2,381,e019,0.4666
2,381,e020,0.4605
2,381,e021,0.4909
2,381,e022,0.3969
2,381,e023,0.443
2,381,e024,0.4931
2,382,e001,0.4716
2,382,e002,0.5217
2,382,e003,0.4932
2,382,e004,0.4303
2,382,e005,0.4437
2,382,e006,0.5198
2,382,e007,0.515
2,382,e008,0.4579
2,382,e009,0.5196
2,382,e010,0.4732
2,382,e011,0.5276
2,382,e012,0.4715
2,382,e013,0.8043
2,382,e014,0.8502
2,382,e015,0.8204
2,382,e016,0.8231
2,382,e017,0.7776
2,382,e018,0.8123
2,382,e019,0.5412
2,382,e020,0.4459
2,382,e021,0.4624
2,382,e022,0.4994
2,382,e023,0.4904
2,382,e024,0.4836
2,383,e001,0.4753
2,383,e002,0.5078
2,383,e003,0.4849
2,383,e004,0.4774
2,383,e005,0.4147
2,383,e006,0.4748
2,383,e007,0.502
2,383,e008,0.5184
2,383,e009,0.4377
2,383,e010,0.4184
2,383,e011,0.4713
2,383,e012,0.5123
2,383,e013,0.7409
2,383,e014,0.7567
2,383,e015,0.8099
2,383,e016,0.813
2,383,e017,0.8219
2,383,e018,0.8174
2,383,e019,0.5204
2,383,e020,0.4572
2,383,e021,0.4609
2,383,e022,0.5085
2,383,e023,0.4522
2,383,e024,0.4886
2,384,e001,0.4856
2,384,e002,0.4844
2,384,e003,0.4968
2,384,e004,0.4509
2,384,e005,0.5282
2,384,e006,0.5104
2,384,e007,0.4769
2,384,e008,0.469
2,384,e009,0.505
2,384,e010,0.4064
2,384,e011,0.4236
2,384,e012,0.4562
2,384,e013,0.7916
2,384,e014,0.7499
2,384,e015,0.7636
2,384,e016,0.8387
2,384,e017,0.7702
2,384,e018,0.8221
2,384,e019,0.4812
2,384,e020,0.5125
2,384,e021,0.4748
2,384,e022,0.4463
2,384,e023,0.5
2,384,e024,0.4622
2,385,e001,0.453
2,385,e002,0.4546
2,385,e003,0.494
2,385,e004,0.465
2,385,e005,0.3992
2,385,e006,0.4541
2,385,e007,0.4712
2,385,e008,0.4362
2,385,e009,0.4788
2,385,e010,0.5062
2,385,e011,0.4462
2,385,e012,0.4085
2,385,e013,0.7716
2,385,e014,0.8301
2,385,e015,0.7472
2,385,e016,0.7714
2,385,e017,0.7478
2,385,e018,0.754
2,385,e019,0.4509
2,385,e020,0.4477
2,385,e021,0.4458
2,385,e022,0.3979
2,385,e023,0.4175
2,385,e024,0.4539
2,386,e001,0.4553
2,386,e002,0.4656
2,386,e003,0.3678
2,386,e004,0.4143
2,386,e005,0.4948
2,386,e006,0.4429
2,386,e007,0.5174
2,386,e008,0.4636
2,386,e009,0.4104
2,386,e010,0.4335
2,386,e011,0.3721
2,386,e012,0.4298
2,386,e013,0.7279
2,386,e014,0.8217
2,386,e015,0.724
2,386,e016,0.7351
2,386,e017,0.7423
2,386,e018,0.7967
2,386,e019,0.4015
2,386,e020,0.4091
2,386,e021,0.4875
2,386,e022,0.3704
2,386,e023,0.437
2,386,e024,0.4534
2,387,e001,0.425
2,387,e002,0.4617
2,387,e003,0.4887
2,387,e004,0.522
2,387,e005,0.4406
2,387,e006,0.461
2,387,e007,0.4953
2,387,e008,0.4759
2,387,e009,0.4887
2,387,e010,0.4793
2,387,e011,0.4742
2,387,e012,0.4522
2,387,e013,0.8471
2,387,e014,0.7901
2,387,e015,0.7761
2,387,e016,0.8139
2,387,e017,0.8433
2,387,e018,0.7477
2,387,e019,0.4352
2,387,e020,0.4766
2,387,e021,0.4632
2,387,e022,0.4014
2,387,e023,0.5049
2,387,e024,0.4575
2,388,e001,0.4151
2,388,e002,0.4266
2,388,e003,0.4091
2,388,e004,0.4706
2,388,e005,0.4078
2,388,e006,0.4095
2,388,e007,0.4676
2,388,e008,0.4882
2,388,e009,0.3886
2,388,e010,0.4253
2,388,e011,0.4823
2,388,e012,0.4608
2,388,e013,0.7464
2,388,e014,0.798
2,388,e015,0.7764
2,388,e016,0.7647
2,388,e017,0.7948
2,388,e018,0.7228
2,388,e019,0.4704
2,388,e020,0.4234
2,388,e021,0.467
2,388,e022,0.4917
2,388,e023,0.3725
2,388,e024,0.4802
2,389,e001,0.4396
2,389,e002,0.3813
2,389,e003,0.4167
2,389,e004,0.4512
2,389,e005,0.4629
2,389,e006,0.3869
2,389,e007,0.4004
2,389,e008,0.4558
2,389,e009,0.4192
2,389,e010,0.364
2,389,e011,0.4074
2,389,e012,0.432
2,389,e013,0.7454
2,389,e014,0.7454
2,389,e015,0.7413
2,389,e016,0.7387
2,389,e017,0.7688
2,389,e018,0.7631
2,389,e019,0.4688
2,389,e020,0.4565
2,389,e021,0.4553
2,389,e022,0.4166
2,389,e023,0.4744
2,389,e024,0.4132
2,390,e001,0.4789
2,390,e002,0.4802
2,390,e003,0.5007
2,390,e004,0.4998
2,390,e005,0.4887
2,390,e006,0.4409
2,390,e007,0.4548
2,390,e008,0.4492
2,390,e009,0.4583
2,390,e010,0.4555
2,390,e011,0.5208
2,390,e012,0.5156
2,390,e013,0.7996
2,390,e014,0.7982
2,390,e015,0.7828
2,390,e016,0.7423
2,390,e017,0.8458
2,390,e018,0.841
2,390,e019,0.5268
2,390,e020,0.4543
2,390,e021,0.4256
2,390,e022,0.4016
2,390,e023,0.5193
2,390,e024,0.4796
2,391,e001,0.4887
2,391,e002,0.4847
2,391,e003,0.4823
2,391,e004,0.5006
2,391,e005,0.5124
2,391,e006,0.4726
2,391,e007,0.4533
2,391,e008,0.4813
2,391,e009,0.3945
2,391,e010,0.4818
2,391,e011,0.4939
2,391,e012,0.4875
2,391,e013,0.8168
2,391,e014,0.7672
2,391,e015,0.8305
2,391,e016,0.7823
2,391,e017,0.7932
2,391,e018,0.7823
2,391,e019,0.4494
2,391,e020,0.4236
2,391,e021,0.4637
2,391,e022,0.4851
2,391,e023,0.4281
2,391,e024,0.4445
2,392,e001,0.4681
2,392,e002,0.4533
2,392,e003,0.4811
2,392,e004,0.4348
2,392,e005,0.4298
2,392,e006,0.4362
2,392,e007,0.466
2,392,e008,0.4412
2,392,e009,0.4556
2,392,e010,0.4095
2,392,e011,0.4731
2,392,e012,0.5329
2,392,e013,0.7481
2,392,e014,0.7775
2,392,e015,0.787
2,392,e016,0.828
2,392,e017,0.7274
2,392,e018,0.8081
2,392,e019,0.3862
2,392,e020,0.4078
2,392,e021,0.4403
2,392,e022,0.5055
2,392,e023,0.4897
2,392,e024,0.4881
2,393,e001,0.4287
2,393,e002,0.4134
2,393,e003,0.5096
2,393,e004,0.4786
2,393,e005,0.4915
2,393,e006,0.4658
2,393,e007,0.4166
2,393,e008,0.4376
2,393,e009,0.4853
2,393,e010,0.4404
2,393,e011,0.4866
2,393,e012,0.4702
2,393,e013,0.7407
2,393,e014,0.7742
2,393,e015,0.8523
2,393,e016,0.8059
2,393,e017,0.765
2,393,e018,0.7961
2,393,e019,0.4557
2,393,e020,0.5199
2,393,e021,0.456
2,393,e022,0.5273
2,393,e023,0.5181
2,393,e024,0.5013
2,394,e001,0.4834
2,394,e002,0.483
2,394,e003,0.5195
2,394,e004,0.4392
2,394,e005,0.4642
2,394,e006,0.5385
2,394,e007,0.4741
2,394,e008,0.5214
2,394,e009,0.4439
2,394,e010,0.5093
2,394,e011,0.4869
2,394,e012,0.5247
2,394,e013,0.7769
2,394,e014,0.7732
2,394,e015,0.8279
2,394,e016,0.8495
2,394,e017,0.7707
2,394,e018,0.8399
2,394,e019,0.4816
2,394,e020,0.5118
2,394,e021,0.5063
2,394,e022,0.449
2,394,e023,0.5156
2,394,e024,0.4684
2,395,e001,0.5184
2,395,e002,0.5561
2,395,e003,0.478
2,395,e004,0.5093
2,395,e005,0.4235
2,395,e006,0.4559
2,395,e007,0.4485
2,395,e008,0.4659
2,395,e009,0.4583
2,395,e010,0.4861
2,395,e011,0.529
2,395,e012,0.5023
2,395,e013,0.8631
2,395,e014,0.85
2,395,e015,0.8388
2,395,e016,0.8144
2,395,e017,0.7738
2,395,e018,0.8444
2,395,e019,0.4625
2,395,e020,0.5044
2,395,e021,0.4767
2,395,e022,0.5065
2,395,e023,0.5577
2,395,e024,0.4386
2,396,e001,0.534
2,396,e002,0.4318
2,396,e003,0.4207
2,396,e004,0.5049
2,396,e005,0.4577
2,396,e006,0.5092
2,396,e007,0.449
2,396,e008,0.5368
2,396,e009,0.4205
2,396,e010,0.5362
2,396,e011,0.5114
2,396,e012,0.5069
2,396,e013,0.7601
2,396,e014,0.8531
2,396,e015,0.8314
2,396,e016,0.8503
2,396,e017,0.8235
2,396,e018,0.768
2,396,e019,0.4058
2,396,e020,0.4256
2,396,e021,0.5234
2,396,e022,0.4408
2,396,e023,0.4961
2,396,e024,0.4918
2,397,e001,0.5222
2,397,e002,0.4143
2,397,e003,0.473
2,397,e004,0.4685
2,397,e005,0.4127
2,397,e006,0.4304
2,397,e007,0.4347
2,397,e008,0.427
2,397,e009,0.4644
2,397,e010,0.4583
2,397,e011,0.4312
2,397,e012,0.4607
2,397,e013,0.771
2,397,e014,0.7799
2,397,e015,0.8138
2,397,e016,0.7527
2,397,e017,0.83
2,397,e018,0.8047
2,397,e019,0.4586
2,397,e020,0.4909
2,397,e021,0.4348
2,397,e022,0.4722
2,397,e023,0.4057
2,397,e024,0.4833
2,398,e001,0.5163
2,398,e002,0.4761
2,398,e003,0.5121
2,398,e004,0.4617
2,398,e005,0.5014
2,398,e006,0.5073
2,398,e007,0.4539
2,398,e008,0.5065
2,398,e009,0.4651
2,398,e010,0.4508
2,398,e011,0.5195
2,398,e012,0.5306
2,398,e013,0.6015
2,398,e014,0.5764
2,398,e015,0.6118
2,398,e016,0.6072
2,398,e017,0.6335
2,398,e018,0.613
2,398,e019,0.4945
2,398,e020,0.4986
2,398,e021,0.4988
2,398,e022,0.458
2,398,e023,0.4717
2,398,e024,0.495
2,399,e001,0.4812
2,399,e002,0.4805
2,399,e003,0.4791
2,399,e004,0.4782
2,399,e005,0.5084
2,399,e006,0.4788
2,399,e007,0.5046
2,399,e008,0.5031
2,399,e009,0.4225
2,399,e010,0.4398
2,399,e011,0.4717
2,399,e012,0.4991
2,399,e013,0.5417
2,399,e014,0.561
2,399,e015,0.5634
2,399,e016,0.5904
2,399,e017,0.6297
2,399,e018,0.5895
2,399,e019,0.4529
2,399,e020,0.5273
2,399,e021,0.4743
2,399,e022,0.4585
2,399,e023,0.4845
2,399,e024,0.4266
2,400,e001,0.4984
2,400,e002,0.499
2,400,e003,0.5098
2,400,e004,0.4253
2,400,e005,0.4779
2,400,e006,0.519
2,400,e007,0.4524
2,400,e008,0.4614
2,400,e009,0.4845
2,400,e010,0.4582
2,400,e011,0.4825
2,400,e012,0.4679
2,400,e013,0.6287
2,400,e014,0.6095
2,400,e015,0.5549
2,400,e016,0.6123
2,400,e017,0.6125
2,400,e018,0.5387
2,400,e019,0.4268
2,400,e020,0.4817
2,400,e021,0.4489
2,400,e022,0.4796
2,400,e023,0.4784
2,400,e024,0.4317
2,401,e001,0.4909
2,401,e002,0.4744
2,401,e003,0.5248
2,401,e004,0.4515
2,401,e005,0.5115
2,401,e006,0.4685
2,401,e007,0.5164
2,401,e008,0.4795
2,401,e009,0.4578
2,401,e010,0.4382
2,401,e011,0.4725
2,401,e012,0.5332
2,401,e013,0.6067
2,401,e014,0.6118
2,401,e015,0.6778
2,401,e016,0.6151
2,401,e017,0.6272
2,401,e018,0.5926
2,401,e019,0.5014
2,401,e020,0.5028
2,401,e021,0.479
2,401,e022,0.443
2,401,e023,0.5278
2,401,e024,0.4745
2,402,e001,0.4306
2,402,e002,0.5034
2,402,e003,0.4551
2,402,e004,0.4844
2,402,e005,0.4388
2,402,e006,0.5008
2,402,e007,0.4562
2,402,e008,0.4664
2,402,e009,0.4264
2,402,e010,0.4287
2,402,e011,0.5235
2,402,e012,0.3928
2,402,e013,0.5897
2,402,e014,0.5822
2,402,e015,0.6162
2,402,e016,0.5608
2,402,e017,0.5871
2,402,e018,0.5772
2,402,e019,0.4919
2,402,e020,0.4824
2,402,e021,0.497
2,402,e022,0.5003
2,402,e023,0.4694
2,402,e024,0.3984
2,403,e001,0.4933
2,403,e002,0.5337
2,403,e003,0.4522
2,403,e004,0.516
2,403,e005,0.5338
2,403,e006,0.4707
2,403,e007,0.4834
2,403,e008,0.4798
2,403,e009,0.5358
2,403,e010,0.536
2,403,e011,0.5186
2,403,e012,0.482
2,403,e013,0.5665
2,403,e014,0.5852
2,403,e015,0.6107
2,403,e016,0.6852
2,403,e017,0.5871
2,403,e018,0.6611
2,403,e019,0.4455
2,403,e020,0.4557
2,403,e021,0.5372
2,403,e022,0.5057
2,403,e023,0.4504
2,403,e024,0.5506
2,404,e001,0.49
2,404,e002,0.5352
2,404,e003,0.4362
2,404,e004,0.4544
2,404,e005,0.5471
2,404,e006,0.4669
2,404,e007,0.4602
2,404,e008,0.5189
2,404,e009,0.4795
2,404,e010,0.5023
2,404,e011,0.4556
2,404,e012,0.5009
2,404,e013,0.6628
2,404,e014,0.6624
2,404,e015,0.6176
2,404,e016,0.5534
2,404,e017,0.6648
2,404,e018,0.65
2,404,e019,0.4586
2,404,e020,0.4674
2,404,e021,0.3989
2,404,e022,0.4602
2,404,e023,0.4984
2,404,e024,0.492
2,405,e001,0.4863
2,405,e002,0.3793
2,405,e003,0.4396
2,405,e004,0.4745
2,405,e005,0.4302
2,405,e006,0.4313
2,405,e007,0.4877
2,405,e008,0.4541
2,405,e009,0.4045
2,405,e010,0.4462
2,405,e011,0.3966
2,405,e012,0.4792
2,405,e013,0.5521
2,405,e014,0.5242
2,405,e015,0.5535
2,405,e016,0.5704
2,405,e017,0.5664
2,405,e018,0.6275
2,405,e019,0.4449
2,405,e020,0.4219
2,405,e021,0.4872
2,405,e022,0.4663
2,405,e023,0.4349
2,405,e024,0.429
2,406,e001,0.4475
2,406,e002,0.4915
2,406,e003,0.532
2,406,e004,0.5021
2,406,e005,0.4043
2,406,e006,0.4393
2,406,e007,0.5184
2,406,e008,0.4963
2,406,e009,0.5166
2,406,e010,0.3954
2,406,e011,0.429
2,406,e012,0.5364
2,406,e013,0.5901
2,406,e014,0.6079
2,406,e015,0.6073
2,406,e016,0.5913
2,406,e017,0.6195
2,406,e018,0.6025
2,406,e019,0.494
2,406,e020,0.5087
2,406,e021,0.4947
2,406,e022,0.4488
2,406,e023,0.4537
2,406,e024,0.4668
2,407,e001,0.4618
2,407,e002,0.4933
2,407,e003,0.4547
2,407,e004,0.5401
2,407,e005,0.5494
2,407,e006,0.505
2,407,e007,0.4916
2,407,e008,0.4657
2,407,e009,0.4913
2,407,e010,0.4874
2,407,e011,0.5064
2,407,e012,0.5374
2,407,e013,0.6468
2,407,e014,0.6023
2,407,e015,0.6548
2,407,e016,0.6653
2,407,e017,0.5952
2,407,e018,0.615
2,407,e019,0.5475
2,407,e020,0.4762
2,407,e021,0.4458
2,407,e022,0.4495
2,407,e023,0.4575
2,407,e024,0.4497
2,408,e001,0.4273
2,408,e002,0.4999
2,408,e003,0.4266
2,408,e004,0.4266
2,408,e005,0.4233
2,408,e006,0.4434
2,408,e007,0.5008
2,408,e008,0.4885
2,408,e009,0.4523
2,408,e010,0.4232
2,408,e011,0.4785
2,408,e012,0.4922
2,408,e013,0.5736
2,408,e014,0.5678
2,408,e015,0.5374
2,408,e016,0.6036
2,408,e017,0.6021
2,408,e018,0.6322
2,408,e019,0.4477
2,408,e020,0.4467
2,408,e021,0.45
2,408,e022,0.4981
2,408,e023,0.494
2,408,e024,0.4975
2,409,e001,0.3973
2,409,e002,0.5436
2,409,e003,0.4926
2,409,e004,0.5368
2,409,e005,0.49
2,409,e006,0.4832
2,409,e007,0.4445
2,409,e008,0.4981
2,409,e009,0.4619
2,409,e010,0.4967
2,409,e011,0.5831
2,409,e012,0.5331
2,409,e013,0.5747
2,409,e014,0.6032
2,409,e015,0.5745
2,409,e016,0.6424
2,409,e017,0.6194
2,409,e018,0.6386
2,409,e019,0.4902
2,409,e020,0.5141
2,409,e021,0.4928
2,409,e022,0.4586
2,409,e023,0.4978
2,409,e024,0.5218
2,410,e001,0.4774
2,410,e002,0.4708
2,410,e003,0.5195
2,410,e004,0.4636
2,410,e005,0.4878
2,410,e006,0.5013
2,410,e007,0.4455
2,410,e008,0.4656
2,410,e009,0.5369
2,410,e010,0.4973
2,410,e011,0.528
2,410,e012,0.4567
2,410,e013,0.6994
2,410,e014,0.5649
2,410,e015,0.6046
2,410,e016,0.6204
2,410,e017,0.6166
2,410,e018,0.6383
2,410,e019,0.4474
2,410,e020,0.4363
2,410,e021,0.4997
2,410,e022,0.5427
2,410,e023,0.4923
2,410,e024,0.4976
2,411,e001,0.531
2,411,e002,0.5035
2,411,e003,0.4198
2,411,e004,0.4573
2,411,e005,0.4485
2,411,e006,0.4397
2,411,e007,0.4517
2,411,e008,0.5135
2,411,e009,0.4564
2,411,e010,0.493
2,411,e011,0.4587
2,411,e012,0.4209
2,411,e013,0.6459
2,411,e014,0.5709
2,411,e015,0.6068
2,411,e016,0.5883
2,411,e017,0.6213
2,411,e018,0.5896
2,411,e019,0.4332
2,411,e020,0.466
2,411,e021,0.4333
2,411,e022,0.4357
2,411,e023,0.4202
2,411,e024,0.4276
2,412,e001,0.4673
2,412,e002,0.4212
2,412,e003,0.4829
2,412,e004,0.4637
2,412,e005,0.5083
2,412,e006,0.4879
2,412,e007,0.4476
2,412,e008,0.5011
2,412,e009,0.4329
2,412,e010,0.4399
2,412,e011,0.4722
2,412,e012,0.4766
2,412,e013,0.5982
2,412,e014,0.5915
2,412,e015,0.6299
2,412,e016,0.6297
2,412,e017,0.6119
2,412,e018,0.6154
2,412,e019,0.4931
2,412,e020,0.5392
2,412,e021,0.5237
2,412,e022,0.4561
2,412,e023,0.4754
2,412,e024,0.4943
2,413,e001,0.4299
2,413,e002,0.4474
2,413,e003,0.4575
2,413,e004,0.4284
2,413,e005,0.4888
2,413,e006,0.4127
2,413,e007,0.4209
2,413,e008,0.5049
2,413,e009,0.3843
2,413,e010,0.4687
2,413,e011,0.434
2,413,e012,0.4229
2,413,e013,0.6117
2,413,e014,0.6396
2,413,e015,0.5917
2,413,e016,0.6284
2,413,e017,0.6045
2,413,e018,0.6191
2,413,e019,0.4726
2,413,e020,0.4406
2,413,e021,0.4852
2,413,e022,0.455
2,413,e023,0.4915
2,413,e024,0.414
2,414,e001,0.3948
2,414,e002,0.4747
2,414,e003,0.4794
2,414,e004,0.4832
2,414,e005,0.4072
2,414,e006,0.4466
2,414,e007,0.4607
2,414,e008,0.4718
2,414,e009,0.399
2,414,e010,0.479
2,414,e011,0.4879
2,414,e012,0.4129
2,414,e013,0.541
2,414,e014,0.5459
2,414,e015,0.5821
2,414,e016,0.5277
2,414,e017,0.5364
2,414,e018,0.6027
2,414,e019,0.3905
2,414,e020,0.399
2,414,e021,0.4342
2,414,e022,0.4591
2,414,e023,0.3898
2,414,e024,0.4452
2,415,e001,0.4318
2,415,e002,0.403
2,415,e003,0.4214
2,415,e004,0.4518
2,415,e005,0.4398
2,415,e006,0.4591
2,415,e007,0.4465
2,415,e008,0.4007
2,415,e009,0.4375
2,415,e010,0.4259
2,415,e011,0.4231
2,415,e012,0.4358
2,415,e013,0.6105
2,415,e014,0.5945
2,415,e015,0.5717
2,415,e016,0.5484
2,415,e017,0.5535
2,415,e018,0.5963
2,415,e019,0.3878
2,415,e020,0.4796
2,415,e021,0.4371
2,415,e022,0.4589
2,415,e023,0.4606
2,415,e024,0.4679
2,416,e001,0.5024
2,416,e002,0.5057
2,416,e003,0.4105
2,416,e004,0.4906
2,416,e005,0.4945
2,416,e006,0.4918
2,416,e007,0.4077
2,416,e008,0.5266
2,416,e009,0.5366
2,416,e010,0.4748
2,416,e011,0.4732
2,416,e012,0.5003
2,416,e013,0.6554
2,416,e014,0.6253
2,416,e015,0.681
2,416,e016,0.6451
2,416,e017,0.6796
2,416,e018,0.5937
2,416,e019,0.4585
2,416,e020,0.4335
2,416,e021,0.4509
2,416,e022,0.4466
2,416,e023,0.5355
2,416,e024,0.4654
2,417,e001,0.5151
2,417,e002,0.5306
2,417,e003,0.4691
2,417,e004,0.4331
2,417,e005,0.477
2,417,e006,0.4856
2,417,e007,0.4346
2,417,e008,0.4559
2,417,e009,0.4172
2,417,e010,0.4676
2,417,e011,0.5372
2,417,e012,0.5017
2,417,e013,0.5686
2,417,e014,0.5723
2,417,e015,0.5851
2,417,e016,0.6117
2,417,e017,0.628
2,417,e018,0.641
2,417,e019,0.4965
2,417,e020,0.5134
2,417,e021,0.5094
2,417,e022,0.419
2,417,e023,0.469
2,417,e024,0.4663
2,418,e001,0.5402
2,418,e002,0.4143
2,418,e003,0.4814
2,418,e004,0.4746
2,418,e005,0.4208
2,418,e006,0.4852
2,418,e007,0.4788
2,418,e008,0.4556
2,418,e009,0.4848
2,418,e010,0.4361
2,418,e011,0.4781
2,418,e012,0.4335
2,418,e013,0.5803
2,418,e014,0.5918
2,418,e015,0.6211
2,418,e016,0.5784
2,418,e017,0.5549
2,418,e018,0.5879
2,418,e019,0.4072
2,418,e020,0.4849
2,418,e021,0.4973
2,418,e022,0.4961
2,418,e023,0.4696
2,418,e024,0.3858
2,419,e001,0.4666
2,419,e002,0.4603
2,419,e003,0.4277
2,419,e004,0.4269
2,419,e005,0.4005
2,419,e006,0.3937
2,419,e007,0.402
2,419,e008,0.4472
2,419,e009,0.4171
2,419,e010,0.3754
2,419,e011,0.4197
2,419,e012,0.4036
2,419,e013,0.552
2,419,e014,0.5882
2,419,e015,0.5544
2,419,e016,0.5441
2,419,e017,0.5941
2,419,e018,0.6067
2,419,e019,0.4753
2,419,e020,0.474
2,419,e021,0.4434
2,419,e022,0.4757
2,419,e023,0.448
2,419,e024,0.4305
2,420,e001,0.5235
2,420,e002,0.4742
2,420,e003,0.4586
2,420,e004,0.4951
2,420,e005,0.5332
2,420,e006,0.4721
2,420,e007,0.4774
2,420,e008,0.4939
2,420,e009,0.5374
2,420,e010,0.4851
2,420,e011,0.4696
2,420,e012,0.4853
2,420,e013,0.6385
2,420,e014,0.5964
2,420,e015,0.6361
2,420,e016,0.592
2,420,e017,0.6803
2,420,e018,0.6378
2,420,e019,0.4609
2,420,e020,0.4868
2,420,e021,0.4836
2,420,e022,0.419
2,420,e023,0.4265
2,420,e024,0.4978
2,421,e001,0.4229
2,421,e002,0.451
2,421,e003,0.4734
2,421,e004,0.4282
2,421,e005,0.4798
2,421,e006,0.4405
2,421,e007,0.4759
2,421,e008,0.4472
2,421,e009,0.4152
2,421,e010,0.4803
2,421,e011,0.4026
2,421,e012,0.429
2,421,e013,0.619
2,421,e014,0.6248
2,421,e015,0.5784
2,421,e016,0.5997
2,421,e017,0.5964
2,421,e018,0.5682
2,421,e019,0.4429
2,421,e020,0.4542
2,421,e021,0.4476
2,421,e022,0.4329
2,421,e023,0.4334
2,421,e024,0.489
2,422,e001,0.4507
2,422,e002,0.466
2,422,e003,0.5249
2,422,e004,0.5218
2,422,e005,0.4865
2,422,e006,0.4709
2,422,e007,0.4726
2,422,e008,0.4879
2,422,e009,0.4508
2,422,e010,0.4871
2,422,e011,0.4601
2,422,e012,0.4247
2,422,e013,0.6046
2,422,e014,0.5834
2,422,e015,0.6246
2,422,e016,0.5934
2,422,e017,0.6436
2,422,e018,0.552
2,422,e019,0.4427
2,422,e020,0.4781
2,422,e021,0.4367
2,422,e022,0.5048
2,422,e023,0.4885
2,422,e024,0.4532
2,423,e001,0.4957
2,423,e002,0.5658
2,423,e003,0.5392
2,423,e004,0.5192
2,423,e005,0.4715
2,423,e006,0.5098
2,423,e007,0.4743
2,423,e008,0.5235
2,423,e009,0.4841
2,423,e010,0.4846
2,423,e011,0.5258
2,423,e012,0.5251
2,423,e013,0.5661
2,423,e014,0.6783
2,423,e015,0.6493
2,423,e016,0.6662
2,423,e017,0.6213
2,423,e018,0.6431
2,423,e019,0.4602
2,423,e020,0.5638
2,423,e021,0.5212
2,423,e022,0.507
2,423,e023,0.4938
2,423,e024,0.5001
2,424,e001,0.4896
2,424,e002,0.5119
2,424,e003,0.4516
2,424,e004,0.5288
2,424,e005,0.5159
2,424,e006,0.5461
2,424,e007,0.514
2,424,e008,0.543
2,424,e009,0.4675
2,424,e010,0.5069
2,424,e011,0.5233
2,424,e012,0.5103
2,424,e013,0.6052
2,424,e014,0.6166
2,424,e015,0.6748
2,424,e016,0.6167
2,424,e017,0.6122
2,424,e018,0.6626
2,424,e019,0.4956
2,424,e020,0.518
2,424,e021,0.5209
2,424,e022,0.4872
2,424,e023,0.5413
2,424,e024,0.485
2,425,e001,0.5301
2,425,e002,0.5405
2,425,e003,0.4818
2,425,e004,0.5277
2,425,e005,0.5225
2,425,e006,0.4884
2,425,e007,0.5034
2,425,e008,0.504
2,425,e009,0.4718
2,425,e010,0.5319
2,425,e011,0.5716
2,425,e012,0.5491
2,425,e013,0.6404
2,425,e014,0.614
2,425,e015,0.6056
2,425,e016,0.641
2,425,e017,0.7036
2,425,e018,0.6264
2,425,e019,0.5127
2,425,e020,0.4946
2,425,e021,0.5462
2,425,e022,0.5598
2,425,e023,0.4534
2,425,e024,0.4702
2,426,e001,0.4515
2,426,e002,0.4708
2,426,e003,0.534
2,426,e004,0.4996
2,426,e005,0.5206
2,426,e006,0.45
2,426,e007,0.4596
2,426,e008,0.4476
2,426,e009,0.4199
2,426,e010,0.4554
2,426,e011,0.4842
2,426,e012,0.5018
2,426,e013,0.5682
2,426,e014,0.6451
2,426,e015,0.6214
2,426,e016,0.6324
2,426,e017,0.5893
2,426,e018,0.6192
2,426,e019,0.5061
2,426,e020,0.4347
2,426,e021,0.5151
2,426,e022,0.4661
2,426,e023,0.5119
2,426,e024,0.4775
2,427,e001,0.4278
2,427,e002,0.4068
2,427,e003,0.4357
2,427,e004,0.437
2,427,e005,0.3892
2,427,e006,0.438
2,427,e007,0.4623
2,427,e008,0.395
2,427,e009,0.4638
2,427,e010,0.4411
2,427,e011,0.4323
2,427,e012,0.3848
2,427,e013,0.5014
2,427,e014,0.5412
2,427,e015,0.5274
2,427,e016,0.555
2,427,e017,0.4961
2,427,e018,0.5958
2,427,e019,0.4134
2,427,e020,0.4103
2,427,e021,0.3749
2,427,e022,0.4334
2,427,e023,0.3578
2,427,e024,0.4582
2,428,e001,0.4606
2,428,e002,0.5117
2,428,e003,0.4329
2,428,e004,0.404
2,428,e005,0.5242
2,428,e006,0.4946
2,428,e007,0.4525
2,428,e008,0.5032
2,428,e009,0.4954
2,428,e010,0.4835
2,428,e011,0.5074
2,428,e012,0.538
2,428,e013,0.6192
2,428,e014,0.6042
2,428,e015,0.6249
2,428,e016,0.6174
2,428,e017,0.6239
2,428,e018,0.6698
2,428,e019,0.4901
2,428,e020,0.4519
2,428,e021,0.4732
2,428,e022,0.4584
2,428,e023,0.5278
2,428,e024,0.4581
2,429,e001,0.4878
2,429,e002,0.5057
2,429,e003,0.5231
2,429,e004,0.5374
2,429,e005,0.5387
2,429,e006,0.482
2,429,e007,0.474
2,429,e008,0.4588
2,429,e009,0.4718
2,429,e010,0.4274
2,429,e011,0.4631
2,429,e012,0.4938
2,429,e013,0.6183
2,429,e014,0.59
2,429,e015,0.5543
2,429,e016,0.6063
2,429,e017,0.661
2,429,e018,0.6591
2,429,e019,0.4998
2,429,e020,0.4267
2,429,e021,0.481
2,429,e022,0.4799
2,429,e023,0.5
2,429,e024,0.4872
2,430,e001,0.3939
2,430,e002,0.411
2,430,e003,0.4097
2,430,e004,0.432
2,430,e005,0.4688
2,430,e006,0.4119
2,430,e007,0.4096
2,430,e008,0.4568
2,430,e009,0.3761
2,430,e010,0.398
2,430,e011,0.4042
2,430,e012,0.4967
2,430,e013,0.5479
2,430,e014,0.5355
2,430,e015,0.5751
2,430,e016,0.6031
2,430,e017,0.5239
2,430,e018,0.5494
2,430,e019,0.4811
2,430,e020,0.3797
2,430,e021,0.412
2,430,e022,0.3979
2,430,e023,0.4386
2,430,e024,0.3647
2,431,e001,0.5113
2,431,e002,0.3953
2,431,e003,0.4509
2,431,e004,0.4528
2,431,e005,0.4999
2,431,e006,0.4761
2,431,e007,0.452
2,431,e008,0.475
2,431,e009,0.4545
2,431,e010,0.489
2,431,e011,0.418
2,431,e012,0.4247
2,431,e013,0.5945
2,431,e014,0.6245
2,431,e015,0.5739
2,431,e016,0.5851
2,431,e017,0.6442
2,431,e018,0.6115
2,431,e019,0.4155
2,431,e020,0.4421
2,431,e021,0.3781
2,431,e022,0.4779
2,431,e023,0.4626
2,431,e024,0.4685
2,432,e001,0.4529
2,432,e002,0.4411
2,432,e003,0.4724
2,432,e004,0.4259
2,432,e005,0.5323
2,432,e006,0.4659
2,432,e007,0.4326
2,432,e008,0.4608
2,432,e009,0.4481
2,432,e010,0.5215
2,432,e011,0.4457
2,432,e012,0.4859
2,432,e013,0.5835
2,432,e014,0.6188
2,432,e015,0.5931
2,432,e016,0.5858
2,432,e017,0.6143
2,432,e018,0.5296
2,432,e019,0.4776
2,432,e020,0.436
2,432,e021,0.4953
2,432,e022,0.4708
2,432,e023,0.4209
2,432,e024,0.4367
2,433,e001,0.3784
2,433,e002,0.4648
2,433,e003,0.3858
2,433,e004,0.3486
2,433,e005,0.4604
2,433,e006,0.4274
2,433,e007,0.4848
2,433,e008,0.3981
2,433,e009,0.42
2,433,e010,0.4324
2,433,e011,0.3857
2,433,e012,0.3979
2,433,e013,0.5051
2,433,e014,0.5778
2,433,e015,0.5723
2,433,e016,0.5679
2,433,e017,0.5627
2,433,e018,0.5612
2,433,e019,0.4603
2,433,e020,0.4851
2,433,e021,0.4633
2,433,e022,0.4201
2,433,e023,0.4
2,433,e024,0.3837
2,434,e001,0.4457
2,434,e002,0.4212
2,434,e003,0.4347
2,434,e004,0.443
2,434,e005,0.4507
2,434,e006,0.4735
2,434,e007,0.3653
2,434,e008,0.4471
2,434,e009,0.4541
2,434,e010,0.4172
2,434,e011,0.4381
2,434,e012,0.4243
2,434,e013,0.5105
2,434,e014,0.5672
2,434,e015,0.4823
2,434,e016,0.506
2,434,e017,0.5555
2,434,e018,0.5101
2,434,e019,0.4104
2,434,e020,0.409
2,434,e021,0.4283
2,434,e022,0.4588
2,434,e023,0.3986
2,434,e024,0.4116
2,435,e001,0.4455
2,435,e002,0.4015
2,435,e003,0.3768
2,435,e004,0.4113
2,435,e005,0.4296
2,435,e006,0.4216
2,435,e007,0.4007
2,435,e008,0.3969
2,435,e009,0.432
2,435,e010,0.3535
2,435,e011,0.4109
2,435,e012,0.4137
2,435,e013,0.5805
2,435,e014,0.4935
2,435,e015,0.5135
2,435,e016,0.5075
2,435,e017,0.5697
2,435,e018,0.5483
2,435,e019,0.4035
2,435,e020,0.4218
2,435,e021,0.4257
2,435,e022,0.3783
2,435,e023,0.4113
2,435,e024,0.3994
2,436,e001,0.4445
2,436,e002,0.4466
2,436,e003,0.4044
2,436,e004,0.3785
2,436,e005,0.4051
2,436,e006,0.366
2,436,e007,0.367
2,436,e008,0.4053
2,436,e009,0.3493
2,436,e010,0.3636
2,436,e011,0.4235
2,436,e012,0.4327
2,436,e013,0.5311
2,436,e014,0.55
2,436,e015,0.6073
2,436,e016,0.4693
2,436,e017,0.5781
2,436,e018,0.5951
2,436,e019,0.3613
2,436,e020,0.4086
2,436,e021,0.4733
2,436,e022,0.423
2,436,e023,0.4033
2,436,e024,0.3808
2,437,e001,0.4726
2,437,e002,0.4763
2,437,e003,0.4178
2,437,e004,0.4712
2,437,e005,0.4876
2,437,e006,0.4593
2,437,e007,0.465
2,437,e008,0.481
2,437,e009,0.4163
2,437,e010,0.4549
2,437,e011,0.4694
2,437,e012,0.4499
2,437,e013,0.5837
2,437,e014,0.5912
2,437,e015,0.6163
2,437,e016,0.6218
2,437,e017,0.6023
2,437,e018,0.5843
2,437,e019,0.4064
2,437,e020,0.468
2,437,e021,0.4431
2,437,e022,0.4767
2,437,e023,0.4778
2,437,e024,0.4505
2,438,e001,0.4074
2,438,e002,0.4783
2,438,e003,0.4204
2,438,e004,0.4754
2,438,e005,0.4195
2,438,e006,0.4112
2,438,e007,0.4614
2,438,e008,0.4404
2,438,e009,0.4183
2,438,e010,0.4717
2,438,e011,0.4843
2,438,e012,0.5126
2,438,e013,0.6135
2,438,e014,0.5934
2,438,e015,0.572
2,438,e016,0.6065
2,438,e017,0.555
2,438,e018,0.5492
2,438,e019,0.4953
2,438,e020,0.438
2,438,e021,0.5237
2,438,e022,0.4573
2,438,e023,0.4564
2,438,e024,0.4143
2,439,e001,0.4703
2,439,e002,0.4457
2,439,e003,0.3671
2,439,e004,0.3401
2,439,e005,0.4615
2,439,e006,0.389
2,439,e007,0.4094
2,439,e008,0.3978
2,439,e009,0.3586
2,439,e010,0.3926
2,439,e011,0.4297
2,439,e012,0.4429
2,439,e013,0.5653
2,439,e014,0.5687
2,439,e015,0.4834
2,439,e016,0.5263
2,439,e017,0.5497
2,439,e018,0.5686
2,439,e019,0.417
2,439,e020,0.4472
2,439,e021,0.4437
2,439,e022,0.3746
2,439,e023,0.3724
2,439,e024,0.4125
2,440,e001,0.4171
2,440,e002,0.3895
2,440,e003,0.4732
2,440,e004,0.3992
2,440,e005,0.4349
2,440,e006,0.4387
2,440,e007,0.438
2,440,e008,0.4291
2,440,e009,0.404
2,440,e010,0.4431
2,440,e011,0.4309
2,440,e012,0.4478
2,440,e013,0.5892
2,440,e014,0.5367
2,440,e015,0.5237
2,440,e016,0.5541
2,440,e017,0.6141
2,440,e018,0.6027
2,440,e019,0.3757
2,440,e020,0.4438
2,440,e021,0.3917
2,440,e022,0.3641
2,440,e023,0.44
2,440,e024,0.3748
2,441,e001,0.44
2,441,e002,0.4931
2,441,e003,0.4933
2,441,e004,0.4716
2,441,e005,0.4
2,441,e006,0.3983
2,441,e007,0.4775
2,441,e008,0.408
2,441,e009,0.3796
2,441,e010,0.3887
2,441,e011,0.4398
2,441,e012,0.4996
2,441,e013,0.5464
2,441,e014,0.5624
2,441,e015,0.5793
2,441,e016,0.5271
2,441,e017,0.5723
2,441,e018,0.5506
2,441,e019,0.4417
2,441,e020,0.3907
2,441,e021,0.4166
2,441,e022,0.4236
2,441,e023,0.4213
2,441,e024,0.4099
2,442,e001,0.451
2,442,e002,0.4521
2,442,e003,0.4448
2,442,e004,0.4731
2,442,e005,0.3824
2,442,e006,0.3902
2,442,e007,0.4802
2,442,e008,0.4618
2,442,e009,0.4124
2,442,e010,0.5113
2,442,e011,0.4519
2,442,e012,0.459
2,442,e013,0.6079
2,442,e014,0.6477
2,442,e015,0.5933
2,442,e016,0.5924
2,442,e017,0.6061
2,442,e018,0.5453
2,442,e019,0.4411
2,442,e020,0.4364
2,442,e021,0.4507
2,442,e022,0.4266
2,442,e023,0.4421
2,442,e024,0.4101
2,443,e001,0.3824
2,443,e002,0.442
2,443,e003,0.4161
2,443,e004,0.4007
2,443,e005,0.3783
2,443,e006,0.412
2,443,e007,0.4491
2,443,e008,0.4617
2,443,e009,0.3829
2,443,e010,0.4562
2,443,e011,0.4943
2,443,e012,0.4406
2,443,e013,0.5579
2,443,e014,0.5338
2,443,e015,0.466
2,443,e016,0.5413
2,443,e017,0.4946
2,443,e018,0.5039
2,443,e019,0.4285
2,443,e020,0.3267
2,443,e021,0.4269
2,443,e022,0.3828
2,443,e023,0.4331
2,443,e024,0.4159
2,444,e001,0.3615
2,444,e002,0.462
2,444,e003,0.4395
2,444,e004,0.4328
2,444,e005,0.3903
2,444,e006,0.4631
2,444,e007,0.4629
2,444,e008,0.4388
2,444,e009,0.3595
2,444,e010,0.3581
2,444,e011,0.387
2,444,e012,0.4257
2,444,e013,0.5367
2,444,e014,0.5863
2,444,e015,0.5279
2,444,e016,0.4909
2,444,e017,0.4813
2,444,e018,0.5555
2,444,e019,0.4509
2,444,e020,0.3509
2,444,e021,0.439
2,444,e022,0.3823
2,444,e023,0.3823
2,444,e024,0.4035
2,445,e001,0.3977
2,445,e002,0.3838
2,445,e003,0.3576
2,445,e004,0.4145
2,445,e005,0.3865
2,445,e006,0.432
2,445,e007,0.396
2,445,e008,0.4216
2,445,e009,0.3908
2,445,e010,0.4626
2,445,e011,0.4
2,445,e012,0.4113
2,445,e013,0.5416
2,445,e014,0.4948
2,445,e015,0.551
2,445,e016,0.4966
2,445,e017,0.4821
2,445,e018,0.512
2,445,e019,0.3769
2,445,e020,0.3339
2,445,e021,0.4127
2,445,e022,0.4059
2,445,e023,0.3704
2,445,e024,0.4094
2,446,e001,0.3888
2,446,e002,0.4279
2,446,e003,0.3761
2,446,e004,0.3434
2,446,e005,0.4109
2,446,e006,0.3581
2,446,e007,0.3755
2,446,e008,0.3987
2,446,e009,0.3697
2,446,e010,0.4033
2,446,e011,0.3833
2,446,e012,0.4192
2,446,e013,0.5419
2,446,e014,0.4877
2,446,e015,0.5315
2,446,e016,0.5491
2,446,e017,0.5163
2,446,e018,0.5559
2,446,e019,0.3527
2,446,e020,0.4264
2,446,e021,0.3862
2,446,e022,0.3479
2,446,e023,0.4411
2,446,e024,0.3722
2,447,e001,0.4322
2,447,e002,0.4098
2,447,e003,0.4218
2,447,e004,0.4371
2,447,e005,0.4407
2,447,e006,0.4017
2,447,e007,0.4239
2,447,e008,0.3717
2,447,e009,0.3761
2,447,e010,0.3453
2,447,e011,0.4399
2,447,e012,0.375
2,447,e013,0.5743
2,447,e014,0.5459
2,447,e015,0.5405
2,447,e016,0.534
2,447,e017,0.5043
2,447,e018,0.5622
2,447,e019,0.4522
2,447,e020,0.3688
2,447,e021,0.3795
2,447,e022,0.4168
2,447,e023,0.3395
2,447,e024,0.4352
2,448,e001,0.4603
2,448,e002,0.4467
2,448,e003,0.392
2,448,e004,0.4295
2,448,e005,0.4947
2,448,e006,0.4317
2,448,e007,0.3824
2,448,e008,0.4521
2,448,e009,0.418
2,448,e010,0.4334
2,448,e011,0.4662
2,448,e012,0.395
2,448,e013,0.5454
2,448,e014,0.5165
2,448,e015,0.5709
2,448,e016,0.5393
2,448,e017,0.5457
2,448,e018,0.4832
2,448,e019,0.3716
2,448,e020,0.3939
2,448,e021,0.4393
2,448,e022,0.4481
2,448,e023,0.4527
2,448,e024,0.4278
2,449,e001,0.3988
2,449,e002,0.4413
2,449,e003,0.4728
2,449,e004,0.4234
2,449,e005,0.3736
2,449,e006,0.4448
2,449,e007,0.4433
2,449,e008,0.3719
2,449,e009,0.4485
2,449,e010,0.3954
2,449,e011,0.4295
2,449,e012,0.4197
2,449,e013,0.5295
2,449,e014,0.6051
2,449,e015,0.5676
2,449,e016,0.5638
2,449,e017,0.5525
2,449,e018,0.5557
2,449,e019,0.4409
2,449,e020,0.4368
2,449,e021,0.3822
2,449,e022,0.3776
2,449,e023,0.4425
2,449,e024,0.3573
2,450,e001,0.4321
2,450,e002,0.3868
2,450,e003,0.357
2,450,e004,0.4152
2,450,e005,0.3963
2,450,e006,0.3577
2,450,e007,0.3615
2,450,e008,0.4108
2,450,e009,0.3596
2,450,e010,0.3742
2,450,e011,0.3547
2,450,e012,0.3669
2,450,e013,0.3603
2,450,e014,0.3634
2,450,e015,0.3953
2,450,e016,0.3658
2,450,e017,0.4172
2,450,e018,0.3132
2,450,e019,0.4084
2,450,e020,0.3854
2,450,e021,0.3766
2,450,e022,0.3497
2,450,e023,0.3732
2,450,e024,0.4256
2,451,e001,0.3553
2,451,e002,0.3542
2,451,e003,0.3854
2,451,e004,0.4037
2,451,e005,0.3954
2,451,e006,0.3755
2,451,e007,0.4245
2,451,e008,0.3882
2,451,e009,0.3915
2,451,e010,0.369
2,451,e011,0.4139
2,451,e012,0.4315
2,451,e013,0.3942
2,451,e014,0.3497
2,451,e015,0.4054
2,451,e016,0.3254
2,451,e017,0.4288
2,451,e018,0.384
2,451,e019,0.3707
2,451,e020,0.4317
2,451,e021,0.355
2,451,e022,0.397
2,451,e023,0.3801
2,451,e024,0.3487
2,452,e001,0.4219
2,452,e002,0.4324
2,452,e003,0.4323
2,452,e004,0.4076
2,452,e005,0.4332
2,452,e006,0.4367
2,452,e007,0.4295
2,452,e008,0.429
2,452,e009,0.4331
2,452,e010,0.3574
2,452,e011,0.4324
2,452,e012,0.4151
2,452,e013,0.3373
2,452,e014,0.4193
2,452,e015,0.3658
2,452,e016,0.4598
2,452,e017,0.4007
2,452,e018,0.3426
2,452,e019,0.3927
2,452,e020,0.3939
2,452,e021,0.404
2,452,e022,0.4738
2,452,e023,0.3776
2,452,e024,0.3303
2,453,e001,0.3755
2,453,e002,0.3932
2,453,e003,0.4199
2,453,e004,0.427
2,453,e005,0.3917
2,453,e006,0.3998
2,453,e007,0.4148
2,453,e008,0.4523
2,453,e009,0.3942
2,453,e010,0.4384
2,453,e011,0.3383
2,453,e012,0.3684
2,453,e013,0.4436
2,453,e014,0.3439
2,453,e015,0.3813
2,453,e016,0.3424
2,453,e017,0.4163
2,453,e018,0.3598
2,453,e019,0.392
2,453,e020,0.3872
2,453,e021,0.3451
2,453,e022,0.4001
2,453,e023,0.4279
2,453,e024,0.398
2,454,e001,0.3655
2,454,e002,0.3647
2,454,e003,0.4527
2,454,e004,0.3827
2,454,e005,0.4012
2,454,e006,0.4
2,454,e007,0.397
2,454,e008,0.4358
2,454,e009,0.3803
2,454,e010,0.3877
2,454,e011,0.3788
2,454,e012,0.3442
2,454,e013,0.3421
2,454,e014,0.4147
2,454,e015,0.387
2,454,e016,0.416
2,454,e017,0.3466
2,454,e018,0.4263
2,454,e019,0.361
2,454,e020,0.3946
2,454,e021,0.3582
2,454,e022,0.4166
2,454,e023,0.3402
2,454,e024,0.3835
2,455,e001,0.4042
2,455,e002,0.4349
2,455,e003,0.3604
2,455,e004,0.4333
2,455,e005,0.4093
2,455,e006,0.3938
2,455,e007,0.4014
2,455,e008,0.4522
2,455,e009,0.459
2,455,e010,0.4467
2,455,e011,0.3971
2,455,e012,0.4171
2,455,e013,0.4822
2,455,e014,0.347
2,455,e015,0.3552
2,455,e016,0.3708
2,455,e017,0.3675
2,455,e018,0.4182
2,455,e019,0.4338
2,455,e020,0.4384
2,455,e021,0.3956
2,455,e022,0.3692
2,455,e023,0.4052
2,455,e024,0.3566
2,456,e001,0.35
2,456,e002,0.3965
2,456,e003,0.4201
2,456,e004,0.4141
2,456,e005,0.4044
2,456,e006,0.437
2,456,e007,0.3987
2,456,e008,0.3734
2,456,e009,0.3648
2,456,e010,0.3889
2,456,e011,0.3782
2,456,e012,0.3628
2,456,e013,0.4446
2,456,e014,0.3911
2,456,e015,0.364
2,456,e016,0.3647
2,456,e017,0.4465
2,456,e018,0.3712
2,456,e019,0.3662
2,456,e020,0.367
2,456,e021,0.3897
2,456,e022,0.3938
2,456,e023,0.3777
2,456,e024,0.4546
2,457,e001,0.3686
2,457,e002,0.382
2,457,e003,0.3845
2,457,e004,0.4138
2,457,e005,0.3423
2,457,e006,0.4014
2,457,e007,0.3554
2,457,e008,0.3745
2,457,e009,0.4224
2,457,e010,0.3411
2,457,e011,0.3763
2,457,e012,0.4207
2,457,e013,0.3815
2,457,e014,0.4072
2,457,e015,0.3322
2,457,e016,0.3993
2,457,e017,0.4364
2,457,e018,0.4021
2,457,e019,0.3076
2,457,e020,0.3591
2,457,e021,0.3863
2,457,e022,0.4208
2,457,e023,0.4056
2,457,e024,0.3393
2,458,e001,0.3561
2,458,e002,0.3196
2,458,e003,0.3928
2,458,e004,0.3407
2,458,e005,0.3432
2,458,e006,0.3147
2,458,e007,0.396
2,458,e008,0.3141
2,458,e009,0.3803
2,458,e010,0.3628
2,458,e011,0.2977
2,458,e012,0.3092
2,458,e013,0.276
2,458,e014,0.3659
2,458,e015,0.3519
2,458,e016,0.3048
2,458,e017,0.3622
2,458,e018,0.4119
2,458,e019,0.3379
2,458,e020,0.3526
2,458,e021,0.3996
2,458,e022,0.333
2,458,e023,0.3712
2,458,e024,0.3339
2,459,e001,0.3634
2,459,e002,0.3274
2,459,e003,0.3889
2,459,e004,0.4087
2,459,e005,0.3573
2,459,e006,0.3814
2,459,e007,0.3477
2,459,e008,0.3084
2,459,e009,0.3423
2,459,e010,0.408
2,459,e011,0.3832
2,459,e012,0.3485
2,459,e013,0.409
2,459,e014,0.39
2,459,e015,0.4023
2,459,e016,0.3379
2,459,e017,0.4097
2,459,e018,0.4118
2,459,e019,0.3876
2,459,e020,0.3283
2,459,e021,0.3844
2,459,e022,0.3431
2,459,e023,0.4202
2,459,e024,0.3315
2,460,e001,0.4036
2,460,e002,0.3022
2,460,e003,0.424
2,460,e004,0.3948
2,460,e005,0.418
2,460,e006,0.4247
2,460,e007,0.3717
2,460,e008,0.4008
2,460,e009,0.3603
2,460,e010,0.3731
2,460,e011,0.4018
2,460,e012,0.3855
2,460,e013,0.3564
2,460,e014,0.3933
2,460,e015,0.3781
2,460,e016,0.3309
2,460,e017,0.4514
2,460,e018,0.37
2,460,e019,0.4148
2,460,e020,0.4099
2,460,e021,0.3235
2,460,e022,0.4085
2,460,e023,0.4109
2,460,e024,0.3338
2,461,e001,0.3501
2,461,e002,0.3881
2,461,e003,0.3635
2,461,e004,0.3652
2,461,e005,0.3806
2,461,e006,0.3732
2,461,e007,0.3554
2,461,e008,0.384
2,461,e009,0.3822
2,461,e010,0.3511
2,461,e011,0.4008
2,461,e012,0.3395
2,461,e013,0.3031
2,461,e014,0.3747
2,461,e015,0.3386
2,461,e016,0.3819
2,461,e017,0.3937
2,461,e018,0.3903
2,461,e019,0.3469
2,461,e020,0.3531
2,461,e021,0.4227
2,461,e022,0.2907
2,461,e023,0.3294
2,461,e024,0.3348
2,462,e001,0.3621
2,462,e002,0.4171
2,462,e003,0.4343
2,462,e004,0.3786
2,462,e005,0.3627
2,462,e006,0.3884
2,462,e007,0.3517
2,462,e008,0.3949
2,462,e009,0.376
2,462,e010,0.3451
2,462,e011,0.397
2,462,e012,0.3615
2,462,e013,0.4056
2,462,e014,0.3733
2,462,e015,0.3508
2,462,e016,0.4054
2,462,e017,0.3735
2,462,e018,0.3863
2,462,e019,0.4084
2,462,e020,0.4377
2,462,e021,0.373
2,462,e022,0.4304
2,462,e023,0.4207
2,462,e024,0.3441
2,463,e001,0.3621
2,463,e002,0.3958
2,463,e003,0.3631
2,463,e004,0.3989
2,463,e005,0.4057
2,463,e006,0.405
2,463,e007,0.3893
2,463,e008,0.3324
2,463,e009,0.3934
2,463,e010,0.3776
2,463,e011,0.3041
2,463,e012,0.3373
2,463,e013,0.389
2,463,e014,0.418
2,463,e015,0.3771
2,463,e016,0.4027
2,463,e017,0.3941
2,463,e018,0.3149
2,463,e019,0.3898
2,463,e020,0.4052
2,463,e021,0.3628
2,463,e022,0.3474
2,463,e023,0.3913
2,463,e024,0.3649
2,464,e001,0.4046
2,464,e002,0.3321
2,464,e003,0.3111
2,464,e004,0.3329
2,464,e005,0.3438
2,464,e006,0.2905
2,464,e007,0.386
2,464,e008,0.3941
2,464,e009,0.3021
2,464,e010,0.3007
2,464,e011,0.3748
2,464,e012,0.3127
2,464,e013,0.3522
2,464,e014,0.3649
2,464,e015,0.3752
2,464,e016,0.4092
2,464,e017,0.3277
2,464,e018,0.3722
2,464,e019,0.3534
2,464,e020,0.3064
2,464,e021,0.3686
2,464,e022,0.3489
2,464,e023,0.3752
2,464,e024,0.3374
2,465,e001,0.3794
2,465,e002,0.3238
2,465,e003,0.3518
2,465,e004,0.3534
2,465,e005,0.3729
2,465,e006,0.3533
2,465,e007,0.3525
2,465,e008,0.3346
2,465,e009,0.4024
2,465,e010,0.3402
2,465,e011,0.3363
2,465,e012,0.3209
2,465,e013,0.3689
2,465,e014,0.3511
2,465,e015,0.3817
2,465,e016,0.3112
2,465,e017,0.3029
2,465,e018,0.3381
2,465,e019,0.3444
2,465,e020,0.3416
2,465,e021,0.355
2,465,e022,0.3694
2,465,e023,0.3284
2,465,e024,0.3353
2,466,e001,0.3184
2,466,e002,0.331
2,466,e003,0.3736
2,466,e004,0.3002
2,466,e005,0.3138
2,466,e006,0.2844
2,466,e007,0.3713
2,466,e008,0.3262
2,466,e009,0.3895
2,466,e010,0.3092
2,466,e011,0.3546
2,466,e012,0.3344
2,466,e013,0.2819
2,466,e014,0.3654
2,466,e015,0.3622
2,466,e016,0.3246
2,466,e017,0.3249
2,466,e018,0.3618
2,466,e019,0.307
2,466,e020,0.3246
2,466,e021,0.3045
2,466,e022,0.3433
2,466,e023,0.2948
2,466,e024,0.3223
2,467,e001,0.3207
2,467,e002,0.3835
2,467,e003,0.3209
2,467,e004,0.3332
2,467,e005,0.3023
2,467,e006,0.3323
2,467,e007,0.3532
2,467,e008,0.3277
2,467,e009,0.3065
2,467,e010,0.3727
2,467,e011,0.3587
2,467,e012,0.3536
2,467,e013,0.3461
2,467,e014,0.3192
2,467,e015,0.3553
2,467,e016,0.353
2,467,e017,0.327
2,467,e018,0.3075
2,467,e019,0.3304
2,467,e020,0.3879
2,467,e021,0.318
2,467,e022,0.3478
2,467,e023,0.2841
2,467,e024,0.3821
2,468,e001,0.398
2,468,e002,0.4619
2,468,e003,0.3756
2,468,e004,0.3331
2,468,e005,0.4282
2,468,e006,0.38
2,468,e007,0.3289
2,468,e008,0.3535
2,468,e009,0.4071
2,468,e010,0.3756
2,468,e011,0.3326
2,468,e012,0.4269
2,468,e013,0.3724
2,468,e014,0.4222
2,468,e015,0.3802
2,468,e016,0.33
2,468,e017,0.3778
2,468,e018,0.3917
2,468,e019,0.3917
2,468,e020,0.3972
2,468,e021,0.3727
2,468,e022,0.413
2,468,e023,0.3744
2,468,e024,0.3779
2,469,e001,0.3327
2,469,e002,0.3123
2,469,e003,0.3473
2,469,e004,0.3269
2,469,e005,0.3607
2,469,e006,0.3484
2,469,e007,0.3501
2,469,e008,0.3651
2,469,e009,0.4194
2,469,e010,0.3826
2,469,e011,0.3506
2,469,e012,0.3977
2,469,e013,0.3089
2,469,e014,0.3728
2,469,e015,0.3778
2,469,e016,0.3009
2,469,e017,0.3265
2,469,e018,0.3886
2,469,e019,0.3451
2,469,e020,0.3543
2,469,e021,0.332
2,469,e022,0.3669
2,469,e023,0.4013
2,469,e024,0.3519
2,470,e001,0.3589
2,470,e002,0.3584
2,470,e003,0.3948
2,470,e004,0.288
2,470,e005,0.333
2,470,e006,0.3412
2,470,e007,0.3147
2,470,e008,0.3676
2,470,e009,0.3035
2,470,e010,0.313
2,470,e011,0.382
2,470,e012,0.3048
2,470,e013,0.3223
2,470,e014,0.3809
2,470,e015,0.3111
2,470,e016,0.3394
2,470,e017,0.3763
2,470,e018,0.357
2,470,e019,0.3443
2,470,e020,0.4012
2,470,e021,0.3047
2,470,e022,0.3055
2,470,e023,0.3388
2,470,e024,0.3184
2,471,e001,0.3553
2,471,e002,0.3131
2,471,e003,0.2809
2,471,e004,0.2906
2,471,e005,0.3204
2,471,e006,0.293
2,471,e007,0.3366
2,471,e008,0.3603
2,471,e009,0.3503
2,471,e010,0.3062
2,471,e011,0.3637
2,471,e012,0.3163
2,471,e013,0.3822
2,471,e014,0.2732
2,471,e015,0.3189
2,471,e016,0.3668
2,471,e017,0.3501
2,471,e018,0.3132
2,471,e019,0.2557
2,471,e020,0.3796
2,471,e021,0.3512
2,471,e022,0.3697
2,471,e023,0.299
2,471,e024,0.3493
2,472,e001,0.3468
2,472,e002,0.4007
2,472,e003,0.4143
2,472,e004,0.3752
2,472,e005,0.4446
2,472,e006,0.4249
2,472,e007,0.375
2,472,e008,0.38
2,472,e009,0.361
2,472,e010,0.4341
2,472,e011,0.3436
2,472,e012,0.372
2,472,e013,0.333
2,472,e014,0.392
2,472,e015,0.3824
2,472,e016,0.4315
2,472,e017,0.3806
2,472,e018,0.3845
2,472,e019,0.3742
2,472,e020,0.3713
2,472,e021,0.3731
2,472,e022,0.3833
2,472,e023,0.3569
2,472,e024,0.4325
2,473,e001,0.3032
2,473,e002,0.3483
2,473,e003,0.3854
2,473,e004,0.345
2,473,e005,0.3119
2,473,e006,0.3583
2,473,e007,0.2988
2,473,e008,0.3912
2,473,e009,0.3965
2,473,e010,0.3345
2,473,e011,0.2946
2,473,e012,0.3857
2,473,e013,0.3732
2,473,e014,0.3893
2,473,e015,0.3619
2,473,e016,0.4093
2,473,e017,0.3412
2,473,e018,0.3535
2,473,e019,0.3276
2,473,e020,0.337
2,473,e021,0.3285
2,473,e022,0.3825
2,473,e023,0.3364
2,473,e024,0.333
2,474,e001,0.3752
2,474,e002,0.3372
2,474,e003,0.3363
2,474,e004,0.2987
2,474,e005,0.3701
2,474,e006,0.3827
2,474,e007,0.3821
2,474,e008,0.3419
2,474,e009,0.4042
2,474,e010,0.3117
2,474,e011,0.3246
2,474,e012,0.3874
2,474,e013,0.3935
2,474,e014,0.3115
2,474,e015,0.3216
2,474,e016,0.2796
2,474,e017,0.3118
2,474,e018,0.3967
2,474,e019,0.3245
2,474,e020,0.3078
2,474,e021,0.3789
2,474,e022,0.3237
2,474,e023,0.3369
2,474,e024,0.3724
2,475,e001,0.2996
2,475,e002,0.371
2,475,e003,0.3049
2,475,e004,0.3232
2,475,e005,0.3211
2,475,e006,0.2859
2,475,e007,0.3641
2,475,e008,0.3569
2,475,e009,0.3227
2,475,e010,0.3306
2,475,e011,0.4023
2,475,e012,0.3705
2,475,e013,0.3578
2,475,e014,0.3831
2,475,e015,0.307
2,475,e016,0.2374
2,475,e017,0.3434
2,475,e018,0.3526
2,475,e019,0.377
2,475,e020,0.3981
2,475,e021,0.3538
2,475,e022,0.3294
2,475,e023,0.2986
2,475,e024,0.3036
2,476,e001,0.3378
2,476,e002,0.32
2,476,e003,0.3471
2,476,e004,0.3253
2,476,e005,0.3744
2,476,e006,0.3447
2,476,e007,0.3101
2,476,e008,0.3344
2,476,e009,0.4043
2,476,e010,0.3305
2,476,e011,0.3484
2,476,e012,0.3397
2,476,e013,0.3371
2,476,e014,0.3498
2,476,e015,0.3608
2,476,e016,0.3543
2,476,e017,0.3784
2,476,e018,0.2906
2,476,e019,0.2901
2,476,e020,0.3057
2,476,e021,0.3501
2,476,e022,0.3873
2,476,e023,0.307
2,476,e024,0.3042
2,477,e001,0.2902
2,477,e002,0.3121
2,477,e003,0.2655
2,477,e004,0.247
2,477,e005,0.2386
2,477,e006,0.2396
2,477,e007,0.3038
2,477,e008,0.2469
2,477,e009,0.296
2,477,e010,0.2496
2,477,e011,0.2618
2,477,e012,0.2924
2,477,e013,0.27
2,477,e014,0.2211
2,477,e015,0.2139
2,477,e016,0.3002
2,477,e017,0.2654
2,477,e018,0.3037
2,477,e019,0.2317
2,477,e020,0.2664
2,477,e021,0.3423
2,477,e022,0.2427
2,477,e023,0.2506
2,477,e024,0.2473
2,478,e001,0.3756
2,478,e002,0.3879
2,478,e003,0.2966
2,478,e004,0.3902
2,478,e005,0.2866
2,478,e006,0.3302
2,478,e007,0.3105
2,478,e008,0.3916
2,478,e009,0.3791
2,478,e010,0.3118
2,478,e011,0.285
2,478,e012,0.3618
2,478,e013,0.3636
2,478,e014,0.3098
2,478,e015,0.3204
2,478,e016,0.3514
2,478,e017,0.3045
2,478,e018,0.3232
2,478,e019,0.4218
2,478,e020,0.3635
2,478,e021,0.2974
2,478,e022,0.3941
2,478,e023,0.3281
2,478,e024,0.2784
2,479,e001,0.3744
2,479,e002,0.3735
2,479,e003,0.3049
2,479,e004,0.3221
2,479,e005,0.3507
2,479,e006,0.3304
2,479,e007,0.2978
2,479,e008,0.2991
2,479,e009,0.35
2,479,e010,0.342
2,479,e011,0.3493
2,479,e012,0.3049
2,479,e013,0.3099
2,479,e014,0.3848
2,479,e015,0.3093
2,479,e016,0.3752
2,479,e017,0.2963
2,479,e018,0.2837
2,479,e019,0.3024
2,479,e020,0.3919
2,479,e021,0.3794
2,479,e022,0.3205
2,479,e023,0.3307
2,479,e024,0.3808
2,480,e001,0.3046
2,480,e002,0.3312
2,480,e003,0.3247
2,480,e004,0.3715
2,480,e005,0.3634
2,480,e006,0.2944
2,480,e007,0.3361
2,480,e008,0.3263
2,480,e009,0.3602
2,480,e010,0.3122
2,480,e011,0.3564
2,480,e012,0.3506
2,480,e013,0.3058
2,480,e014,0.3666
2,480,e015,0.3222
2,480,e016,0.3002
2,480,e017,0.3574
2,480,e018,0.3487
2,480,e019,0.3806
2,480,e020,0.2945
2,480,e021,0.3885
2,480,e022,0.3224
2,480,e023,0.3246
2,480,e024,0.3483
2,481,e001,0.3122
2,481,e002,0.3205
2,481,e003,0.3253
2,481,e004,0.3648
2,481,e005,0.3843
2,481,e006,0.393
2,481,e007,0.3514
2,481,e008,0.2906
2,481,e009,0.2928
2,481,e010,0.3097
2,481,e011,0.3246
2,481,e012,0.3971
2,481,e013,0.2979
2,481,e014,0.3703
2,481,e015,0.3458
2,481,e016,0.3242
2,481,e017,0.3758
2,481,e018,0.3196
2,481,e019,0.3778
2,481,e020,0.3107
2,481,e021,0.4035
2,481,e022,0.2999
2,481,e023,0.3837
2,481,e024,0.3009
2,482,e001,0.329
2,482,e002,0.3111
2,482,e003,0.3466
2,482,e004,0.3431
2,482,e005,0.4015
2,482,e006,0.3127
2,482,e007,0.3293
2,482,e008,0.3355
2,482,e009,0.3841
2,482,e010,0.3551
2,482,e011,0.3682
2,482,e012,0.3128
2,482,e013,0.3862
2,482,e014,0.3286
2,482,e015,0.3591
2,482,e016,0.3712
2,482,e017,0.336
2,482,e018,0.3601
2,482,e019,0.3913
2,482,e020,0.3414
2,482,e021,0.3846
2,482,e022,0.3662
2,482,e023,0.3682
2,482,e024,0.3539
2,483,e001,0.3633
2,483,e002,0.345
2,483,e003,0.4168
2,483,e004,0.312
2,483,e005,0.3652
2,483,e006,0.3825
2,483,e007,0.4183
2,483,e008,0.3229
2,483,e009,0.3355
2,483,e010,0.3189
2,483,e011,0.3222
2,483,e012,0.3728
2,483,e013,0.3379
2,483,e014,0.3023
2,483,e015,0.3229
2,483,e016,0.3774
2,483,e017,0.3502
2,483,e018,0.3176
2,483,e019,0.3601
2,483,e020,0.3002
2,483,e021,0.3861
2,483,e022,0.3118
2,483,e023,0.3434
2,483,e024,0.3771
2,484,e001,0.3246
2,484,e002,0.2937
2,484,e003,0.2924
2,484,e004,0.283
2,484,e005,0.3016
2,484,e006,0.2394
2,484,e007,0.3056
2,484,e008,0.2778
2,484,e009,0.2624
2,484,e010,0.2923
2,484,e011,0.2995
2,484,e012,0.3016
2,484,e013,0.3097
2,484,e014,0.2652
2,484,e015,0.277
2,484,e016,0.2479
2,484,e017,0.3509
2,484,e018,0.3309
2,484,e019,0.354
2,484,e020,0.3445
2,484,e021,0.3467
2,484,e022,0.2451
2,484,e023,0.3487
2,484,e024,0.3454
2,485,e001,0.378
2,485,e002,0.3659
2,485,e003,0.3376
2,485,e004,0.2914
2,485,e005,0.2853
2,485,e006,0.2891
2,485,e007,0.3474
2,485,e008,0.3472
2,485,e009,0.348
2,485,e010,0.3246
2,485,e011,0.3239
2,485,e012,0.2693
2,485,e013,0.3697
2,485,e014,0.284
2,485,e015,0.2546
2,485,e016,0.3387
2,485,e017,0.3848
2,485,e018,0.3626
2,485,e019,0.3485
2,485,e020,0.3216
2,485,e021,0.3565
2,485,e022,0.3007
2,485,e023,0.2856
2,485,e024,0.3044
2,486,e001,0.3327
2,486,e002,0.3514
2,486,e003,0.3655
2,486,e004,0.2998
2,486,e005,0.2784
2,486,e006,0.2865
2,486,e007,0.3943
2,486,e008,0.3483
2,486,e009,0.3001
2,486,e010,0.3575
2,486,e011,0.314
2,486,e012,0.3393
2,486,e013,0.3613
2,486,e014,0.365
2,486,e015,0.3744
2,486,e016,0.3655
2,486,e017,0.3438
2,486,e018,0.3421
2,486,e019,0.3339
2,486,e020,0.3174
2,486,e021,0.3442
2,486,e022,0.3794
2,486,e023,0.2984
2,486,e024,0.2939
2,487,e001,0.2971
2,487,e002,0.2924
2,487,e003,0.3667
2,487,e004,0.2739
2,487,e005,0.3089
2,487,e006,0.3149
2,487,e007,0.3427
2,487,e008,0.3513
2,487,e009,0.3586
2,487,e010,0.3606
2,487,e011,0.3641
2,487,e012,0.3904
2,487,e013,0.3277
2,487,e014,0.3326
2,487,e015,0.3019
2,487,e016,0.3332
2,487,e017,0.2832
2,487,e018,0.3514
2,487,e019,0.2939
2,487,e020,0.3382
2,487,e021,0.3541
2,487,e022,0.266
2,487,e023,0.3455
2,487,e024,0.3304
2,488,e001,0.3163
2,488,e002,0.3465
2,488,e003,0.3106
2,488,e004,0.3771
2,488,e005,0.3276
2,488,e006,0.3143
2,488,e007,0.3009
2,488,e008,0.3279
2,488,e009,0.3147
2,488,e010,0.2721
2,488,e011,0.3033
2,488,e012,0.3732
2,488,e013,0.3281
2,488,e014,0.3323
2,488,e015,0.3619
2,488,e016,0.2765
2,488,e017,0.3115
2,488,e018,0.2852
2,488,e019,0.3236
2,488,e020,0.2924
2,488,e021,0.3016
2,488,e022,0.2874
2,488,e023,0.3373
2,488,e024,0.2975
2,489,e001,0.316
2,489,e002,0.3109
2,489,e003,0.3005
2,489,e004,0.2959
2,489,e005,0.3529
2,489,e006,0.3503
2,489,e007,0.3326
2,489,e008,0.3127
2,489,e009,0.3657
2,489,e010,0.3282
2,489,e011,0.3081
2,489,e012,0.299
2,489,e013,0.3319
2,489,e014,0.3677
2,489,e015,0.3206
2,489,e016,0.3631
2,489,e017,0.3102
2,489,e018,0.3711
2,489,e019,0.3107
2,489,e020,0.313
2,489,e021,0.3285
2,489,e022,0.3108
2,489,e023,0.3463
2,489,e024,0.3586
2,490,e001,0.3442
2,490,e002,0.4077
2,490,e003,0.3923
2,490,e004,0.3719
2,490,e005,0.3726
2,490,e006,0.3137
2,490,e007,0.2954
2,490,e008,0.3562
2,490,e009,0.4001
2,490,e010,0.3792
2,490,e011,0.3415
2,490,e012,0.3917
2,490,e013,0.3302
2,490,e014,0.3246
2,490,e015,0.3144
2,490,e016,0.3782
2,490,e017,0.3192
2,490,e018,0.3893
2,490,e019,0.3222
2,490,e020,0.3483
2,490,e021,0.317
2,490,e022,0.3661
2,490,e023,0.3262
2,490,e024,0.2997
2,491,e001,0.3548
2,491,e002,0.375
2,491,e003,0.3219
2,491,e004,0.333
2,491,e005,0.3377
2,491,e006,0.3477
2,491,e007,0.2942
2,491,e008,0.3567
2,491,e009,0.3379
2,491,e010,0.2899
2,491,e011,0.3662
2,491,e012,0.2973
2,491,e013,0.2919
2,491,e014,0.3504
2,491,e015,0.3612
2,491,e016,0.3472
2,491,e017,0.3786
2,491,e018,0.3316
2,491,e019,0.3254
2,491,e020,0.305
2,491,e021,0.3177
2,491,e022,0.2829
2,491,e023,0.3209
2,491,e024,0.3744
2,492,e001,0.2988
2,492,e002,0.3122
2,492,e003,0.3864
2,492,e004,0.3306
2,492,e005,0.3681
2,492,e006,0.3738
2,492,e007,0.3988
2,492,e008,0.3017
2,492,e009,0.3069
2,492,e010,0.3707
2,492,e011,0.3061
2,492,e012,0.4054
2,492,e013,0.2905
2,492,e014,0.315
2,492,e015,0.3101
2,492,e016,0.321
2,492,e017,0.3558
2,492,e018,0.3374
2,492,e019,0.3071
2,492,e020,0.3507
2,492,e021,0.3285
2,492,e022,0.2744
2,492,e023,0.3263
2,492,e024,0.3377
2,493,e001,0.3256
2,493,e002,0.3972
2,493,e003,0.3522
2,493,e004,0.363
2,493,e005,0.3068
2,493,e006,0.3728
2,493,e007,0.3402
2,493,e008,0.3956
2,493,e009,0.3878
2,493,e010,0.311
2,493,e011,0.3781
2,493,e012,0.3201
2,493,e013,0.3531
2,493,e014,0.3872
2,493,e015,0.3656
2,493,e016,0.3756
2,493,e017,0.3688
2,493,e018,0.3338
2,493,e019,0.3161
2,493,e020,0.353
2,493,e021,0.3275
2,493,e022,0.3954
2,493,e023,0.3601
2,493,e024,0.345
2,494,e001,0.3722
2,494,e002,0.4056
2,494,e003,0.3453
2,494,e004,0.4135
2,494,e005,0.3787
2,494,e006,0.3871
2,494,e007,0.3982
2,494,e008,0.322
2,494,e009,0.3878
2,494,e010,0.2979
2,494,e011,0.3237
2,494,e012,0.4116
2,494,e013,0.3124
2,494,e014,0.4095
2,494,e015,0.3892
2,494,e016,0.3193
2,494,e017,0.3453
2,494,e018,0.3513
2,494,e019,0.3035
2,494,e020,0.3964
2,494,e021,0.3114
2,494,e022,0.3051
2,494,e023,0.3701
2,494,e024,0.4022
2,495,e001,0.3002
2,495,e002,0.2765
2,495,e003,0.2757
2,495,e004,0.3267
2,495,e005,0.3628
2,495,e006,0.3126
2,495,e007,0.2999
2,495,e008,0.3249
2,495,e009,0.315
2,495,e010,0.359
2,495,e011,0.3165
2,495,e012,0.3679
2,495,e013,0.3277
2,495,e014,0.3595
2,495,e015,0.3715
2,495,e016,0.3134
2,495,e017,0.2905
2,495,e018,0.3123
2,495,e019,0.3311
2,495,e020,0.2747
2,495,e021,0.3528
2,495,e022,0.2939
2,495,e023,0.3234
2,495,e024,0.3036
2,496,e001,0.2476
2,496,e002,0.2991
2,496,e003,0.3187
2,496,e004,0.2518
2,496,e005,0.2914
2,496,e006,0.3111
2,496,e007,0.2734
2,496,e008,0.3034
2,496,e009,0.2728
2,496,e010,0.3013
2,496,e011,0.3002
2,496,e012,0.3342
2,496,e013,0.3399
2,496,e014,0.3572
2,496,e015,0.2976
2,496,e016,0.3058
2,496,e017,0.2934
2,496,e018,0.2676
2,496,e019,0.3127
2,496,e020,0.2682
2,496,e021,0.2714
2,496,e022,0.2865
2,496,e023,0.2876
2,496,e024,0.3362
2,497,e001,0.3251
2,497,e002,0.3397
2,497,e003,0.2945
2,497,e004,0.2943
2,497,e005,0.373
2,497,e006,0.347
2,497,e007,0.2859
2,497,e008,0.3086
2,497,e009,0.3149
2,497,e010,0.3145
2,497,e011,0.3838
2,497,e012,0.2615
2,497,e013,0.3534
2,497,e014,0.3835
2,497,e015,0.3266
2,497,e016,0.2957
2,497,e017,0.3246
2,497,e018,0.3662
2,497,e019,0.3186
2,497,e020,0.36
2,497,e021,0.3491
2,497,e022,0.2941
2,497,e023,0.2757
2,497,e024,0.3618
2,498,e001,0.2904
2,498,e002,0.2545
2,498,e003,0.2668
2,498,e004,0.3045
2,498,e005,0.2471
2,498,e006,0.3365
2,498,e007,0.3477
2,498,e008,0.2933
2,498,e009,0.3514
2,498,e010,0.3041
2,498,e011,0.2561
2,498,e012,0.2984
2,498,e013,0.2868
2,498,e014,0.3086
2,498,e015,0.3578
2,498,e016,0.2944
2,498,e017,0.3035
2,498,e018,0.2936
2,498,e019,0.2911
2,498,e020,0.2474
2,498,e021,0.2698
2,498,e022,0.3098
2,498,e023,0.3415
2,498,e024,0.273
2,499,e001,0.2848
2,499,e002,0.2433
2,499,e003,0.3602
2,499,e004,0.2742
2,499,e005,0.3081
2,499,e006,0.3108
2,499,e007,0.2762
2,499,e008,0.3399
2,499,e009,0.3432
2,499,e010,0.3223
2,499,e011,0.3
2,499,e012,0.313
2,499,e013,0.2803
2,499,e014,0.2592
2,499,e015,0.2676
2,499,e016,0.2432
2,499,e017,0.3548
2,499,e018,0.3327
2,499,e019,0.3074
2,499,e020,0.2852
2,499,e021,0.3011
2,499,e022,0.322
2,499,e023,0.3086
2,499,e024,0.3219
2,500,e001,0.2877
2,500,e002,0.2891
2,500,e003,0.3399
2,500,e004,0.3017
2,500,e005,0.287
2,500,e006,0.316
2,500,e007,0.3231
2,500,e008,0.3207
2,500,e009,0.2752
2,500,e010,0.2747
2,500,e011,0.3328
2,500,e012,0.2477
2,500,e013,0.3621
2,500,e014,0.2674
2,500,e015,0.264
2,500,e016,0.2814
2,500,e017,0.3359
2,500,e018,0.2409
2,500,e019,0.241
2,500,e020,0.2798
2,500,e021,0.2741
2,500,e022,0.2605
2,500,e023,0.3121
2,500,e024,0.2608
2,501,e001,0.2819
2,501,e002,0.2298
2,501,e003,0.3071
2,501,e004,0.3137
2,501,e005,0.3469
2,501,e006,0.2579
2,501,e007,0.3109
2,501,e008,0.2604
2,501,e009,0.27
2,501,e010,0.2569
2,501,e011,0.3373
2,501,e012,0.3094
2,501,e013,0.3057
2,501,e014,0.3039
2,501,e015,0.2941
2,501,e016,0.3449
2,501,e017,0.3358
2,501,e018,0.2456
2,501,e019,0.3366
2,501,e020,0.2914
2,501,e021,0.3071
2,501,e022,0.294
2,501,e023,0.3375
2,501,e024,0.2662
2,502,e001,0.3325
2,502,e002,0.332
2,502,e003,0.3844
2,502,e004,0.3739
2,502,e005,0.3462
2,502,e006,0.3496
2,502,e007,0.3867
2,502,e008,0.3416
2,502,e009,0.381
2,502,e010,0.3397
2,502,e011,0.3351
2,502,e012,0.3543
2,502,e013,0.3564
2,502,e014,0.3606
2,502,e015,0.3453
2,502,e016,0.3833
2,502,e017,0.377
2,502,e018,0.3357
2,502,e019,0.3459
2,502,e020,0.3942
2,502,e021,0.3241
2,502,e022,0.4106
2,502,e023,0.313
2,502,e024,0.3068
2,503,e001,0.346
2,503,e002,0.3513
2,503,e003,0.3467
2,503,e004,0.3056
2,503,e005,0.2488
2,503,e006,0.2517
2,503,e007,0.3456
2,503,e008,0.303
2,503,e009,0.3303
2,503,e010,0.2691
2,503,e011,0.2815
2,503,e012,0.3135
2,503,e013,0.3894
2,503,e014,0.3206
2,503,e015,0.2823
2,503,e016,0.342
2,503,e017,0.3291
2,503,e018,0.3329
2,503,e019,0.2676
2,503,e020,0.3074
2,503,e021,0.2934
2,503,e022,0.2948
2,503,e023,0.2836
2,503,e024,0.301
2,504,e001,0.3745
2,504,e002,0.2926
2,504,e003,0.3805
2,504,e004,0.3896
2,504,e005,0.3439
2,504,e006,0.3389
2,504,e007,0.3405
2,504,e008,0.3004
2,504,e009,0.3973
2,504,e010,0.304
2,504,e011,0.3042
2,504,e012,0.3309
2,504,e013,0.376
2,504,e014,0.3362
2,504,e015,0.3699
2,504,e016,0.3653
2,504,e017,0.3115
2,504,e018,0.3825
2,504,e019,0.3684
2,504,e020,0.3561
2,504,e021,0.3868
2,504,e022,0.3472
2,504,e023,0.3148
2,504,e024,0.4094
2,505,e001,0.3456
2,505,e002,0.3602
2,505,e003,0.2808
2,505,e004,0.371
2,505,e005,0.355
2,505,e006,0.3531
2,505,e007,0.319
2,505,e008,0.2987
2,505,e009,0.3004
2,505,e010,0.3657
2,505,e011,0.2797
2,505,e012,0.3435
2,505,e013,0.3308
2,505,e014,0.3363
2,505,e015,0.3273
2,505,e016,0.3654
2,505,e017,0.3527
2,505,e018,0.3768
2,505,e019,0.3496
2,505,e020,0.3199
2,505,e021,0.3417
2,505,e022,0.2863
2,505,e023,0.3079
2,505,e024,0.3666
2,506,e001,0.3152
2,506,e002,0.2852
2,506,e003,0.3416
2,506,e004,0.3732
2,506,e005,0.284
2,506,e006,0.3493
2,506,e007,0.2749
2,506,e008,0.3005
2,506,e009,0.2641
2,506,e010,0.3213
2,506,e011,0.3276
2,506,e012,0.3589
2,506,e013,0.3816
2,506,e014,0.2846
2,506,e015,0.3393
2,506,e016,0.3096
2,506,e017,0.2911
2,506,e018,0.3484
2,506,e019,0.3818
2,506,e020,0.3156
2,506,e021,0.3217
2,506,e022,0.2979
2,506,e023,0.3234
2,506,e024,0.2999
2,507,e001,0.4159
2,507,e002,0.3258
2,507,e003,0.3027
2,507,e004,0.385
2,507,e005,0.3573
2,507,e006,0.4059
2,507,e007,0.3286
2,507,e008,0.4157
2,507,e009,0.3488
2,507,e010,0.4226
2,507,e011,0.3112
2,507,e012,0.3673
2,507,e013,0.3664
2,507,e014,0.394
2,507,e015,0.4005
2,507,e016,0.3316
2,507,e017,0.4009
2,507,e018,0.3531
2,507,e019,0.3472
2,507,e020,0.4119
2,507,e021,0.3771
2,507,e022,0.3973
2,507,e023,0.3015
2,507,e024,0.3872
2,508,e001,0.3131
2,508,e002,0.3524
2,508,e003,0.2604
2,508,e004,0.321
2,508,e005,0.2864
2,508,e006,0.247
2,508,e007,0.2639
2,508,e008,0.2358
2,508,e009,0.316
2,508,e010,0.2705
2,508,e011,0.269
2,508,e012,0.2786
2,508,e013,0.2836
2,508,e014,0.2346
2,508,e015,0.2652
2,508,e016,0.2828
2,508,e017,0.259
2,508,e018,0.2734
2,508,e019,0.3085
2,508,e020,0.2765
2,508,e021,0.2442
2,508,e022,0.2674
2,508,e023,0.2791
2,508,e024,0.2569
2,509,e001,0.3204
2,509,e002,0.3738
2,509,e003,0.3573
2,509,e004,0.4022
2,509,e005,0.4027
2,509,e006,0.4005
2,509,e007,0.3171
2,509,e008,0.3216
2,509,e009,0.3939
2,509,e010,0.4025
2,509,e011,0.3432
2,509,e012,0.3631
2,509,e013,0.374
2,509,e014,0.3538
2,509,e015,0.419
2,509,e016,0.3582
2,509,e017,0.3915
2,509,e018,0.4321
2,509,e019,0.445
2,509,e020,0.3801
2,509,e021,0.3286
2,509,e022,0.3824
2,509,e023,0.4179
2,509,e024,0.4014
2,510,e001,0.3464
2,510,e002,0.3589
2,510,e003,0.3194
2,510,e004,0.3685
2,510,e005,0.3605
2,510,e006,0.2782
2,510,e007,0.3203
2,510,e008,0.3125
2,510,e009,0.3409
2,510,e010,0.3688
2,510,e011,0.2981
2,510,e012,0.371
2,510,e013,0.3844
2,510,e014,0.3001
2,510,e015,0.3253
2,510,e016,0.2906
2,510,e017,0.2821
2,510,e018,0.3555
2,510,e019,0.346
2,510,e020,0.3272
2,510,e021,0.3278
2,510,e022,0.2613
2,510,e023,0.3622
2,510,e024,0.3529
2,511,e001,0.3495
2,511,e002,0.3243
2,511,e003,0.3237
2,511,e004,0.3142
2,511,e005,0.3137
2,511,e006,0.3462
2,511,e007,0.3658
2,511,e008,0.3768
2,511,e009,0.271
2,511,e010,0.3468
2,511,e011,0.3014
2,511,e012,0.3401
2,511,e013,0.3575
2,511,e014,0.3188
2,511,e015,0.3295
2,511,e016,0.3568
2,511,e017,0.3808
2,511,e018,0.3497
2,511,e019,0.2999
2,511,e020,0.2857
2,511,e021,0.3623
2,511,e022,0.3095
2,511,e023,0.3673
2,511,e024,0.2907
2,512,e001,0.2543
2,512,e002,0.296
2,512,e003,0.321
2,512,e004,0.2927
2,512,e005,0.3323
2,512,e006,0.2963
2,512,e007,0.2828
2,512,e008,0.3113
2,512,e009,0.3064
2,512,e010,0.3239
2,512,e011,0.3103
2,512,e012,0.3397
2,512,e013,0.3422
2,512,e014,0.3057
2,512,e015,0.3505
2,512,e016,0.3227
2,512,e017,0.2933
2,512,e018,0.3523
2,512,e019,0.3063
2,512,e020,0.2596
2,512,e021,0.2751
2,512,e022,0.3285
2,512,e023,0.3474
2,512,e024,0.3444
2,513,e001,0.3885
2,513,e002,0.355
2,513,e003,0.3702
2,513,e004,0.4356
2,513,e005,0.317
2,513,e006,0.3625
2,513,e007,0.3596
2,513,e008,0.4316
2,513,e009,0.3489
2,513,e010,0.3453
2,513,e011,0.3912
2,513,e012,0.3901
2,513,e013,0.3192
2,513,e014,0.367
2,513,e015,0.3848
2,513,e016,0.3429
2,513,e017,0.299
2,513,e018,0.4277
2,513,e019,0.3918
2,513,e020,0.4036
2,513,e021,0.4185
2,513,e022,0.4296
2,513,e023,0.336
2,513,e024,0.3779
2,514,e001,0.4189
2,514,e002,0.3066
2,514,e003,0.3346
2,514,e004,0.2878
2,514,e005,0.3343
2,514,e006,0.2611
2,514,e007,0.3071
2,514,e008,0.3525
2,514,e009,0.3372
2,514,e010,0.294
2,514,e011,0.3887
2,514,e012,0.2996
2,514,e013,0.3662
2,514,e014,0.3651
2,514,e015,0.3477
2,514,e016,0.3731
2,514,e017,0.2931
2,514,e018,0.3898
2,514,e019,0.3225
2,514,e020,0.3391
2,514,e021,0.3783
2,514,e022,0.3162
2,514,e023,0.2925
2,514,e024,0.3596
2,515,e001,0.336
2,515,e002,0.34
2,515,e003,0.3295
2,515,e004,0.3332
2,515,e005,0.3442
2,515,e006,0.3439
2,515,e007,0.336
2,515,e008,0.3739
2,515,e009,0.3917
2,515,e010,0.3612
2,515,e011,0.3809
2,515,e012,0.3733
2,515,e013,0.2665
2,515,e014,0.3187
2,515,e015,0.3224
2,515,e016,0.3537
2,515,e017,0.4171
2,515,e018,0.3217
2,515,e019,0.3061
2,515,e020,0.3146
2,515,e021,0.3238
2,515,e022,0.4179
2,515,e023,0.342
2,515,e024,0.3185
2,516,e001,0.383
2,516,e002,0.3231
2,516,e003,0.306
2,516,e004,0.3801
2,516,e005,0.3879
2,516,e006,0.3935
2,516,e007,0.2949
2,516,e008,0.3131
2,516,e009,0.3172
2,516,e010,0.3685
2,516,e011,0.3324
2,516,e012,0.3247
2,516,e013,0.2816
2,516,e014,0.292
2,516,e015,0.3275
2,516,e016,0.3717
2,516,e017,0.3137
2,516,e018,0.324
2,516,e019,0.2848
2,516,e020,0.3049
2,516,e021,0.3846
2,516,e022,0.3021
2,516,e023,0.3046
2,516,e024,0.3113
2,517,e001,0.4036
2,517,e002,0.3762
2,517,e003,0.3531
2,517,e004,0.3685
2,517,e005,0.3848
2,517,e006,0.3571
2,517,e007,0.3696
2,517,e008,0.4073
2,517,e009,0.3455
2,517,e010,0.347
2,517,e011,0.4059
2,517,e012,0.3796
2,517,e013,0.388
2,517,e014,0.3276
2,517,e015,0.339
2,517,e016,0.4393
2,517,e017,0.387
2,517,e018,0.3676
2,517,e019,0.3565
2,517,e020,0.3938
2,517,e021,0.3965
2,517,e022,0.4078
2,517,e023,0.3837
2,517,e024,0.3491
2,518,e001,0.2933
2,518,e002,0.3044
2,518,e003,0.3893
2,518,e004,0.3669
2,518,e005,0.3134
2,518,e006,0.3585
2,518,e007,0.3703
2,518,e008,0.3279
2,518,e009,0.3606
2,518,e010,0.331
2,518,e011,0.31
2,518,e012,0.3453
2,518,e013,0.3177
2,518,e014,0.3082
2,518,e015,0.3571
2,518,e016,0.2755
2,518,e017,0.3616
2,518,e018,0.2898
2,518,e019,0.2883
2,518,e020,0.3578
2,518,e021,0.2962
2,518,e022,0.3611
2,518,e023,0.3118
2,518,e024,0.2887
2,519,e001,0.3463
2,519,e002,0.3703
2,519,e003,0.3468
2,519,e004,0.3789
2,519,e005,0.3511
2,519,e006,0.3866
2,519,e007,0.3741
2,519,e008,0.3089
2,519,e009,0.384
2,519,e010,0.3757
2,519,e011,0.3277
2,519,e012,0.4151
2,519,e013,0.317
2,519,e014,0.3138
2,519,e015,0.3316
2,519,e016,0.3724
2,519,e017,0.3679
2,519,e018,0.3115
2,519,e019,0.346
2,519,e020,0.341
2,519,e021,0.3296
2,519,e022,0.3383
2,519,e023,0.3765
2,519,e024,0.3784
2,520,e001,0.3319
2,520,e002,0.3008
2,520,e003,0.3654
2,520,e004,0.3574
2,520,e005,0.3228
2,520,e006,0.3577
2,520,e007,0.3787
2,520,e008,0.3442
2,520,e009,0.3468
2,520,e010,0.2961
2,520,e011,0.3546
2,520,e012,0.2949
2,520,e013,0.3557
2,520,e014,0.3492
2,520,e015,0.3591
2,520,e016,0.3619
2,520,e017,0.3172
2,520,e018,0.3371
2,520,e019,0.3433
2,520,e020,0.3521
2,520,e021,0.3089
2,520,e022,0.3551
2,520,e023,0.3684
2,520,e024,0.329
2,521,e001,0.3616
2,521,e002,0.3034
2,521,e003,0.3518
2,521,e004,0.3627
2,521,e005,0.3002
2,521,e006,0.307
2,521,e007,0.3504
2,521,e008,0.3546
2,521,e009,0.3712
2,521,e010,0.3466
2,521,e011,0.3666
2,521,e012,0.3716
2,521,e013,0.3886
2,521,e014,0.2943
2,521,e015,0.3632
2,521,e016,0.3742
2,521,e017,0.3509
2,521,e018,0.3218
2,521,e019,0.3351
2,521,e020,0.3442
2,521,e021,0.3273
2,521,e022,0.325
2,521,e023,0.3478
2,521,e024,0.4156
2,522,e001,0.334
2,522,e002,0.3987
2,522,e003,0.3535
2,522,e004,0.3786
2,522,e005,0.3224
2,522,e006,0.3622
2,522,e007,0.328
2,522,e008,0.3765
2,522,e009,0.3525
2,522,e010,0.3355
2,522,e011,0.4206
2,522,e012,0.3946
2,522,e013,0.401
2,522,e014,0.4019
2,522,e015,0.3399
2,522,e016,0.3678
2,522,e017,0.3882
2,522,e018,0.3645
2,522,e019,0.3808
2,522,e020,0.3556
2,522,e021,0.375
2,522,e022,0.3336
2,522,e023,0.4016
2,522,e024,0.4167
2,523,e001,0.298
2,523,e002,0.2889
2,523,e003,0.3181
2,523,e004,0.3938
2,523,e005,0.3821
2,523,e006,0.3137
2,523,e007,0.3724
2,523,e008,0.3928
2,523,e009,0.3749
2,523,e010,0.3786
2,523,e011,0.3365
2,523,e012,0.3555
2,523,e013,0.3909
2,523,e014,0.3632
2,523,e015,0.2925
2,523,e016,0.3787
2,523,e017,0.3553
2,523,e018,0.3929
2,523,e019,0.2926
2,523,e020,0.3348
2,523,e021,0.3739
2,523,e022,0.3263
2,523,e023,0.3021
2,523,e024,0.3608
2,524,e001,0.3427
2,524,e002,0.4158
2,524,e003,0.4045
2,524,e004,0.4004
2,524,e005,0.3501
2,524,e006,0.393
2,524,e007,0.3905
2,524,e008,0.3923
2,524,e009,0.4436
2,524,e010,0.3889
2,524,e011,0.3351
2,524,e012,0.3414
2,524,e013,0.3434
2,524,e014,0.3867
2,524,e015,0.3744
2,524,e016,0.372
2,524,e017,0.3811
2,524,e018,0.3882
2,524,e019,0.3464
2,524,e020,0.3551
2,524,e021,0.3533
2,524,e022,0.401
2,524,e023,0.4006
2,524,e024,0.3635
2,525,e001,0.3135
2,525,e002,0.3231
2,525,e003,0.3622
2,525,e004,0.2924
2,525,e005,0.2899
2,525,e006,0.2919
2,525,e007,0.3409
2,525,e008,0.34
2,525,e009,0.3136
2,525,e010,0.3639
2,525,e011,0.3695
2,525,e012,0.3326
2,525,e013,0.3168
2,525,e014,0.2691
2,525,e015,0.2914
2,525,e016,0.3879
2,525,e017,0.3061
2,525,e018,0.3036
2,525,e019,0.3162
2,525,e020,0.3584
2,525,e021,0.3087
2,525,e022,0.3285
2,525,e023,0.3648
2,525,e024,0.3053
2,526,e001,0.3994
2,526,e002,0.4269
2,526,e003,0.3516
2,526,e004,0.4133
2,526,e005,0.3317
2,526,e006,0.3796
2,526,e007,0.3763
2,526,e008,0.3633
2,526,e009,0.4423
2,526,e010,0.3816
2,526,e011,0.408
2,526,e012,0.3877
2,526,e013,0.3877
2,526,e014,0.3646
2,526,e015,0.3334
2,526,e016,0.4065
2,526,e017,0.3929
2,526,e018,0.361
2,526,e019,0.4262
2,526,e020,0.3993
2,526,e021,0.3376
2,526,e022,0.4095
2,526,e023,0.4103
2,526,e024,0.3893
2,527,e001,0.3477
2,527,e002,0.4354
2,527,e003,0.4339
2,527,e004,0.3175
2,527,e005,0.3244
2,527,e006,0.3445
2,527,e007,0.3346
2,527,e008,0.3651
2,527,e009,0.3786
2,527,e010,0.4131
2,527,e011,0.3681
2,527,e012,0.3551
2,527,e013,0.3509
2,527,e014,0.3548
2,527,e015,0.3735
2,527,e016,0.3219
2,527,e017,0.4026
2,527,e018,0.3692
2,527,e019,0.3783
2,527,e020,0.4175
2,527,e021,0.4017
2,527,e022,0.3651
2,527,e023,0.3833
2,527,e024,0.3627
2,528,e001,0.4128
2,528,e002,0.31
2,528,e003,0.3766
2,528,e004,0.4006
2,528,e005,0.3443
2,528,e006,0.3047
2,528,e007,0.3714
2,528,e008,0.3652
2,528,e009,0.3343
2,528,e010,0.3511
2,528,e011,0.3769
2,528,e012,0.3978
2,528,e013,0.3663
2,528,e014,0.3802
2,528,e015,0.3421
2,528,e016,0.4164
2,528,e017,0.3879
2,528,e018,0.4124
2,528,e019,0.3982
2,528,e020,0.4006
2,528,e021,0.3805
2,528,e022,0.3927
2,528,e023,0.3596
2,528,e024,0.3055
2,529,e001,0.3699
2,529,e002,0.3832
2,529,e003,0.3584
2,529,e004,0.393
2,529,e005,0.3698
2,529,e006,0.3621
2,529,e007,0.3305
2,529,e008,0.4069
2,529,e009,0.3344
2,529,e010,0.3747
2,529,e011,0.4025
2,529,e012,0.3653
2,529,e013,0.3442
2,529,e014,0.3783
2,529,e015,0.3398
2,529,e016,0.3565
2,529,e017,0.3721
2,529,e018,0.4192
2,529,e019,0.3693
2,529,e020,0.3513
2,529,e021,0.3591
2,529,e022,0.3863
2,529,e023,0.3964
2,529,e024,0.353
2,530,e001,0.3694
2,530,e002,0.4165
2,530,e003,0.442
2,530,e004,0.4054
2,530,e005,0.477
2,530,e006,0.4211
2,530,e007,0.4034
2,530,e008,0.3794
2,530,e009,0.4118
2,530,e010,0.4325
2,530,e011,0.4181
2,530,e012,0.3922
2,530,e013,0.3834
2,530,e014,0.3631
2,530,e015,0.3975
2,530,e016,0.4227
2,530,e017,0.4085
2,530,e018,0.3878
2,530,e019,0.3559
2,530,e020,0.404
2,530,e021,0.4462
2,530,e022,0.4466
2,530,e023,0.4104
2,530,e024,0.4187
2,531,e001,0.4322
2,531,e002,0.3721
2,531,e003,0.3837
2,531,e004,0.341
2,531,e005,0.3581
2,531,e006,0.4057
2,531,e007,0.415
2,531,e008,0.4069
2,531,e009,0.3845
2,531,e010,0.391
2,531,e011,0.3826
2,531,e012,0.402
2,531,e013,0.3556
2,531,e014,0.3933
2,531,e015,0.4193
2,531,e016,0.3349
2,531,e017,0.3506
2,531,e018,0.421
2,531,e019,0.4004
2,531,e020,0.3658
2,531,e021,0.3766
2,531,e022,0.4355
2,531,e023,0.4363
2,531,e024,0.4147
2,532,e001,0.3832
2,532,e002,0.3983
2,532,e003,0.3309
2,532,e004,0.4121
2,532,e005,0.3862
2,532,e006,0.3289
2,532,e007,0.4156
2,532,e008,0.4058
2,532,e009,0.3793
2,532,e010,0.3373
2,532,e011,0.3465
2,532,e012,0.3559
2,532,e013,0.4233
2,532,e014,0.3682
2,532,e015,0.367
2,532,e016,0.3943
2,532,e017,0.4181
2,532,e018,0.419
2,532,e019,0.3627
2,532,e020,0.3963
2,532,e021,0.4184
2,532,e022,0.3838
2,532,e023,0.3618
2,532,e024,0.3718
2,533,e001,0.3666
2,533,e002,0.3853
2,533,e003,0.3605
2,533,e004,0.4329
2,533,e005,0.4093
2,533,e006,0.3971
2,533,e007,0.4051
2,533,e008,0.3807
2,533,e009,0.3977
2,533,e010,0.4106
2,533,e011,0.4039
2,533,e012,0.3605
2,533,e013,0.3372
2,533,e014,0.3958
2,533,e015,0.3738
2,533,e016,0.3049
2,533,e017,0.4281
2,533,e018,0.3526
2,533,e019,0.3814
2,533,e020,0.3603
2,533,e021,0.4192
2,533,e022,0.3419
2,533,e023,0.3199
2,533,e024,0.3915
2,534,e001,0.3697
2,534,e002,0.4142
2,534,e003,0.3459
2,534,e004,0.4399
2,534,e005,0.3567
2,534,e006,0.4326
2,534,e007,0.474
2,534,e008,0.3781
2,534,e009,0.3943
2,534,e010,0.3939
2,534,e011,0.4111
2,534,e012,0.4081
2,534,e013,0.3761
2,534,e014,0.3971
2,534,e015,0.4077
2,534,e016,0.4422
2,534,e017,0.374
2,534,e018,0.4206
2,534,e019,0.4242
2,534,e020,0.4037
2,534,e021,0.4065
2,534,e022,0.4267
2,534,e023,0.3498
2,534,e024,0.4385
2,535,e001,0.4381
2,535,e002,0.4828
2,535,e003,0.4263
2,535,e004,0.4333
2,535,e005,0.3882
2,535,e006,0.3873
2,535,e007,0.4161
2,535,e008,0.4608
2,535,e009,0.4644
2,535,e010,0.4472
2,535,e011,0.4154
2,535,e012,0.4009
2,535,e013,0.3989
2,535,e014,0.3961
2,535,e015,0.3759
2,535,e016,0.431
2,535,e017,0.3957
2,535,e018,0.3699
2,535,e019,0.3977
2,535,e020,0.4465
2,535,e021,0.424
2,535,e022,0.369
2,535,e023,0.4744
2,535,e024,0.4201
2,536,e001,0.3705
2,536,e002,0.372
2,536,e003,0.3452
2,536,e004,0.3264
2,536,e005,0.3749
2,536,e006,0.4054
2,536,e007,0.4237
2,536,e008,0.4264
2,536,e009,0.3694
2,536,e010,0.3751
2,536,e011,0.3835
2,536,e012,0.3573
2,536,e013,0.332
2,536,e014,0.3364
2,536,e015,0.336
2,536,e016,0.3388
2,536,e017,0.3759
2,536,e018,0.3375
2,536,e019,0.3858
2,536,e020,0.3827
2,536,e021,0.3556
2,536,e022,0.3376
2,536,e023,0.4128
2,536,e024,0.3632
2,537,e001,0.4075
2,537,e002,0.3227
2,537,e003,0.3622
2,537,e004,0.3868
2,537,e005,0.3576
2,537,e006,0.3796
2,537,e007,0.4431
2,537,e008,0.407
2,537,e009,0.4286
2,537,e010,0.3303
2,537,e011,0.3526
2,537,e012,0.3916
2,537,e013,0.3414
2,537,e014,0.3112
2,537,e015,0.4288
2,537,e016,0.3596
2,537,e017,0.3144
2,537,e018,0.3903
2,537,e019,0.3812
2,537,e020,0.4106
2,537,e021,0.3706
2,537,e022,0.3497
2,537,e023,0.3356
2,537,e024,0.4217
2,538,e001,0.4463
2,538,e002,0.3541
2,538,e003,0.381
2,538,e004,0.4152
2,538,e005,0.4283
2,538,e006,0.4214
2,538,e007,0.391
2,538,e008,0.4359
2,538,e009,0.3682
2,538,e010,0.3632
2,538,e011,0.4413
2,538,e012,0.3797
2,538,e013,0.3687
2,538,e014,0.3626
2,538,e015,0.4747
2,538,e016,0.3569
2,538,e017,0.3677
2,538,e018,0.4505
2,538,e019,0.3592
2,538,e020,0.4102
2,538,e021,0.4135
2,538,e022,0.4019
2,538,e023,0.37
2,538,e024,0.4294
2,539,e001,0.305
2,539,e002,0.3746
2,539,e003,0.3724
2,539,e004,0.3706
2,539,e005,0.3551
2,539,e006,0.3882
2,539,e007,0.3251
2,539,e008,0.404
2,539,e009,0.4038
2,539,e010,0.3523
2,539,e011,0.3542
2,539,e012,0.321
2,539,e013,0.3452
2,539,e014,0.3294
2,539,e015,0.3904
2,539,e016,0.3626
2,539,e017,0.3852
2,539,e018,0.3019
2,539,e019,0.3325
2,539,e020,0.4097
2,539,e021,0.3883
2,539,e022,0.3809
2,539,e023,0.3792
2,539,e024,0.3667
2,540,e001,0.4692
2,540,e002,0.3778
2,540,e003,0.4326
2,540,e004,0.4157
2,540,e005,0.3934
2,540,e006,0.4453
2,540,e007,0.462
2,540,e008,0.4548
2,540,e009,0.3863
2,540,e010,0.3943
2,540,e011,0.4433
2,540,e012,0.4438
2,540,e013,0.4055
2,540,e014,0.4502
2,540,e015,0.4426
2,540,e016,0.4117
2,540,e017,0.4553
2,540,e018,0.4104
2,540,e019,0.5656
2,540,e020,0.5115
2,540,e021,0.5007
2,540,e022,0.5685
2,540,e023,0.6244
2,540,e024,0.5493
2,541,e001,0.4855
2,541,e002,0.4169
2,541,e003,0.454
2,541,e004,0.3946
2,541,e005,0.4357
2,541,e006,0.4949
2,541,e007,0.4745
2,541,e008,0.5092
2,541,e009,0.4632
2,541,e010,0.3883
2,541,e011,0.4552
2,541,e012,0.3918
2,541,e013,0.4352
2,541,e014,0.5113
2,541,e015,0.5156
2,541,e016,0.4845
2,541,e017,0.4526
2,541,e018,0.4864
2,541,e019,0.5762
2,541,e020,0.5839
2,541,e021,0.6145
2,541,e022,0.562
2,541,e023,0.5521
2,541,e024,0.5512
2,542,e001,0.4372
2,542,e002,0.4275
2,542,e003,0.4523
2,542,e004,0.4028
2,542,e005,0.3762
2,542,e006,0.3555
2,542,e007,0.4637
2,542,e008,0.3497
2,542,e009,0.359
2,542,e010,0.37
2,542,e011,0.397
2,542,e012,0.4178
2,542,e013,0.3496
2,542,e014,0.4188
2,542,e015,0.4271
2,542,e016,0.3912
2,542,e017,0.3717
2,542,e018,0.4228
2,542,e019,0.4948
2,542,e020,0.5388
2,542,e021,0.5288
2,542,e022,0.5316
2,542,e023,0.5238
2,542,e024,0.5058
2,543,e001,0.3896
2,543,e002,0.4021
2,543,e003,0.3908
2,543,e004,0.4245
2,543,e005,0.4681
2,543,e006,0.4562
2,543,e007,0.4296
2,543,e008,0.4574
2,543,e009,0.3913
2,543,e010,0.441
2,543,e011,0.4533
2,543,e012,0.4534
2,543,e013,0.4178
2,543,e014,0.413
2,543,e015,0.3656
2,543,e016,0.3788
2,543,e017,0.4252
2,543,e018,0.3894
2,543,e019,0.5988
2,543,e020,0.5787
2,543,e021,0.5379
2,543,e022,0.5594
2,543,e023,0.5435
2,543,e024,0.5797
2,544,e001,0.429
2,544,e002,0.3881
2,544,e003,0.3577
2,544,e004,0.422
2,544,e005,0.3747
2,544,e006,0.3902
2,544,e007,0.4084
2,544,e008,0.3867
2,544,e009,0.3776
2,544,e010,0.4242
2,544,e011,0.417
2,544,e012,0.4377
2,544,e013,0.4449
2,544,e014,0.3751
2,544,e015,0.3482
2,544,e016,0.4627
2,544,e017,0.3935
2,544,e018,0.3322
2,544,e019,0.5592
2,544,e020,0.4677
2,544,e021,0.5157
2,544,e022,0.5396
2,544,e023,0.5636
2,544,e024,0.5353
2,545,e001,0.4301
2,545,e002,0.4265
2,545,e003,0.3509
2,545,e004,0.329
2,545,e005,0.4286
2,545,e006,0.3348
2,545,e007,0.4043
2,545,e008,0.4205
2,545,e009,0.3722
2,545,e010,0.3811
2,545,e011,0.4217
2,545,e012,0.3637
2,545,e013,0.3718
2,545,e014,0.3609
2,545,e015,0.4285
2,545,e016,0.3714
2,545,e017,0.3952
2,545,e018,0.3199
2,545,e019,0.5071
2,545,e020,0.5268
2,545,e021,0.4873
2,545,e022,0.4923
2,545,e023,0.5166
2,545,e024,0.5246
2,546,e001,0.4478
2,546,e002,0.4537
2,546,e003,0.466
2,546,e004,0.3933
2,546,e005,0.4613
2,546,e006,0.4058
2,546,e007,0.4681
2,546,e008,0.4639
2,546,e009,0.377
2,546,e010,0.4159
2,546,e011,0.4789
2,546,e012,0.4234
2,546,e013,0.4887
2,546,e014,0.4257
2,546,e015,0.4196
2,546,e016,0.4134
2,546,e017,0.4217
2,546,e018,0.4109
2,546,e019,0.5997
2,546,e020,0.553
2,546,e021,0.5573
2,546,e022,0.5234
2,546,e023,0.5855
2,546,e024,0.5559
2,547,e001,0.4672
2,547,e002,0.4811
2,547,e003,0.4248
2,547,e004,0.398
2,547,e005,0.4633
2,547,e006,0.4357
2,547,e007,0.3898
2,547,e008,0.4491
2,547,e009,0.4138
2,547,e010,0.3869
2,547,e011,0.4555
2,547,e012,0.4597
2,547,e013,0.4126
2,547,e014,0.4401
2,547,e015,0.4209
2,547,e016,0.3961
2,547,e017,0.4461
2,547,e018,0.4315
2,547,e019,0.5825
2,547,e020,0.5479
2,547,e021,0.5868
2,547,e022,0.5473
2,547,e023,0.5496
2,547,e024,0.5339
2,548,e001,0.4166
2,548,e002,0.4044
2,548,e003,0.4154
2,548,e004,0.3582
2,548,e005,0.3757
2,548,e006,0.4454
2,548,e007,0.4522
2,548,e008,0.387
2,548,e009,0.4065
2,548,e010,0.4394
2,548,e011,0.3723
2,548,e012,0.3647
2,548,e013,0.3594
2,548,e014,0.3526
2,548,e015,0.4007
2,548,e016,0.3679
2,548,e017,0.4332
2,548,e018,0.4395
2,548,e019,0.4623
2,548,e020,0.4708
2,548,e021,0.5038
2,548,e022,0.5187
2,548,e023,0.5801
2,548,e024,0.526
2,549,e001,0.4655
2,549,e002,0.4402
2,549,e003,0.4015
2,549,e004,0.4555
2,549,e005,0.4507
2,549,e006,0.406
2,549,e007,0.3869
2,549,e008,0.5056
2,549,e009,0.4831
2,549,e010,0.4854
2,549,e011,0.4471
2,549,e012,0.3939
2,549,e013,0.4075
2,549,e014,0.3617
2,549,e015,0.3953
2,549,e016,0.405
2,549,e017,0.3845
2,549,e018,0.495
2,549,e019,0.5414
2,549,e020,0.5589
2,549,e021,0.5863
2,549,e022,0.5466
2,549,e023,0.5831
2,549,e024,0.5322
2,550,e001,0.4125
2,550,e002,0.37
2,550,e003,0.4125
2,550,e004,0.3896
2,550,e005,0.4715
2,550,e006,0.4208
2,550,e007,0.4734
2,550,e008,0.3831
2,550,e009,0.4695
2,550,e010,0.3976
2,550,e011,0.4658
2,550,e012,0.4717
2,550,e013,0.4582
2,550,e014,0.4693
2,550,e015,0.4169
2,550,e016,0.4449
2,550,e017,0.4543
2,550,e018,0.4149
2,550,e019,0.5813
2,550,e020,0.5594
2,550,e021,0.5702
2,550,e022,0.5345
2,550,e023,0.5506
2,550,e024,0.4909
2,551,e001,0.373
2,551,e002,0.4396
2,551,e003,0.4105
2,551,e004,0.4446
2,551,e005,0.3887
2,551,e006,0.3356
2,551,e007,0.4498
2,551,e008,0.3502
2,551,e009,0.346
2,551,e010,0.3777
2,551,e011,0.3834
2,551,e012,0.3754
2,551,e013,0.4399
2,551,e014,0.3397
2,551,e015,0.4182
2,551,e016,0.3749
2,551,e017,0.3495
2,551,e018,0.3883
2,551,e019,0.5371
2,551,e020,0.5459
2,551,e021,0.5516
2,551,e022,0.563
2,551,e023,0.5506
2,551,e024,0.4928
2,552,e001,0.4461
2,552,e002,0.3845
2,552,e003,0.435
2,552,e004,0.4116
2,552,e005,0.4464
2,552,e006,0.419
2,552,e007,0.4067
2,552,e008,0.4377
2,552,e009,0.434
2,552,e010,0.4446
2,552,e011,0.4265
2,552,e012,0.3852
2,552,e013,0.4229
2,552,e014,0.4375
2,552,e015,0.4236
2,552,e016,0.4264
2,552,e017,0.4003
2,552,e018,0.3953
2,552,e019,0.5369
2,552,e020,0.5541
2,552,e021,0.5065
2,552,e022,0.5571
2,552,e023,0.5555
2,552,e024,0.5615
2,553,e001,0.4309
2,553,e002,0.4903
2,553,e003,0.4924
2,553,e004,0.412
2,553,e005,0.5043
2,553,e006,0.4222
2,553,e007,0.4857
2,553,e008,0.4653
2,553,e009,0.4886
2,553,e010,0.4826
2,553,e011,0.4672
2,553,e012,0.4325
2,553,e013,0.4824
2,553,e014,0.4311
2,553,e015,0.4468
2,553,e016,0.5114
2,553,e017,0.4142
2,553,e018,0.5027
2,553,e019,0.5587
2,553,e020,0.6072
2,553,e021,0.6156
2,553,e022,0.5744
2,553,e023,0.5827
2,553,e024,0.6184
2,554,e001,0.3679
2,554,e002,0.4337
2,554,e003,0.4642
2,554,e004,0.4759
2,554,e005,0.4094
2,554,e006,0.4733
2,554,e007,0.3771
2,554,e008,0.4142
2,554,e009,0.3999
2,554,e010,0.4833
2,554,e011,0.4749
2,554,e012,0.4883
2,554,e013,0.4653
2,554,e014,0.3852
2,554,e015,0.4472
2,554,e016,0.4209
2,554,e017,0.3984
2,554,e018,0.4167
2,554,e019,0.5502
2,554,e020,0.5566
2,554,e021,0.6106
2,554,e022,0.566
2,554,e023,0.5353
2,554,e024,0.6089
2,555,e001,0.473
2,555,e002,0.433
2,555,e003,0.4536
2,555,e004,0.3511
2,555,e005,0.4473
2,555,e006,0.3998
2,555,e007,0.3982
2,555,e008,0.3778
2,555,e009,0.4263
2,555,e010,0.424
2,555,e011,0.3679
2,555,e012,0.4154
2,555,e013,0.3846
2,555,e014,0.3911
2,555,e015,0.3468
2,555,e016,0.3953
2,555,e017,0.3669
2,555,e018,0.3581
2,555,e019,0.5936
2,555,e020,0.5739
2,555,e021,0.536
2,555,e022,0.5274
2,555,e023,0.5011
2,555,e024,0.5799
2,556,e001,0.4755
2,556,e002,0.4586
2,556,e003,0.4478
2,556,e004,0.4015
2,556,e005,0.4039
2,556,e006,0.4605
2,556,e007,0.4795
2,556,e008,0.4562
2,556,e009,0.4358
2,556,e010,0.4553
2,556,e011,0.4527
2,556,e012,0.4721
2,556,e013,0.4643
2,556,e014,0.4431
2,556,e015,0.4634
2,556,e016,0.4608
2,556,e017,0.4881
2,556,e018,0.3734
2,556,e019,0.5821
2,556,e020,0.5458
2,556,e021,0.5142
2,556,e022,0.5378
2,556,e023,0.535
2,556,e024,0.6281
2,557,e001,0.3823
2,557,e002,0.4601
2,557,e003,0.4425
2,557,e004,0.439
2,557,e005,0.4688
2,557,e006,0.4128
2,557,e007,0.4292
2,557,e008,0.4561
2,557,e009,0.4237
2,557,e010,0.4258
2,557,e011,0.4422
2,557,e012,0.4606
2,557,e013,0.4019
2,557,e014,0.4413
2,557,e015,0.4214
2,557,e016,0.4762
2,557,e017,0.4048
2,557,e018,0.4621
2,557,e019,0.5706
2,557,e020,0.5844
2,557,e021,0.5728
2,557,e022,0.5304
2,557,e023,0.5876
2,557,e024,0.576
2,558,e001,0.4498
2,558,e002,0.4778
2,558,e003,0.4385
2,558,e004,0.4854
2,558,e005,0.4606
2,558,e006,0.4884
2,558,e007,0.4591
2,558,e008,0.4291
2,558,e009,0.519
2,558,e010,0.4714
2,558,e011,0.4462
2,558,e012,0.4399
2,558,e013,0.3926
2,558,e014,0.4361
2,558,e015,0.4215
2,558,e016,0.4031
2,558,e017,0.5058
2,558,e018,0.4718
2,558,e019,0.5607
2,558,e020,0.5627
2,558,e021,0.6045
2,558,e022,0.5854
2,558,e023,0.6096
2,558,e024,0.5609
2,559,e001,0.4718
2,559,e002,0.4503
2,559,e003,0.5146
2,559,e004,0.4334
2,559,e005,0.432
2,559,e006,0.4862
2,559,e007,0.4551
2,559,e008,0.4891
2,559,e009,0.5174
2,559,e010,0.5108
2,559,e011,0.5088
2,559,e012,0.4716
2,559,e013,0.4663
2,559,e014,0.453
2,559,e015,0.4662
2,559,e016,0.4199
2,559,e017,0.5
2,559,e018,0.4926
2,559,e019,0.6281
2,559,e020,0.6178
2,559,e021,0.5661
2,559,e022,0.5636
2,559,e023,0.5515
2,559,e024,0.5645
2,560,e001,0.5073
2,560,e002,0.5092
2,560,e003,0.5066
2,560,e004,0.441
2,560,e005,0.5043
2,560,e006,0.4797
2,560,e007,0.4773
2,560,e008,0.5366
2,560,e009,0.5054
2,560,e010,0.4861
2,560,e011,0.4301
2,560,e012,0.461
2,560,e013,0.5004
2,560,e014,0.4849
2,560,e015,0.5032
2,560,e016,0.444
2,560,e017,0.4173
2,560,e018,0.425
2,560,e019,0.7786
2,560,e020,0.8512
2,560,e021,0.7994
2,560,e022,0.8242
2,560,e023,0.7713
2,560,e024,0.7616
2,561,e001,0.4975
2,561,e002,0.4679
2,561,e003,0.4407
2,561,e004,0.5062
2,561,e005,0.4629
2,561,e006,0.4855
2,561,e007,0.4393
2,561,e008,0.4541
2,561,e009,0.4459
2,561,e010,0.48
2,561,e011,0.424
2,561,e012,0.5158
2,561,e013,0.4422
2,561,e014,0.4903
2,561,e015,0.4495
2,561,e016,0.3843
2,561,e017,0.4493
2,561,e018,0.444
2,561,e019,0.841
2,561,e020,0.7875
2,561,e021,0.8443
2,561,e022,0.8463
2,561,e023,0.8131
2,561,e024,0.8097
2,562,e001,0.4506
2,562,e002,0.4182
2,562,e003,0.4317
2,562,e004,0.4115
2,562,e005,0.4792
2,562,e006,0.4885
2,562,e007,0.4724
2,562,e008,0.414
2,562,e009,0.4631
2,562,e010,0.4294
2,562,e011,0.396
2,562,e012,0.4556
2,562,e013,0.4103
2,562,e014,0.4547
2,562,e015,0.465
2,562,e016,0.4909
2,562,e017,0.4487
2,562,e018,0.4342
2,562,e019,0.8309
2,562,e020,0.7635
2,562,e021,0.7853
2,562,e022,0.7971
2,562,e023,0.7963
2,562,e024,0.757
2,563,e001,0.3876
2,563,e002,0.4702
2,563,e003,0.4544
2,563,e004,0.4703
2,563,e005,0.4175
2,563,e006,0.4927
2,563,e007,0.4856
2,563,e008,0.4484
2,563,e009,0.506
2,563,e010,0.4166
2,563,e011,0.4496
2,563,e012,0.4705
2,563,e013,0.4681
2,563,e014,0.4626
2,563,e015,0.4128
2,563,e016,0.3802
2,563,e017,0.4736
2,563,e018,0.4731
2,563,e019,0.7656
2,563,e020,0.7701
2,563,e021,0.7849
2,563,e022,0.7394
2,563,e023,0.7424
2,563,e024,0.7935
2,564,e001,0.4973
2,564,e002,0.5237
2,564,e003,0.4931
2,564,e004,0.4688
2,564,e005,0.4361
2,564,e006,0.4764
2,564,e007,0.452
2,564,e008,0.476
2,564,e009,0.5186
2,564,e010,0.5177
2,564,e011,0.4454
2,564,e012,0.4436
2,564,e013,0.4634
2,564,e014,0.4366
2,564,e015,0.472
2,564,e016,0.4584
2,564,e017,0.4224
2,564,e018,0.4292
2,564,e019,0.8017
2,564,e020,0.8026
2,564,e021,0.7927
2,564,e022,0.8467
2,564,e023,0.8127
2,564,e024,0.7963
2,565,e001,0.4175
2,565,e002,0.4873
2,565,e003,0.4077
2,565,e004,0.4415
2,565,e005,0.4903
2,565,e006,0.5208
2,565,e007,0.4568
2,565,e008,0.4861
2,565,e009,0.4644
2,565,e010,0.4144
2,565,e011,0.4631
2,565,e012,0.4034
2,565,e013,0.4637
2,565,e014,0.4209
2,565,e015,0.4807
2,565,e016,0.5133
2,565,e017,0.5105
2,565,e018,0.4392
2,565,e019,0.8159
2,565,e020,0.7504
2,565,e021,0.7425
2,565,e022,0.7718
2,565,e023,0.841
2,565,e024,0.7531
2,566,e001,0.4994
2,566,e002,0.5348
2,566,e003,0.4303
2,566,e004,0.5219
2,566,e005,0.4905
2,566,e006,0.4889
2,566,e007,0.4928
2,566,e008,0.4461
2,566,e009,0.4692
2,566,e010,0.4529
2,566,e011,0.5388
2,566,e012,0.4933
2,566,e013,0.4204
2,566,e014,0.4747
2,566,e015,0.5388
2,566,e016,0.5128
2,566,e017,0.5269
2,566,e018,0.5471
2,566,e019,0.8074
2,566,e020,0.7471
2,566,e021,0.7947
2,566,e022,0.8
2,566,e023,0.8298
2,566,e024,0.8734
2,567,e001,0.4006
2,567,e002,0.4663
2,567,e003,0.4193
2,567,e004,0.4691
2,567,e005,0.4497
2,567,e006,0.4788
2,567,e007,0.4602
2,567,e008,0.4249
2,567,e009,0.3728
2,567,e010,0.384
2,567,e011,0.4085
2,567,e012,0.4621
2,567,e013,0.4127
2,567,e014,0.4063
2,567,e015,0.4536
2,567,e016,0.4209
2,567,e017,0.4696
2,567,e018,0.4752
2,567,e019,0.7068
2,567,e020,0.7765
2,567,e021,0.7422
2,567,e022,0.7339
2,567,e023,0.7408
2,567,e024,0.7826
2,568,e001,0.4811
2,568,e002,0.4789
2,568,e003,0.5047
2,568,e004,0.445
2,568,e005,0.5149
2,568,e006,0.4928
2,568,e007,0.51
2,568,e008,0.5347
2,568,e009,0.4758
2,568,e010,0.4493
2,568,e011,0.4947
2,568,e012,0.474
2,568,e013,0.5228
2,568,e014,0.4915
2,568,e015,0.5109
2,568,e016,0.5048
2,568,e017,0.4224
2,568,e018,0.4665
2,568,e019,0.7573
2,568,e020,0.8074
2,568,e021,0.7763
2,568,e022,0.7845
2,568,e023,0.7881
2,568,e024,0.8122
2,569,e001,0.5239
2,569,e002,0.4784
2,569,e003,0.4998
2,569,e004,0.446
2,569,e005,0.4493
2,569,e006,0.5265
2,569,e007,0.4717
2,569,e008,0.4509
2,569,e009,0.5198
2,569,e010,0.4475
2,569,e011,0.4485
2,569,e012,0.4733
2,569,e013,0.5067
2,569,e014,0.4747
2,569,e015,0.4927
2,569,e016,0.5267
2,569,e017,0.4819
2,569,e018,0.4416
2,569,e019,0.784
2,569,e020,0.789
2,569,e021,0.7903
2,569,e022,0.7592
2,569,e023,0.8527
2,569,e024,0.7434
2,570,e001,0.42
2,570,e002,0.463
2,570,e003,0.4887
2,570,e004,0.5171
2,570,e005,0.4566
2,570,e006,0.4875
2,570,e007,0.4149
2,570,e008,0.4858
2,570,e009,0.4609
2,570,e010,0.4246
2,570,e011,0.4559
2,570,e012,0.4504
2,570,e013,0.5253
2,570,e014,0.4921
2,570,e015,0.4431
2,570,e016,0.4616
2,570,e017,0.5048
2,570,e018,0.5004
2,570,e019,0.8218
2,570,e020,0.7392
2,570,e021,0.8279
2,570,e022,0.7394
2,570,e023,0.7912
2,570,e024,0.7717
2,571,e001,0.5245
2,571,e002,0.4857
2,571,e003,0.4904
2,571,e004,0.4273
2,571,e005,0.4938
2,571,e006,0.447
2,571,e007,0.4628
2,571,e008,0.5385
2,571,e009,0.4992
2,571,e010,0.4846
2,571,e011,0.4951
2,571,e012,0.4268
2,571,e013,0.4771
2,571,e014,0.5181
2,571,e015,0.4565
2,571,e016,0.4804
2,571,e017,0.4673
2,571,e018,0.4396
2,571,e019,0.7894
2,571,e020,0.8422
2,571,e021,0.7984
2,571,e022,0.8167
2,571,e023,0.774
2,571,e024,0.7577
2,572,e001,0.4188
2,572,e002,0.4422
2,572,e003,0.4183
2,572,e004,0.4427
2,572,e005,0.4569
2,572,e006,0.4123
2,572,e007,0.4429
2,572,e008,0.4173
2,572,e009,0.4508
2,572,e010,0.4615
2,572,e011,0.448
2,572,e012,0.5257
2,572,e013,0.4702
2,572,e014,0.3945
2,572,e015,0.4978
2,572,e016,0.3961
2,572,e017,0.3981
2,572,e018,0.3823
2,572,e019,0.7287
2,572,e020,0.763
2,572,e021,0.7725
2,572,e022,0.8188
2,572,e023,0.7465
2,572,e024,0.7639
2,573,e001,0.3781
2,573,e002,0.4547
2,573,e003,0.4708
2,573,e004,0.3982
2,573,e005,0.4673
2,573,e006,0.4239
2,573,e007,0.3989
2,573,e008,0.4154
2,573,e009,0.4118
2,573,e010,0.3931
2,573,e011,0.4129
2,573,e012,0.4026
2,573,e013,0.4739
2,573,e014,0.4701
2,573,e015,0.4719
2,573,e016,0.4258
2,573,e017,0.4054
2,573,e018,0.4847
2,573,e019,0.7693
2,573,e020,0.8409
2,573,e021,0.7734
2,573,e022,0.7537
2,573,e023,0.8207
2,573,e024,0.8065
2,574,e001,0.4059
2,574,e002,0.4688
2,574,e003,0.5076
2,574,e004,0.5131
2,574,e005,0.4399
2,574,e006,0.486
2,574,e007,0.4814
2,574,e008,0.4731
2,574,e009,0.4876
2,574,e010,0.5047
2,574,e011,0.4611
2,574,e012,0.4644
2,574,e013,0.4468
2,574,e014,0.4359
2,574,e015,0.4612
2,574,e016,0.4888
2,574,e017,0.3988
2,574,e018,0.4826
2,574,e019,0.8028
2,574,e020,0.7959
2,574,e021,0.8251
2,574,e022,0.7296
2,574,e023,0.7607
2,574,e024,0.7255
2,575,e001,0.4411
2,575,e002,0.5212
2,575,e003,0.4747
2,575,e004,0.5226
2,575,e005,0.4793
2,575,e006,0.5434
2,575,e007,0.4751
2,575,e008,0.4956
2,575,e009,0.4449
2,575,e010,0.4728
2,575,e011,0.4613
2,575,e012,0.5028
2,575,e013,0.4873
2,575,e014,0.4374
2,575,e015,0.4708
2,575,e016,0.5296
2,575,e017,0.4763
2,575,e018,0.5288
2,575,e019,0.8321
2,575,e020,0.81
2,575,e021,0.7688
2,575,e022,0.7731
2,575,e023,0.7933
2,575,e024,0.7823
2,576,e001,0.5269
2,576,e002,0.4733
2,576,e003,0.5123
2,576,e004,0.4321
2,576,e005,0.4823
2,576,e006,0.4794
2,576,e007,0.5304
2,576,e008,0.4859
2,576,e009,0.4619
2,576,e010,0.5337
2,576,e011,0.4536
2,576,e012,0.4738
2,576,e013,0.4612
2,576,e014,0.5592
2,576,e015,0.4541
2,576,e016,0.5415
2,576,e017,0.477
2,576,e018,0.4534
2,576,e019,0.7845
2,576,e020,0.7881
2,576,e021,0.8116
2,576,e022,0.7352
2,576,e023,0.7886
2,576,e024,0.8111
2,577,e001,0.4602
2,577,e002,0.4384
2,577,e003,0.4968
2,577,e004,0.4139
2,577,e005,0.4118
2,577,e006,0.4581
2,577,e007,0.3961
2,577,e008,0.4887
2,577,e009,0.4211
2,577,e010,0.438
2,577,e011,0.4503
2,577,e012,0.4062
2,577,e013,0.4551
2,577,e014,0.4009
2,577,e015,0.4401
2,577,e016,0.4872
2,577,e017,0.4653
2,577,e018,0.499
2,577,e019,0.802
2,577,e020,0.7353
2,577,e021,0.745
2,577,e022,0.8322
2,577,e023,0.7493
2,577,e024,0.7516
2,578,e001,0.4495
2,578,e002,0.4074
2,578,e003,0.4328
2,578,e004,0.4478
2,578,e005,0.4458
2,578,e006,0.4785
2,578,e007,0.4865
2,578,e008,0.4228
2,578,e009,0.4251
2,578,e010,0.4346
2,578,e011,0.5097
2,578,e012,0.5343
2,578,e013,0.4631
2,578,e014,0.4835
2,578,e015,0.5077
2,578,e016,0.5123
2,578,e017,0.5207
2,578,e018,0.4649
2,578,e019,0.5392
2,578,e020,0.5693
2,578,e021,0.5751
2,578,e022,0.584
2,578,e023,0.5599
2,578,e024,0.6194
2,579,e001,0.4942
2,579,e002,0.5663
2,579,e003,0.4809
2,579,e004,0.4605
2,579,e005,0.467
2,579,e006,0.5327
2,579,e007,0.4843
2,579,e008,0.5287
2,579,e009,0.4954
2,579,e010,0.5675
2,579,e011,0.5408
2,579,e012,0.518
2,579,e013,0.4985
2,579,e014,0.4468
2,579,e015,0.5133
2,579,e016,0.5604
2,579,e017,0.5192
2,579,e018,0.5272
2,579,e019,0.6299
2,579,e020,0.6371
2,579,e021,0.6133
2,579,e022,0.6765
2,579,e023,0.6012
2,579,e024,0.6444
2,580,e001,0.4567
2,580,e002,0.4463
2,580,e003,0.4288
2,580,e004,0.4028
2,580,e005,0.4593
2,580,e006,0.4445
2,580,e007,0.4214
2,580,e008,0.4467
2,580,e009,0.3928
2,580,e010,0.4084
2,580,e011,0.4334
2,580,e012,0.4018
2,580,e013,0.442
2,580,e014,0.4498
2,580,e015,0.4487
2,580,e016,0.4325
2,580,e017,0.4874
2,580,e018,0.4816
2,580,e019,0.5556
2,580,e020,0.6193
2,580,e021,0.602
2,580,e022,0.5614
2,580,e023,0.5815
2,580,e024,0.6052
2,581,e001,0.5558
2,581,e002,0.486
2,581,e003,0.522
2,581,e004,0.4771
2,581,e005,0.558
2,581,e006,0.4636
2,581,e007,0.5545
2,581,e008,0.5302
2,581,e009,0.4573
2,581,e010,0.4508
2,581,e011,0.4658
2,581,e012,0.4839
2,581,e013,0.4902
2,581,e014,0.4974
2,581,e015,0.5288
2,581,e016,0.503
2,581,e017,0.5335
2,581,e018,0.5004
2,581,e019,0.6353
2,581,e020,0.5941
2,581,e021,0.5819
2,581,e022,0.639
2,581,e023,0.6245
2,581,e024,0.6686
2,582,e001,0.4871
2,582,e002,0.4853
2,582,e003,0.3791
2,582,e004,0.4412
2,582,e005,0.4626
2,582,e006,0.3791
2,582,e007,0.4144
2,582,e008,0.4012
2,582,e009,0.4367
2,582,e010,0.4627
2,582,e011,0.4667
2,582,e012,0.4795
2,582,e013,0.4551
2,582,e014,0.3964
2,582,e015,0.4418
2,582,e016,0.4043
2,582,e017,0.4603
2,582,e018,0.4072
2,582,e019,0.5695
2,582,e020,0.5585
2,582,e021,0.5519
2,582,e022,0.6275
2,582,e023,0.5611
2,582,e024,0.5674
2,583,e001,0.5393
2,583,e002,0.4783
2,583,e003,0.4135
2,583,e004,0.4996
2,583,e005,0.5255
2,583,e006,0.4347
2,583,e007,0.4469
2,583,e008,0.449
2,583,e009,0.462
2,583,e010,0.5141
2,583,e011,0.4562
2,583,e012,0.5248
2,583,e013,0.506
2,583,e014,0.5314
2,583,e015,0.4406
2,583,e016,0.4888
2,583,e017,0.4659
2,583,e018,0.5212
2,583,e019,0.5731
2,583,e020,0.6251
2,583,e021,0.5679
2,583,e022,0.5648
2,583,e023,0.654
2,583,e024,0.6559
2,584,e001,0.5092
2,584,e002,0.4886
2,584,e003,0.5114
2,584,e004,0.4981
2,584,e005,0.5186
2,584,e006,0.5026
2,584,e007,0.5263
2,584,e008,0.5132
2,584,e009,0.4689
2,584,e010,0.4942
2,584,e011,0.5318
2,584,e012,0.493
2,584,e013,0.4346
2,584,e014,0.4569
2,584,e015,0.4991
2,584,e016,0.495
2,584,e017,0.4556
2,584,e018,0.5583
2,584,e019,0.6262
2,584,e020,0.5875
2,584,e021,0.6564
2,584,e022,0.5698
2,584,e023,0.6048
2,584,e024,0.5592
2,585,e001,0.4767
2,585,e002,0.4733
2,585,e003,0.4432
2,585,e004,0.5304
2,585,e005,0.4648
2,585,e006,0.4606
2,585,e007,0.4793
2,585,e008,0.5081
2,585,e009,0.4806
2,585,e010,0.5269
2,585,e011,0.4973
2,585,e012,0.5217
2,585,e013,0.5065
2,585,e014,0.4772
2,585,e015,0.4878
2,585,e016,0.4464
2,585,e017,0.5041
2,585,e018,0.5088
2,585,e019,0.646
2,585,e020,0.5785
2,585,e021,0.6389
2,585,e022,0.6441
2,585,e023,0.5864
2,585,e024,0.5965
2,586,e001,0.5996
2,586,e002,0.5411
2,586,e003,0.5045
2,586,e004,0.4956
2,586,e005,0.5095
2,586,e006,0.4627
2,586,e007,0.5248
2,586,e008,0.5412
2,586,e009,0.512
2,586,e010,0.4892
2,586,e011,0.4428
2,586,e012,0.4835
2,586,e013,0.5276
2,586,e014,0.5027
2,586,e015,0.4834
2,586,e016,0.51
2,586,e017,0.489
2,586,e018,0.4948
2,586,e019,0.6851
2,586,e020,0.6366
2,586,e021,0.6738
2,586,e022,0.5817
2,586,e023,0.6412
2,586,e024,0.6652
2,587,e001,0.4905
2,587,e002,0.4888
2,587,e003,0.5369
2,587,e004,0.491
2,587,e005,0.4502
2,587,e006,0.4431
2,587,e007,0.5093
2,587,e008,0.4811
2,587,e009,0.4835
2,587,e010,0.425
2,587,e011,0.4614
2,587,e012,0.5105
2,587,e013,0.4776
2,587,e014,0.4351
2,587,e015,0.4587
2,587,e016,0.4807
2,587,e017,0.415
2,587,e018,0.5114
2,587,e019,0.6185
2,587,e020,0.6092
2,587,e021,0.6351
2,587,e022,0.5561
2,587,e023,0.648
2,587,e024,0.6694
2,588,e001,0.4802
2,588,e002,0.4774
2,588,e003,0.4563
2,588,e004,0.4069
2,588,e005,0.4354
2,588,e006,0.4556
2,588,e007,0.4485
2,588,e008,0.4321
2,588,e009,0.4712
2,588,e010,0.4646
2,588,e011,0.5159
2,588,e012,0.4449
2,588,e013,0.4585
2,588,e014,0.4784
2,588,e015,0.4872
2,588,e016,0.4669
2,588,e017,0.5428
2,588,e018,0.4126
2,588,e019,0.5635
2,588,e020,0.5667
2,588,e021,0.5407
2,588,e022,0.573
2,588,e023,0.5437
2,588,e024,0.5691
2,589,e001,0.3909
2,589,e002,0.4491
2,589,e003,0.474
2,589,e004,0.4994
2,589,e005,0.4764
2,589,e006,0.5196
2,589,e007,0.4063
2,589,e008,0.4852
2,589,e009,0.4441
2,589,e010,0.5042
2,589,e011,0.4723
2,589,e012,0.4438
2,589,e013,0.5031
2,589,e014,0.4962
2,589,e015,0.4484
2,589,e016,0.5095
2,589,e017,0.4357
2,589,e018,0.427
2,589,e019,0.652
2,589,e020,0.5693
2,589,e021,0.579
2,589,e022,0.6026
2,589,e023,0.5905
2,589,e024,0.5585
2,590,e001,0.4773
2,590,e002,0.4739
2,590,e003,0.4981
2,590,e004,0.4781
2,590,e005,0.5063
2,590,e006,0.5721
2,590,e007,0.5447
2,590,e008,0.4811
2,590,e009,0.5143
2,590,e010,0.4958
2,590,e011,0.4604
2,590,e012,0.4784
2,590,e013,0.5074
2,590,e014,0.5665
2,590,e015,0.4961
2,590,e016,0.4747
2,590,e017,0.478
2,590,e018,0.4751
2,590,e019,0.6282
2,590,e020,0.6326
2,590,e021,0.64
2,590,e022,0.5734
2,590,e023,0.6484
2,590,e024,0.6765
2,591,e001,0.4727
2,591,e002,0.4768
2,591,e003,0.5528
2,591,e004,0.5377
2,591,e005,0.5208
2,591,e006,0.4661
2,591,e007,0.5246
2,591,e008,0.5483
2,591,e009,0.5505
2,591,e010,0.4953
2,591,e011,0.4817
2,591,e012,0.4731
2,591,e013,0.5609
2,591,e014,0.4772
2,591,e015,0.4295
2,591,e016,0.4658
2,591,e017,0.4849
2,591,e018,0.4996
2,591,e019,0.6164
2,591,e020,0.6494
2,591,e021,0.609
2,591,e022,0.6666
2,591,e023,0.6311
2,591,e024,0.6355
2,592,e001,0.5192
2,592,e002,0.4658
2,592,e003,0.4613
2,592,e004,0.4914
2,592,e005,0.4925
2,592,e006,0.4628
2,592,e007,0.4991
2,592,e008,0.4857
2,592,e009,0.5023
2,592,e010,0.4929
2,592,e011,0.4387
2,592,e012,0.4426
2,592,e013,0.4459
2,592,e014,0.4308
2,592,e015,0.4731
2,592,e016,0.4845
2,592,e017,0.4715
2,592,e018,0.4997
2,592,e019,0.6719
2,592,e020,0.5844
2,592,e021,0.5785
2,592,e022,0.6436
2,592,e023,0.5929
2,592,e024,0.6238
2,593,e001,0.5151
2,593,e002,0.4958
2,593,e003,0.4878
2,593,e004,0.4466
2,593,e005,0.5331
2,593,e006,0.4848
2,593,e007,0.5331
2,593,e008,0.5171
2,593,e009,0.519
2,593,e010,0.5307
2,593,e011,0.5007
2,593,e012,0.5002
2,593,e013,0.5069
2,593,e014,0.5254
2,593,e015,0.4865
2,593,e016,0.54
2,593,e017,0.4508
2,593,e018,0.4877
2,593,e019,0.6152
2,593,e020,0.5999
2,593,e021,0.618
2,593,e022,0.6394
2,593,e023,0.565
2,593,e024,0.6034
2,594,e001,0.4738
2,594,e002,0.5546
2,594,e003,0.5041
2,594,e004,0.5344
2,594,e005,0.483
2,594,e006,0.4828
2,594,e007,0.5485
2,594,e008,0.5039
2,594,e009,0.4954
2,594,e010,0.5268
2,594,e011,0.4768
2,594,e012,0.5031
2,594,e013,0.584
2,594,e014,0.5046
2,594,e015,0.5505
2,594,e016,0.5667
2,594,e017,0.4714
2,594,e018,0.5424
2,594,e019,0.654
2,594,e020,0.71
2,594,e021,0.674
2,594,e022,0.6692
2,594,e023,0.6583
2,594,e024,0.6622
2,595,e001,0.4418
2,595,e002,0.5424
2,595,e003,0.5158
2,595,e004,0.5374
2,595,e005,0.5091
2,595,e006,0.5352
2,595,e007,0.5558
2,595,e008,0.5471
2,595,e009,0.4648
2,595,e010,0.5331
2,595,e011,0.4971
2,595,e012,0.539
2,595,e013,0.5401
2,595,e014,0.5483
2,595,e015,0.4658
2,595,e016,0.5175
2,595,e017,0.4471
2,595,e018,0.548
2,595,e019,0.6412
2,595,e020,0.6028
2,595,e021,0.6455
2,595,e022,0.6089
2,595,e023,0.6151
2,595,e024,0.6257
2,596,e001,0.4712
2,596,e002,0.4595
2,596,e003,0.5544
2,596,e004,0.4393
2,596,e005,0.4809
2,596,e006,0.5253
2,596,e007,0.4898
2,596,e008,0.4812
2,596,e009,0.5185
2,596,e010,0.5326
2,596,e011,0.503
2,596,e012,0.5033
2,596,e013,0.4692
2,596,e014,0.4633
2,596,e015,0.4932
2,596,e016,0.5163
2,596,e017,0.4375
2,596,e018,0.4431
2,596,e019,0.6474
2,596,e020,0.659
2,596,e021,0.5769
2,596,e022,0.6042
2,596,e023,0.5832
2,596,e024,0.6132
2,597,e001,0.5819
2,597,e002,0.5061
2,597,e003,0.5547
2,597,e004,0.4801
2,597,e005,0.5076
2,597,e006,0.4809
2,597,e007,0.5535
2,597,e008,0.4684
2,597,e009,0.505
2,597,e010,0.5299
2,597,e011,0.5444
2,597,e012,0.4815
2,597,e013,0.5936
2,597,e014,0.5075
2,597,e015,0.5432
2,597,e016,0.5505
2,597,e017,0.5689
2,597,e018,0.5758
2,597,e019,0.6423
2,597,e020,0.6698
2,597,e021,0.6253
2,597,e022,0.6201
2,597,e023,0.6603
2,597,e024,0.6517
2,598,e001,0.3953
2,598,e002,0.433
2,598,e003,0.4665
2,598,e004,0.4659
2,598,e005,0.4153
2,598,e006,0.4046
2,598,e007,0.4293
2,598,e008,0.4245
2,598,e009,0.4357
2,598,e010,0.4359
2,598,e011,0.4438
2,598,e012,0.4508
2,598,e013,0.4326
2,598,e014,0.4475
2,598,e015,0.4159
2,598,e016,0.4448
2,598,e017,0.4379
2,598,e018,0.4103
2,598,e019,0.5492
2,598,e020,0.5404
2,598,e021,0.5715
2,598,e022,0.5786
2,598,e023,0.5783
2,598,e024,0.531
2,599,e001,0.4978
2,599,e002,0.4019
2,599,e003,0.4434
2,599,e004,0.4149
2,599,e005,0.4554
2,599,e006,0.41
2,599,e007,0.428
2,599,e008,0.3878
2,599,e009,0.4564
2,599,e010,0.4154
2,599,e011,0.4818
2,599,e012,0.4202
2,599,e013,0.4708
2,599,e014,0.387
2,599,e015,0.4446
2,599,e016,0.4466
2,599,e017,0.404
2,599,e018,0.4577
2,599,e019,0.5672
2,599,e020,0.5473
2,599,e021,0.5305
2,599,e022,0.5761
2,599,e023,0.5723
2,599,e024,0.6105
